# Blender 4.0.2
# www.blender.org
mtllib Bob-Omb.mtl
o Sphere
v 0.000000 0.826144 -0.548476
v 0.000000 0.552012 -0.820853
v 0.000000 0.193841 -0.968262
v 0.000000 0.000000 -0.987231
v 0.000000 -0.193841 -0.968262
v 0.000000 -0.552012 -0.820853
v 0.038970 0.973792 -0.195917
v 0.073705 0.917962 -0.370538
v 0.107002 0.826144 -0.537938
v 0.136188 0.702578 -0.684665
v 0.160140 0.552012 -0.805080
v 0.177939 0.380232 -0.894557
v 0.188899 0.193841 -0.949657
v 0.192599 0.000000 -0.968262
v 0.188899 -0.193841 -0.949657
v 0.177939 -0.380232 -0.894557
v 0.160140 -0.552012 -0.805080
v 0.136188 -0.702578 -0.684664
v 0.107002 -0.826144 -0.537937
v 0.073705 -0.917962 -0.370538
v 0.038970 -0.973792 -0.195917
v 0.076443 0.973792 -0.184550
v 0.144577 0.917962 -0.349039
v 0.209893 0.826144 -0.506726
v 0.267143 0.702578 -0.644940
v 0.314127 0.552012 -0.758369
v 0.349039 0.380232 -0.842655
v 0.370538 0.193841 -0.894557
v 0.377797 0.000000 -0.912083
v 0.370538 -0.193841 -0.894557
v 0.349039 -0.380232 -0.842655
v 0.314127 -0.552012 -0.758369
v 0.267143 -0.702578 -0.644940
v 0.209893 -0.826144 -0.506726
v 0.144577 -0.917962 -0.349039
v 0.076443 -0.973792 -0.184550
v 0.110978 0.973792 -0.166091
v 0.209893 0.917962 -0.314127
v 0.304717 0.826144 -0.456041
v 0.387831 0.702578 -0.580431
v 0.456041 0.552012 -0.682514
v 0.506726 0.380232 -0.758369
v 0.537937 0.193841 -0.805080
v 0.548476 0.000000 -0.820853
v 0.537937 -0.193841 -0.805080
v 0.506726 -0.380232 -0.758369
v 0.456041 -0.552012 -0.682514
v 0.387831 -0.702578 -0.580431
v 0.304717 -0.826144 -0.456041
v 0.209893 -0.917962 -0.314127
v 0.110978 -0.973792 -0.166091
v 0.141248 0.973792 -0.141248
v 0.267143 0.917962 -0.267143
v 0.387831 0.826144 -0.387831
v 0.493616 0.702578 -0.493616
v 0.580431 0.552012 -0.580431
v 0.644940 0.380232 -0.644940
v 0.684665 0.193841 -0.684664
v 0.698078 0.000000 -0.698078
v 0.684665 -0.193841 -0.684664
v 0.644940 -0.380232 -0.644940
v 0.580431 -0.552012 -0.580431
v 0.493616 -0.702578 -0.493616
v 0.387831 -0.826144 -0.387831
v 0.267143 -0.917962 -0.267143
v 0.141248 -0.973792 -0.141248
v 0.166091 0.973792 -0.110978
v 0.314127 0.917962 -0.209893
v 0.456041 0.826144 -0.304717
v 0.580431 0.702578 -0.387831
v 0.682514 0.552012 -0.456041
v 0.758369 0.380232 -0.506726
v 0.805080 0.193841 -0.537937
v 0.820853 0.000000 -0.548476
v 0.805080 -0.193841 -0.537937
v 0.758369 -0.380232 -0.506726
v 0.682514 -0.552012 -0.456041
v 0.580431 -0.702578 -0.387831
v 0.456041 -0.826144 -0.304717
v 0.314127 -0.917962 -0.209893
v 0.166091 -0.973792 -0.110978
v 0.000000 0.997577 0.000000
v 0.184550 0.973792 -0.076443
v 0.349039 0.917962 -0.144577
v 0.506726 0.826144 -0.209893
v 0.644940 0.702578 -0.267143
v 0.758369 0.552012 -0.314127
v 0.842654 0.380232 -0.349039
v 0.894557 0.193841 -0.370538
v 0.912083 0.000000 -0.377797
v 0.894557 -0.193841 -0.370538
v 0.842654 -0.380232 -0.349039
v 0.758369 -0.552012 -0.314127
v 0.644940 -0.702578 -0.267143
v 0.506726 -0.826144 -0.209893
v 0.349039 -0.917962 -0.144577
v 0.184550 -0.973792 -0.076443
v 0.195917 0.973792 -0.038970
v 0.370538 0.917962 -0.073705
v 0.537937 0.826144 -0.107002
v 0.684664 0.702578 -0.136188
v 0.805080 0.552012 -0.160140
v 0.894557 0.380232 -0.177939
v 0.949657 0.193841 -0.188898
v 0.968262 0.000000 -0.192599
v 0.949657 -0.193841 -0.188898
v 0.894557 -0.380232 -0.177938
v 0.805080 -0.552012 -0.160140
v 0.684664 -0.702578 -0.136188
v 0.537937 -0.826144 -0.107002
v 0.370538 -0.917962 -0.073705
v 0.195917 -0.973792 -0.038970
v 0.199755 0.973792 0.000000
v 0.377797 0.917962 0.000000
v 0.548476 0.826144 0.000000
v 0.698078 0.702578 0.000000
v 0.820853 0.552012 0.000000
v 0.912083 0.380232 -0.000000
v 0.968262 0.193841 0.000000
v 0.987231 0.000000 0.000000
v 0.968262 -0.193841 0.000000
v 0.912083 -0.380232 -0.000000
v 0.820853 -0.552012 0.000000
v 0.698078 -0.702578 0.000000
v 0.548476 -0.826144 0.000000
v 0.377797 -0.917962 0.000000
v 0.199755 -0.973792 0.000000
v 0.195917 0.973792 0.038970
v 0.370538 0.917962 0.073705
v 0.537937 0.826144 0.107002
v 0.684664 0.702578 0.136188
v 0.805080 0.552012 0.160140
v 0.894557 0.380232 0.177939
v 0.949657 0.193841 0.188899
v 0.968262 0.000000 0.192599
v 0.949657 -0.193841 0.188899
v 0.894557 -0.380232 0.177939
v 0.805080 -0.552012 0.160140
v 0.684664 -0.702578 0.136188
v 0.537937 -0.826144 0.107002
v 0.370538 -0.917962 0.073705
v 0.195917 -0.973792 0.038970
v 0.184550 0.973792 0.076443
v 0.349039 0.917962 0.144577
v 0.506726 0.826144 0.209893
v 0.644940 0.702578 0.267143
v 0.758369 0.552012 0.314127
v 0.842654 0.380232 0.349039
v 0.894557 0.193841 0.370538
v 0.912082 0.000000 0.377797
v 0.894557 -0.193841 0.370538
v 0.842654 -0.380232 0.349039
v 0.758369 -0.552012 0.314127
v 0.644940 -0.702578 0.267143
v 0.506726 -0.826144 0.209893
v 0.349039 -0.917962 0.144577
v 0.184550 -0.973792 0.076443
v 0.166090 0.973792 0.110978
v 0.314127 0.917962 0.209893
v 0.456041 0.826144 0.304717
v 0.580431 0.702578 0.387831
v 0.682514 0.552012 0.456041
v 0.758369 0.380232 0.506726
v 0.805080 0.193841 0.537937
v 0.820852 0.000000 0.548476
v 0.805080 -0.193841 0.537937
v 0.758369 -0.380232 0.506726
v 0.682514 -0.552012 0.456041
v 0.580430 -0.702578 0.387831
v 0.456041 -0.826144 0.304717
v 0.314127 -0.917962 0.209893
v 0.166090 -0.973792 0.110978
v 0.141248 0.973792 0.141248
v 0.267143 0.917962 0.267143
v 0.387831 0.826144 0.387831
v 0.493616 0.702578 0.493616
v 0.580430 0.552012 0.580430
v 0.644940 0.380232 0.644940
v 0.684664 0.193841 0.684664
v 0.698077 0.000000 0.698078
v 0.684664 -0.193841 0.684664
v 0.644940 -0.380232 0.644940
v 0.580430 -0.552012 0.580430
v 0.493616 -0.702578 0.493616
v 0.387831 -0.826144 0.387831
v 0.267143 -0.917962 0.267143
v 0.141248 -0.973792 0.141248
v 0.110978 0.973792 0.166090
v 0.209893 0.917962 0.314127
v 0.304717 0.826144 0.456041
v 0.387831 0.702578 0.580430
v 0.456041 0.552012 0.682514
v 0.506726 0.380232 0.758369
v 0.537937 0.193841 0.805080
v 0.548476 0.000000 0.820853
v 0.537937 -0.193841 0.805080
v 0.506726 -0.380232 0.758369
v 0.456041 -0.552012 0.682514
v 0.387831 -0.702578 0.580430
v 0.304717 -0.826144 0.456041
v 0.209893 -0.917962 0.314127
v 0.110978 -0.973792 0.166091
v 0.076443 0.973792 0.184550
v 0.144577 0.917962 0.349039
v 0.209893 0.826144 0.506726
v 0.267143 0.702578 0.644940
v 0.314127 0.552012 0.758369
v 0.349039 0.380232 0.842654
v 0.370538 0.193841 0.894557
v 0.377797 0.000000 0.912082
v 0.370538 -0.193841 0.894557
v 0.349039 -0.380232 0.842654
v 0.314127 -0.552012 0.758369
v 0.267143 -0.702578 0.644940
v 0.209893 -0.826144 0.506726
v 0.144577 -0.917962 0.349039
v 0.076443 -0.973792 0.184550
v 0.038970 0.973792 0.195917
v 0.073704 0.917962 0.370538
v 0.107002 0.826144 0.537937
v 0.136188 0.702578 0.684664
v 0.160140 0.552012 0.805080
v 0.177938 0.380232 0.894557
v 0.188898 0.193841 0.949657
v 0.192599 0.000000 0.968261
v 0.188898 -0.193841 0.949657
v 0.177938 -0.380232 0.894557
v 0.160140 -0.552012 0.805080
v 0.136188 -0.702578 0.684664
v 0.107002 -0.826144 0.537937
v 0.073704 -0.917962 0.370538
v 0.038970 -0.973792 0.195917
v -0.000000 0.973792 0.199755
v -0.000000 0.917962 0.377797
v -0.000000 0.826144 0.548476
v -0.000000 0.702578 0.698078
v -0.000000 0.552012 0.820853
v -0.000000 0.380232 0.912082
v -0.000000 0.193841 0.968262
v -0.000000 0.000000 0.987231
v -0.000000 -0.193841 0.968262
v -0.000000 -0.380232 0.912082
v -0.000000 -0.552012 0.820853
v -0.000000 -0.702578 0.698078
v -0.000000 -0.826144 0.548476
v -0.000000 -0.917962 0.377797
v -0.000000 -0.973792 0.199755
v -0.038970 0.973792 0.195917
v -0.073705 0.917962 0.370538
v -0.107002 0.826144 0.537937
v -0.136188 0.702578 0.684664
v -0.160140 0.552012 0.805080
v -0.177938 0.380232 0.894557
v -0.188899 0.193841 0.949657
v -0.192599 0.000000 0.968261
v -0.188899 -0.193841 0.949657
v -0.177938 -0.380232 0.894557
v -0.160140 -0.552012 0.805080
v -0.136188 -0.702578 0.684664
v -0.107002 -0.826144 0.537937
v -0.073705 -0.917962 0.370538
v -0.038970 -0.973792 0.195917
v -0.076443 0.973792 0.184550
v -0.144577 0.917962 0.349039
v -0.209893 0.826144 0.506726
v -0.267143 0.702578 0.644940
v -0.314127 0.552012 0.758369
v -0.349039 0.380232 0.842654
v -0.370538 0.193841 0.894557
v -0.377797 0.000000 0.912082
v -0.370538 -0.193841 0.894557
v -0.349039 -0.380232 0.842654
v -0.314127 -0.552012 0.758369
v -0.267143 -0.702578 0.644940
v -0.209893 -0.826144 0.506726
v -0.144577 -0.917962 0.349039
v -0.076443 -0.973792 0.184550
v -0.110978 0.973792 0.166090
v -0.209893 0.917962 0.314127
v -0.304717 0.826144 0.456041
v -0.387831 0.702578 0.580430
v -0.456041 0.552012 0.682514
v -0.506726 0.380232 0.758369
v -0.537937 0.193841 0.805080
v -0.548476 0.000000 0.820852
v -0.537937 -0.193841 0.805080
v -0.506726 -0.380232 0.758369
v -0.456041 -0.552012 0.682514
v -0.387831 -0.702578 0.580430
v -0.304717 -0.826144 0.456041
v -0.209893 -0.917962 0.314127
v -0.110978 -0.973792 0.166090
v -0.141248 0.973792 0.141248
v -0.267143 0.917962 0.267143
v -0.387831 0.826144 0.387831
v -0.493615 0.702578 0.493615
v -0.580430 0.552012 0.580430
v -0.644940 0.380232 0.644940
v -0.684664 0.193841 0.684664
v -0.698078 0.000000 0.698077
v -0.684664 -0.193841 0.684664
v -0.644940 -0.380232 0.644940
v -0.580430 -0.552012 0.580430
v -0.493616 -0.702578 0.493615
v -0.387831 -0.826144 0.387831
v -0.267143 -0.917962 0.267143
v -0.141248 -0.973792 0.141248
v 0.000000 -0.997577 0.000000
v -0.166090 0.973792 0.110978
v -0.314127 0.917962 0.209893
v -0.456041 0.826144 0.304717
v -0.580430 0.702578 0.387831
v -0.682514 0.552012 0.456041
v -0.758369 0.380232 0.506726
v -0.805080 0.193841 0.537937
v -0.820852 0.000000 0.548476
v -0.805080 -0.193841 0.537937
v -0.758369 -0.380232 0.506726
v -0.682514 -0.552012 0.456041
v -0.580430 -0.702578 0.387831
v -0.456041 -0.826144 0.304717
v -0.314127 -0.917962 0.209893
v -0.166090 -0.973792 0.110978
v -0.184550 0.973792 0.076443
v -0.349039 0.917962 0.144577
v -0.506726 0.826144 0.209893
v -0.644940 0.702578 0.267143
v -0.758369 0.552012 0.314126
v -0.842654 0.380232 0.349039
v -0.894557 0.193841 0.370537
v -0.912082 0.000000 0.377796
v -0.894557 -0.193841 0.370537
v -0.842654 -0.380232 0.349039
v -0.758369 -0.552012 0.314127
v -0.644940 -0.702578 0.267143
v -0.506726 -0.826144 0.209893
v -0.349039 -0.917962 0.144577
v -0.184550 -0.973792 0.076443
v -0.195917 0.973792 0.038970
v -0.370538 0.917962 0.073704
v -0.537937 0.826144 0.107002
v -0.684664 0.702578 0.136188
v -0.805080 0.552012 0.160140
v -0.894557 0.380232 0.177938
v -0.949657 0.193841 0.188898
v -0.968261 0.000000 0.192599
v -0.949657 -0.193841 0.188898
v -0.894557 -0.380232 0.177938
v -0.805080 -0.552012 0.160140
v -0.684664 -0.702578 0.136188
v -0.537937 -0.826144 0.107002
v -0.370538 -0.917962 0.073704
v -0.195917 -0.973792 0.038970
v -0.199755 0.973792 -0.000000
v -0.377797 0.917962 -0.000000
v -0.548476 0.826144 -0.000000
v -0.698078 0.702578 -0.000000
v -0.820852 0.552012 -0.000000
v -0.912082 0.380232 -0.000000
v -0.968261 0.193841 -0.000000
v -0.987231 0.000000 -0.000000
v -0.968261 -0.193841 -0.000000
v -0.912082 -0.380232 -0.000000
v -0.820852 -0.552012 -0.000000
v -0.698078 -0.702578 -0.000000
v -0.548476 -0.826144 -0.000000
v -0.377797 -0.917962 -0.000000
v -0.199755 -0.973792 -0.000000
v -0.195917 0.973792 -0.038970
v -0.370538 0.917962 -0.073705
v -0.537937 0.826144 -0.107002
v -0.684664 0.702578 -0.136188
v -0.805080 0.552012 -0.160140
v -0.894557 0.380232 -0.177939
v -0.949656 0.193841 -0.188899
v -0.968261 0.000000 -0.192600
v -0.949656 -0.193841 -0.188899
v -0.894557 -0.380232 -0.177939
v -0.805080 -0.552012 -0.160140
v -0.684664 -0.702578 -0.136188
v -0.537937 -0.826144 -0.107002
v -0.370538 -0.917962 -0.073705
v -0.195917 -0.973792 -0.038970
v -0.184550 0.973792 -0.076443
v -0.349039 0.917962 -0.144577
v -0.506726 0.826144 -0.209893
v -0.644940 0.702578 -0.267143
v -0.758369 0.552012 -0.314127
v -0.842654 0.380232 -0.349039
v -0.894557 0.193841 -0.370538
v -0.912082 0.000000 -0.377797
v -0.894557 -0.193841 -0.370538
v -0.842654 -0.380232 -0.349039
v -0.758369 -0.552012 -0.314127
v -0.644940 -0.702578 -0.267143
v -0.506726 -0.826144 -0.209893
v -0.349039 -0.917962 -0.144577
v -0.184550 -0.973792 -0.076443
v -0.166090 0.973792 -0.110978
v -0.314127 0.917962 -0.209893
v -0.456041 0.826144 -0.304717
v -0.580430 0.702578 -0.387831
v -0.682514 0.552012 -0.456041
v -0.758369 0.380232 -0.506726
v -0.805080 0.193841 -0.537937
v -0.820852 0.000000 -0.548476
v -0.805080 -0.193841 -0.537937
v -0.758369 -0.380232 -0.506726
v -0.682514 -0.552012 -0.456041
v -0.580430 -0.702578 -0.387831
v -0.456041 -0.826144 -0.304717
v -0.314126 -0.917962 -0.209893
v -0.166090 -0.973792 -0.110978
v -0.141248 0.973792 -0.141248
v -0.267143 0.917962 -0.267143
v -0.387831 0.826144 -0.387831
v -0.493615 0.702578 -0.493615
v -0.580430 0.552012 -0.580430
v -0.644939 0.380232 -0.644940
v -0.684664 0.193841 -0.684664
v -0.698077 0.000000 -0.698078
v -0.684664 -0.193841 -0.684664
v -0.644939 -0.380232 -0.644940
v -0.580430 -0.552012 -0.580430
v -0.493615 -0.702578 -0.493615
v -0.387831 -0.826144 -0.387831
v -0.267143 -0.917962 -0.267143
v -0.141248 -0.973792 -0.141248
v -0.110978 0.973792 -0.166090
v -0.209893 0.917962 -0.314127
v -0.304717 0.826144 -0.456041
v -0.387831 0.702578 -0.580430
v -0.456041 0.552012 -0.682514
v -0.506726 0.380232 -0.758369
v -0.537937 0.193841 -0.805080
v -0.548475 0.000000 -0.820852
v -0.537937 -0.193841 -0.805080
v -0.506726 -0.380232 -0.758369
v -0.456041 -0.552012 -0.682514
v -0.387831 -0.702578 -0.580430
v -0.304717 -0.826144 -0.456041
v -0.209893 -0.917962 -0.314127
v -0.110978 -0.973792 -0.166090
v -0.076443 0.973792 -0.184550
v -0.144577 0.917962 -0.349039
v -0.209892 0.826144 -0.506726
v -0.267143 0.702578 -0.644940
v -0.314126 0.552012 -0.758369
v -0.349039 0.380232 -0.842654
v -0.370537 0.193841 -0.894557
v -0.377796 0.000000 -0.912082
v -0.370537 -0.193841 -0.894557
v -0.349039 -0.380232 -0.842654
v -0.314126 -0.552012 -0.758369
v -0.267143 -0.702578 -0.644940
v -0.209892 -0.826144 -0.506726
v -0.144576 -0.917962 -0.349039
v -0.076443 -0.973792 -0.184550
v -0.038970 0.973792 -0.195917
v -0.073704 0.917962 -0.370538
v -0.107002 0.826144 -0.537937
v -0.136188 0.702578 -0.684664
v -0.160140 0.552012 -0.805080
v -0.177938 0.380232 -0.894557
v -0.188898 0.193841 -0.949656
v -0.192599 0.000000 -0.968261
v -0.188898 -0.193841 -0.949656
v -0.177938 -0.380232 -0.894557
v -0.160140 -0.552012 -0.805080
v -0.136188 -0.702578 -0.684664
v -0.107002 -0.826144 -0.537937
v -0.073704 -0.917962 -0.370538
v -0.038970 -0.973792 -0.195917
v 0.000000 0.973792 -0.199755
v 0.000000 0.917962 -0.377797
v 0.000000 0.702578 -0.698078
v 0.000000 0.380232 -0.912082
v 0.000000 -0.380232 -0.912082
v 0.000000 -0.702578 -0.698078
v 0.000000 -0.826144 -0.548476
v 0.000000 -0.917962 -0.377797
v 0.000000 -0.973792 -0.199755
v 0.013329 -0.985270 -0.135336
v 0.096299 -0.097389 -0.977739
v 0.028199 0.950696 -0.286312
v 0.092598 -0.288424 -0.940165
v 0.045615 0.876269 -0.463133
v 0.085339 -0.468376 -0.866461
v 0.061387 0.768056 -0.623272
v 0.074800 -0.630328 -0.759459
v 0.074800 0.630328 -0.759459
v 0.061387 -0.768056 -0.623272
v 0.085339 0.468376 -0.866461
v 0.045615 -0.876269 -0.463133
v 0.092598 0.288424 -0.940165
v 0.028199 -0.950696 -0.286312
v 0.096299 0.097389 -0.977739
v 0.013329 0.985270 -0.135336
v 0.083514 -0.950696 -0.275309
v 0.285196 0.097389 -0.940165
v 0.039476 0.985270 -0.130136
v 0.039476 -0.985270 -0.130136
v 0.285196 -0.097389 -0.940165
v 0.083514 0.950696 -0.275309
v 0.274236 -0.288424 -0.904035
v 0.135091 0.876269 -0.445335
v 0.252737 -0.468376 -0.833163
v 0.181802 0.768056 -0.599320
v 0.221526 -0.630328 -0.730274
v 0.221526 0.630328 -0.730274
v 0.181802 -0.768056 -0.599320
v 0.252737 0.468376 -0.833163
v 0.135091 -0.876269 -0.445335
v 0.274236 0.288424 -0.904035
v 0.295230 0.768056 -0.552337
v 0.359739 -0.630328 -0.673024
v 0.359739 0.630328 -0.673024
v 0.295230 -0.768056 -0.552337
v 0.410423 0.468376 -0.767848
v 0.219376 -0.876269 -0.410423
v 0.445335 0.288424 -0.833163
v 0.135620 -0.950696 -0.253726
v 0.463133 0.097389 -0.866461
v 0.064106 0.985270 -0.119934
v 0.064106 -0.985270 -0.119934
v 0.463133 -0.097389 -0.866461
v 0.135620 0.950696 -0.253726
v 0.445335 -0.288424 -0.833163
v 0.219376 0.876269 -0.410423
v 0.410423 -0.468376 -0.767848
v 0.623272 0.097389 -0.759459
v 0.086272 0.985270 -0.105123
v 0.086272 -0.985270 -0.105123
v 0.623272 -0.097389 -0.759459
v 0.182513 0.950696 -0.222393
v 0.599320 -0.288424 -0.730274
v 0.295230 0.876269 -0.359739
v 0.552337 -0.468376 -0.673024
v 0.397313 0.768056 -0.484127
v 0.484127 -0.630328 -0.589911
v 0.484127 0.630328 -0.589911
v 0.397313 -0.768056 -0.484127
v 0.552337 0.468376 -0.673024
v 0.295230 -0.876269 -0.359739
v 0.599320 0.288424 -0.730274
v 0.182513 -0.950696 -0.222393
v 0.589911 -0.630328 -0.484127
v 0.589911 0.630328 -0.484127
v 0.484127 -0.768056 -0.397313
v 0.673024 0.468376 -0.552337
v 0.359739 -0.876269 -0.295230
v 0.730274 0.288424 -0.599320
v 0.222393 -0.950696 -0.182513
v 0.759459 0.097389 -0.623272
v 0.105123 0.985270 -0.086272
v 0.105123 -0.985270 -0.086272
v 0.759459 -0.097389 -0.623272
v 0.222393 0.950696 -0.182513
v 0.730274 -0.288424 -0.599320
v 0.359739 0.876269 -0.295230
v 0.673024 -0.468376 -0.552337
v 0.484127 0.768056 -0.397313
v 0.119934 -0.985270 -0.064106
v 0.866461 -0.097389 -0.463133
v 0.253726 0.950696 -0.135620
v 0.833163 -0.288424 -0.445335
v 0.410423 0.876269 -0.219376
v 0.767848 -0.468376 -0.410423
v 0.552337 0.768056 -0.295230
v 0.673024 -0.630328 -0.359739
v 0.673024 0.630328 -0.359739
v 0.552337 -0.768056 -0.295230
v 0.767848 0.468376 -0.410423
v 0.410423 -0.876269 -0.219376
v 0.833163 0.288424 -0.445335
v 0.253726 -0.950696 -0.135620
v 0.866461 0.097389 -0.463133
v 0.119934 0.985270 -0.064106
v 0.599320 -0.768056 -0.181802
v 0.833163 0.468376 -0.252737
v 0.445335 -0.876269 -0.135091
v 0.904035 0.288424 -0.274236
v 0.275309 -0.950696 -0.083514
v 0.940165 0.097389 -0.285196
v 0.130136 0.985270 -0.039476
v 0.130136 -0.985270 -0.039476
v 0.940165 -0.097389 -0.285196
v 0.275309 0.950696 -0.083514
v 0.904035 -0.288424 -0.274236
v 0.445335 0.876269 -0.135091
v 0.833163 -0.468376 -0.252737
v 0.599320 0.768056 -0.181802
v 0.730274 -0.630328 -0.221526
v 0.730274 0.630328 -0.221526
v 0.286312 0.950696 -0.028199
v 0.940165 -0.288424 -0.092598
v 0.463133 0.876269 -0.045615
v 0.866461 -0.468376 -0.085339
v 0.623272 0.768056 -0.061387
v 0.759459 -0.630328 -0.074800
v 0.759459 0.630328 -0.074800
v 0.623272 -0.768056 -0.061387
v 0.866461 0.468376 -0.085339
v 0.463133 -0.876269 -0.045615
v 0.940165 0.288424 -0.092598
v 0.286312 -0.950696 -0.028199
v 0.977739 0.097389 -0.096299
v 0.135336 0.985270 -0.013329
v 0.135336 -0.985270 -0.013329
v 0.977739 -0.097389 -0.096299
v 0.866461 0.468376 0.085339
v 0.463133 -0.876269 0.045615
v 0.940165 0.288424 0.092598
v 0.286312 -0.950696 0.028199
v 0.977739 0.097389 0.096299
v 0.135337 0.985270 0.013329
v 0.135336 -0.985270 0.013329
v 0.977739 -0.097389 0.096299
v 0.286312 0.950696 0.028199
v 0.940165 -0.288424 0.092598
v 0.463133 0.876269 0.045615
v 0.866461 -0.468376 0.085339
v 0.623272 0.768056 0.061387
v 0.759459 -0.630328 0.074800
v 0.759459 0.630328 0.074800
v 0.623272 -0.768056 0.061387
v 0.904035 -0.288424 0.274236
v 0.445335 0.876269 0.135091
v 0.833163 -0.468376 0.252737
v 0.599320 0.768056 0.181802
v 0.730274 -0.630328 0.221526
v 0.730274 0.630328 0.221526
v 0.599320 -0.768056 0.181802
v 0.833163 0.468376 0.252737
v 0.445335 -0.876269 0.135091
v 0.904035 0.288424 0.274236
v 0.275309 -0.950696 0.083514
v 0.940165 0.097389 0.285196
v 0.130136 0.985270 0.039476
v 0.130136 -0.985270 0.039476
v 0.940165 -0.097389 0.285196
v 0.275309 0.950696 0.083514
v 0.410423 -0.876269 0.219376
v 0.833163 0.288424 0.445335
v 0.253726 -0.950696 0.135620
v 0.866461 0.097389 0.463133
v 0.119934 0.985270 0.064106
v 0.119934 -0.985270 0.064106
v 0.866461 -0.097389 0.463133
v 0.253726 0.950696 0.135620
v 0.833163 -0.288424 0.445335
v 0.410423 0.876269 0.219376
v 0.767848 -0.468376 0.410423
v 0.552337 0.768056 0.295230
v 0.673024 -0.630328 0.359739
v 0.673024 0.630328 0.359739
v 0.552336 -0.768056 0.295230
v 0.767848 0.468376 0.410423
v 0.359739 0.876269 0.295230
v 0.673024 -0.468376 0.552337
v 0.484127 0.768056 0.397313
v 0.589911 -0.630328 0.484127
v 0.589910 0.630328 0.484127
v 0.484127 -0.768056 0.397313
v 0.673024 0.468376 0.552337
v 0.359739 -0.876269 0.295230
v 0.730274 0.288424 0.599320
v 0.222393 -0.950696 0.182513
v 0.759459 0.097389 0.623272
v 0.105123 0.985270 0.086272
v 0.105123 -0.985270 0.086272
v 0.759459 -0.097389 0.623272
v 0.222393 0.950696 0.182513
v 0.730274 -0.288424 0.599320
v 0.599320 0.288424 0.730274
v 0.182513 -0.950696 0.222393
v 0.623272 0.097389 0.759459
v 0.086272 0.985270 0.105123
v 0.086272 -0.985270 0.105123
v 0.623272 -0.097389 0.759459
v 0.182513 0.950696 0.222393
v 0.599320 -0.288424 0.730274
v 0.295230 0.876269 0.359739
v 0.552336 -0.468376 0.673024
v 0.397313 0.768056 0.484127
v 0.484127 -0.630328 0.589911
v 0.484127 0.630328 0.589911
v 0.397313 -0.768056 0.484127
v 0.552337 0.468376 0.673024
v 0.295230 -0.876269 0.359739
v 0.410423 -0.468376 0.767848
v 0.295230 0.768056 0.552336
v 0.359739 -0.630328 0.673024
v 0.359739 0.630328 0.673024
v 0.295230 -0.768056 0.552337
v 0.410423 0.468376 0.767848
v 0.219376 -0.876269 0.410423
v 0.445335 0.288424 0.833163
v 0.135619 -0.950696 0.253726
v 0.463133 0.097389 0.866461
v 0.064106 0.985270 0.119934
v 0.064106 -0.985270 0.119934
v 0.463133 -0.097389 0.866461
v 0.135619 0.950696 0.253726
v 0.445335 -0.288424 0.833163
v 0.219376 0.876269 0.410423
v 0.083514 -0.950696 0.275309
v 0.285196 0.097389 0.940165
v 0.039476 0.985270 0.130136
v 0.039476 -0.985270 0.130136
v 0.285196 -0.097389 0.940165
v 0.083514 0.950696 0.275309
v 0.274236 -0.288424 0.904035
v 0.135091 0.876269 0.445335
v 0.252737 -0.468376 0.833163
v 0.181802 0.768056 0.599320
v 0.221526 -0.630328 0.730274
v 0.221526 0.630328 0.730274
v 0.181802 -0.768056 0.599320
v 0.252737 0.468376 0.833163
v 0.135091 -0.876269 0.445335
v 0.274236 0.288424 0.904035
v 0.074800 -0.630328 0.759459
v 0.074800 0.630328 0.759459
v 0.061387 -0.768056 0.623272
v 0.085339 0.468376 0.866461
v 0.045615 -0.876269 0.463133
v 0.092598 0.288424 0.940165
v 0.028199 -0.950696 0.286312
v 0.096299 0.097389 0.977738
v 0.013329 0.985270 0.135336
v 0.013329 -0.985270 0.135336
v 0.096299 -0.097389 0.977738
v 0.028199 0.950696 0.286312
v 0.092598 -0.288424 0.940165
v 0.045615 0.876269 0.463133
v 0.085339 -0.468376 0.866461
v 0.061387 0.768056 0.623272
v -0.013329 0.985270 0.135336
v -0.013329 -0.985270 0.135336
v -0.096299 -0.097389 0.977738
v -0.028199 0.950696 0.286312
v -0.092598 -0.288424 0.940165
v -0.045615 0.876269 0.463133
v -0.085339 -0.468376 0.866461
v -0.061387 0.768056 0.623272
v -0.074800 -0.630328 0.759459
v -0.074800 0.630328 0.759459
v -0.061387 -0.768056 0.623272
v -0.085339 0.468376 0.866461
v -0.045615 -0.876269 0.463133
v -0.092598 0.288424 0.940165
v -0.028199 -0.950696 0.286312
v -0.096299 0.097389 0.977738
v -0.221526 0.630328 0.730274
v -0.181802 -0.768056 0.599320
v -0.252737 0.468376 0.833163
v -0.135091 -0.876269 0.445335
v -0.274236 0.288424 0.904035
v -0.083514 -0.950696 0.275309
v -0.285196 0.097389 0.940164
v -0.039476 0.985270 0.130136
v -0.039476 -0.985270 0.130136
v -0.285196 -0.097389 0.940164
v -0.083514 0.950696 0.275309
v -0.274236 -0.288424 0.904035
v -0.135091 0.876269 0.445335
v -0.252737 -0.468376 0.833163
v -0.181802 0.768056 0.599320
v -0.221526 -0.630328 0.730274
v -0.463133 -0.097389 0.866460
v -0.135620 0.950696 0.253726
v -0.445335 -0.288424 0.833163
v -0.219376 0.876269 0.410423
v -0.410423 -0.468376 0.767847
v -0.295230 0.768056 0.552336
v -0.359739 -0.630328 0.673024
v -0.359739 0.630328 0.673024
v -0.295230 -0.768056 0.552336
v -0.410423 0.468376 0.767847
v -0.219376 -0.876269 0.410423
v -0.445335 0.288424 0.833163
v -0.135620 -0.950696 0.253726
v -0.463133 0.097389 0.866460
v -0.064106 0.985270 0.119934
v -0.064106 -0.985270 0.119934
v -0.397313 -0.768056 0.484127
v -0.552336 0.468376 0.673024
v -0.295230 -0.876269 0.359739
v -0.599320 0.288424 0.730273
v -0.182513 -0.950696 0.222393
v -0.623272 0.097389 0.759459
v -0.086272 0.985270 0.105123
v -0.086272 -0.985270 0.105123
v -0.623272 -0.097389 0.759459
v -0.182513 0.950696 0.222393
v -0.599320 -0.288424 0.730274
v -0.295230 0.876269 0.359739
v -0.552336 -0.468376 0.673024
v -0.397313 0.768056 0.484127
v -0.484127 -0.630328 0.589910
v -0.484127 0.630328 0.589910
v -0.222393 0.950696 0.182513
v -0.730274 -0.288424 0.599320
v -0.359739 0.876269 0.295230
v -0.673024 -0.468376 0.552336
v -0.484127 0.768056 0.397313
v -0.589910 -0.630328 0.484127
v -0.589911 0.630328 0.484127
v -0.484127 -0.768056 0.397313
v -0.673024 0.468376 0.552336
v -0.359739 -0.876269 0.295230
v -0.730274 0.288424 0.599320
v -0.222393 -0.950696 0.182513
v -0.759459 0.097389 0.623272
v -0.105123 0.985270 0.086272
v -0.105123 -0.985270 0.086272
v -0.759459 -0.097389 0.623272
v -0.767847 0.468376 0.410423
v -0.410423 -0.876269 0.219376
v -0.833163 0.288424 0.445335
v -0.253726 -0.950696 0.135619
v -0.866461 0.097389 0.463133
v -0.119934 0.985270 0.064106
v -0.119934 -0.985270 0.064106
v -0.866461 -0.097389 0.463133
v -0.253726 0.950696 0.135619
v -0.833163 -0.288424 0.445335
v -0.410423 0.876269 0.219376
v -0.767847 -0.468376 0.410423
v -0.552336 0.768056 0.295230
v -0.673024 -0.630328 0.359739
v -0.673024 0.630328 0.359739
v -0.552336 -0.768056 0.295230
v -0.904035 -0.288424 0.274236
v -0.445335 0.876269 0.135091
v -0.833163 -0.468376 0.252737
v -0.599320 0.768056 0.181802
v -0.730274 -0.630328 0.221526
v -0.730273 0.630328 0.221526
v -0.599320 -0.768056 0.181802
v -0.833163 0.468376 0.252737
v -0.445335 -0.876269 0.135091
v -0.904035 0.288424 0.274236
v -0.275309 -0.950696 0.083514
v -0.940165 0.097389 0.285195
v -0.130136 0.985270 0.039476
v -0.130136 -0.985270 0.039476
v -0.940164 -0.097389 0.285195
v -0.275309 0.950696 0.083514
v -0.463133 -0.876269 0.045615
v -0.940165 0.288424 0.092598
v -0.286312 -0.950696 0.028199
v -0.977738 0.097389 0.096298
v -0.135336 0.985270 0.013329
v -0.135336 -0.985270 0.013329
v -0.977738 -0.097389 0.096298
v -0.286312 0.950696 0.028199
v -0.940165 -0.288424 0.092598
v -0.463133 0.876269 0.045615
v -0.866461 -0.468376 0.085339
v -0.623272 0.768057 0.061387
v -0.759459 -0.630328 0.074800
v -0.759459 0.630328 0.074800
v -0.623272 -0.768057 0.061387
v -0.866461 0.468376 0.085339
v -0.866461 -0.468376 -0.085339
v -0.623272 0.768056 -0.061387
v -0.759459 -0.630328 -0.074800
v -0.759459 0.630328 -0.074800
v -0.623272 -0.768057 -0.061387
v -0.866461 0.468376 -0.085339
v -0.463133 -0.876269 -0.045615
v -0.940165 0.288424 -0.092598
v -0.286312 -0.950696 -0.028199
v -0.977738 0.097389 -0.096299
v -0.135336 0.985270 -0.013329
v -0.135336 -0.985270 -0.013329
v -0.977738 -0.097389 -0.096299
v -0.286312 0.950696 -0.028199
v -0.940165 -0.288424 -0.092598
v -0.463133 0.876269 -0.045615
v -0.275309 -0.950696 -0.083514
v -0.940164 0.097389 -0.285196
v -0.130136 0.985270 -0.039476
v -0.130135 -0.985270 -0.039476
v -0.940164 -0.097389 -0.285196
v -0.275309 0.950696 -0.083514
v -0.904034 -0.288424 -0.274236
v -0.445335 0.876269 -0.135091
v -0.833163 -0.468376 -0.252737
v -0.599320 0.768056 -0.181802
v -0.730273 -0.630328 -0.221526
v -0.730273 0.630328 -0.221526
v -0.599320 -0.768056 -0.181802
v -0.833163 0.468376 -0.252737
v -0.445335 -0.876269 -0.135091
v -0.904034 0.288424 -0.274236
v -0.552336 0.768056 -0.295230
v -0.673024 -0.630328 -0.359739
v -0.673024 0.630328 -0.359739
v -0.552336 -0.768056 -0.295230
v -0.767847 0.468376 -0.410423
v -0.410423 -0.876269 -0.219376
v -0.833163 0.288424 -0.445335
v -0.253726 -0.950696 -0.135620
v -0.866460 0.097389 -0.463133
v -0.119934 0.985270 -0.064106
v -0.119934 -0.985270 -0.064106
v -0.866460 -0.097389 -0.463133
v -0.253726 0.950696 -0.135619
v -0.833163 -0.288424 -0.445335
v -0.410423 0.876269 -0.219376
v -0.767847 -0.468376 -0.410423
v -0.759459 0.097389 -0.623272
v -0.105123 0.985270 -0.086272
v -0.105123 -0.985270 -0.086272
v -0.759459 -0.097389 -0.623272
v -0.222393 0.950696 -0.182513
v -0.730273 -0.288424 -0.599320
v -0.359739 0.876269 -0.295230
v -0.673024 -0.468376 -0.552336
v -0.484127 0.768056 -0.397313
v -0.589910 -0.630328 -0.484127
v -0.589910 0.630328 -0.484127
v -0.484127 -0.768056 -0.397313
v -0.673024 0.468376 -0.552336
v -0.359739 -0.876269 -0.295230
v -0.730273 0.288424 -0.599320
v -0.222393 -0.950696 -0.182513
v -0.484127 -0.630328 -0.589910
v -0.484127 0.630328 -0.589910
v -0.397313 -0.768056 -0.484127
v -0.552336 0.468376 -0.673024
v -0.295230 -0.876269 -0.359739
v -0.599320 0.288424 -0.730273
v -0.182513 -0.950696 -0.222393
v -0.623272 0.097389 -0.759459
v -0.086272 0.985270 -0.105123
v -0.086272 -0.985270 -0.105123
v -0.623271 -0.097389 -0.759459
v -0.182513 0.950696 -0.222393
v -0.599320 -0.288424 -0.730274
v -0.295230 0.876269 -0.359739
v -0.552336 -0.468376 -0.673024
v -0.397313 0.768056 -0.484127
v -0.064106 0.985270 -0.119934
v -0.064106 -0.985270 -0.119934
v -0.463132 -0.097389 -0.866461
v -0.135619 0.950696 -0.253726
v -0.445335 -0.288424 -0.833163
v -0.219375 0.876269 -0.410423
v -0.410423 -0.468376 -0.767847
v -0.295230 0.768056 -0.552336
v -0.359739 -0.630328 -0.673024
v -0.359739 0.630328 -0.673024
v -0.295230 -0.768056 -0.552336
v -0.410423 0.468376 -0.767847
v -0.219375 -0.876269 -0.410423
v -0.445335 0.288424 -0.833163
v -0.135619 -0.950696 -0.253726
v -0.463132 0.097389 -0.866460
v -0.221526 0.630328 -0.730273
v -0.181802 -0.768056 -0.599320
v -0.252737 0.468376 -0.833163
v -0.135091 -0.876269 -0.445335
v -0.274236 0.288424 -0.904034
v -0.083514 -0.950696 -0.275309
v -0.285195 0.097389 -0.940164
v -0.039476 0.985270 -0.130135
v -0.039476 -0.985270 -0.130135
v -0.285195 -0.097389 -0.940164
v -0.083514 0.950696 -0.275309
v -0.274236 -0.288424 -0.904035
v -0.135091 0.876269 -0.445335
v -0.252737 -0.468376 -0.833163
v -0.181802 0.768056 -0.599320
v -0.221526 -0.630328 -0.730273
v -0.096299 -0.097389 -0.977739
v -0.028199 0.950696 -0.286312
v -0.092598 -0.288424 -0.940165
v -0.045615 0.876269 -0.463133
v -0.085339 -0.468376 -0.866461
v -0.061387 0.768056 -0.623272
v -0.074800 -0.630328 -0.759459
v -0.074800 0.630328 -0.759459
v -0.061387 -0.768056 -0.623272
v -0.085339 0.468376 -0.866461
v -0.045614 -0.876269 -0.463133
v -0.092598 0.288424 -0.940165
v -0.028199 -0.950696 -0.286312
v -0.096299 0.097389 -0.977739
v -0.013329 0.985270 -0.135336
v -0.013329 -0.985270 -0.135336
vn -0.0125 -0.9918 -0.1271
vn -0.0000 -0.9750 -0.2223
vn 0.0125 -0.9918 -0.1271
vn -0.0000 -1.0000 -0.0000
vn 0.0371 0.9918 -0.1222
vn -0.0000 1.0000 -0.0000
vn 0.0602 0.9918 -0.1126
vn 0.0851 0.9750 -0.2054
vn -0.0976 -0.0972 -0.9905
vn -0.0000 -0.0000 -1.0000
vn 0.0976 -0.0972 -0.9905
vn -0.0000 -0.1935 -0.9811
vn 0.1493 0.9207 -0.3605
vn 0.1385 0.8789 -0.4564
vn 0.0761 0.9207 -0.3827
vn 0.0881 0.9528 -0.2906
vn 0.3540 -0.3798 -0.8547
vn 0.2565 -0.4680 -0.8457
vn 0.1805 -0.3798 -0.9073
vn 0.2780 -0.2880 -0.9164
vn 0.1951 -0.0000 -0.9808
vn 0.2889 -0.0972 -0.9524
vn 0.1914 -0.1935 -0.9623
vn -0.0298 0.9528 -0.3022
vn -0.0000 0.9750 -0.2223
vn 0.0298 0.9528 -0.3022
vn -0.0000 0.9207 -0.3902
vn 0.2145 0.8282 -0.5178
vn 0.1854 0.7694 -0.6113
vn 0.1093 0.8282 -0.5497
vn 0.0434 0.9750 -0.2181
vn -0.0939 -0.2880 -0.9530
vn 0.0939 -0.2880 -0.9530
vn -0.0000 -0.3798 -0.9251
vn 0.0434 -0.9750 -0.2181
vn 0.0298 -0.9528 -0.3022
vn 0.2720 0.7033 -0.6567
vn 0.2253 0.6306 -0.7427
vn 0.1387 0.7033 -0.6972
vn 0.0626 0.7694 -0.6357
vn -0.0000 0.8282 -0.5605
vn 0.0468 0.8789 -0.4747
vn 0.2720 -0.7033 -0.6567
vn 0.1854 -0.7694 -0.6113
vn 0.1387 -0.7033 -0.6972
vn 0.2253 -0.6306 -0.7427
vn 0.1627 -0.5519 -0.8179
vn 0.0761 -0.6306 -0.7724
vn -0.0000 -0.5519 -0.8339
vn 0.0866 -0.4680 -0.8794
vn 0.3191 0.5519 -0.7704
vn 0.2565 0.4680 -0.8457
vn 0.1627 0.5519 -0.8179
vn -0.0626 0.7694 -0.6357
vn -0.0000 0.7033 -0.7109
vn 0.2145 -0.8282 -0.5178
vn 0.1385 -0.8789 -0.4564
vn 0.1093 -0.8282 -0.5497
vn -0.0761 -0.6306 -0.7724
vn -0.0000 -0.7033 -0.7109
vn -0.0000 0.3798 -0.9251
vn 0.0939 0.2880 -0.9530
vn -0.0000 0.1935 -0.9811
vn -0.0939 0.2880 -0.9530
vn 0.0761 0.6306 -0.7724
vn 0.3540 0.3798 -0.8547
vn 0.2780 0.2880 -0.9164
vn 0.1805 0.3798 -0.9073
vn 0.0866 0.4680 -0.8794
vn -0.0000 0.5519 -0.8339
vn 0.0761 -0.9207 -0.3827
vn -0.0000 -0.9207 -0.3902
vn 0.0468 -0.8789 -0.4747
vn -0.0626 -0.7694 -0.6357
vn 0.0626 -0.7694 -0.6357
vn -0.0000 -0.8282 -0.5605
vn 0.0851 -0.9750 -0.2054
vn 0.0602 -0.9918 -0.1126
vn 0.0371 -0.9918 -0.1222
vn 0.3755 -0.1935 -0.9064
vn -0.0866 0.4680 -0.8794
vn 0.0881 -0.9528 -0.2905
vn 0.2759 0.9207 -0.2759
vn 0.3026 0.8789 -0.3687
vn 0.2168 0.9207 -0.3244
vn 0.1926 0.9528 -0.2347
vn -0.0468 -0.8789 -0.4747
vn 0.0810 0.9918 -0.0987
vn 0.1235 0.9750 -0.1849
vn 0.1493 -0.9207 -0.3605
vn 0.3827 -0.0000 -0.9239
vn 0.2889 0.0972 -0.9524
vn 0.1914 0.1935 -0.9623
vn 0.0976 0.0972 -0.9905
vn 0.3755 0.1935 -0.9064
vn -0.0298 -0.9528 -0.3022
vn 0.3949 0.7033 -0.5911
vn 0.3659 0.6306 -0.6845
vn 0.3011 0.7694 -0.5633
vn -0.0976 0.0972 -0.9905
vn -0.0125 0.9918 -0.1271
vn 0.0125 0.9918 -0.1271
vn 0.3949 -0.7033 -0.5911
vn 0.3011 -0.7694 -0.5633
vn 0.3659 -0.6306 -0.6845
vn 0.1431 -0.9528 -0.2678
vn 0.1235 -0.9750 -0.1849
vn 0.0810 -0.9918 -0.0987
vn 0.4692 0.0972 -0.8777
vn 0.5139 -0.3798 -0.7692
vn 0.4166 -0.4680 -0.7794
vn 0.4514 -0.2880 -0.8446
vn 0.5451 -0.1935 -0.8158
vn 0.4692 -0.0972 -0.8777
vn 0.5139 0.3798 -0.7692
vn 0.4514 0.2880 -0.8446
vn 0.4166 0.4680 -0.7794
vn 0.2168 -0.9207 -0.3244
vn 0.2248 -0.8789 -0.4207
vn 0.1431 0.9528 -0.2678
vn 0.5451 0.1935 -0.8158
vn 0.3244 0.9207 -0.2168
vn 0.3687 0.8789 -0.3026
vn 0.2347 0.9528 -0.1926
vn 0.3114 0.8282 -0.4660
vn 0.2248 0.8789 -0.4207
vn 0.4633 -0.5519 -0.6934
vn 0.3191 -0.5519 -0.7704
vn 0.5556 -0.0000 -0.8315
vn 0.7071 -0.0000 -0.7071
vn 0.6314 -0.0972 -0.7694
vn 0.6314 0.0972 -0.7694
vn 0.5897 0.5519 -0.5897
vn 0.5606 0.4680 -0.6831
vn 0.4633 0.5519 -0.6934
vn 0.4924 0.6306 -0.5999
vn 0.3963 -0.8282 -0.3963
vn 0.3026 -0.8789 -0.3687
vn 0.3114 -0.8282 -0.4660
vn 0.4052 -0.7694 -0.4938
vn 0.6937 -0.1935 -0.6937
vn 0.6075 -0.2880 -0.7403
vn 0.4052 0.7694 -0.4938
vn 0.6541 0.3798 -0.6541
vn 0.6075 0.2880 -0.7403
vn 0.4924 -0.6306 -0.5999
vn 0.2678 0.9528 -0.1431
vn 0.1849 0.9750 -0.1235
vn 0.1126 0.9918 -0.0602
vn 0.2054 0.9750 -0.0851
vn 0.1222 0.9918 -0.0371
vn 0.1271 0.9918 -0.0125
vn 0.2181 0.9750 -0.0434
vn 0.3963 0.8282 -0.3963
vn 0.3022 0.9528 -0.0298
vn 0.2223 0.9750 -0.0000
vn 0.3605 0.9207 -0.1493
vn 0.4207 0.8789 -0.2248
vn 0.5027 0.7033 -0.5027
vn 0.6937 0.1935 -0.6937
vn 0.9064 -0.1935 -0.3755
vn 0.8446 -0.2880 -0.4514
vn 0.8158 -0.1935 -0.5451
vn 0.8777 -0.0972 -0.4692
vn 0.1926 -0.9528 -0.2347
vn 0.6541 -0.3798 -0.6541
vn 0.5606 -0.4680 -0.6831
vn 0.0987 0.9918 -0.0810
vn 0.5027 -0.7033 -0.5027
vn 0.2759 -0.9207 -0.2759
vn 0.1572 -0.9750 -0.1572
vn 0.0987 -0.9918 -0.0810
vn 0.6934 0.5519 -0.4633
vn 0.6831 0.4680 -0.5606
vn 0.5999 0.6306 -0.4924
vn 0.7403 -0.2880 -0.6075
vn 0.7694 -0.0972 -0.6314
vn 0.5911 -0.7033 -0.3949
vn 0.4938 -0.7694 -0.4052
vn 0.5999 -0.6306 -0.4924
vn 0.1849 -0.9750 -0.1235
vn 0.1126 -0.9918 -0.0602
vn 0.7694 0.0972 -0.6314
vn 0.1572 0.9750 -0.1572
vn 0.4660 -0.8282 -0.3114
vn 0.3687 -0.8789 -0.3026
vn 0.7692 -0.3798 -0.5139
vn 0.6831 -0.4680 -0.5606
vn 0.7704 -0.5519 -0.3191
vn 0.6845 -0.6306 -0.3659
vn 0.6934 -0.5519 -0.4633
vn 0.7794 -0.4680 -0.4166
vn 0.7692 0.3798 -0.5139
vn 0.7403 0.2880 -0.6075
vn 0.3244 -0.9207 -0.2168
vn 0.2347 -0.9528 -0.1926
vn 0.8158 0.1935 -0.5451
vn 0.2906 0.9528 -0.0881
vn 0.5897 -0.5519 -0.5897
vn 0.1271 0.9918 0.0125
vn 0.5911 0.7033 -0.3949
vn 0.4938 0.7694 -0.4052
vn 0.8315 -0.0000 -0.5556
vn 0.4660 0.8282 -0.3114
vn 0.5178 -0.8282 -0.2145
vn 0.4207 -0.8789 -0.2248
vn 0.5633 -0.7694 -0.3011
vn 0.8547 0.3798 -0.3540
vn 0.8446 0.2880 -0.4514
vn 0.7794 0.4680 -0.4166
vn 0.3605 -0.9207 -0.1493
vn 0.2678 -0.9528 -0.1431
vn 0.6845 0.6306 -0.3659
vn 0.5178 0.8282 -0.2145
vn 0.5633 0.7694 -0.3011
vn 0.6567 0.7033 -0.2720
vn 0.3902 0.9207 -0.0000
vn 0.4747 0.8789 -0.0468
vn 0.3827 0.9207 -0.0761
vn 0.9239 -0.0000 -0.3827
vn 0.8777 0.0972 -0.4692
vn 0.8547 -0.3798 -0.3540
vn 0.2181 -0.9750 -0.0434
vn 0.1271 -0.9918 -0.0125
vn 0.1222 -0.9918 -0.0371
vn 0.6567 -0.7033 -0.2720
vn 0.7704 0.5519 -0.3191
vn 0.5497 -0.8282 -0.1093
vn 0.4564 -0.8789 -0.1385
vn 0.6113 -0.7694 -0.1854
vn 0.2054 -0.9750 -0.0851
vn 0.8339 -0.5519 -0.0000
vn 0.7724 -0.6306 -0.0761
vn 0.8179 -0.5519 -0.1627
vn 0.8794 -0.4680 -0.0866
vn 0.9064 0.1935 -0.3755
vn 0.9073 0.3798 -0.1805
vn 0.9164 0.2880 -0.2780
vn 0.8457 0.4680 -0.2565
vn 0.5497 0.8282 -0.1093
vn 0.6113 0.7694 -0.1854
vn 0.4564 0.8789 -0.1385
vn 0.3827 -0.9207 -0.0761
vn 0.2905 -0.9528 -0.0881
vn 0.9524 -0.0972 -0.2889
vn 0.7427 -0.6306 -0.2253
vn 0.8457 -0.4680 -0.2565
vn 0.9623 0.1935 -0.1914
vn 0.9524 0.0972 -0.2889
vn 0.9164 -0.2880 -0.2780
vn 0.3902 -0.9207 -0.0000
vn 0.3022 -0.9528 -0.0298
vn 0.4747 -0.8789 -0.0468
vn 0.9808 -0.0000 -0.1951
vn 0.3827 0.9207 0.0761
vn 0.4747 0.8789 0.0468
vn 0.3022 0.9528 0.0298
vn 0.6972 -0.7033 -0.1387
vn 0.8179 0.5519 -0.1627
vn 0.7427 0.6306 -0.2253
vn 0.3827 -0.9207 0.0761
vn 0.3022 -0.9528 0.0298
vn 0.4747 -0.8789 0.0468
vn 0.9623 -0.1935 -0.1914
vn 0.6972 -0.7033 0.1387
vn 0.6357 -0.7694 0.0626
vn 0.7109 -0.7033 -0.0000
vn 0.7724 -0.6306 0.0761
vn 0.6972 0.7033 -0.1387
vn 0.9811 0.1935 -0.0000
vn 0.9905 0.0972 -0.0976
vn 0.9530 0.2880 -0.0939
vn 0.5605 0.8282 -0.0000
vn 0.6357 0.7694 -0.0626
vn 0.6357 -0.7694 -0.0626
vn 0.2223 -0.9750 -0.0000
vn 0.8794 0.4680 -0.0866
vn 0.7109 0.7033 -0.0000
vn 0.7724 0.6306 -0.0761
vn 0.9073 -0.3798 -0.1805
vn 0.9251 -0.3798 -0.0000
vn 0.9530 -0.2880 -0.0939
vn 0.1222 0.9918 0.0371
vn 0.2181 0.9750 0.0434
vn 0.9811 -0.1935 -0.0000
vn 0.9905 -0.0972 -0.0976
vn 0.5178 0.8282 0.2145
vn 0.6113 0.7694 0.1854
vn 0.5497 0.8282 0.1093
vn 0.4564 0.8789 0.1385
vn 0.1271 -0.9918 0.0125
vn 0.5605 -0.8282 -0.0000
vn 0.9251 0.3798 -0.0000
vn 0.9073 0.3798 0.1805
vn 0.9530 0.2880 0.0939
vn 0.8794 0.4680 0.0866
vn 1.0000 -0.0000 -0.0000
vn 0.6357 0.7694 0.0626
vn 0.9623 0.1935 0.1914
vn 0.9905 0.0972 0.0976
vn 0.6972 0.7033 0.1387
vn 0.7724 0.6306 0.0761
vn 0.9530 -0.2880 0.0939
vn 0.2181 -0.9750 0.0434
vn 0.9808 -0.0000 0.1951
vn 0.9905 -0.0972 0.0976
vn 0.8794 -0.4680 0.0866
vn 0.9623 -0.1935 0.1914
vn 0.3244 0.9207 0.2168
vn 0.4207 0.8789 0.2248
vn 0.3605 0.9207 0.1493
vn 0.2678 0.9528 0.1431
vn 0.8179 0.5519 0.1627
vn 0.8339 0.5519 -0.0000
vn 0.5497 -0.8282 0.1093
vn 0.8158 0.1935 0.5451
vn 0.8777 0.0972 0.4692
vn 0.9064 0.1935 0.3755
vn 0.8446 0.2880 0.4514
vn 0.9073 -0.3798 0.1805
vn 0.1222 -0.9918 0.0371
vn 0.1126 0.9918 0.0602
vn 0.2054 0.9750 0.0851
vn 0.7704 -0.5519 0.3191
vn 0.7427 -0.6306 0.2253
vn 0.8179 -0.5519 0.1627
vn 0.8457 -0.4680 0.2565
vn 0.9524 0.0972 0.2889
vn 0.9164 0.2880 0.2780
vn 0.2054 -0.9750 0.0851
vn 0.2905 -0.9528 0.0881
vn 0.8457 0.4680 0.2565
vn 0.9239 -0.0000 0.3827
vn 0.9524 -0.0972 0.2889
vn 0.4564 -0.8789 0.1385
vn 0.6567 0.7033 0.2720
vn 0.7427 0.6306 0.2253
vn 0.5178 -0.8282 0.2145
vn 0.6113 -0.7694 0.1854
vn 0.6567 -0.7033 0.2720
vn 0.1126 -0.9918 0.0602
vn 0.8547 -0.3798 0.3540
vn 0.9164 -0.2880 0.2780
vn 0.0987 0.9918 0.0810
vn 0.1849 0.9750 0.1235
vn 0.9064 -0.1935 0.3755
vn 0.2906 0.9528 0.0881
vn 0.8547 0.3798 0.3540
vn 0.3605 -0.9207 0.1493
vn 0.3244 -0.9207 0.2168
vn 0.2678 -0.9528 0.1431
vn 0.4207 -0.8789 0.2248
vn 0.6934 -0.5519 0.4633
vn 0.6845 -0.6306 0.3659
vn 0.7794 -0.4680 0.4166
vn 0.5911 0.7033 0.3949
vn 0.6845 0.6306 0.3659
vn 0.5633 0.7694 0.3011
vn 0.1849 -0.9750 0.1235
vn 0.8446 -0.2880 0.4514
vn 0.5911 -0.7033 0.3949
vn 0.5633 -0.7694 0.3011
vn 0.8315 -0.0000 0.5556
vn 0.8777 -0.0972 0.4692
vn 0.8158 -0.1935 0.5451
vn 0.2168 0.9207 0.3244
vn 0.3026 0.8789 0.3687
vn 0.2759 0.9207 0.2759
vn 0.1926 0.9528 0.2347
vn 0.7704 0.5519 0.3191
vn 0.4660 -0.8282 0.3114
vn 0.3963 -0.8282 0.3963
vn 0.3687 -0.8789 0.3026
vn 0.4938 -0.7694 0.4052
vn 0.7692 0.3798 0.5139
vn 0.7794 0.4680 0.4166
vn 0.1235 -0.9750 0.1849
vn 0.0810 -0.9918 0.0987
vn 0.1572 -0.9750 0.1572
vn 0.1926 -0.9528 0.2347
vn 0.7692 -0.3798 0.5139
vn 0.4660 0.8282 0.3114
vn 0.0987 -0.9918 0.0810
vn 0.5897 -0.5519 0.5897
vn 0.5999 -0.6306 0.4924
vn 0.6831 -0.4680 0.5606
vn 0.0810 0.9918 0.0987
vn 0.1572 0.9750 0.1572
vn 0.6934 0.5519 0.4633
vn 0.2347 -0.9528 0.1926
vn 0.7071 -0.0000 0.7071
vn 0.7694 -0.0972 0.6314
vn 0.7694 0.0972 0.6314
vn 0.5027 0.7033 0.5027
vn 0.5999 0.6306 0.4924
vn 0.4938 0.7694 0.4052
vn 0.3963 0.8282 0.3963
vn 0.3687 0.8789 0.3026
vn 0.7403 0.2880 0.6075
vn 0.5027 -0.7033 0.5027
vn 0.0602 0.9918 0.1126
vn 0.1235 0.9750 0.1849
vn 0.6541 0.3798 0.6541
vn 0.6831 0.4680 0.5606
vn 0.1493 0.9207 0.3605
vn 0.2248 0.8789 0.4207
vn 0.1431 0.9528 0.2678
vn 0.2347 0.9528 0.1926
vn 0.6541 -0.3798 0.6541
vn 0.7403 -0.2880 0.6075
vn 0.2720 0.7033 0.6567
vn 0.3659 0.6306 0.6845
vn 0.3949 0.7033 0.5911
vn 0.3011 0.7694 0.5633
vn 0.2759 -0.9207 0.2759
vn 0.6937 0.1935 0.6937
vn 0.5451 0.1935 0.8158
vn 0.6314 0.0972 0.7694
vn 0.6075 0.2880 0.7403
vn 0.6937 -0.1935 0.6937
vn 0.4924 0.6306 0.5999
vn 0.4052 0.7694 0.4938
vn 0.3949 -0.7033 0.5911
vn 0.4052 -0.7694 0.4938
vn 0.4924 -0.6306 0.5999
vn 0.5556 -0.0000 0.8315
vn 0.6314 -0.0972 0.7694
vn 0.0371 0.9918 0.1222
vn 0.0125 0.9918 0.1271
vn 0.0434 0.9750 0.2181
vn 0.4633 0.5519 0.6934
vn 0.5606 0.4680 0.6831
vn 0.5897 0.5519 0.5897
vn 0.5606 -0.4680 0.6831
vn 0.5451 -0.1935 0.8158
vn 0.6075 -0.2880 0.7403
vn 0.0761 0.9207 0.3827
vn 0.1385 0.8789 0.4564
vn 0.0881 0.9528 0.2906
vn 0.5139 0.3798 0.7692
vn 0.0434 -0.9750 0.2181
vn 0.0125 -0.9918 0.1271
vn 0.0371 -0.9918 0.1222
vn 0.2145 -0.8282 0.5178
vn 0.2248 -0.8789 0.4207
vn 0.3114 -0.8282 0.4660
vn 0.3011 -0.7694 0.5633
vn 0.2168 -0.9207 0.3244
vn 0.3026 -0.8789 0.3687
vn 0.1951 -0.0000 0.9808
vn 0.2889 -0.0972 0.9524
vn 0.3827 -0.0000 0.9239
vn 0.2889 0.0972 0.9524
vn 0.3114 0.8282 0.4660
vn 0.0602 -0.9918 0.1126
vn 0.5139 -0.3798 0.7692
vn 0.3191 -0.5519 0.7704
vn 0.3659 -0.6306 0.6845
vn 0.4633 -0.5519 0.6934
vn 0.4166 -0.4680 0.7794
vn 0.0851 0.9750 0.2054
vn 0.4692 -0.0972 0.8777
vn 0.4692 0.0972 0.8777
vn 0.4514 0.2880 0.8446
vn 0.3755 -0.1935 0.9064
vn 0.4514 -0.2880 0.8446
vn 0.1431 -0.9528 0.2678
vn 0.2720 -0.7033 0.6567
vn 0.0851 -0.9750 0.2054
vn 0.3540 0.3798 0.8547
vn 0.4166 0.4680 0.7794
vn 0.1493 -0.9207 0.3605
vn -0.0000 0.9207 0.3902
vn 0.0468 0.8789 0.4747
vn 0.0298 0.9528 0.3022
vn 0.3540 -0.3798 0.8547
vn 0.2145 0.8282 0.5178
vn 0.3755 0.1935 0.9064
vn 0.0881 -0.9528 0.2906
vn 0.1387 -0.7033 0.6972
vn 0.1854 -0.7694 0.6113
vn 0.2253 -0.6306 0.7427
vn 0.1627 0.5519 0.8179
vn 0.2565 0.4680 0.8457
vn 0.3191 0.5519 0.7704
vn 0.2253 0.6306 0.7427
vn 0.2565 -0.4680 0.8457
vn -0.0125 0.9918 0.1271
vn -0.0371 0.9918 0.1222
vn -0.0434 0.9750 0.2181
vn 0.1093 -0.8282 0.5497
vn 0.1385 -0.8789 0.4564
vn 0.1854 0.7694 0.6113
vn 0.1914 -0.1935 0.9623
vn 0.2780 -0.2880 0.9164
vn 0.1093 0.8282 0.5497
vn -0.0761 0.9207 0.3827
vn -0.0468 0.8789 0.4747
vn -0.0298 0.9528 0.3022
vn 0.0761 -0.9207 0.3827
vn 0.1387 0.7033 0.6972
vn 0.1914 0.1935 0.9623
vn 0.2780 0.2880 0.9164
vn -0.1914 -0.1935 0.9623
vn -0.0939 -0.2880 0.9530
vn -0.0000 -0.1935 0.9811
vn -0.0976 -0.0972 0.9905
vn 0.1805 -0.3798 0.9073
vn -0.0000 0.9750 0.2223
vn 0.1805 0.3798 0.9073
vn -0.0000 -0.7033 0.7109
vn 0.0626 -0.7694 0.6357
vn 0.0761 -0.6306 0.7724
vn 0.0298 -0.9528 0.3022
vn 0.1627 -0.5519 0.8179
vn -0.0000 -0.9750 0.2223
vn -0.0125 -0.9918 0.1271
vn 0.0976 0.0972 0.9905
vn -0.0000 -0.3798 0.9251
vn 0.0866 -0.4680 0.8794
vn 0.0939 -0.2880 0.9530
vn -0.1627 -0.5519 0.8179
vn -0.0761 -0.6306 0.7724
vn -0.0000 -0.5519 0.8339
vn -0.0866 -0.4680 0.8794
vn 0.0976 -0.0972 0.9905
vn -0.0000 0.3798 0.9251
vn 0.0939 0.2880 0.9530
vn 0.0866 0.4680 0.8794
vn -0.0000 -0.9207 0.3902
vn 0.0468 -0.8789 0.4747
vn -0.0000 0.1935 0.9811
vn -0.1493 0.9207 0.3605
vn -0.1385 0.8789 0.4564
vn -0.0881 0.9528 0.2906
vn -0.0000 0.7033 0.7109
vn 0.0761 0.6306 0.7724
vn 0.0626 0.7694 0.6357
vn -0.0602 0.9918 0.1126
vn -0.0810 0.9918 0.0987
vn -0.1235 0.9750 0.1849
vn -0.0000 -0.0000 1.0000
vn -0.3540 -0.3798 0.8547
vn -0.2565 -0.4680 0.8457
vn -0.1805 -0.3798 0.9073
vn -0.2780 -0.2880 0.9164
vn -0.1431 0.9528 0.2678
vn -0.0851 0.9750 0.2054
vn -0.0000 0.8282 0.5605
vn -0.1093 -0.8282 0.5497
vn -0.0468 -0.8789 0.4747
vn -0.0000 -0.8282 0.5605
vn -0.0626 -0.7694 0.6357
vn -0.0000 0.5519 0.8339
vn -0.1805 0.3798 0.9073
vn -0.0939 0.2880 0.9530
vn -0.0866 0.4680 0.8794
vn -0.0761 -0.9207 0.3827
vn -0.0298 -0.9528 0.3022
vn -0.0761 0.6306 0.7724
vn -0.1093 0.8282 0.5497
vn -0.0626 0.7694 0.6357
vn -0.1387 0.7033 0.6972
vn -0.2168 0.9207 0.3244
vn -0.2248 0.8789 0.4207
vn -0.1951 -0.0000 0.9808
vn -0.0976 0.0972 0.9905
vn -0.3191 -0.5519 0.7704
vn -0.2253 -0.6306 0.7427
vn -0.1387 -0.7033 0.6972
vn -0.1627 0.5519 0.8179
vn -0.2145 -0.8282 0.5178
vn -0.1385 -0.8789 0.4564
vn -0.1854 -0.7694 0.6113
vn -0.1914 0.1935 0.9623
vn -0.3191 0.5519 0.7704
vn -0.2565 0.4680 0.8457
vn -0.2253 0.6306 0.7427
vn -0.3540 0.3798 0.8547
vn -0.2780 0.2880 0.9164
vn -0.4633 -0.5519 0.6934
vn -0.3659 -0.6306 0.6845
vn -0.4166 -0.4680 0.7794
vn -0.0434 -0.9750 0.2181
vn -0.2145 0.8282 0.5178
vn -0.1854 0.7694 0.6113
vn -0.2889 -0.0972 0.9524
vn -0.1493 -0.9207 0.3605
vn -0.0881 -0.9528 0.2905
vn -0.3755 0.1935 0.9064
vn -0.2889 0.0972 0.9524
vn -0.0851 -0.9750 0.2054
vn -0.0371 -0.9918 0.1222
vn -0.3827 0.9207 -0.0761
vn -0.4747 0.8789 -0.0468
vn -0.3902 0.9207 -0.0000
vn -0.3022 0.9528 -0.0298
vn -0.3827 -0.0000 0.9239
vn -0.2759 0.9207 0.2759
vn -0.3026 0.8789 0.3687
vn -0.1926 0.9528 0.2347
vn -0.2720 0.7033 0.6567
vn -0.2347 0.9528 0.1926
vn -0.1572 0.9750 0.1572
vn -0.0987 0.9918 0.0810
vn -0.1849 0.9750 0.1235
vn -0.2720 -0.7033 0.6567
vn -0.6541 0.3798 0.6541
vn -0.6075 0.2880 0.7403
vn -0.5139 0.3798 0.7692
vn -0.5606 0.4680 0.6831
vn -0.3755 -0.1935 0.9064
vn -0.5451 -0.1935 0.8158
vn -0.4514 -0.2880 0.8446
vn -0.4692 -0.0972 0.8777
vn -0.4514 0.2880 0.8446
vn -0.4166 0.4680 0.7794
vn -0.0602 -0.9918 0.1126
vn -0.2168 -0.9207 0.3244
vn -0.1431 -0.9528 0.2678
vn -0.2248 -0.8789 0.4207
vn -0.3659 0.6306 0.6845
vn -0.5451 0.1935 0.8158
vn -0.4692 0.0972 0.8777
vn -0.3011 -0.7694 0.5633
vn -0.3114 0.8282 0.4660
vn -0.3011 0.7694 0.5633
vn -0.3949 0.7033 0.5911
vn -0.3949 -0.7033 0.5911
vn -0.5556 -0.0000 0.8315
vn -0.5139 -0.3798 0.7692
vn -0.4633 0.5519 0.6934
vn -0.1235 -0.9750 0.1849
vn -0.0810 -0.9918 0.0987
vn -0.3114 -0.8282 0.4660
vn -0.3963 -0.8282 0.3963
vn -0.3026 -0.8789 0.3687
vn -0.4052 -0.7694 0.4938
vn -0.1126 0.9918 0.0602
vn -0.6541 -0.3798 0.6541
vn -0.5606 -0.4680 0.6831
vn -0.6075 -0.2880 0.7403
vn -0.3963 0.8282 0.3963
vn -0.4052 0.7694 0.4938
vn -0.2759 -0.9207 0.2759
vn -0.1926 -0.9528 0.2347
vn -0.6314 -0.0972 0.7694
vn -0.5897 -0.5519 0.5897
vn -0.4924 -0.6306 0.5999
vn -0.6937 0.1935 0.6937
vn -0.6314 0.0972 0.7694
vn -0.1572 -0.9750 0.1572
vn -0.7071 -0.0000 0.7071
vn -0.3605 0.9207 0.1493
vn -0.4207 0.8789 0.2248
vn -0.3244 0.9207 0.2168
vn -0.2678 0.9528 0.1431
vn -0.5027 -0.7033 0.5027
vn -0.5897 0.5519 0.5897
vn -0.4924 0.6306 0.5999
vn -0.3605 -0.9207 0.1493
vn -0.2678 -0.9528 0.1431
vn -0.3244 -0.9207 0.2168
vn -0.4207 -0.8789 0.2248
vn -0.6937 -0.1935 0.6937
vn -0.3687 0.8789 0.3026
vn -0.5027 0.7033 0.5027
vn -0.6934 -0.5519 0.4633
vn -0.5999 -0.6306 0.4924
vn -0.6831 -0.4680 0.5606
vn -0.6567 -0.7033 0.2720
vn -0.5633 -0.7694 0.3011
vn -0.5911 -0.7033 0.3949
vn -0.6845 -0.6306 0.3659
vn -0.2347 -0.9528 0.1926
vn -0.3687 -0.8789 0.3026
vn -0.8158 0.1935 0.5451
vn -0.7694 0.0972 0.6314
vn -0.7403 0.2880 0.6075
vn -0.4660 0.8282 0.3114
vn -0.4938 0.7694 0.4052
vn -0.4938 -0.7694 0.4052
vn -0.1849 -0.9750 0.1235
vn -0.0987 -0.9918 0.0810
vn -0.6831 0.4680 0.5606
vn -0.5911 0.7033 0.3949
vn -0.5999 0.6306 0.4924
vn -0.7692 -0.3798 0.5139
vn -0.7403 -0.2880 0.6075
vn -0.8158 -0.1935 0.5451
vn -0.7694 -0.0972 0.6314
vn -0.5497 0.8282 0.1093
vn -0.6113 0.7694 0.1854
vn -0.5178 0.8282 0.2145
vn -0.4564 0.8789 0.1385
vn -0.1222 0.9918 0.0371
vn -0.2054 0.9750 0.0851
vn -0.4660 -0.8282 0.3114
vn -0.7692 0.3798 0.5139
vn -0.8547 0.3798 0.3540
vn -0.8446 0.2880 0.4514
vn -0.7794 0.4680 0.4166
vn -0.8315 -0.0000 0.5556
vn -0.1126 -0.9918 0.0602
vn -0.5633 0.7694 0.3011
vn -0.8179 -0.5519 0.1627
vn -0.7427 -0.6306 0.2253
vn -0.7704 -0.5519 0.3191
vn -0.8457 -0.4680 0.2565
vn -0.9064 0.1935 0.3755
vn -0.8777 0.0972 0.4692
vn -0.6567 0.7033 0.2720
vn -0.6845 0.6306 0.3659
vn -0.8446 -0.2880 0.4514
vn -0.2054 -0.9750 0.0851
vn -0.9239 -0.0000 0.3827
vn -0.8777 -0.0972 0.4692
vn -0.7794 -0.4680 0.4166
vn -0.9064 -0.1935 0.3755
vn -0.4747 0.8789 0.0468
vn -0.3827 0.9207 0.0761
vn -0.3022 0.9528 0.0298
vn -0.7704 0.5519 0.3191
vn -0.6934 0.5519 0.4633
vn -0.5178 -0.8282 0.2145
vn -0.9811 0.1935 -0.0000
vn -0.9905 0.0972 0.0976
vn -0.9623 0.1935 0.1914
vn -0.9530 0.2880 0.0939
vn -0.8547 -0.3798 0.3540
vn -0.5911 0.7033 -0.3949
vn -0.6845 0.6306 -0.3659
vn -0.6567 0.7033 -0.2720
vn -0.5633 0.7694 -0.3011
vn -0.1222 -0.9918 0.0371
vn -0.1271 0.9918 0.0125
vn -0.2181 0.9750 0.0434
vn -0.9524 0.0972 0.2889
vn -0.9164 0.2880 0.2780
vn -0.2181 -0.9750 0.0434
vn -0.2905 -0.9528 0.0881
vn -0.8457 0.4680 0.2565
vn -0.9808 -0.0000 0.1951
vn -0.9524 -0.0972 0.2889
vn -0.4564 -0.8789 0.1385
vn -0.6972 0.7033 0.1387
vn -0.7427 0.6306 0.2253
vn -0.5497 -0.8282 0.1093
vn -0.6113 -0.7694 0.1854
vn -0.6972 -0.7033 0.1387
vn -0.1271 -0.9918 0.0125
vn -0.9073 -0.3798 0.1805
vn -0.9164 -0.2880 0.2780
vn -0.1271 0.9918 -0.0125
vn -0.2223 0.9750 -0.0000
vn -0.9623 -0.1935 0.1914
vn -0.2906 0.9528 0.0881
vn -0.9073 0.3798 0.1805
vn -0.3827 -0.9207 0.0761
vn -0.3902 -0.9207 -0.0000
vn -0.3022 -0.9528 0.0298
vn -0.4747 -0.8789 0.0468
vn -0.8339 -0.5519 -0.0000
vn -0.7724 -0.6306 0.0761
vn -0.8794 -0.4680 0.0866
vn -0.7109 0.7033 -0.0000
vn -0.7724 0.6306 0.0761
vn -0.6357 0.7694 0.0626
vn -0.2223 -0.9750 -0.0000
vn -0.9530 -0.2880 0.0939
vn -0.7109 -0.7033 -0.0000
vn -0.6357 -0.7694 0.0626
vn -1.0000 -0.0000 -0.0000
vn -0.9905 -0.0972 0.0976
vn -0.9811 -0.1935 -0.0000
vn -0.3605 0.9207 -0.1493
vn -0.4564 0.8789 -0.1385
vn -0.2906 0.9528 -0.0881
vn -0.8179 0.5519 0.1627
vn -0.5605 -0.8282 -0.0000
vn -0.2054 -0.9750 -0.0851
vn -0.1126 -0.9918 -0.0602
vn -0.1222 -0.9918 -0.0371
vn -0.5497 -0.8282 -0.1093
vn -0.4747 -0.8789 -0.0468
vn -0.6357 -0.7694 -0.0626
vn -0.9251 0.3798 -0.0000
vn -0.8794 0.4680 0.0866
vn -0.9239 -0.0000 -0.3827
vn -0.9524 -0.0972 -0.2889
vn -0.9808 -0.0000 -0.1951
vn -0.9524 0.0972 -0.2889
vn -0.9251 -0.3798 -0.0000
vn -0.5605 0.8282 -0.0000
vn -0.1271 -0.9918 -0.0125
vn -0.8179 -0.5519 -0.1627
vn -0.7724 -0.6306 -0.0761
vn -0.8794 -0.4680 -0.0866
vn -0.1222 0.9918 -0.0371
vn -0.2181 0.9750 -0.0434
vn -0.8339 0.5519 -0.0000
vn -0.2181 -0.9750 -0.0434
vn -0.3022 -0.9528 -0.0298
vn -0.9905 -0.0972 -0.0976
vn -0.9905 0.0972 -0.0976
vn -0.6972 0.7033 -0.1387
vn -0.7724 0.6306 -0.0761
vn -0.6357 0.7694 -0.0626
vn -0.9530 0.2880 -0.0939
vn -0.6972 -0.7033 -0.1387
vn -0.1126 0.9918 -0.0602
vn -0.2054 0.9750 -0.0851
vn -0.9073 0.3798 -0.1805
vn -0.8794 0.4680 -0.0866
vn -0.3244 0.9207 -0.2168
vn -0.4207 0.8789 -0.2248
vn -0.2678 0.9528 -0.1431
vn -0.9073 -0.3798 -0.1805
vn -0.9530 -0.2880 -0.0939
vn -0.5497 0.8282 -0.1093
vn -0.3827 -0.9207 -0.0761
vn -0.9623 0.1935 -0.1914
vn -0.2905 -0.9528 -0.0881
vn -0.9623 -0.1935 -0.1914
vn -0.6567 -0.7033 -0.2720
vn -0.6113 -0.7694 -0.1854
vn -0.7427 -0.6306 -0.2253
vn -0.7704 0.5519 -0.3191
vn -0.8457 0.4680 -0.2565
vn -0.8179 0.5519 -0.1627
vn -0.7427 0.6306 -0.2253
vn -0.8457 -0.4680 -0.2565
vn -0.0987 0.9918 -0.0810
vn -0.0810 0.9918 -0.0987
vn -0.1572 0.9750 -0.1572
vn -0.5178 -0.8282 -0.2145
vn -0.4564 -0.8789 -0.1385
vn -0.6113 0.7694 -0.1854
vn -0.9064 -0.1935 -0.3755
vn -0.9164 -0.2880 -0.2780
vn -0.5178 0.8282 -0.2145
vn -0.2759 0.9207 -0.2759
vn -0.3687 0.8789 -0.3026
vn -0.2347 0.9528 -0.1926
vn -0.3605 -0.9207 -0.1493
vn -0.9064 0.1935 -0.3755
vn -0.9164 0.2880 -0.2780
vn -0.8547 -0.3798 -0.3540
vn -0.1849 0.9750 -0.1235
vn -0.8547 0.3798 -0.3540
vn -0.5911 -0.7033 -0.3949
vn -0.5633 -0.7694 -0.3011
vn -0.6845 -0.6306 -0.3659
vn -0.2678 -0.9528 -0.1431
vn -0.7704 -0.5519 -0.3191
vn -0.1849 -0.9750 -0.1235
vn -0.0987 -0.9918 -0.0810
vn -0.8777 0.0972 -0.4692
vn -0.7692 -0.3798 -0.5139
vn -0.7794 -0.4680 -0.4166
vn -0.8446 -0.2880 -0.4514
vn -0.5897 -0.5519 -0.5897
vn -0.5999 -0.6306 -0.4924
vn -0.6934 -0.5519 -0.4633
vn -0.6831 -0.4680 -0.5606
vn -0.8158 -0.1935 -0.5451
vn -0.8777 -0.0972 -0.4692
vn -0.7692 0.3798 -0.5139
vn -0.8446 0.2880 -0.4514
vn -0.7794 0.4680 -0.4166
vn -0.3244 -0.9207 -0.2168
vn -0.4207 -0.8789 -0.2248
vn -0.8158 0.1935 -0.5451
vn -0.2168 0.9207 -0.3244
vn -0.3026 0.8789 -0.3687
vn -0.1926 0.9528 -0.2347
vn -0.4660 0.8282 -0.3114
vn -0.8315 -0.0000 -0.5556
vn -0.7071 -0.0000 -0.7071
vn -0.7694 -0.0972 -0.6314
vn -0.7694 0.0972 -0.6314
vn -0.5897 0.5519 -0.5897
vn -0.6831 0.4680 -0.5606
vn -0.6934 0.5519 -0.4633
vn -0.5999 0.6306 -0.4924
vn -0.3963 -0.8282 -0.3963
vn -0.3687 -0.8789 -0.3026
vn -0.4660 -0.8282 -0.3114
vn -0.4938 -0.7694 -0.4052
vn -0.6937 -0.1935 -0.6937
vn -0.7403 -0.2880 -0.6075
vn -0.4938 0.7694 -0.4052
vn -0.6541 0.3798 -0.6541
vn -0.7403 0.2880 -0.6075
vn -0.3963 0.8282 -0.3963
vn -0.1493 0.9207 -0.3605
vn -0.2248 0.8789 -0.4207
vn -0.1431 0.9528 -0.2678
vn -0.5027 0.7033 -0.5027
vn -0.6937 0.1935 -0.6937
vn -0.3755 -0.1935 -0.9064
vn -0.4514 -0.2880 -0.8446
vn -0.5451 -0.1935 -0.8158
vn -0.4692 -0.0972 -0.8777
vn -0.2347 -0.9528 -0.1926
vn -0.6541 -0.3798 -0.6541
vn -0.0602 0.9918 -0.1126
vn -0.1235 0.9750 -0.1849
vn -0.5027 -0.7033 -0.5027
vn -0.2759 -0.9207 -0.2759
vn -0.1572 -0.9750 -0.1572
vn -0.0810 -0.9918 -0.0987
vn -0.4633 0.5519 -0.6934
vn -0.5606 0.4680 -0.6831
vn -0.4924 0.6306 -0.5999
vn -0.6075 -0.2880 -0.7403
vn -0.6314 -0.0972 -0.7694
vn -0.3949 -0.7033 -0.5911
vn -0.4052 -0.7694 -0.4938
vn -0.4924 -0.6306 -0.5999
vn -0.1235 -0.9750 -0.1849
vn -0.0602 -0.9918 -0.1126
vn -0.6314 0.0972 -0.7694
vn -0.3114 -0.8282 -0.4660
vn -0.3026 -0.8789 -0.3687
vn -0.5139 -0.3798 -0.7692
vn -0.5606 -0.4680 -0.6831
vn -0.3191 -0.5519 -0.7704
vn -0.3659 -0.6306 -0.6845
vn -0.4633 -0.5519 -0.6934
vn -0.4166 -0.4680 -0.7794
vn -0.5139 0.3798 -0.7692
vn -0.6075 0.2880 -0.7403
vn -0.2168 -0.9207 -0.3244
vn -0.1926 -0.9528 -0.2347
vn -0.5451 0.1935 -0.8158
vn -0.0761 0.9207 -0.3827
vn -0.1385 0.8789 -0.4564
vn -0.0881 0.9528 -0.2906
vn -0.3949 0.7033 -0.5911
vn -0.4052 0.7694 -0.4938
vn -0.5556 -0.0000 -0.8315
vn -0.1805 -0.3798 -0.9073
vn -0.2565 -0.4680 -0.8457
vn -0.3540 -0.3798 -0.8547
vn -0.2780 -0.2880 -0.9164
vn -0.0434 0.9750 -0.2181
vn -0.3114 0.8282 -0.4660
vn -0.2145 -0.8282 -0.5178
vn -0.2248 -0.8789 -0.4207
vn -0.3011 -0.7694 -0.5633
vn -0.3540 0.3798 -0.8547
vn -0.4514 0.2880 -0.8446
vn -0.4166 0.4680 -0.7794
vn -0.1493 -0.9207 -0.3605
vn -0.1431 -0.9528 -0.2678
vn -0.3659 0.6306 -0.6845
vn -0.2145 0.8282 -0.5178
vn -0.3011 0.7694 -0.5633
vn -0.2720 0.7033 -0.6567
vn -0.0468 0.8789 -0.4747
vn -0.0371 0.9918 -0.1222
vn -0.0851 0.9750 -0.2054
vn -0.3827 -0.0000 -0.9239
vn -0.4692 0.0972 -0.8777
vn -0.1627 -0.5519 -0.8179
vn -0.2253 -0.6306 -0.7427
vn -0.2720 -0.7033 -0.6567
vn -0.3191 0.5519 -0.7704
vn -0.1093 -0.8282 -0.5497
vn -0.1385 -0.8789 -0.4564
vn -0.1854 -0.7694 -0.6113
vn -0.3755 0.1935 -0.9064
vn -0.1627 0.5519 -0.8179
vn -0.2565 0.4680 -0.8457
vn -0.2253 0.6306 -0.7427
vn -0.1805 0.3798 -0.9073
vn -0.2780 0.2880 -0.9164
vn -0.0866 -0.4680 -0.8794
vn -0.0851 -0.9750 -0.2054
vn -0.1093 0.8282 -0.5497
vn -0.1854 0.7694 -0.6113
vn -0.2889 -0.0972 -0.9524
vn -0.0761 -0.9207 -0.3827
vn -0.0881 -0.9528 -0.2905
vn -0.1914 0.1935 -0.9623
vn -0.2889 0.0972 -0.9524
vn -0.0434 -0.9750 -0.2181
vn -0.0371 -0.9918 -0.1222
vn -0.1951 -0.0000 -0.9808
vn -0.1387 0.7033 -0.6972
vn -0.1387 -0.7033 -0.6972
vn -0.1914 -0.1935 -0.9623
vn -0.0761 0.6306 -0.7724
vt 0.765625 0.042101
vt 0.750000 0.062500
vt 0.734375 0.042101
vt 0.796875 0.000000
vt 0.703125 0.957899
vt 0.640625 1.000000
vt 0.671875 0.957899
vt 0.687500 0.937500
vt 0.765625 0.468750
vt 0.750000 0.500000
vt 0.734375 0.468750
vt 0.750000 0.437500
vt 0.687500 0.875000
vt 0.703125 0.843750
vt 0.718750 0.875000
vt 0.703125 0.905961
vt 0.687500 0.375000
vt 0.703125 0.343750
vt 0.718750 0.375000
vt 0.703125 0.406250
vt 0.718750 0.500000
vt 0.703125 0.468750
vt 0.718750 0.437500
vt 0.765625 0.905961
vt 0.750000 0.937500
vt 0.734375 0.905961
vt 0.750000 0.875000
vt 0.687500 0.812500
vt 0.703125 0.781250
vt 0.718750 0.812500
vt 0.718750 0.937500
vt 0.765625 0.406250
vt 0.734375 0.406250
vt 0.750000 0.375000
vt 0.718750 0.062500
vt 0.734375 0.094039
vt 0.687500 0.750000
vt 0.703125 0.718750
vt 0.718750 0.750000
vt 0.734375 0.781250
vt 0.750000 0.812500
vt 0.734375 0.843750
vt 0.687500 0.250000
vt 0.703125 0.218750
vt 0.718750 0.250000
vt 0.703125 0.281250
vt 0.718750 0.312500
vt 0.734375 0.281250
vt 0.750000 0.312500
vt 0.734375 0.343750
vt 0.687500 0.687500
vt 0.703125 0.656250
vt 0.718750 0.687500
vt 0.765625 0.781250
vt 0.750000 0.750000
vt 0.687500 0.187500
vt 0.703125 0.156250
vt 0.718750 0.187500
vt 0.765625 0.281250
vt 0.750000 0.250000
vt 0.750000 0.625000
vt 0.734375 0.593750
vt 0.750000 0.562500
vt 0.765625 0.593750
vt 0.734375 0.718750
vt 0.687500 0.625000
vt 0.703125 0.593750
vt 0.718750 0.625000
vt 0.734375 0.656250
vt 0.750000 0.687500
vt 0.718750 0.125000
vt 0.750000 0.125000
vt 0.734375 0.156250
vt 0.765625 0.218750
vt 0.734375 0.218750
vt 0.750000 0.187500
vt 0.687500 0.062500
vt 0.671875 0.042101
vt 0.734375 0.000000
vt 0.703125 0.042101
vt 0.687500 0.437500
vt 0.765625 0.656250
vt 0.703125 0.094039
vt 0.625000 0.875000
vt 0.640625 0.843750
vt 0.656250 0.875000
vt 0.640625 0.905961
vt 0.765625 0.156250
vt 0.609375 1.000000
vt 0.640625 0.957899
vt 0.656250 0.937500
vt 0.687500 0.125000
vt 0.687500 0.500000
vt 0.703125 0.531250
vt 0.718750 0.562500
vt 0.734375 0.531250
vt 0.687500 0.562500
vt 0.765625 0.094039
vt 0.656250 0.750000
vt 0.671875 0.718750
vt 0.671875 0.781250
vt 0.765625 0.531250
vt 0.765625 0.957899
vt 0.703125 1.000000
vt 0.734375 0.957899
vt 0.656250 0.250000
vt 0.671875 0.218750
vt 0.671875 0.281250
vt 0.671875 0.094039
vt 0.656250 0.062500
vt 0.640625 0.042101
vt 0.703125 0.000000
vt 0.671875 0.531250
vt 0.656250 0.375000
vt 0.671875 0.343750
vt 0.671875 0.406250
vt 0.656250 0.437500
vt 0.671875 0.468750
vt 0.656250 0.625000
vt 0.671875 0.593750
vt 0.671875 0.656250
vt 0.656250 0.125000
vt 0.671875 0.156250
vt 0.671875 0.905961
vt 0.656250 0.562500
vt 0.593750 0.875000
vt 0.609375 0.843750
vt 0.609375 0.905961
vt 0.656250 0.812500
vt 0.671875 0.843750
vt 0.656250 0.312500
vt 0.687500 0.312500
vt 0.656250 0.500000
vt 0.625000 0.500000
vt 0.640625 0.468750
vt 0.640625 0.531250
vt 0.625000 0.687500
vt 0.640625 0.656250
vt 0.656250 0.687500
vt 0.640625 0.718750
vt 0.625000 0.187500
vt 0.640625 0.156250
vt 0.656250 0.187500
vt 0.640625 0.218750
vt 0.625000 0.437500
vt 0.640625 0.406250
vt 0.640625 0.781250
vt 0.625000 0.625000
vt 0.640625 0.593750
vt 0.640625 0.281250
vt 0.578125 0.905961
vt 0.593750 0.937500
vt 0.578125 0.957899
vt 0.562500 0.937500
vt 0.546875 0.957899
vt 0.484375 1.000000
vt 0.515625 0.957899
vt 0.531250 0.937500
vt 0.625000 0.812500
vt 0.515625 0.905961
vt 0.500000 0.937500
vt 0.562500 0.875000
vt 0.578125 0.843750
vt 0.625000 0.750000
vt 0.625000 0.562500
vt 0.562500 0.437500
vt 0.578125 0.406250
vt 0.593750 0.437500
vt 0.578125 0.468750
vt 0.640625 0.094039
vt 0.625000 0.375000
vt 0.640625 0.343750
vt 0.609375 0.957899
vt 0.546875 1.000000
vt 0.625000 0.250000
vt 0.625000 0.125000
vt 0.625000 0.062500
vt 0.609375 0.042101
vt 0.671875 0.000000
vt 0.593750 0.687500
vt 0.609375 0.656250
vt 0.609375 0.718750
vt 0.609375 0.406250
vt 0.609375 0.468750
vt 0.593750 0.250000
vt 0.609375 0.218750
vt 0.609375 0.281250
vt 0.593750 0.062500
vt 0.578125 0.042101
vt 0.640625 0.000000
vt 0.609375 0.531250
vt 0.625000 0.937500
vt 0.593750 0.187500
vt 0.609375 0.156250
vt 0.593750 0.375000
vt 0.609375 0.343750
vt 0.562500 0.312500
vt 0.578125 0.281250
vt 0.593750 0.312500
vt 0.578125 0.343750
vt 0.593750 0.625000
vt 0.609375 0.593750
vt 0.593750 0.125000
vt 0.609375 0.094039
vt 0.593750 0.562500
vt 0.546875 0.905961
vt 0.625000 0.312500
vt 0.453125 1.000000
vt 0.484375 0.957899
vt 0.593750 0.750000
vt 0.609375 0.781250
vt 0.593750 0.500000
vt 0.593750 0.812500
vt 0.562500 0.187500
vt 0.578125 0.156250
vt 0.578125 0.218750
vt 0.562500 0.625000
vt 0.578125 0.593750
vt 0.578125 0.656250
vt 0.562500 0.125000
vt 0.578125 0.094039
vt 0.578125 0.718750
vt 0.562500 0.812500
vt 0.578125 0.781250
vt 0.562500 0.750000
vt 0.500000 0.875000
vt 0.515625 0.843750
vt 0.531250 0.875000
vt 0.562500 0.500000
vt 0.578125 0.531250
vt 0.562500 0.375000
vt 0.531250 0.062500
vt 0.515625 0.042101
vt 0.578125 0.000000
vt 0.546875 0.042101
vt 0.562500 0.250000
vt 0.562500 0.687500
vt 0.531250 0.187500
vt 0.546875 0.156250
vt 0.546875 0.218750
vt 0.562500 0.062500
vt 0.609375 0.000000
vt 0.500000 0.312500
vt 0.515625 0.281250
vt 0.531250 0.312500
vt 0.515625 0.343750
vt 0.562500 0.562500
vt 0.531250 0.625000
vt 0.546875 0.593750
vt 0.546875 0.656250
vt 0.531250 0.812500
vt 0.546875 0.781250
vt 0.546875 0.843750
vt 0.531250 0.125000
vt 0.546875 0.094039
vt 0.546875 0.468750
vt 0.546875 0.281250
vt 0.546875 0.343750
vt 0.531250 0.562500
vt 0.546875 0.531250
vt 0.546875 0.406250
vt 0.500000 0.125000
vt 0.515625 0.094039
vt 0.515625 0.156250
vt 0.531250 0.500000
vt 0.468750 0.875000
vt 0.484375 0.843750
vt 0.484375 0.905961
vt 0.531250 0.250000
vt 0.531250 0.687500
vt 0.546875 0.718750
vt 0.468750 0.125000
vt 0.484375 0.094039
vt 0.484375 0.156250
vt 0.531250 0.437500
vt 0.468750 0.250000
vt 0.484375 0.218750
vt 0.500000 0.250000
vt 0.484375 0.281250
vt 0.531250 0.750000
vt 0.515625 1.000000
vt 0.500000 0.562500
vt 0.515625 0.531250
vt 0.515625 0.593750
vt 0.500000 0.812500
vt 0.515625 0.781250
vt 0.515625 0.218750
vt 0.500000 0.062500
vt 0.515625 0.656250
vt 0.500000 0.750000
vt 0.515625 0.718750
vt 0.531250 0.375000
vt 0.500000 0.375000
vt 0.515625 0.406250
vt 0.421875 1.000000
vt 0.453125 0.957899
vt 0.468750 0.937500
vt 0.500000 0.437500
vt 0.515625 0.468750
vt 0.437500 0.812500
vt 0.453125 0.781250
vt 0.468750 0.812500
vt 0.453125 0.843750
vt 0.484375 0.042101
vt 0.546875 0.000000
vt 0.500000 0.187500
vt 0.500000 0.625000
vt 0.468750 0.625000
vt 0.484375 0.593750
vt 0.484375 0.656250
vt 0.500000 0.500000
vt 0.484375 0.781250
vt 0.468750 0.562500
vt 0.484375 0.531250
vt 0.468750 0.750000
vt 0.484375 0.718750
vt 0.484375 0.406250
vt 0.468750 0.062500
vt 0.468750 0.500000
vt 0.484375 0.468750
vt 0.484375 0.343750
vt 0.468750 0.437500
vt 0.406250 0.875000
vt 0.421875 0.843750
vt 0.437500 0.875000
vt 0.421875 0.905961
vt 0.468750 0.687500
vt 0.500000 0.687500
vt 0.468750 0.187500
vt 0.406250 0.562500
vt 0.421875 0.531250
vt 0.437500 0.562500
vt 0.421875 0.593750
vt 0.468750 0.375000
vt 0.453125 0.042101
vt 0.515625 0.000000
vt 0.390625 1.000000
vt 0.421875 0.957899
vt 0.437500 0.937500
vt 0.437500 0.312500
vt 0.453125 0.281250
vt 0.468750 0.312500
vt 0.453125 0.343750
vt 0.453125 0.531250
vt 0.453125 0.593750
vt 0.437500 0.062500
vt 0.453125 0.094039
vt 0.453125 0.656250
vt 0.437500 0.500000
vt 0.453125 0.468750
vt 0.453125 0.156250
vt 0.437500 0.750000
vt 0.453125 0.718750
vt 0.437500 0.187500
vt 0.453125 0.218750
vt 0.437500 0.250000
vt 0.421875 0.042101
vt 0.484375 0.000000
vt 0.437500 0.375000
vt 0.453125 0.406250
vt 0.359375 1.000000
vt 0.390625 0.957899
vt 0.406250 0.937500
vt 0.437500 0.437500
vt 0.453125 0.905961
vt 0.437500 0.625000
vt 0.437500 0.125000
vt 0.406250 0.125000
vt 0.421875 0.094039
vt 0.421875 0.156250
vt 0.406250 0.312500
vt 0.421875 0.281250
vt 0.421875 0.343750
vt 0.406250 0.750000
vt 0.421875 0.718750
vt 0.421875 0.781250
vt 0.406250 0.062500
vt 0.421875 0.406250
vt 0.406250 0.250000
vt 0.421875 0.218750
vt 0.406250 0.500000
vt 0.421875 0.468750
vt 0.406250 0.437500
vt 0.343750 0.875000
vt 0.359375 0.843750
vt 0.375000 0.875000
vt 0.359375 0.905961
vt 0.437500 0.687500
vt 0.406250 0.187500
vt 0.375000 0.187500
vt 0.390625 0.156250
vt 0.390625 0.218750
vt 0.406250 0.625000
vt 0.421875 0.656250
vt 0.343750 0.062500
vt 0.359375 0.042101
vt 0.375000 0.062500
vt 0.359375 0.094039
vt 0.406250 0.375000
vt 0.406250 0.812500
vt 0.390625 0.042101
vt 0.453125 0.000000
vt 0.375000 0.312500
vt 0.390625 0.281250
vt 0.390625 0.343750
vt 0.328125 1.000000
vt 0.359375 0.957899
vt 0.375000 0.937500
vt 0.406250 0.687500
vt 0.390625 0.094039
vt 0.375000 0.500000
vt 0.390625 0.468750
vt 0.390625 0.531250
vt 0.375000 0.750000
vt 0.390625 0.718750
vt 0.390625 0.781250
vt 0.375000 0.812500
vt 0.390625 0.843750
vt 0.390625 0.593750
vt 0.375000 0.250000
vt 0.421875 0.000000
vt 0.296875 1.000000
vt 0.328125 0.957899
vt 0.343750 0.937500
vt 0.375000 0.625000
vt 0.390625 0.656250
vt 0.312500 0.875000
vt 0.328125 0.843750
vt 0.328125 0.905961
vt 0.390625 0.905961
vt 0.375000 0.375000
vt 0.390625 0.406250
vt 0.312500 0.750000
vt 0.328125 0.718750
vt 0.343750 0.750000
vt 0.328125 0.781250
vt 0.375000 0.125000
vt 0.375000 0.562500
vt 0.343750 0.562500
vt 0.359375 0.531250
vt 0.359375 0.593750
vt 0.375000 0.437500
vt 0.359375 0.718750
vt 0.359375 0.781250
vt 0.343750 0.250000
vt 0.359375 0.218750
vt 0.359375 0.281250
vt 0.343750 0.500000
vt 0.359375 0.468750
vt 0.296875 0.957899
vt 0.234375 1.000000
vt 0.265625 0.957899
vt 0.281250 0.937500
vt 0.343750 0.687500
vt 0.359375 0.656250
vt 0.375000 0.687500
vt 0.359375 0.343750
vt 0.343750 0.437500
vt 0.359375 0.406250
vt 0.281250 0.875000
vt 0.296875 0.843750
vt 0.296875 0.905961
vt 0.343750 0.625000
vt 0.281250 0.062500
vt 0.265625 0.042101
vt 0.328125 0.000000
vt 0.296875 0.042101
vt 0.312500 0.187500
vt 0.328125 0.156250
vt 0.343750 0.187500
vt 0.328125 0.218750
vt 0.343750 0.125000
vt 0.359375 0.156250
vt 0.281250 0.500000
vt 0.296875 0.468750
vt 0.312500 0.500000
vt 0.296875 0.531250
vt 0.343750 0.812500
vt 0.328125 0.042101
vt 0.390625 0.000000
vt 0.343750 0.375000
vt 0.312500 0.312500
vt 0.328125 0.281250
vt 0.343750 0.312500
vt 0.328125 0.343750
vt 0.265625 1.000000
vt 0.312500 0.937500
vt 0.328125 0.468750
vt 0.328125 0.531250
vt 0.328125 0.593750
vt 0.312500 0.437500
vt 0.328125 0.406250
vt 0.328125 0.094039
vt 0.312500 0.250000
vt 0.312500 0.062500
vt 0.359375 0.000000
vt 0.312500 0.625000
vt 0.328125 0.656250
vt 0.312500 0.125000
vt 0.250000 0.875000
vt 0.265625 0.843750
vt 0.265625 0.905961
vt 0.312500 0.375000
vt 0.312500 0.812500
vt 0.312500 0.562500
vt 0.296875 0.094039
vt 0.281250 0.250000
vt 0.296875 0.218750
vt 0.296875 0.281250
vt 0.281250 0.687500
vt 0.296875 0.656250
vt 0.312500 0.687500
vt 0.296875 0.718750
vt 0.296875 0.343750
vt 0.234375 0.957899
vt 0.171875 1.000000
vt 0.203125 0.957899
vt 0.218750 0.937500
vt 0.281250 0.187500
vt 0.296875 0.156250
vt 0.296875 0.781250
vt 0.281250 0.437500
vt 0.296875 0.406250
vt 0.281250 0.812500
vt 0.218750 0.875000
vt 0.234375 0.843750
vt 0.234375 0.905961
vt 0.281250 0.125000
vt 0.281250 0.750000
vt 0.281250 0.562500
vt 0.296875 0.593750
vt 0.218750 0.437500
vt 0.234375 0.406250
vt 0.250000 0.437500
vt 0.234375 0.468750
vt 0.281250 0.375000
vt 0.203125 1.000000
vt 0.250000 0.937500
vt 0.281250 0.625000
vt 0.250000 0.250000
vt 0.265625 0.218750
vt 0.265625 0.281250
vt 0.265625 0.094039
vt 0.281250 0.312500
vt 0.250000 0.062500
vt 0.234375 0.042101
vt 0.296875 0.000000
vt 0.265625 0.531250
vt 0.250000 0.375000
vt 0.265625 0.343750
vt 0.265625 0.406250
vt 0.218750 0.312500
vt 0.234375 0.281250
vt 0.250000 0.312500
vt 0.234375 0.343750
vt 0.265625 0.468750
vt 0.250000 0.625000
vt 0.265625 0.593750
vt 0.265625 0.656250
vt 0.250000 0.125000
vt 0.265625 0.156250
vt 0.250000 0.562500
vt 0.187500 0.875000
vt 0.203125 0.843750
vt 0.203125 0.905961
vt 0.250000 0.750000
vt 0.265625 0.718750
vt 0.265625 0.781250
vt 0.171875 0.957899
vt 0.109375 1.000000
vt 0.140625 0.957899
vt 0.156250 0.937500
vt 0.250000 0.500000
vt 0.187500 0.375000
vt 0.203125 0.343750
vt 0.218750 0.375000
vt 0.203125 0.406250
vt 0.171875 0.905961
vt 0.187500 0.937500
vt 0.250000 0.812500
vt 0.218750 0.187500
vt 0.234375 0.156250
vt 0.250000 0.187500
vt 0.234375 0.218750
vt 0.250000 0.687500
vt 0.218750 0.625000
vt 0.234375 0.593750
vt 0.234375 0.656250
vt 0.218750 0.125000
vt 0.234375 0.094039
vt 0.234375 0.718750
vt 0.218750 0.812500
vt 0.234375 0.781250
vt 0.218750 0.750000
vt 0.156250 0.875000
vt 0.171875 0.843750
vt 0.218750 0.500000
vt 0.234375 0.531250
vt 0.187500 0.312500
vt 0.203125 0.281250
vt 0.140625 1.000000
vt 0.218750 0.250000
vt 0.218750 0.687500
vt 0.187500 0.187500
vt 0.203125 0.156250
vt 0.203125 0.218750
vt 0.218750 0.562500
vt 0.187500 0.687500
vt 0.203125 0.656250
vt 0.203125 0.718750
vt 0.187500 0.625000
vt 0.203125 0.593750
vt 0.156250 0.312500
vt 0.171875 0.281250
vt 0.171875 0.343750
vt 0.218750 0.062500
vt 0.187500 0.812500
vt 0.203125 0.781250
vt 0.203125 0.468750
vt 0.187500 0.125000
vt 0.203125 0.094039
vt 0.187500 0.562500
vt 0.203125 0.531250
vt 0.187500 0.062500
vt 0.203125 0.042101
vt 0.968750 0.875000
vt 0.984375 0.843750
vt 0.000000 0.875000
vt 0.984375 0.905961
vt 0.187500 0.500000
vt 0.125000 0.875000
vt 0.140625 0.843750
vt 0.140625 0.905961
vt 0.187500 0.750000
vt 0.109375 0.905961
vt 0.125000 0.937500
vt 0.109375 0.957899
vt 0.093750 0.937500
vt 0.187500 0.250000
vt 0.125000 0.625000
vt 0.140625 0.593750
vt 0.156250 0.625000
vt 0.140625 0.656250
vt 0.265625 0.000000
vt 0.187500 0.437500
vt 0.156250 0.437500
vt 0.171875 0.406250
vt 0.171875 0.468750
vt 0.171875 0.593750
vt 0.171875 0.656250
vt 0.171875 0.042101
vt 0.234375 0.000000
vt 0.156250 0.125000
vt 0.171875 0.094039
vt 0.171875 0.156250
vt 0.171875 0.718750
vt 0.156250 0.562500
vt 0.171875 0.531250
vt 0.171875 0.218750
vt 0.156250 0.812500
vt 0.171875 0.781250
vt 0.156250 0.750000
vt 0.156250 0.250000
vt 0.156250 0.500000
vt 0.156250 0.375000
vt 0.078125 1.000000
vt 0.156250 0.687500
vt 0.156250 0.062500
vt 0.140625 0.042101
vt 0.203125 0.000000
vt 0.156250 0.187500
vt 0.125000 0.187500
vt 0.140625 0.156250
vt 0.140625 0.218750
vt 0.046875 1.000000
vt 0.078125 0.957899
vt 0.125000 0.375000
vt 0.140625 0.343750
vt 0.140625 0.406250
vt 0.125000 0.812500
vt 0.140625 0.781250
vt 0.125000 0.125000
vt 0.140625 0.094039
vt 0.140625 0.468750
vt 0.125000 0.312500
vt 0.140625 0.281250
vt 0.125000 0.562500
vt 0.140625 0.531250
vt 0.125000 0.062500
vt 0.125000 0.500000
vt 0.062500 0.875000
vt 0.078125 0.843750
vt 0.093750 0.875000
vt 0.078125 0.905961
vt 0.125000 0.250000
vt 0.125000 0.687500
vt 0.140625 0.718750
vt 0.062500 0.125000
vt 0.078125 0.094039
vt 0.093750 0.125000
vt 0.078125 0.156250
vt 0.125000 0.437500
vt 0.109375 0.843750
vt 0.125000 0.750000
vt 0.093750 0.312500
vt 0.109375 0.281250
vt 0.109375 0.343750
vt 0.062500 0.250000
vt 0.078125 0.218750
vt 0.093750 0.250000
vt 0.078125 0.281250
vt 0.109375 0.094039
vt 0.109375 0.156250
vt 0.093750 0.562500
vt 0.109375 0.531250
vt 0.109375 0.593750
vt 0.093750 0.812500
vt 0.109375 0.781250
vt 0.109375 0.218750
vt 0.093750 0.062500
vt 0.109375 0.042101
vt 0.109375 0.656250
vt 0.093750 0.750000
vt 0.109375 0.718750
vt 0.093750 0.375000
vt 0.109375 0.406250
vt 0.171875 0.000000
vt 0.093750 0.437500
vt 0.109375 0.468750
vt 0.031250 0.812500
vt 0.046875 0.781250
vt 0.062500 0.812500
vt 0.046875 0.843750
vt 0.015625 1.000000
vt 0.046875 0.957899
vt 0.062500 0.937500
vt 0.093750 0.187500
vt 0.093750 0.625000
vt 0.062500 0.625000
vt 0.078125 0.593750
vt 0.078125 0.656250
vt 0.093750 0.500000
vt 0.078125 0.042101
vt 0.140625 0.000000
vt 0.078125 0.781250
vt 0.031250 0.312500
vt 0.046875 0.281250
vt 0.062500 0.312500
vt 0.046875 0.343750
vt 0.062500 0.562500
vt 0.078125 0.531250
vt 0.062500 0.750000
vt 0.078125 0.718750
vt 0.078125 0.406250
vt 0.062500 0.062500
vt 0.062500 0.500000
vt 0.078125 0.468750
vt 0.078125 0.343750
vt 0.062500 0.437500
vt 1.000000 0.875000
vt 0.015625 0.843750
vt 0.031250 0.875000
vt 0.015625 0.905961
vt 0.062500 0.687500
vt 0.093750 0.687500
vt 0.062500 0.187500
vt 1.000000 0.562500
vt 0.015625 0.531250
vt 0.031250 0.562500
vt 0.015625 0.593750
vt 0.062500 0.375000
vt 0.906250 0.750000
vt 0.921875 0.718750
vt 0.937500 0.750000
vt 0.921875 0.781250
vt 0.046875 0.042101
vt 0.109375 0.000000
vt 0.984375 1.000000
vt 0.015625 0.957899
vt 0.031250 0.937500
vt 0.046875 0.531250
vt 0.046875 0.593750
vt 0.031250 0.062500
vt 0.046875 0.094039
vt 0.046875 0.656250
vt 0.031250 0.500000
vt 0.046875 0.468750
vt 0.046875 0.156250
vt 0.031250 0.750000
vt 0.046875 0.718750
vt 0.031250 0.187500
vt 0.046875 0.218750
vt 0.031250 0.250000
vt 0.015625 0.042101
vt 0.078125 0.000000
vt 0.031250 0.375000
vt 0.046875 0.406250
vt 0.953125 1.000000
vt 0.984375 0.957899
vt 0.000000 0.937500
vt 0.031250 0.437500
vt 0.046875 0.905961
vt 0.031250 0.625000
vt 0.031250 0.125000
vt 1.000000 0.125000
vt 0.015625 0.094039
vt 0.015625 0.156250
vt 1.000000 0.312500
vt 0.015625 0.281250
vt 0.015625 0.343750
vt 1.000000 0.750000
vt 0.015625 0.718750
vt 0.015625 0.781250
vt 1.000000 0.062500
vt 0.015625 0.406250
vt 1.000000 0.250000
vt 0.015625 0.218750
vt 1.000000 0.500000
vt 0.015625 0.468750
vt 1.000000 0.437500
vt 0.937500 0.875000
vt 0.953125 0.843750
vt 0.953125 0.905961
vt 0.031250 0.687500
vt 1.000000 0.187500
vt 0.937500 0.062500
vt 0.921875 0.042101
vt 0.984375 0.000000
vt 0.953125 0.042101
vt 0.968750 0.187500
vt 0.984375 0.156250
vt 0.000000 0.187500
vt 0.984375 0.218750
vt 1.000000 0.625000
vt 0.015625 0.656250
vt 0.937500 0.500000
vt 0.953125 0.468750
vt 0.968750 0.500000
vt 0.953125 0.531250
vt 1.000000 0.375000
vt 1.000000 0.812500
vt 0.984375 0.042101
vt 0.046875 0.000000
vt 0.968750 0.312500
vt 0.984375 0.281250
vt 0.000000 0.312500
vt 0.984375 0.343750
vt 0.921875 1.000000
vt 0.953125 0.957899
vt 0.968750 0.937500
vt 1.000000 0.687500
vt 0.968750 0.062500
vt 0.000000 0.062500
vt 0.984375 0.094039
vt 0.984375 0.468750
vt 0.000000 0.500000
vt 0.984375 0.531250
vt 0.968750 0.750000
vt 0.984375 0.718750
vt 0.000000 0.750000
vt 0.984375 0.781250
vt 0.000000 0.125000
vt 0.984375 0.593750
vt 0.000000 0.562500
vt 0.968750 0.250000
vt 0.000000 0.250000
vt 0.015625 0.000000
vt 1.000000 0.937500
vt 0.890625 1.000000
vt 0.921875 0.957899
vt 0.937500 0.937500
vt 0.968750 0.625000
vt 0.000000 0.625000
vt 0.984375 0.656250
vt 0.000000 0.437500
vt 0.906250 0.875000
vt 0.921875 0.843750
vt 0.921875 0.905961
vt 0.968750 0.375000
vt 0.000000 0.375000
vt 0.984375 0.406250
vt 0.968750 0.812500
vt 0.000000 0.812500
vt 0.968750 0.125000
vt 0.968750 0.562500
vt 0.953125 0.094039
vt 0.000000 0.687500
vt 0.968750 0.437500
vt 0.937500 0.250000
vt 0.953125 0.218750
vt 0.953125 0.281250
vt 0.937500 0.687500
vt 0.953125 0.656250
vt 0.968750 0.687500
vt 0.953125 0.718750
vt 0.953125 0.343750
vt 0.890625 0.957899
vt 0.828125 1.000000
vt 0.859375 0.957899
vt 0.875000 0.937500
vt 0.937500 0.187500
vt 0.953125 0.156250
vt 0.953125 0.781250
vt 0.937500 0.437500
vt 0.953125 0.406250
vt 0.937500 0.812500
vt 0.875000 0.875000
vt 0.890625 0.843750
vt 0.890625 0.905961
vt 0.937500 0.125000
vt 0.937500 0.562500
vt 0.953125 0.593750
vt 0.937500 0.375000
vt 0.859375 1.000000
vt 0.906250 0.937500
vt 0.937500 0.625000
vt 0.906250 0.250000
vt 0.921875 0.218750
vt 0.921875 0.281250
vt 0.921875 0.094039
vt 0.937500 0.312500
vt 0.906250 0.062500
vt 0.890625 0.042101
vt 0.953125 0.000000
vt 0.921875 0.531250
vt 0.906250 0.375000
vt 0.921875 0.343750
vt 0.921875 0.406250
vt 0.875000 0.312500
vt 0.890625 0.281250
vt 0.906250 0.312500
vt 0.890625 0.343750
vt 0.906250 0.437500
vt 0.921875 0.468750
vt 0.906250 0.625000
vt 0.921875 0.593750
vt 0.921875 0.656250
vt 0.906250 0.125000
vt 0.921875 0.156250
vt 0.906250 0.562500
vt 0.843750 0.875000
vt 0.859375 0.843750
vt 0.859375 0.905961
vt 0.906250 0.812500
vt 0.906250 0.500000
vt 0.875000 0.500000
vt 0.890625 0.468750
vt 0.890625 0.531250
vt 0.875000 0.687500
vt 0.890625 0.656250
vt 0.906250 0.687500
vt 0.890625 0.718750
vt 0.875000 0.187500
vt 0.890625 0.156250
vt 0.906250 0.187500
vt 0.890625 0.218750
vt 0.875000 0.437500
vt 0.890625 0.406250
vt 0.890625 0.781250
vt 0.875000 0.625000
vt 0.890625 0.593750
vt 0.875000 0.812500
vt 0.812500 0.875000
vt 0.828125 0.843750
vt 0.828125 0.905961
vt 0.875000 0.750000
vt 0.875000 0.562500
vt 0.812500 0.437500
vt 0.828125 0.406250
vt 0.843750 0.437500
vt 0.828125 0.468750
vt 0.890625 0.094039
vt 0.875000 0.375000
vt 0.796875 1.000000
vt 0.828125 0.957899
vt 0.843750 0.937500
vt 0.875000 0.250000
vt 0.875000 0.125000
vt 0.875000 0.062500
vt 0.859375 0.042101
vt 0.921875 0.000000
vt 0.843750 0.687500
vt 0.859375 0.656250
vt 0.859375 0.718750
vt 0.859375 0.406250
vt 0.859375 0.468750
vt 0.843750 0.250000
vt 0.859375 0.218750
vt 0.859375 0.281250
vt 0.843750 0.062500
vt 0.828125 0.042101
vt 0.890625 0.000000
vt 0.859375 0.531250
vt 0.843750 0.187500
vt 0.859375 0.156250
vt 0.843750 0.375000
vt 0.859375 0.343750
vt 0.812500 0.312500
vt 0.828125 0.281250
vt 0.843750 0.312500
vt 0.828125 0.343750
vt 0.843750 0.625000
vt 0.859375 0.593750
vt 0.843750 0.125000
vt 0.859375 0.094039
vt 0.843750 0.562500
vt 0.781250 0.875000
vt 0.796875 0.843750
vt 0.796875 0.905961
vt 0.843750 0.750000
vt 0.859375 0.781250
vt 0.843750 0.500000
vt 0.781250 0.375000
vt 0.796875 0.343750
vt 0.812500 0.375000
vt 0.796875 0.406250
vt 0.781250 0.937500
vt 0.843750 0.812500
vt 0.812500 0.187500
vt 0.828125 0.156250
vt 0.828125 0.218750
vt 0.812500 0.625000
vt 0.828125 0.593750
vt 0.828125 0.656250
vt 0.812500 0.125000
vt 0.828125 0.094039
vt 0.828125 0.718750
vt 0.812500 0.812500
vt 0.828125 0.781250
vt 0.812500 0.750000
vt 0.765625 0.843750
vt 0.765625 1.000000
vt 0.796875 0.957899
vt 0.812500 0.937500
vt 0.812500 0.500000
vt 0.828125 0.531250
vt 0.781250 0.312500
vt 0.796875 0.281250
vt 0.734375 1.000000
vt 0.812500 0.250000
vt 0.812500 0.687500
vt 0.781250 0.187500
vt 0.796875 0.156250
vt 0.796875 0.218750
vt 0.812500 0.562500
vt 0.781250 0.687500
vt 0.796875 0.656250
vt 0.796875 0.718750
vt 0.781250 0.625000
vt 0.796875 0.593750
vt 0.765625 0.343750
vt 0.812500 0.062500
vt 0.781250 0.812500
vt 0.796875 0.781250
vt 0.796875 0.468750
vt 0.781250 0.125000
vt 0.796875 0.094039
vt 0.781250 0.562500
vt 0.796875 0.531250
vt 0.781250 0.062500
vt 0.796875 0.042101
vt 0.781250 0.500000
vt 0.781250 0.750000
vt 0.781250 0.250000
vt 0.859375 0.000000
vt 0.781250 0.437500
vt 0.828125 0.000000
vt 0.765625 0.718750
vt 0.765625 0.000000
vt 0.671875 1.000000
vt 0.578125 1.000000
s 1
usemtl Material.002
f 994/1/1 482/2/2 483/3/3 308/4/4
f 501/5/5 82/6/6 524/7/7 22/8/8
f 979/9/9 4/10/10 484/11/11 5/12/12
f 23/13/13 506/14/14 8/15/15 504/16/16
f 31/17/17 507/18/18 16/19/19 505/20/20
f 14/21/21 503/22/22 15/23/23 484/11/11
f 980/24/24 474/25/25 485/26/26 475/27/27
f 24/28/28 508/29/29 9/30/30 506/14/14
f 7/31/31 504/16/16 8/15/15 485/26/26
f 981/32/32 5/12/12 486/33/33 478/34/34
f 21/35/35 483/3/3 482/2/2 496/36/36
f 15/23/23 505/20/20 16/19/19 486/33/33
f 25/37/37 510/38/38 10/39/39 508/29/29
f 9/30/30 489/40/40 1/41/41 487/42/42
f 8/15/15 506/14/14 9/30/30 487/42/42
f 33/43/43 511/44/44 18/45/45 509/46/46
f 17/47/47 490/48/48 6/49/49 488/50/50
f 26/51/51 512/52/52 11/53/53 510/38/38
f 16/19/19 507/18/18 17/47/47 488/50/50
f 984/54/54 1/41/41 489/40/40 476/55/55
f 34/56/56 513/57/57 19/58/58 511/44/44
f 9/30/30 508/29/29 10/39/39 489/40/40
f 985/59/59 6/49/49 490/48/48 479/60/60
f 477/61/61 495/62/62 3/63/63 990/64/64
f 10/39/39 491/65/65 476/55/55 489/40/40
f 17/47/47 509/46/46 18/45/45 490/48/48
f 27/66/66 514/67/67 12/68/68 512/52/52
f 11/53/53 493/69/69 2/70/70 491/65/65
f 10/39/39 510/38/38 11/53/53 491/65/65
f 20/71/71 496/36/36 481/72/72 494/73/73
f 987/74/74 479/60/60 492/75/75 480/76/76
f 36/77/77 525/78/78 308/79/4 502/80/79
f 18/45/45 511/44/44 19/58/58 492/75/75
f 30/81/80 505/20/20 15/23/23 503/22/22
f 988/82/81 2/70/70 493/69/69 477/61/61
f 36/77/77 502/80/79 21/35/35 499/83/82
f 53/84/83 537/85/84 38/86/85 535/87/86
f 11/53/53 512/52/52 12/68/68 493/69/69
f 989/88/87 480/76/76 494/73/73 481/72/72
f 524/7/7 82/89/6 532/90/88 37/91/89
f 35/92/90 499/83/82 20/71/71 513/57/57
f 19/58/58 513/57/57 20/71/71 494/73/73
f 29/93/91 503/22/22 14/21/21 500/94/92
f 13/95/93 497/96/94 3/63/63 495/62/62
f 28/97/95 500/94/92 13/95/93 514/67/67
f 12/68/68 514/67/67 13/95/93 495/62/62
f 991/98/96 481/72/72 496/36/36 482/2/2
f 40/99/97 517/100/98 25/37/37 515/101/99
f 20/71/71 499/83/82 21/35/35 496/36/36
f 15/23/23 486/33/33 5/12/12 484/11/11
f 992/102/100 3/63/63 497/96/94 4/10/10
f 14/21/21 484/11/11 4/10/10 497/96/94
f 13/95/93 500/94/92 14/21/21 497/96/94
f 993/103/101 82/104/6 498/105/102 474/25/25
f 48/106/103 518/107/104 33/43/43 516/108/105
f 35/92/90 522/109/106 36/77/77 499/83/82
f 51/110/107 533/111/108 308/112/4 525/78/78
f 28/97/95 523/113/109 29/93/91 500/94/92
f 22/8/8 504/16/16 7/31/31 501/5/5
f 46/114/110 530/115/111 31/17/17 528/116/112
f 45/117/113 528/116/112 30/81/80 526/118/114
f 42/119/115 521/120/116 27/66/66 519/121/117
f 29/93/91 526/118/114 30/81/80 503/22/22
f 50/122/118 522/109/106 35/92/90 520/123/119
f 22/8/8 527/124/120 23/13/13 504/16/16
f 43/125/121 523/113/109 28/97/95 521/120/116
f 68/126/122 560/127/123 53/84/83 558/128/124
f 30/81/80 528/116/112 31/17/17 505/20/20
f 39/129/125 515/101/99 24/28/28 529/130/126
f 23/13/13 529/130/126 24/28/28 506/14/14
f 47/131/127 516/108/105 32/132/128 530/115/111
f 31/17/17 530/115/111 32/132/128 507/18/18
f 24/28/28 515/101/99 25/37/37 508/29/29
f 51/110/107 525/78/78 36/77/77 522/109/106
f 32/132/128 516/108/105 33/43/43 509/46/46
f 44/133/129 526/118/114 29/93/91 523/113/109
f 59/134/130 534/135/131 44/133/129 531/136/132
f 25/37/37 517/100/98 26/51/51 510/38/38
f 33/43/43 518/107/104 34/56/56 511/44/44
f 26/51/51 519/121/117 27/66/66 512/52/52
f 34/56/56 520/123/119 35/92/90 513/57/57
f 56/137/133 543/138/134 41/139/135 541/140/136
f 27/66/66 521/120/116 28/97/95 514/67/67
f 41/139/135 519/121/117 26/51/51 517/100/98
f 64/141/137 544/142/138 49/143/139 542/144/140
f 60/145/141 536/146/142 45/117/113 534/135/131
f 39/129/125 539/147/143 40/99/97 515/101/99
f 57/148/144 545/149/145 42/119/115 543/138/134
f 47/131/127 540/150/146 48/106/103 516/108/105
f 40/99/97 541/140/136 41/139/135 517/100/98
f 565/151/147 67/152/148 578/153/149 83/154/150
f 585/155/151 82/156/6 608/157/152 98/158/153
f 48/106/103 542/144/140 49/143/139 518/107/104
f 54/159/154 539/147/143 39/129/125 537/85/84
f 595/160/155 98/158/153 608/157/152 113/161/156
f 41/139/135 543/138/134 42/119/115 519/121/117
f 84/162/157 567/163/158 68/126/122 565/151/147
f 49/143/139 544/142/138 50/122/118 520/123/119
f 55/164/159 541/140/136 40/99/97 539/147/143
f 58/165/160 531/136/132 43/125/121 545/149/145
f 42/119/115 545/149/145 43/125/121 521/120/116
f 49/143/139 520/123/119 34/56/56 518/107/104
f 91/166/161 566/167/162 75/168/163 564/169/164
f 50/122/118 546/170/165 51/110/107 522/109/106
f 43/125/121 531/136/132 44/133/129 523/113/109
f 37/91/89 527/124/120 22/8/8 524/7/7
f 61/171/166 538/172/167 46/114/110 536/146/142
f 555/173/168 82/174/6 578/153/149 67/152/148
f 63/175/169 542/144/140 48/106/103 540/150/146
f 44/133/129 534/135/131 45/117/113 526/118/114
f 37/91/89 535/87/86 38/86/85 527/124/120
f 45/117/113 536/146/142 46/114/110 528/116/112
f 65/176/170 546/170/165 50/122/118 544/142/138
f 38/86/85 537/85/84 39/129/125 529/130/126
f 66/177/171 556/178/172 308/179/4 533/111/108
f 71/180/173 550/181/174 56/137/133 548/182/175
f 75/168/163 559/183/176 60/145/141 557/184/177
f 46/114/110 538/172/167 47/131/127 530/115/111
f 78/185/178 549/186/179 63/175/169 547/187/180
f 81/188/181 563/189/182 308/190/4 556/178/172
f 58/165/160 554/191/183 59/134/130 531/136/132
f 52/192/184 535/87/86 37/91/89 532/90/88
f 79/193/185 551/194/186 64/141/137 549/186/179
f 76/195/187 561/196/188 61/171/166 559/183/176
f 93/197/189 570/198/190 77/199/191 568/200/192
f 546/170/165 66/177/171 533/111/108 51/110/107
f 72/201/193 552/202/194 57/148/144 550/181/174
f 59/134/130 557/184/177 60/145/141 534/135/131
f 80/203/195 553/204/196 65/176/170 551/194/186
f 52/192/184 558/128/124 53/84/83 535/87/86
f 73/205/197 554/191/183 58/165/160 552/202/194
f 98/158/153 588/206/198 83/154/150 585/155/151
f 60/145/141 559/183/176 61/171/166 536/146/142
f 81/188/181 556/178/172 66/177/171 553/204/196
f 53/84/83 560/127/123 54/159/154 537/85/84
f 77/199/191 547/187/180 62/207/199 561/196/188
f 608/157/152 82/208/6 616/209/200 113/161/156
f 61/171/166 561/196/188 62/207/199 538/172/167
f 70/210/201 548/182/175 55/164/159 562/211/202
f 54/159/154 562/211/202 55/164/159 539/147/143
f 62/207/199 547/187/180 63/175/169 540/150/146
f 74/212/203 557/184/177 59/134/130 554/191/183
f 55/164/159 548/182/175 56/137/133 541/140/136
f 63/175/169 549/186/179 64/141/137 542/144/140
f 56/137/133 550/181/174 57/148/144 543/138/134
f 64/141/137 551/194/186 65/176/170 544/142/138
f 69/213/204 562/211/202 54/159/154 560/127/123
f 57/148/144 552/202/194 58/165/160 545/149/145
f 95/214/205 574/215/206 79/193/185 572/216/207
f 65/176/170 553/204/196 66/177/171 546/170/165
f 88/217/208 575/218/209 72/201/193 573/219/210
f 77/199/191 570/198/190 78/185/178 547/187/180
f 96/220/211 576/221/212 80/203/195 574/215/206
f 70/210/201 571/222/213 71/180/173 548/182/175
f 78/185/178 572/216/207 79/193/185 549/186/179
f 85/223/214 569/224/215 69/213/204 567/163/158
f 71/180/173 573/219/210 72/201/193 550/181/174
f 79/193/185 574/215/206 80/203/195 551/194/186
f 86/225/216 571/222/213 70/210/201 569/224/215
f 114/226/217 597/227/218 99/228/219 595/160/155
f 72/201/193 575/218/209 73/205/197 552/202/194
f 80/203/195 576/221/212 81/188/181 553/204/196
f 90/229/220 564/169/164 74/212/203 577/230/221
f 73/205/197 577/230/221 74/212/203 554/191/183
f 67/152/148 558/128/124 52/192/184 555/173/168
f 92/231/222 568/200/192 76/195/187 566/167/162
f 112/232/223 609/233/224 308/234/4 586/235/225
f 94/236/226 572/216/207 78/185/178 570/198/190
f 74/212/203 564/169/164 75/168/163 557/184/177
f 87/237/227 573/219/210 71/180/173 571/222/213
f 110/238/228 581/239/229 95/214/205 579/240/230
f 97/241/231 586/235/225 308/242/4 563/189/182
f 67/152/148 565/151/147 68/126/122 558/128/124
f 75/168/163 566/167/162 76/195/187 559/183/176
f 123/243/232 600/244/233 108/245/234 598/246/235
f 68/126/122 567/163/158 69/213/204 560/127/123
f 89/247/236 577/230/221 73/205/197 575/218/209
f 76/195/187 568/200/192 77/199/191 561/196/188
f 69/213/204 569/224/215 70/210/201 562/211/202
f 103/248/237 582/249/238 88/217/208 580/250/239
f 576/221/212 97/241/231 563/189/182 81/188/181
f 100/251/240 592/252/241 85/223/214 590/253/242
f 111/254/243 583/255/244 96/220/211 581/239/229
f 90/229/220 587/256/245 91/166/161 564/169/164
f 108/245/234 593/257/246 93/197/189 591/258/247
f 83/154/150 588/206/198 84/162/157 565/151/147
f 104/259/248 584/260/249 89/247/236 582/249/238
f 91/166/161 589/261/250 92/231/222 566/167/162
f 112/232/223 586/235/225 97/241/231 583/255/244
f 126/262/251 606/263/252 111/254/243 604/264/253
f 84/162/157 590/253/242 85/223/214 567/163/158
f 105/265/254 587/256/245 90/229/220 584/260/249
f 92/231/222 591/258/247 93/197/189 568/200/192
f 129/266/255 621/267/256 114/226/217 619/268/257
f 85/223/214 592/252/241 86/225/216 569/224/215
f 109/269/258 579/240/230 94/236/226 593/257/246
f 93/197/189 593/257/246 94/236/226 570/198/190
f 102/270/259 580/250/239 87/237/227 594/271/260
f 141/272/261 614/273/262 126/262/251 612/274/263
f 86/225/216 594/271/260 87/237/227 571/222/213
f 94/236/226 579/240/230 95/214/205 572/216/207
f 106/275/264 589/261/250 91/166/161 587/256/245
f 87/237/227 580/250/239 88/217/208 573/219/210
f 95/214/205 581/239/229 96/220/211 574/215/206
f 139/276/265 626/277/266 124/278/267 624/279/268
f 88/217/208 582/249/238 89/247/236 575/218/209
f 96/220/211 583/255/244 97/241/231 576/221/212
f 101/280/269 594/271/260 86/225/216 592/252/241
f 89/247/236 584/260/249 90/229/220 577/230/221
f 585/155/151 83/154/150 578/153/149 82/281/6
f 99/228/219 590/253/242 84/162/157 588/206/198
f 119/282/270 607/283/271 104/259/248 605/284/272
f 115/285/273 599/286/274 100/251/240 597/227/218
f 109/269/258 602/287/275 110/238/228 579/240/230
f 127/288/276 609/233/224 112/232/223 606/263/252
f 102/270/259 603/289/277 103/248/237 580/250/239
f 110/238/228 604/264/253 111/254/243 581/239/229
f 116/290/278 601/291/279 101/280/269 599/286/274
f 103/248/237 605/284/272 104/259/248 582/249/238
f 124/278/267 602/287/275 109/269/258 600/244/233
f 107/292/280 591/258/247 92/231/222 589/261/250
f 111/254/243 606/263/252 112/232/223 583/255/244
f 104/259/248 607/283/271 105/265/254 584/260/249
f 122/293/281 598/246/235 107/292/280 596/294/282
f 616/209/200 82/295/6 639/296/283 128/297/284
f 121/298/285 596/294/282 106/275/264 610/299/286
f 145/300/287 630/301/288 130/302/289 628/303/290
f 105/265/254 610/299/286 106/275/264 587/256/245
f 127/288/276 617/304/291 308/305/4 609/233/224
f 98/158/153 595/160/155 99/228/219 588/206/198
f 125/306/292 604/264/253 110/238/228 602/287/275
f 106/275/264 596/294/282 107/292/280 589/261/250
f 118/307/293 605/284/272 103/248/237 603/289/277
f 133/308/294 613/309/295 118/307/293 611/310/296
f 99/228/219 597/227/218 100/251/240 590/253/242
f 107/292/280 598/246/235 108/245/234 591/258/247
f 100/251/240 599/286/274 101/280/269 592/252/241
f 120/311/297 610/299/286 105/265/254 607/283/271
f 108/245/234 600/244/233 109/269/258 593/257/246
f 130/302/289 623/312/298 115/285/273 621/267/256
f 101/280/269 601/291/279 102/270/259 594/271/260
f 134/313/299 615/314/300 119/282/270 613/309/295
f 113/161/156 619/268/257 114/226/217 595/160/155
f 131/315/301 625/316/302 116/290/278 623/312/298
f 121/298/285 620/317/303 122/293/281 596/294/282
f 142/318/304 617/304/291 127/288/276 614/273/262
f 114/226/217 621/267/256 115/285/273 597/227/218
f 135/319/305 618/320/306 120/311/297 615/314/300
f 122/293/281 622/321/307 123/243/232 598/246/235
f 115/285/273 623/312/298 116/290/278 599/286/274
f 136/322/308 620/317/303 121/298/285 618/320/306
f 159/323/309 652/324/310 144/325/311 650/326/312
f 123/243/232 624/279/268 124/278/267 600/244/233
f 132/327/313 611/310/296 117/328/314 625/316/302
f 116/290/278 625/316/302 117/328/314 601/291/279
f 140/329/315 612/274/263 125/306/292 626/277/266
f 164/330/316 646/331/317 149/332/318 644/333/319
f 124/278/267 626/277/266 125/306/292 602/287/275
f 117/328/314 611/310/296 118/307/293 603/289/277
f 125/306/292 612/274/263 126/262/251 604/264/253
f 137/334/320 622/321/307 122/293/281 620/317/303
f 118/307/293 613/309/295 119/282/270 605/284/272
f 126/262/251 614/273/262 127/288/276 606/263/252
f 117/328/314 603/289/277 102/270/259 601/291/279
f 142/318/304 640/335/321 308/336/4 617/304/291
f 119/282/270 615/314/300 120/311/297 607/283/271
f 639/296/283 82/337/6 647/338/322 143/339/323
f 153/340/324 631/341/325 138/342/326 629/343/327
f 149/332/318 638/344/328 134/313/299 636/345/329
f 120/311/297 618/320/306 121/298/285 610/299/286
f 157/346/330 640/335/321 142/318/304 637/347/331
f 132/327/313 634/348/332 133/308/294 611/310/296
f 150/349/333 641/350/334 135/319/305 638/344/328
f 140/329/315 635/351/335 141/272/261 612/274/263
f 146/352/336 632/353/337 131/315/301 630/301/288
f 155/354/338 635/351/335 140/329/315 633/355/339
f 133/308/294 636/345/329 134/313/299 613/309/295
f 141/272/261 637/347/331 142/318/304 614/273/262
f 154/356/340 633/355/339 139/276/265 631/341/325
f 157/346/330 648/357/341 308/358/4 640/335/321
f 134/313/299 638/344/328 135/319/305 615/314/300
f 128/297/284 619/268/257 113/161/156 616/209/200
f 152/359/342 629/343/327 137/334/320 627/360/343
f 647/338/322 82/361/6 670/362/344 158/363/345
f 151/364/346 627/360/343 136/322/308 641/350/334
f 135/319/305 641/350/334 136/322/308 618/320/306
f 138/342/326 624/279/268 123/243/232 622/321/307
f 144/325/311 628/303/290 129/266/255 642/365/347
f 128/297/284 642/365/347 129/266/255 619/268/257
f 136/322/308 627/360/343 137/334/320 620/317/303
f 148/366/348 636/345/329 133/308/294 634/348/332
f 129/266/255 628/303/290 130/302/289 621/267/256
f 156/367/349 637/347/331 141/272/261 635/351/335
f 171/368/350 645/369/351 156/367/349 643/370/352
f 137/334/320 629/343/327 138/342/326 622/321/307
f 130/302/289 630/301/288 131/315/301 623/312/298
f 138/342/326 631/341/325 139/276/265 624/279/268
f 131/315/301 632/353/337 132/327/313 625/316/302
f 168/371/353 655/372/354 153/340/324 653/373/355
f 139/276/265 633/355/339 140/329/315 626/277/266
f 161/374/356 656/375/357 146/352/336 654/376/358
f 172/377/359 648/357/341 157/346/330 645/369/351
f 151/364/346 651/378/360 152/359/342 627/360/343
f 169/379/361 657/380/362 154/356/340 655/372/354
f 144/325/311 652/324/310 145/300/287 628/303/290
f 165/381/363 649/382/364 150/349/333 646/331/317
f 152/359/342 653/373/355 153/340/324 629/343/327
f 145/300/287 654/376/358 146/352/336 630/301/288
f 166/383/365 651/378/360 151/364/346 649/382/364
f 153/340/324 655/372/354 154/356/340 631/341/325
f 189/384/366 683/385/367 174/386/368 681/387/369
f 146/352/336 656/375/357 147/388/370 632/353/337
f 170/389/371 643/370/352 155/354/338 657/380/362
f 154/356/340 657/380/362 155/354/338 633/355/339
f 185/390/372 666/391/373 170/389/371 664/392/374
f 163/393/375 644/333/319 148/366/348 658/394/376
f 202/395/377 679/396/378 187/397/379 676/398/380
f 147/388/370 658/394/376 148/366/348 634/348/332
f 155/354/338 643/370/352 156/367/349 635/351/335
f 167/399/381 653/373/355 152/359/342 651/378/360
f 148/366/348 644/333/319 149/332/318 636/345/329
f 156/367/349 645/369/351 157/346/330 637/347/331
f 160/400/382 654/376/358 145/300/287 652/324/310
f 147/388/370 634/348/332 132/327/313 632/353/337
f 172/377/359 671/401/383 308/402/4 648/357/341
f 149/332/318 646/331/317 150/349/333 638/344/328
f 143/339/323 642/365/347 128/297/284 639/296/283
f 183/403/384 662/404/385 168/371/353 660/405/386
f 670/362/344 82/406/6 678/407/387 173/408/388
f 162/409/389 658/394/376 147/388/370 656/375/357
f 150/349/333 649/382/364 151/364/346 641/350/334
f 187/397/379 671/401/383 172/377/359 668/410/390
f 143/339/323 650/326/312 144/325/311 642/365/347
f 180/411/391 672/412/392 165/381/363 669/413/393
f 176/414/394 663/415/395 161/374/356 661/416/396
f 170/389/371 666/391/373 171/368/350 643/370/352
f 175/417/397 661/416/396 160/400/382 659/418/398
f 163/393/375 667/419/399 164/330/316 644/333/319
f 171/368/350 668/410/390 172/377/359 645/369/351
f 184/420/400 664/392/374 169/379/361 662/404/385
f 187/397/379 679/396/378 308/421/4 671/401/383
f 164/330/316 669/413/393 165/381/363 646/331/317
f 158/363/345 650/326/312 143/339/323 647/338/322
f 678/407/387 82/422/6 701/423/401 188/424/402
f 178/425/403 667/419/399 163/393/375 665/426/404
f 204/427/405 706/428/406 189/384/366 704/429/407
f 165/381/363 672/412/392 166/383/365 649/382/364
f 174/386/368 659/418/398 159/323/309 673/430/408
f 158/363/345 673/430/408 159/323/309 650/326/312
f 182/431/409 660/405/386 167/399/381 674/432/410
f 206/433/411 694/434/412 191/435/413 692/436/414
f 166/383/365 674/432/410 167/399/381 651/378/360
f 159/323/309 659/418/398 160/400/382 652/324/310
f 186/437/415 668/410/390 171/368/350 666/391/373
f 167/399/381 660/405/386 168/371/353 653/373/355
f 179/438/416 669/413/393 164/330/316 667/419/399
f 194/439/417 677/440/418 179/438/416 675/441/419
f 160/400/382 661/416/396 161/374/356 654/376/358
f 168/371/353 662/404/385 169/379/361 655/372/354
f 161/374/356 663/415/395 162/409/389 656/375/357
f 181/442/420 674/432/410 166/383/365 672/412/392
f 169/379/361 664/392/374 170/389/371 657/380/362
f 191/435/413 687/443/421 176/414/394 685/444/422
f 162/409/389 665/426/404 163/393/375 658/394/376
f 199/445/423 688/446/424 184/420/400 686/447/425
f 195/448/426 680/449/427 180/411/391 677/440/418
f 174/386/368 683/385/367 175/417/397 659/418/398
f 709/450/428 82/451/6 731/452/429 218/453/430
f 192/454/431 689/455/432 177/456/433 687/443/421
f 182/431/409 684/457/434 183/403/384 660/405/386
f 175/417/397 685/444/422 176/414/394 661/416/396
f 196/458/435 682/459/436 181/442/420 680/449/427
f 183/403/384 686/447/425 184/420/400 662/404/385
f 176/414/394 687/443/421 177/456/433 663/415/395
f 219/460/437 714/461/438 204/427/405 712/462/439
f 184/420/400 688/446/424 185/390/372 664/392/374
f 193/463/440 675/441/419 178/425/403 689/455/432
f 232/464/441 732/465/442 308/466/4 710/467/443
f 177/456/433 689/455/432 178/425/403 665/426/404
f 215/468/444 697/469/445 200/470/446 695/471/447
f 201/472/448 676/398/380 186/437/415 690/473/449
f 225/474/450 711/475/451 210/476/452 708/477/453
f 185/390/372 690/473/449 186/437/415 666/391/373
f 178/425/403 675/441/419 179/438/416 667/419/399
f 186/437/415 676/398/380 187/397/379 668/410/390
f 190/478/454 685/444/422 175/417/397 683/385/367
f 177/456/433 665/426/404 162/409/389 663/415/395
f 202/395/377 702/479/455 308/480/4 679/396/378
f 179/438/416 677/440/418 180/411/391 669/413/393
f 173/408/388 673/430/408 158/363/345 670/362/344
f 197/481/456 684/457/434 182/431/409 682/459/436
f 213/482/457 693/483/458 198/484/459 691/485/460
f 701/423/401 82/486/6 709/450/428 203/487/461
f 180/411/391 680/449/427 181/442/420 672/412/392
f 200/470/446 690/473/449 185/390/372 688/446/424
f 173/408/388 681/387/369 174/386/368 673/430/408
f 210/476/452 703/488/462 195/448/426 700/489/463
f 181/442/420 682/459/436 182/431/409 674/432/410
f 193/463/440 698/490/464 194/439/417 675/441/419
f 211/491/465 705/492/466 196/458/435 703/488/462
f 201/472/448 699/493/467 202/395/377 676/398/380
f 214/494/468 695/471/447 199/445/423 693/483/458
f 198/484/459 686/447/425 183/403/384 684/457/434
f 217/495/469 710/467/443 308/496/4 702/479/455
f 194/439/417 700/489/463 195/448/426 677/440/418
f 188/424/402 681/387/369 173/408/388 678/407/387
f 208/497/470 698/490/464 193/463/440 696/498/471
f 195/448/426 703/488/462 196/458/435 680/449/427
f 216/499/472 699/493/467 201/472/448 697/469/445
f 234/500/473 736/501/474 219/460/437 734/502/475
f 188/424/402 704/429/407 189/384/366 681/387/369
f 212/503/476 691/485/460 197/481/456 705/492/466
f 196/458/435 705/492/466 197/481/456 682/459/436
f 205/504/477 692/436/414 190/478/454 706/428/406
f 189/384/366 706/428/406 190/478/454 683/385/367
f 197/481/456 691/485/460 198/484/459 684/457/434
f 209/505/478 700/489/463 194/439/417 698/490/464
f 190/478/454 692/436/414 191/435/413 685/444/422
f 217/495/469 702/479/455 202/395/377 699/493/467
f 232/464/441 710/467/443 217/495/469 707/506/479
f 198/484/459 693/483/458 199/445/423 686/447/425
f 191/435/413 694/434/412 192/454/431 687/443/421
f 199/445/423 695/471/447 200/470/446 688/446/424
f 192/454/431 696/498/471 193/463/440 689/455/432
f 229/507/480 719/508/481 214/494/468 717/509/482
f 200/470/446 697/469/445 201/472/448 690/473/449
f 222/510/483 720/511/484 207/512/485 718/513/486
f 212/503/476 715/514/487 213/482/457 691/485/460
f 739/515/488 82/516/6 762/517/489 248/518/490
f 230/519/491 721/520/492 215/468/444 719/508/481
f 205/504/477 716/521/493 206/433/411 692/436/414
f 226/522/494 713/523/495 211/491/465 711/475/451
f 213/482/457 717/509/482 214/494/468 693/483/458
f 206/433/411 718/513/486 207/512/485 694/434/412
f 214/494/468 719/508/481 215/468/444 695/471/447
f 220/524/496 716/521/493 205/504/477 714/461/438
f 249/525/497 744/526/498 234/500/473 742/527/499
f 207/512/485 720/511/484 208/497/470 696/498/471
f 231/528/500 707/506/479 216/499/472 721/520/492
f 215/468/444 721/520/492 216/499/472 697/469/445
f 221/529/501 718/513/486 206/433/411 716/521/493
f 224/530/502 708/477/453 209/505/478 722/531/503
f 256/532/504 743/533/505 241/534/506 741/535/507
f 208/497/470 722/531/503 209/505/478 698/490/464
f 216/499/472 707/506/479 217/495/469 699/493/467
f 207/512/485 696/498/471 192/454/431 694/434/412
f 209/505/478 708/477/453 210/476/452 700/489/463
f 203/487/461 704/429/407 188/424/402 701/423/401
f 227/536/508 715/514/487 212/503/476 713/523/495
f 731/452/429 82/537/6 739/515/488 233/538/509
f 210/476/452 711/475/451 211/491/465 703/488/462
f 203/487/461 712/462/439 204/427/405 704/429/407
f 223/539/510 722/531/503 208/497/470 720/511/484
f 211/491/465 713/523/495 212/503/476 705/492/466
f 204/427/405 714/461/438 205/504/477 706/428/406
f 244/540/511 725/541/512 229/507/480 723/542/513
f 231/528/500 729/543/514 232/464/441 707/506/479
f 228/544/515 717/509/482 213/482/457 715/514/487
f 247/545/516 740/546/517 308/547/4 732/465/442
f 224/530/502 730/548/518 225/474/450 708/477/453
f 218/453/430 712/462/439 203/487/461 709/450/428
f 242/549/519 737/550/520 227/536/508 735/551/521
f 258/552/522 747/553/523 243/554/524 745/555/525
f 241/534/506 735/551/521 226/522/494 733/556/526
f 238/557/527 728/558/528 223/539/510 726/559/529
f 225/474/450 733/556/526 226/522/494 711/475/451
f 246/560/530 729/543/514 231/528/500 727/561/531
f 218/453/430 734/502/475 219/460/437 712/462/439
f 239/562/532 730/548/518 224/530/502 728/558/528
f 226/522/494 735/551/521 227/536/508 713/523/495
f 264/563/533 767/564/534 249/525/497 765/565/535
f 219/460/437 736/501/474 220/524/496 714/461/438
f 243/554/524 723/542/513 228/544/515 737/550/520
f 227/536/508 737/550/520 228/544/515 715/514/487
f 236/566/536 724/567/537 221/529/501 738/568/538
f 785/569/539 82/570/6 793/571/540 278/572/541
f 220/524/496 738/568/538 221/529/501 716/521/493
f 247/545/516 732/465/442 232/464/441 729/543/514
f 228/544/515 723/542/513 229/507/480 717/509/482
f 240/573/542 733/556/526 225/474/450 730/548/518
f 221/529/501 724/567/537 222/510/483 718/513/486
f 229/507/480 725/541/512 230/519/491 719/508/481
f 272/574/543 768/575/544 257/576/545 766/577/546
f 222/510/483 726/559/529 223/539/510 720/511/484
f 772/578/547 263/579/548 785/569/539 278/572/541
f 230/519/491 727/561/531 231/528/500 721/520/492
f 235/580/549 738/568/538 220/524/496 736/501/474
f 260/581/550 751/582/551 245/583/552 749/584/553
f 223/539/510 728/558/528 224/530/502 722/531/503
f 237/585/554 726/559/529 222/510/483 724/567/537
f 253/586/555 752/587/556 238/557/527 750/588/557
f 243/554/524 747/553/523 244/540/511 723/542/513
f 261/589/558 753/590/559 246/560/530 751/582/551
f 236/566/536 748/591/560 237/585/554 724/567/537
f 244/540/511 749/584/553 245/583/552 725/541/512
f 250/592/561 746/593/562 235/580/549 744/526/498
f 237/585/554 750/588/557 238/557/527 726/559/529
f 245/583/552 751/582/551 246/560/530 727/561/531
f 251/594/563 748/591/560 236/566/536 746/593/562
f 279/595/564 774/596/565 264/563/533 772/578/547
f 238/557/527 752/587/556 239/562/532 728/558/528
f 245/583/552 727/561/531 230/519/491 725/541/512
f 246/560/530 753/590/559 247/545/516 729/543/514
f 255/597/566 741/535/507 240/573/542 754/598/567
f 239/562/532 754/598/567 240/573/542 730/548/518
f 233/538/509 734/502/475 218/453/430 731/452/429
f 257/576/545 745/555/525 242/549/519 743/533/505
f 273/599/568 770/600/569 258/552/522 768/575/544
f 762/517/489 82/601/6 785/569/539 263/579/548
f 259/602/570 749/584/553 244/540/511 747/553/523
f 240/573/542 741/535/507 241/534/506 733/556/526
f 252/603/571 750/588/557 237/585/554 748/591/560
f 275/604/572 758/605/573 260/581/550 756/606/574
f 233/538/509 742/527/499 234/500/473 734/502/475
f 241/534/506 743/533/505 242/549/519 735/551/521
f 234/500/473 744/526/498 235/580/549 736/501/474
f 254/607/575 754/598/567 239/562/532 752/587/556
f 242/549/519 745/555/525 243/554/524 737/550/520
f 267/608/576 757/609/577 252/603/571 755/610/578
f 235/580/549 746/593/562 236/566/536 738/568/538
f 248/518/490 742/527/499 233/538/509 739/515/488
f 268/611/579 759/612/580 253/586/555 757/609/577
f 288/613/581 777/614/582 273/599/568 775/615/583
f 753/590/559 262/616/584 740/546/517 247/545/516
f 265/617/585 769/618/586 250/592/561 767/564/534
f 255/597/566 764/619/587 256/532/504 741/535/507
f 276/620/588 760/621/589 261/589/558 758/605/573
f 248/518/490 765/565/535 249/525/497 742/527/499
f 269/622/590 761/623/591 254/607/575 759/612/580
f 256/532/504 766/577/546 257/576/545 743/533/505
f 277/624/592 763/625/593 262/616/584 760/621/589
f 249/525/497 767/564/534 250/592/561 744/526/498
f 370/626/594 882/627/595 355/628/596 880/629/597
f 270/630/598 764/619/587 255/597/566 761/623/591
f 294/631/599 798/632/600 279/595/564 796/633/601
f 257/576/545 768/575/544 258/552/522 745/555/525
f 266/634/602 755/610/578 251/594/563 769/618/586
f 250/592/561 769/618/586 251/594/563 746/593/562
f 803/635/603 293/636/604 816/637/605 309/638/606
f 274/639/607 756/606/574 259/602/570 770/600/569
f 298/640/608 790/641/609 283/642/610 788/643/611
f 258/552/522 770/600/569 259/602/570 747/553/523
f 251/594/563 755/610/578 252/603/571 748/591/560
f 262/616/584 763/625/593 308/644/4 740/546/517
f 259/602/570 756/606/574 260/581/550 749/584/553
f 271/645/612 766/577/546 256/532/504 764/619/587
f 286/646/613 773/647/614 271/645/612 771/648/615
f 252/603/571 757/609/577 253/586/555 750/588/557
f 260/581/550 758/605/573 261/589/558 751/582/551
f 253/586/555 759/612/580 254/607/575 752/587/556
f 261/589/558 760/621/589 262/616/584 753/590/559
f 283/642/610 782/649/616 268/611/579 780/650/617
f 277/624/592 786/651/618 308/652/4 763/625/593
f 254/607/575 761/623/591 255/597/566 754/598/567
f 291/653/619 783/654/620 276/620/588 781/655/621
f 266/634/602 778/656/622 267/608/576 755/610/578
f 284/657/623 784/658/624 269/622/590 782/649/616
f 274/639/607 779/659/625 275/604/572 756/606/574
f 280/660/626 776/661/627 265/617/585 774/596/565
f 267/608/576 780/650/617 268/611/579 757/609/577
f 275/604/572 781/655/621 276/620/588 758/605/573
f 281/662/628 778/656/622 266/634/602 776/661/627
f 268/611/579 782/649/616 269/622/590 759/612/580
f 276/620/588 783/654/620 277/624/592 760/621/589
f 289/663/629 779/659/625 274/639/607 777/614/582
f 285/664/630 771/648/615 270/630/598 784/658/624
f 269/622/590 784/658/624 270/630/598 761/623/591
f 263/579/548 765/565/535 248/518/490 762/517/489
f 287/665/631 775/615/583 272/574/543 773/647/614
f 793/571/540 82/666/6 816/637/605 293/636/604
f 270/630/598 771/648/615 271/645/612 764/619/587
f 282/667/632 780/650/617 267/608/576 778/656/622
f 292/668/633 794/669/634 308/670/4 786/651/618
f 263/579/548 772/578/547 264/563/533 765/565/535
f 290/671/635 781/655/621 275/604/572 779/659/625
f 305/672/636 789/673/637 290/671/635 787/674/638
f 271/645/612 773/647/614 272/574/543 766/577/546
f 264/563/533 774/596/565 265/617/585 767/564/534
f 272/574/543 775/615/583 273/599/568 768/575/544
f 292/668/633 786/651/618 277/624/592 783/654/620
f 816/637/605 82/675/6 824/676/639 309/638/606
f 265/617/585 776/661/627 266/634/602 769/618/586
f 302/677/640 799/678/641 287/665/631 797/679/642
f 273/599/568 777/614/582 274/639/607 770/600/569
f 295/680/643 800/681/644 280/660/626 798/632/600
f 306/682/645 791/683/646 291/653/619 789/673/637
f 285/664/630 795/684/647 286/646/613 771/648/615
f 303/685/648 801/686/649 288/613/581 799/678/641
f 278/572/541 796/633/601 279/595/564 772/578/547
f 299/687/650 792/688/651 284/657/623 790/641/609
f 286/646/613 797/679/642 287/665/631 773/647/614
f 307/689/652 794/669/634 292/668/633 791/683/646
f 279/595/564 798/632/600 280/660/626 774/596/565
f 300/690/653 795/684/647 285/664/630 792/688/651
f 287/665/631 799/678/641 288/613/581 775/615/583
f 325/691/654 829/692/655 310/693/656 827/694/657
f 280/660/626 800/681/644 281/662/628 776/661/627
f 304/695/658 787/674/638 289/663/629 801/686/649
f 288/613/581 801/686/649 289/663/629 777/614/582
f 297/696/659 788/643/611 282/667/632 802/697/660
f 337/698/661 822/699/662 322/700/663 820/701/664
f 281/662/628 802/697/660 282/667/632 778/656/622
f 289/663/629 787/674/638 290/671/635 779/659/625
f 301/702/665 797/679/642 286/646/613 795/684/647
f 282/667/632 788/643/611 283/642/610 780/650/617
f 310/693/656 805/703/666 294/631/599 803/635/603
f 290/671/635 789/673/637 291/653/619 781/655/621
f 283/642/610 790/641/609 284/657/623 782/649/616
f 291/653/619 791/683/646 292/668/633 783/654/620
f 296/704/667 802/697/660 281/662/628 800/681/644
f 284/657/623 792/688/651 285/664/630 784/658/624
f 319/705/668 808/706/669 303/685/648 806/707/670
f 335/708/671 834/709/672 320/710/673 832/711/674
f 322/700/663 814/712/675 306/682/645 812/713/676
f 315/714/677 815/715/678 299/687/650 813/716/679
f 311/717/680 807/718/681 295/680/643 805/703/666
f 304/695/658 810/719/682 305/672/636 787/674/638
f 323/720/683 817/721/684 307/689/652 814/712/675
f 297/696/659 811/722/685 298/640/608 788/643/611
f 305/672/636 812/713/676 306/682/645 789/673/637
f 312/723/686 809/724/687 296/704/667 807/718/681
f 298/640/608 813/716/679 299/687/650 790/641/609
f 306/682/645 814/712/675 307/689/652 791/683/646
f 320/710/673 810/719/682 304/695/658 808/706/669
f 299/687/650 815/715/678 300/690/653 792/688/651
f 293/636/604 796/633/601 278/572/541 793/571/540
f 318/725/688 806/707/670 302/677/640 804/726/689
f 307/689/652 817/721/684 308/727/4 794/669/634
f 317/728/690 804/726/689 301/702/665 818/729/691
f 341/730/692 838/731/693 326/732/694 836/733/695
f 300/690/653 818/729/691 301/702/665 795/684/647
f 824/676/639 82/734/6 847/735/696 324/736/697
f 293/636/604 803/635/603 294/631/599 796/633/601
f 321/737/698 812/713/676 305/672/636 810/719/682
f 301/702/665 804/726/689 302/677/640 797/679/642
f 314/738/699 813/716/679 298/640/608 811/722/685
f 329/739/700 821/740/701 314/738/699 819/741/702
f 294/631/599 805/703/666 295/680/643 798/632/600
f 302/677/640 806/707/670 303/685/648 799/678/641
f 295/680/643 807/718/681 296/704/667 800/681/644
f 316/742/703 818/729/691 300/690/653 815/715/678
f 303/685/648 808/706/669 304/695/658 801/686/649
f 323/720/683 825/743/704 308/744/4 817/721/684
f 326/732/694 831/745/705 311/717/680 829/692/655
f 296/704/667 809/724/687 297/696/659 802/697/660
f 349/746/706 839/747/707 334/748/708 837/749/709
f 330/750/710 823/751/711 315/714/677 821/740/701
f 309/638/606 827/694/657 310/693/656 803/635/603
f 327/752/712 833/753/713 312/723/686 831/745/705
f 317/728/690 828/754/714 318/725/688 804/726/689
f 338/755/715 825/743/704 323/720/683 822/699/662
f 310/693/656 829/692/655 311/717/680 805/703/666
f 331/756/716 826/757/717 316/742/703 823/751/711
f 318/725/688 830/758/718 319/705/668 806/707/670
f 311/717/680 831/745/705 312/723/686 807/718/681
f 332/759/719 828/754/714 317/728/690 826/757/717
f 355/760/596 860/761/720 340/762/721 858/763/722
f 319/705/668 832/711/674 320/710/673 808/706/669
f 328/764/723 819/741/702 313/765/724 833/753/713
f 312/723/686 833/753/713 313/765/724 809/724/687
f 336/766/725 820/701/664 321/737/698 834/709/672
f 360/767/726 854/768/727 345/769/728 852/770/729
f 320/710/673 834/709/672 321/737/698 810/719/682
f 313/765/724 819/741/702 314/738/699 811/722/685
f 321/737/698 820/701/664 322/700/663 812/713/676
f 333/771/730 830/758/718 318/725/688 828/754/714
f 314/738/699 821/740/701 315/714/677 813/716/679
f 322/700/663 822/699/662 323/720/683 814/712/675
f 402/772/731 901/773/732 387/774/733 899/775/734
f 313/765/724 811/722/685 297/696/659 809/724/687
f 338/755/715 848/776/735 308/777/4 825/743/704
f 315/714/677 823/751/711 316/742/703 815/715/678
f 847/735/696 82/778/6 855/779/736 339/780/737
f 345/769/728 846/781/738 330/750/710 844/782/739
f 316/742/703 826/757/717 317/728/690 818/729/691
f 353/783/740 848/776/735 338/755/715 845/784/741
f 328/764/723 842/785/742 329/739/700 819/741/702
f 346/786/743 849/787/744 331/756/716 846/781/738
f 336/766/725 843/788/745 337/698/661 820/701/664
f 342/789/746 840/790/747 327/752/712 838/731/693
f 351/791/748 843/788/745 336/766/725 841/792/749
f 329/739/700 844/782/739 330/750/710 821/740/701
f 337/698/661 845/784/741 338/755/715 822/699/662
f 350/793/750 841/792/749 335/708/671 839/747/707
f 353/783/740 856/794/751 308/795/4 848/776/735
f 330/750/710 846/781/738 331/756/716 823/751/711
f 324/736/697 827/694/657 309/638/606 824/676/639
f 348/796/752 837/749/709 333/771/730 835/797/753
f 855/779/736 82/798/6 877/799/754 354/800/755
f 347/801/756 835/797/753 332/759/719 849/787/744
f 331/756/716 849/787/744 332/759/719 826/757/717
f 334/748/708 832/711/674 319/705/668 830/758/718
f 340/762/721 836/733/695 325/691/654 850/802/757
f 324/736/697 850/802/757 325/691/654 827/694/657
f 332/759/719 835/797/753 333/771/730 828/754/714
f 344/803/758 844/782/739 329/739/700 842/785/742
f 325/691/654 836/733/695 326/732/694 829/692/655
f 352/804/759 845/784/741 337/698/661 843/788/745
f 367/805/760 853/806/761 352/804/759 851/807/762
f 333/771/730 837/749/709 334/748/708 830/758/718
f 326/732/694 838/731/693 327/752/712 831/745/705
f 334/748/708 839/747/707 335/708/671 832/711/674
f 327/752/712 840/790/747 328/764/723 833/753/713
f 364/808/763 863/809/764 349/746/706 861/810/765
f 335/708/671 841/792/749 336/766/725 834/709/672
f 357/811/766 864/812/767 342/789/746 862/813/768
f 368/814/769 856/794/751 353/783/740 853/806/761
f 347/801/756 859/815/770 348/796/752 835/797/753
f 365/816/771 865/817/772 350/793/750 863/809/764
f 340/762/721 860/761/720 341/730/692 836/733/695
f 361/818/773 857/819/774 346/786/743 854/768/727
f 348/796/752 861/810/765 349/746/706 837/749/709
f 341/730/692 862/813/768 342/789/746 838/731/693
f 362/820/775 859/815/770 347/801/756 857/819/774
f 349/746/706 863/809/764 350/793/750 839/747/707
f 385/821/776 890/822/777 370/626/594 888/823/778
f 342/789/746 864/812/767 343/824/779 840/790/747
f 366/825/780 851/807/762 351/791/748 865/817/772
f 398/826/781 909/827/782 308/828/4 886/829/783
f 350/793/750 865/817/772 351/791/748 841/792/749
f 381/830/784 873/831/785 366/832/780 871/833/786
f 359/834/787 852/770/729 344/803/758 866/835/788
f 391/836/789 887/837/790 376/838/791 884/839/792
f 343/824/779 866/835/788 344/803/758 842/785/742
f 351/791/748 851/807/762 352/804/759 843/788/745
f 363/840/793 861/810/765 348/796/752 859/815/770
f 344/803/758 852/770/729 345/769/728 844/782/739
f 352/804/759 853/806/761 353/783/740 845/784/741
f 356/841/794 862/813/768 341/730/692 860/761/720
f 343/824/779 842/785/742 328/764/723 840/790/747
f 368/814/769 878/842/795 308/843/4 856/794/751
f 345/769/728 854/768/727 346/786/743 846/781/738
f 339/780/737 850/802/757 324/736/697 847/735/696
f 379/844/796 869/845/797 364/846/763 867/847/798
f 877/799/754 82/848/6 885/849/799 369/850/800
f 358/851/801 866/835/788 343/824/779 864/812/767
f 346/786/743 857/819/774 347/801/756 849/787/744
f 383/852/802 878/842/795 368/853/769 875/854/803
f 339/780/737 858/763/722 340/762/721 850/802/757
f 376/838/791 879/855/804 361/856/773 876/857/805
f 372/858/806 870/859/807 357/860/766 868/861/808
f 366/825/780 873/831/785 367/862/760 851/807/762
f 359/834/787 874/863/809 360/864/726 852/770/729
f 367/805/760 875/854/803 368/853/769 853/806/761
f 380/865/810 871/833/786 365/866/771 869/845/797
f 383/852/802 886/829/783 308/867/4 878/842/795
f 360/767/726 876/857/805 361/856/773 854/768/727
f 354/868/755 858/763/722 339/780/737 855/779/736
f 885/849/799 82/869/6 908/870/811 384/871/812
f 374/872/813 874/863/809 359/873/787 872/874/814
f 361/818/773 879/855/804 362/875/775 857/819/774
f 400/876/815 913/877/816 385/821/776 911/878/817
f 354/868/755 880/629/597 355/628/596 858/763/722
f 378/879/818 867/847/798 363/880/793 881/881/819
f 362/820/775 881/881/819 363/880/793 859/815/770
f 371/882/820 868/861/808 356/883/794 882/627/595
f 355/760/596 882/627/595 356/883/794 860/761/720
f 382/884/821 875/854/803 367/862/760 873/831/785
f 363/840/793 867/847/798 364/846/763 861/810/765
f 375/885/822 876/857/805 360/864/726 874/863/809
f 398/826/781 886/829/783 383/852/802 883/886/823
f 356/841/794 868/861/808 357/860/766 862/813/768
f 364/808/763 869/845/797 365/866/771 863/809/764
f 357/811/766 870/859/807 358/887/801 864/812/767
f 377/888/824 881/881/819 362/875/775 879/855/804
f 365/816/771 871/833/786 366/832/780 865/817/772
f 395/889/825 895/890/826 380/865/810 893/891/827
f 358/851/801 872/874/814 359/873/787 866/835/788
f 388/892/828 896/893/829 373/894/830 894/895/831
f 378/879/818 891/896/832 379/844/796 867/847/798
f 916/897/833 82/898/6 939/899/834 414/900/835
f 396/901/836 897/902/837 381/830/784 895/890/826
f 371/882/820 892/903/838 372/858/806 868/861/808
f 392/904/839 889/905/840 377/888/824 887/837/790
f 379/844/796 893/891/827 380/865/810 869/845/797
f 372/858/806 894/895/831 373/894/830 870/859/807
f 380/865/810 895/890/826 381/830/784 871/833/786
f 386/906/841 892/903/838 371/882/820 890/822/777
f 415/907/842 921/908/843 400/876/815 919/909/844
f 373/894/830 896/893/829 374/872/813 872/874/814
f 397/910/845 883/886/823 382/884/821 897/902/837
f 381/830/784 897/902/837 382/884/821 873/831/785
f 387/774/733 894/895/831 372/858/806 892/903/838
f 390/911/846 884/839/792 375/885/822 898/912/847
f 374/872/813 898/912/847 375/885/822 874/863/809
f 382/884/821 883/886/823 383/852/802 875/854/803
f 373/894/830 872/874/814 358/887/801 870/859/807
f 375/885/822 884/839/792 376/838/791 876/857/805
f 369/850/800 880/629/597 354/800/755 877/799/754
f 393/913/848 891/896/832 378/879/818 889/905/840
f 908/870/811 82/914/6 916/897/833 399/915/849
f 376/838/791 887/837/790 377/888/824 879/855/804
f 369/850/800 888/823/778 370/626/594 880/629/597
f 389/916/850 898/912/847 374/872/813 896/893/829
f 377/888/824 889/905/840 378/879/818 881/881/819
f 370/626/594 890/822/777 371/882/820 882/627/595
f 410/917/851 902/918/852 395/889/825 900/919/853
f 397/910/845 906/920/854 398/826/781 883/886/823
f 394/921/855 893/891/827 379/844/796 891/896/832
f 413/922/856 917/923/857 308/924/4 909/827/782
f 390/911/846 907/925/858 391/836/789 884/839/792
f 384/871/812 888/823/778 369/850/800 885/849/799
f 408/926/859 914/927/860 393/913/848 912/928/861
f 424/929/862 924/930/863 409/931/864 922/932/865
f 407/933/866 912/928/861 392/904/839 910/934/867
f 404/935/868 905/936/869 389/916/850 903/937/870
f 391/836/789 910/934/867 392/904/839 887/837/790
f 412/938/871 906/920/854 397/910/845 904/939/872
f 384/871/812 911/878/817 385/821/776 888/823/778
f 405/940/873 907/925/858 390/911/846 905/936/869
f 430/941/874 944/942/875 415/907/842 942/943/876
f 392/904/839 912/928/861 393/913/848 889/905/840
f 401/944/877 899/775/734 386/906/841 913/877/816
f 385/821/776 913/877/816 386/906/841 890/822/777
f 409/931/864 900/919/853 394/921/855 914/927/860
f 393/913/848 914/927/860 394/921/855 891/896/832
f 386/906/841 899/775/734 387/774/733 892/903/838
f 413/922/856 909/827/782 398/826/781 906/920/854
f 394/921/855 900/919/853 395/889/825 893/891/827
f 406/945/878 910/934/867 391/836/789 907/925/858
f 421/946/879 918/947/880 406/945/878 915/948/881
f 387/774/733 901/773/732 388/892/828 894/895/831
f 395/889/825 902/918/852 396/901/836 895/890/826
f 388/892/828 903/937/870 389/916/850 896/893/829
f 396/901/836 904/939/872 397/910/845 897/902/837
f 418/949/882 927/950/883 403/951/884 925/952/885
f 389/916/850 905/936/869 390/911/846 898/912/847
f 403/951/884 903/937/870 388/892/828 901/773/732
f 426/953/886 928/954/887 411/955/888 926/956/889
f 422/957/890 920/958/891 407/933/866 918/947/880
f 401/944/877 923/959/892 402/772/731 899/775/734
f 419/960/893 929/961/894 404/935/868 927/950/883
f 409/931/864 924/930/863 410/917/851 900/919/853
f 402/772/731 925/952/885 403/951/884 901/773/732
f 410/917/851 926/956/889 411/955/888 902/918/852
f 416/962/895 923/959/892 401/944/877 921/908/843
f 403/951/884 927/950/883 404/935/868 903/937/870
f 445/963/896 952/964/897 430/941/874 950/965/898
f 411/955/888 928/954/887 412/938/871 904/939/872
f 417/966/899 925/952/885 402/772/731 923/959/892
f 420/967/900 915/948/881 405/940/873 929/961/894
f 404/935/868 929/961/894 405/940/873 905/936/869
f 411/955/888 904/939/872 396/901/836 902/918/852
f 452/968/901 951/969/902 437/970/903 949/971/904
f 412/938/871 930/972/905 413/922/856 906/920/854
f 405/940/873 915/948/881 406/945/878 907/925/858
f 399/915/849 911/878/817 384/871/812 908/870/811
f 423/973/906 922/932/865 408/926/859 920/958/891
f 939/899/834 82/974/6 947/975/907 429/976/908
f 425/977/909 926/956/889 410/917/851 924/930/863
f 406/945/878 918/947/880 407/933/866 910/934/867
f 399/915/849 919/909/844 400/876/815 911/878/817
f 407/933/866 920/958/891 408/926/859 912/928/861
f 427/978/910 930/972/905 412/938/871 928/954/887
f 400/876/815 921/908/843 401/944/877 913/877/816
f 428/979/911 940/980/912 308/981/4 917/923/857
f 433/982/913 934/983/914 418/949/882 932/984/915
f 437/970/903 943/985/916 422/957/890 941/986/917
f 408/926/859 922/932/865 409/931/864 914/927/860
f 440/987/918 933/988/919 425/977/909 931/989/920
f 443/990/921 948/991/922 308/992/4 940/980/912
f 420/967/900 938/993/923 421/946/879 915/948/881
f 414/900/835 919/909/844 399/915/849 916/897/833
f 441/994/924 935/995/925 426/953/886 933/988/919
f 438/996/926 945/997/927 423/973/906 943/985/916
f 454/998/928 955/999/929 439/1000/930 953/1001/931
f 930/972/905 428/979/911 917/923/857 413/922/856
f 434/1002/932 936/1003/933 419/960/893 934/983/914
f 421/946/879 941/986/917 422/957/890 918/947/880
f 442/1004/934 937/1005/935 427/978/910 935/995/925
f 414/900/835 942/943/876 415/907/842 919/909/844
f 435/1006/936 938/993/923 420/967/900 936/1003/933
f 422/957/890 943/985/916 423/973/906 920/958/891
f 443/990/921 940/980/912 428/979/911 937/1005/935
f 460/1007/937 975/1008/938 445/963/896 973/1009/939
f 415/907/842 944/942/875 416/962/895 921/908/843
f 439/1000/930 931/989/920 424/929/862 945/997/927
f 423/973/906 945/997/927 424/929/862 922/932/865
f 432/1010/940 932/984/915 417/966/899 946/1011/941
f 416/962/895 946/1011/941 417/966/899 923/959/892
f 424/929/862 931/989/920 425/977/909 924/930/863
f 436/1012/942 941/986/917 421/946/879 938/993/923
f 417/966/899 932/984/915 418/949/882 925/952/885
f 425/977/909 933/988/919 426/953/886 926/956/889
f 418/949/882 934/983/914 419/960/893 927/950/883
f 468/1013/943 976/1014/944 453/1015/945 974/1016/946
f 426/953/886 935/995/925 427/978/910 928/954/887
f 980/24/24 459/1017/947 993/103/101 474/25/25
f 431/1018/948 946/1011/941 416/962/895 944/942/875
f 419/960/893 936/1003/933 420/967/900 929/961/894
f 456/1019/949 959/1020/950 441/994/924 957/1021/951
f 427/978/910 937/1005/935 428/979/911 930/972/905
f 449/1022/952 960/1023/953 434/1002/932 958/1024/954
f 439/1000/930 955/999/929 440/987/918 931/989/920
f 457/1025/955 961/1026/956 442/1004/934 959/1020/950
f 432/1010/940 956/1027/957 433/982/913 932/984/915
f 440/987/918 957/1021/951 441/994/924 933/988/919
f 446/1028/958 954/1029/959 431/1018/948 952/964/897
f 433/982/913 958/1024/954 434/1002/932 934/983/914
f 441/994/924 959/1020/950 442/1004/934 935/995/925
f 447/1030/960 956/1027/957 432/1010/940 954/1029/959
f 475/27/27 982/1031/961 460/1007/937 980/24/24
f 434/1002/932 960/1023/953 435/1006/936 936/1003/933
f 947/975/907 82/1032/6 970/1033/962 444/1034/963
f 442/1004/934 961/1026/956 443/990/921 937/1005/935
f 451/1035/964 949/971/904 436/1012/942 962/1036/965
f 435/1006/936 962/1036/965 436/1012/942 938/993/923
f 429/976/908 942/943/876 414/900/835 939/899/834
f 453/1015/945 953/1001/931 438/996/926 951/969/902
f 469/1037/966 978/1038/967 454/998/928 976/1014/944
f 970/1033/962 82/1039/6 993/103/101 459/1017/947
f 455/1040/968 957/1021/951 440/987/918 955/999/929
f 436/1012/942 949/971/904 437/970/903 941/986/917
f 448/1041/969 958/1024/954 433/982/913 956/1027/957
f 471/1042/970 966/1043/971 456/1019/949 964/1044/972
f 429/976/908 950/965/898 430/941/874 942/943/876
f 437/970/903 951/969/902 438/996/926 943/985/916
f 430/941/874 952/964/897 431/1018/948 944/942/875
f 450/1045/973 962/1036/965 435/1006/936 960/1023/953
f 438/996/926 953/1001/931 439/1000/930 945/997/927
f 463/1046/974 965/1047/975 448/1041/969 963/1048/976
f 431/1018/948 954/1029/959 432/1010/940 946/1011/941
f 444/1034/963 950/965/898 429/976/908 947/975/907
f 464/1049/977 967/1050/978 449/1022/952 965/1047/975
f 6/49/49 985/59/59 469/1037/966 983/1051/979
f 961/1026/956 458/1052/980 948/991/922 443/990/921
f 461/1053/981 977/1054/982 446/1028/958 975/1008/938
f 451/1035/964 972/1055/983 452/968/901 949/971/904
f 472/1056/984 968/1057/985 457/1025/955 966/1043/971
f 444/1034/963 973/1009/939 445/963/896 950/965/898
f 465/1058/986 969/1059/987 450/1045/973 967/1050/978
f 452/968/901 974/1016/946 453/1015/945 951/969/902
f 8/15/15 487/42/42 475/27/27 485/26/26
f 473/1060/988 971/1061/989 458/1052/980 968/1057/985
f 445/963/896 975/1008/938 446/1028/958 952/964/897
f 466/1062/990 972/1055/983 451/1035/964 969/1059/987
f 485/26/26 474/25/25 498/105/102 7/31/31
f 453/1015/945 976/1014/944 454/998/928 953/1001/931
f 462/1063/991 963/1048/976 447/1030/960 977/1054/982
f 446/1028/958 977/1054/982 447/1030/960 954/1029/959
f 470/1064/992 964/1044/972 455/1040/968 978/1038/967
f 454/998/928 978/1038/967 455/1040/968 955/999/929
f 447/1030/960 963/1048/976 448/1041/969 956/1027/957
f 458/1052/980 971/1061/989 308/1065/4 948/991/922
f 455/1040/968 964/1044/972 456/1019/949 957/1021/951
f 467/1066/993 974/1016/946 452/968/901 972/1055/983
f 5/12/12 981/32/32 467/1066/993 979/9/9
f 448/1041/969 965/1047/975 449/1022/952 958/1024/954
f 456/1019/949 966/1043/971 457/1025/955 959/1020/950
f 449/1022/952 967/1050/978 450/1045/973 960/1023/953
f 457/1025/955 968/1057/985 458/1052/980 961/1026/956
f 477/61/61 990/64/64 464/1049/977 988/82/81
f 473/1060/988 994/1/1 308/1067/4 971/1061/989
f 450/1045/973 969/1059/987 451/1035/964 962/1036/965
f 481/72/72 991/98/96 472/1056/984 989/88/87
f 462/1063/991 986/1068/994 463/1046/974 963/1048/976
f 3/63/63 992/102/100 465/1058/986 990/64/64
f 470/1064/992 987/74/74 471/1042/970 964/1044/972
f 1/41/41 984/54/54 461/1053/981 982/1031/961
f 463/1046/974 988/82/81 464/1049/977 965/1047/975
f 471/1042/970 989/88/87 472/1056/984 966/1043/971
f 476/55/55 986/1068/994 462/1063/991 984/54/54
f 464/1049/977 990/64/64 465/1058/986 967/1050/978
f 472/1056/984 991/98/96 473/1060/988 968/1057/985
f 479/60/60 987/74/74 470/1064/992 985/59/59
f 4/10/10 979/9/9 466/1062/990 992/102/100
f 465/1058/986 992/102/100 466/1062/990 969/1059/987
f 459/1017/947 973/1009/939 444/1034/963 970/1033/962
f 478/34/34 983/1051/979 468/1013/943 981/32/32
f 466/1062/990 979/9/9 467/1066/993 972/1055/983
f 2/70/70 988/82/81 463/1046/974 986/1068/994
f 459/1017/947 980/24/24 460/1007/937 973/1009/939
f 62/207/199 540/150/146 47/131/127 538/172/167
f 480/76/76 989/88/87 471/1042/970 987/74/74
f 467/1066/993 981/32/32 468/1013/943 974/1016/946
f 460/1007/937 982/1031/961 461/1053/981 975/1008/938
f 468/1013/943 983/1051/979 469/1037/966 976/1014/944
f 18/45/45 492/75/75 479/60/60 490/48/48
f 482/2/2 994/1/1 473/1060/988 991/98/96
f 461/1053/981 984/54/54 462/1063/991 977/1054/982
f 469/1037/966 985/59/59 470/1064/992 978/1038/967
f 21/35/35 502/80/79 308/1069/4 483/3/3
f 12/68/68 495/62/62 477/61/61 493/69/69
f 478/34/34 488/50/50 6/49/49 983/1051/979
f 498/105/102 82/1070/6 501/5/5 7/31/31
f 38/86/85 529/130/126 23/13/13 527/124/120
f 32/132/128 509/46/46 17/47/47 507/18/18
f 475/27/27 487/42/42 1/41/41 982/1031/961
f 16/19/19 488/50/50 478/34/34 486/33/33
f 19/58/58 494/73/73 480/76/76 492/75/75
f 476/55/55 491/65/65 2/70/70 986/1068/994
f 532/90/88 82/1071/6 555/173/168 52/192/184
o Cube
v 0.259841 0.068700 0.953792
v 0.246323 0.361447 0.903927
v 0.214040 0.037808 0.784850
v 0.200522 0.330555 0.734985
v 0.431394 0.068700 0.907283
v 0.417875 0.361447 0.857418
v 0.385592 0.037808 0.738342
v 0.372074 0.330555 0.688476
v -0.259841 0.068700 0.953792
v -0.246323 0.361447 0.903927
v -0.214040 0.037808 0.784850
v -0.200522 0.330555 0.734985
v -0.431394 0.068700 0.907283
v -0.417875 0.361447 0.857418
v -0.385592 0.037808 0.738342
v -0.372074 0.330555 0.688476
v 0.212207 0.030035 0.801944
v 0.211828 0.022739 0.826234
v 0.214169 0.019348 0.853008
v 0.219625 0.021179 0.879881
v 0.228221 0.028825 0.904839
v 0.239002 0.041068 0.926466
v 0.250575 0.055913 0.943467
v 0.254328 0.093542 0.957311
v 0.247921 0.130483 0.959365
v 0.242626 0.173244 0.957975
v 0.239304 0.218458 0.952466
v 0.238479 0.263059 0.942676
v 0.239900 0.304170 0.929780
v 0.243004 0.338775 0.915539
v 0.236107 0.369220 0.890099
v 0.223511 0.376516 0.869328
v 0.212008 0.379907 0.845037
v 0.203144 0.378076 0.819088
v 0.197957 0.370430 0.793206
v 0.196337 0.358187 0.769095
v 0.197739 0.343342 0.748577
v 0.193986 0.305713 0.734732
v 0.187418 0.268772 0.736196
v 0.183551 0.226011 0.740070
v 0.183466 0.180797 0.746503
v 0.187699 0.136196 0.755369
v 0.195439 0.095085 0.765781
v 0.205310 0.060480 0.776504
v 0.370537 0.026443 0.737934
v 0.348353 0.014205 0.739115
v 0.322916 0.005563 0.742597
v 0.296279 0.002348 0.748549
v 0.270284 0.005563 0.756866
v 0.246571 0.014205 0.766708
v 0.226828 0.026443 0.776894
v 0.212360 0.339751 0.723527
v 0.231080 0.349653 0.709570
v 0.254071 0.356645 0.697064
v 0.279798 0.359246 0.687757
v 0.306704 0.356645 0.682795
v 0.332862 0.349653 0.681976
v 0.356069 0.339750 0.684567
v 0.377587 0.305713 0.684957
v 0.383994 0.268772 0.682903
v 0.389289 0.226011 0.684293
v 0.392611 0.180797 0.689803
v 0.393436 0.136196 0.699592
v 0.392015 0.095085 0.712488
v 0.388912 0.060480 0.726729
v 0.434176 0.055913 0.893691
v 0.435578 0.041068 0.873173
v 0.433959 0.028825 0.849062
v 0.428771 0.021179 0.823180
v 0.419907 0.019348 0.797231
v 0.408404 0.022739 0.772941
v 0.395809 0.030035 0.752169
v 0.381340 0.343342 0.698802
v 0.392913 0.358187 0.715802
v 0.403694 0.370430 0.737429
v 0.412290 0.378076 0.762388
v 0.417746 0.379907 0.789261
v 0.420087 0.376516 0.816035
v 0.419708 0.369220 0.840324
v 0.426605 0.338775 0.865764
v 0.436476 0.304170 0.876487
v 0.444217 0.263059 0.886900
v 0.448449 0.218458 0.895765
v 0.448364 0.173244 0.902198
v 0.444497 0.130483 0.906072
v 0.437930 0.093542 0.907536
v 0.275846 0.059504 0.957702
v 0.299053 0.049602 0.960292
v 0.325212 0.042610 0.959473
v 0.352117 0.040009 0.954512
v 0.377844 0.042610 0.945204
v 0.400835 0.049602 0.932699
v 0.419555 0.059504 0.918741
v 0.405087 0.372812 0.865374
v 0.385344 0.385050 0.875560
v 0.361631 0.393692 0.885402
v 0.335636 0.396907 0.893719
v 0.308999 0.393692 0.899671
v 0.283562 0.385050 0.903154
v 0.261378 0.372812 0.904334
v -0.212207 0.030035 0.801944
v -0.211828 0.022739 0.826234
v -0.214169 0.019348 0.853008
v -0.219625 0.021179 0.879881
v -0.228221 0.028825 0.904839
v -0.239002 0.041068 0.926466
v -0.250575 0.055913 0.943467
v -0.254328 0.093542 0.957311
v -0.247921 0.130483 0.959365
v -0.242626 0.173244 0.957975
v -0.239304 0.218458 0.952466
v -0.238479 0.263059 0.942676
v -0.239900 0.304170 0.929780
v -0.243004 0.338775 0.915539
v -0.236107 0.369220 0.890099
v -0.223511 0.376516 0.869328
v -0.212008 0.379907 0.845037
v -0.203144 0.378076 0.819088
v -0.197957 0.370430 0.793206
v -0.196337 0.358187 0.769095
v -0.197739 0.343342 0.748577
v -0.193986 0.305713 0.734732
v -0.187418 0.268772 0.736196
v -0.183551 0.226011 0.740070
v -0.183466 0.180797 0.746503
v -0.187699 0.136196 0.755369
v -0.195439 0.095085 0.765781
v -0.205310 0.060480 0.776504
v -0.370537 0.026443 0.737934
v -0.348353 0.014205 0.739115
v -0.322916 0.005563 0.742597
v -0.296279 0.002348 0.748549
v -0.270284 0.005563 0.756866
v -0.246571 0.014205 0.766708
v -0.226828 0.026443 0.776894
v -0.212360 0.339751 0.723527
v -0.231080 0.349653 0.709570
v -0.254071 0.356645 0.697064
v -0.279798 0.359246 0.687757
v -0.306704 0.356645 0.682796
v -0.332862 0.349653 0.681976
v -0.356069 0.339750 0.684567
v -0.377587 0.305713 0.684957
v -0.383994 0.268772 0.682903
v -0.389289 0.226011 0.684293
v -0.392611 0.180797 0.689803
v -0.393436 0.136196 0.699592
v -0.392015 0.095085 0.712488
v -0.388912 0.060480 0.726729
v -0.434176 0.055913 0.893691
v -0.435578 0.041068 0.873173
v -0.433959 0.028825 0.849062
v -0.428771 0.021179 0.823180
v -0.419907 0.019348 0.797231
v -0.408404 0.022739 0.772941
v -0.395809 0.030035 0.752169
v -0.381340 0.343342 0.698802
v -0.392913 0.358187 0.715802
v -0.403694 0.370430 0.737429
v -0.412290 0.378076 0.762388
v -0.417746 0.379907 0.789261
v -0.420087 0.376516 0.816035
v -0.419708 0.369220 0.840324
v -0.426605 0.338775 0.865764
v -0.436476 0.304170 0.876487
v -0.444217 0.263059 0.886900
v -0.448449 0.218458 0.895765
v -0.448364 0.173244 0.902198
v -0.444497 0.130483 0.906072
v -0.437929 0.093542 0.907536
v -0.275846 0.059504 0.957702
v -0.299053 0.049602 0.960292
v -0.325212 0.042610 0.959473
v -0.352117 0.040009 0.954512
v -0.377844 0.042610 0.945204
v -0.400835 0.049602 0.932699
v -0.419555 0.059504 0.918741
v -0.405087 0.372812 0.865374
v -0.385344 0.385050 0.875560
v -0.361631 0.393692 0.885402
v -0.335636 0.396907 0.893719
v -0.308999 0.393692 0.899671
v -0.283562 0.385050 0.903154
v -0.261378 0.372812 0.904334
v 0.236843 0.086569 0.943998
v 0.226973 0.124996 0.944050
v 0.220048 0.168587 0.941528
v 0.216240 0.214517 0.935581
v 0.215828 0.259978 0.925961
v 0.218781 0.302390 0.913833
v 0.225170 0.339361 0.900938
v 0.222056 0.075699 0.925912
v 0.209652 0.116840 0.924216
v 0.201344 0.162362 0.920372
v 0.197091 0.209919 0.913777
v 0.196967 0.257162 0.904224
v 0.201104 0.301948 0.892685
v 0.209746 0.342275 0.880505
v 0.209772 0.065571 0.903625
v 0.195981 0.108588 0.900587
v 0.186793 0.155745 0.895514
v 0.182208 0.204883 0.888246
v 0.182262 0.253863 0.878801
v 0.187110 0.300671 0.867868
v 0.196946 0.343328 0.856313
v 0.200680 0.058527 0.878187
v 0.186337 0.102102 0.874108
v 0.176716 0.149827 0.867990
v 0.171938 0.199627 0.860179
v 0.172116 0.249428 0.851024
v 0.177329 0.297153 0.840884
v 0.187648 0.340728 0.830119
v 0.195474 0.055927 0.850884
v 0.181149 0.098584 0.845878
v 0.171442 0.145392 0.838891
v 0.166625 0.194372 0.830767
v 0.166911 0.243510 0.822178
v 0.172279 0.290667 0.813160
v 0.182647 0.333684 0.803572
v 0.194302 0.056980 0.823540
v 0.180691 0.097307 0.817392
v 0.171293 0.142093 0.809523
v 0.166575 0.189336 0.801215
v 0.166915 0.236893 0.793375
v 0.172143 0.282415 0.785861
v 0.181992 0.323556 0.778132
v 0.197293 0.059894 0.798114
v 0.185267 0.096865 0.790211
v 0.176592 0.139277 0.781236
v 0.172089 0.184738 0.772725
v 0.172372 0.230668 0.765669
v 0.177075 0.274259 0.759995
v 0.185620 0.312685 0.755054
v 0.219765 0.054373 0.759612
v 0.211527 0.090414 0.745218
v 0.204713 0.132369 0.733056
v 0.200755 0.177696 0.723611
v 0.200493 0.223759 0.717489
v 0.203336 0.267808 0.715002
v 0.208092 0.307165 0.716553
v 0.239717 0.045823 0.745730
v 0.232606 0.084554 0.728447
v 0.226670 0.128489 0.714644
v 0.222998 0.175475 0.704545
v 0.222292 0.223289 0.698497
v 0.224058 0.269662 0.696916
v 0.227407 0.312399 0.700322
v 0.263623 0.039185 0.734124
v 0.257420 0.079848 0.715202
v 0.252336 0.125519 0.700296
v 0.248985 0.174140 0.689659
v 0.247805 0.223638 0.683583
v 0.248550 0.271930 0.682484
v 0.250796 0.316943 0.686812
v 0.289957 0.036596 0.725229
v 0.284653 0.077950 0.705663
v 0.280469 0.124339 0.690230
v 0.277507 0.173694 0.679307
v 0.275869 0.223940 0.673264
v 0.275645 0.273001 0.672439
v 0.276925 0.318796 0.677160
v 0.317178 0.039185 0.719605
v 0.312974 0.079848 0.700141
v 0.309834 0.125519 0.684708
v 0.307352 0.174140 0.673835
v 0.305303 0.223638 0.667995
v 0.304104 0.271930 0.667423
v 0.304352 0.316943 0.672293
v 0.343672 0.045823 0.717547
v 0.341081 0.084554 0.699039
v 0.339232 0.128489 0.684128
v 0.337300 0.175475 0.673557
v 0.334854 0.223289 0.667980
v 0.332532 0.269662 0.667508
v 0.331362 0.312399 0.672139
v 0.367904 0.054373 0.719451
v 0.367744 0.090414 0.702867
v 0.367482 0.132369 0.688928
v 0.366127 0.177696 0.678778
v 0.363262 0.223759 0.673361
v 0.359552 0.267808 0.672651
v 0.356230 0.307165 0.676392
v 0.406745 0.059894 0.741330
v 0.413134 0.096865 0.728435
v 0.416088 0.139277 0.716307
v 0.415675 0.184738 0.706688
v 0.411867 0.230668 0.700740
v 0.404942 0.274259 0.698218
v 0.395072 0.312686 0.698271
v 0.422169 0.056980 0.761763
v 0.430811 0.097307 0.749583
v 0.434949 0.142093 0.738044
v 0.434824 0.189336 0.728491
v 0.430571 0.236893 0.721896
v 0.422263 0.282415 0.718052
v 0.409859 0.323556 0.716356
v 0.434969 0.055927 0.785955
v 0.444805 0.098584 0.774400
v 0.449653 0.145392 0.763467
v 0.449708 0.194372 0.754022
v 0.445122 0.243510 0.746754
v 0.435935 0.290667 0.741681
v 0.422143 0.333684 0.738644
v 0.444267 0.058527 0.812150
v 0.454586 0.102102 0.801384
v 0.459799 0.149827 0.791244
v 0.459977 0.199627 0.782090
v 0.455199 0.249428 0.774279
v 0.445578 0.297153 0.768160
v 0.431235 0.340728 0.764081
v 0.449268 0.065571 0.838696
v 0.459637 0.108588 0.829108
v 0.465004 0.155745 0.820090
v 0.465290 0.204883 0.811501
v 0.460473 0.253863 0.803377
v 0.450766 0.300671 0.796390
v 0.436441 0.343328 0.791384
v 0.449923 0.075699 0.864136
v 0.459772 0.116840 0.856407
v 0.465000 0.162362 0.848893
v 0.465340 0.209919 0.841053
v 0.460623 0.257162 0.832745
v 0.451224 0.301948 0.824876
v 0.437613 0.342275 0.818729
v 0.446295 0.086569 0.887214
v 0.454840 0.124996 0.882274
v 0.459544 0.168587 0.876599
v 0.459826 0.214517 0.869543
v 0.455323 0.259978 0.861032
v 0.446648 0.302390 0.852057
v 0.434622 0.339361 0.844155
v 0.423823 0.092090 0.925715
v 0.428580 0.131447 0.927266
v 0.431422 0.175496 0.924779
v 0.431160 0.221559 0.918657
v 0.427202 0.266886 0.909212
v 0.420388 0.308841 0.897050
v 0.412150 0.344882 0.882656
v 0.404508 0.086856 0.941946
v 0.407858 0.129593 0.945352
v 0.409623 0.175966 0.943772
v 0.408917 0.223780 0.937723
v 0.405245 0.270766 0.927624
v 0.399309 0.314701 0.913821
v 0.392198 0.353432 0.896539
v 0.381119 0.082312 0.955456
v 0.383365 0.127325 0.959785
v 0.384110 0.175617 0.958685
v 0.382930 0.225115 0.952610
v 0.379580 0.273735 0.941972
v 0.374495 0.319407 0.927066
v 0.368292 0.360070 0.908144
v 0.354990 0.080459 0.965108
v 0.356270 0.126254 0.969829
v 0.356046 0.175315 0.969004
v 0.354408 0.225561 0.962961
v 0.351447 0.274916 0.952039
v 0.347263 0.321305 0.936605
v 0.341958 0.362659 0.917040
v 0.327563 0.082312 0.969975
v 0.327811 0.127325 0.974846
v 0.326612 0.175617 0.974273
v 0.324563 0.225115 0.968433
v 0.322081 0.273735 0.957560
v 0.318941 0.319407 0.942127
v 0.314737 0.360070 0.922663
v 0.300553 0.086856 0.970129
v 0.299383 0.129593 0.974760
v 0.297061 0.175966 0.974288
v 0.294615 0.223780 0.968711
v 0.292683 0.270766 0.958140
v 0.290835 0.314701 0.943230
v 0.288243 0.353432 0.924721
v 0.275685 0.092090 0.965877
v 0.272363 0.131447 0.969617
v 0.268654 0.175496 0.968907
v 0.265788 0.221559 0.963491
v 0.264433 0.266886 0.953340
v 0.264171 0.308841 0.939401
v 0.264011 0.344881 0.922817
v 0.230366 0.007579 0.798713
v 0.252105 -0.008860 0.791423
v 0.276888 -0.019372 0.783055
v 0.303480 -0.023097 0.775108
v 0.330444 -0.019372 0.768536
v 0.356060 -0.008860 0.763240
v 0.378504 0.007579 0.758552
v 0.232951 -0.004155 0.824240
v 0.257095 -0.023548 0.818777
v 0.283543 -0.035466 0.811558
v 0.311269 -0.039541 0.803839
v 0.339097 -0.035466 0.796497
v 0.365570 -0.023548 0.789369
v 0.389167 -0.004155 0.781889
v 0.236860 -0.009539 0.851635
v 0.262649 -0.030333 0.847356
v 0.290495 -0.042926 0.841050
v 0.319320 -0.047162 0.833537
v 0.347993 -0.042926 0.825462
v 0.375211 -0.030333 0.816840
v 0.399629 -0.009539 0.807507
v 0.242869 -0.008207 0.878953
v 0.269376 -0.029250 0.875614
v 0.297928 -0.041907 0.870188
v 0.327307 -0.046135 0.862996
v 0.356295 -0.041907 0.854364
v 0.383678 -0.029250 0.844626
v 0.408241 -0.008207 0.834119
v 0.251159 0.000105 0.904375
v 0.277481 -0.020329 0.902065
v 0.305846 -0.032573 0.897673
v 0.334903 -0.036651 0.891015
v 0.363344 -0.032573 0.882085
v 0.390043 -0.020329 0.871549
v 0.413927 0.000105 0.860248
v 0.260705 0.014565 0.926613
v 0.286055 -0.004015 0.925601
v 0.313595 -0.015197 0.922408
v 0.341785 -0.018959 0.916401
v 0.369149 -0.015197 0.907347
v 0.394530 -0.004015 0.896193
v 0.416921 0.014565 0.884262
v 0.269916 0.034255 0.944597
v 0.293812 0.019270 0.945262
v 0.320344 0.009938 0.943347
v 0.347631 0.006682 0.937963
v 0.373900 0.009938 0.928827
v 0.397766 0.019270 0.917079
v 0.418054 0.034255 0.904436
v 0.361999 0.365000 0.697671
v 0.338103 0.379985 0.697006
v 0.311571 0.389317 0.698922
v 0.284284 0.392573 0.704305
v 0.258015 0.389317 0.713441
v 0.234149 0.379985 0.725189
v 0.213861 0.365000 0.737832
v 0.371211 0.384690 0.715655
v 0.345860 0.403270 0.716667
v 0.318320 0.414452 0.719861
v 0.290130 0.418214 0.725867
v 0.262766 0.414452 0.734922
v 0.237385 0.403270 0.746075
v 0.214994 0.384690 0.758006
v 0.380756 0.399150 0.737893
v 0.354434 0.419584 0.740203
v 0.326069 0.431828 0.744595
v 0.297012 0.435906 0.751253
v 0.268571 0.431828 0.760183
v 0.241872 0.419584 0.770720
v 0.217988 0.399150 0.782021
v 0.389046 0.407462 0.763316
v 0.362539 0.428505 0.766654
v 0.333987 0.441162 0.772080
v 0.304608 0.445390 0.779272
v 0.275620 0.441162 0.787904
v 0.248237 0.428505 0.797642
v 0.223674 0.407462 0.808149
v 0.395055 0.408794 0.790633
v 0.369266 0.429588 0.794912
v 0.341420 0.442181 0.801218
v 0.312595 0.446417 0.808732
v 0.283922 0.442181 0.816806
v 0.256704 0.429588 0.825428
v 0.232286 0.408794 0.834761
v 0.398964 0.403410 0.818028
v 0.374820 0.422803 0.823491
v 0.348372 0.434721 0.830710
v 0.320646 0.438796 0.838429
v 0.292818 0.434721 0.845771
v 0.266345 0.422803 0.852899
v 0.242748 0.403410 0.860379
v 0.401549 0.391676 0.843555
v 0.379810 0.408115 0.850845
v 0.355027 0.418627 0.859213
v 0.328436 0.422352 0.867160
v 0.301471 0.418627 0.873732
v 0.275855 0.408115 0.879028
v 0.253411 0.391675 0.883716
v -0.236843 0.086569 0.943998
v -0.222056 0.075699 0.925912
v -0.209772 0.065571 0.903625
v -0.200680 0.058527 0.878187
v -0.195474 0.055927 0.850884
v -0.194302 0.056980 0.823540
v -0.197293 0.059894 0.798114
v -0.226973 0.124996 0.944050
v -0.209652 0.116840 0.924216
v -0.195981 0.108588 0.900587
v -0.186337 0.102102 0.874108
v -0.181149 0.098584 0.845878
v -0.180691 0.097307 0.817392
v -0.185267 0.096865 0.790211
v -0.220048 0.168587 0.941528
v -0.201344 0.162362 0.920372
v -0.186793 0.155745 0.895514
v -0.176716 0.149827 0.867990
v -0.171442 0.145392 0.838891
v -0.171293 0.142093 0.809523
v -0.176592 0.139277 0.781236
v -0.216240 0.214517 0.935581
v -0.197091 0.209919 0.913777
v -0.182208 0.204883 0.888246
v -0.171938 0.199627 0.860179
v -0.166625 0.194372 0.830767
v -0.166575 0.189336 0.801215
v -0.172089 0.184738 0.772725
v -0.215828 0.259978 0.925961
v -0.196967 0.257162 0.904224
v -0.182262 0.253863 0.878801
v -0.172116 0.249428 0.851024
v -0.166911 0.243510 0.822178
v -0.166915 0.236893 0.793375
v -0.172372 0.230668 0.765669
v -0.218781 0.302390 0.913833
v -0.201104 0.301948 0.892685
v -0.187110 0.300671 0.867868
v -0.177329 0.297153 0.840884
v -0.172279 0.290667 0.813160
v -0.172143 0.282415 0.785861
v -0.177075 0.274259 0.759995
v -0.225170 0.339361 0.900938
v -0.209746 0.342275 0.880505
v -0.196946 0.343328 0.856313
v -0.187648 0.340728 0.830119
v -0.182647 0.333684 0.803572
v -0.181992 0.323556 0.778132
v -0.185620 0.312685 0.755054
v -0.219765 0.054373 0.759612
v -0.239717 0.045823 0.745730
v -0.263623 0.039185 0.734124
v -0.289957 0.036596 0.725229
v -0.317178 0.039185 0.719605
v -0.343672 0.045823 0.717547
v -0.367904 0.054373 0.719451
v -0.211527 0.090414 0.745218
v -0.232606 0.084554 0.728447
v -0.257420 0.079848 0.715202
v -0.284653 0.077950 0.705663
v -0.312974 0.079848 0.700141
v -0.341081 0.084554 0.699039
v -0.367744 0.090414 0.702867
v -0.204713 0.132369 0.733056
v -0.226670 0.128489 0.714644
v -0.252336 0.125519 0.700296
v -0.280469 0.124339 0.690230
v -0.309834 0.125519 0.684708
v -0.339232 0.128489 0.684128
v -0.367482 0.132369 0.688928
v -0.200755 0.177696 0.723611
v -0.222998 0.175475 0.704545
v -0.248985 0.174140 0.689659
v -0.277507 0.173694 0.679307
v -0.307352 0.174140 0.673835
v -0.337300 0.175475 0.673557
v -0.366127 0.177696 0.678778
v -0.200493 0.223759 0.717489
v -0.222292 0.223289 0.698497
v -0.247805 0.223638 0.683583
v -0.275869 0.223940 0.673264
v -0.305303 0.223638 0.667995
v -0.334854 0.223289 0.667980
v -0.363261 0.223759 0.673361
v -0.203336 0.267808 0.715002
v -0.224058 0.269662 0.696916
v -0.248550 0.271930 0.682484
v -0.275645 0.273001 0.672439
v -0.304104 0.271930 0.667423
v -0.332532 0.269662 0.667508
v -0.359552 0.267808 0.672651
v -0.208092 0.307165 0.716553
v -0.227407 0.312399 0.700322
v -0.250796 0.316943 0.686812
v -0.276925 0.318796 0.677160
v -0.304352 0.316943 0.672293
v -0.331362 0.312399 0.672140
v -0.356230 0.307165 0.676392
v -0.406745 0.059894 0.741330
v -0.422169 0.056980 0.761763
v -0.434969 0.055927 0.785955
v -0.444267 0.058527 0.812150
v -0.449268 0.065571 0.838696
v -0.449923 0.075699 0.864136
v -0.446295 0.086569 0.887214
v -0.413134 0.096865 0.728435
v -0.430811 0.097307 0.749583
v -0.444805 0.098584 0.774400
v -0.454586 0.102102 0.801384
v -0.459637 0.108588 0.829108
v -0.459772 0.116840 0.856407
v -0.454840 0.124996 0.882274
v -0.416088 0.139277 0.716307
v -0.434949 0.142093 0.738044
v -0.449653 0.145392 0.763467
v -0.459799 0.149827 0.791244
v -0.465004 0.155745 0.820090
v -0.465000 0.162362 0.848893
v -0.459544 0.168587 0.876599
v -0.415675 0.184738 0.706688
v -0.434824 0.189336 0.728491
v -0.449707 0.194372 0.754022
v -0.459977 0.199627 0.782090
v -0.465290 0.204883 0.811501
v -0.465340 0.209919 0.841053
v -0.459826 0.214517 0.869543
v -0.411867 0.230668 0.700740
v -0.430571 0.236893 0.721896
v -0.445122 0.243510 0.746754
v -0.455199 0.249428 0.774279
v -0.460473 0.253863 0.803377
v -0.460623 0.257162 0.832745
v -0.455323 0.259978 0.861032
v -0.404942 0.274259 0.698218
v -0.422263 0.282415 0.718052
v -0.435935 0.290667 0.741681
v -0.445578 0.297153 0.768160
v -0.450766 0.300671 0.796390
v -0.451224 0.301948 0.824876
v -0.446648 0.302390 0.852057
v -0.395072 0.312686 0.698271
v -0.409859 0.323556 0.716356
v -0.422143 0.333684 0.738644
v -0.431235 0.340728 0.764081
v -0.436441 0.343328 0.791384
v -0.437613 0.342275 0.818729
v -0.434622 0.339361 0.844155
v -0.423823 0.092090 0.925715
v -0.404508 0.086856 0.941946
v -0.381119 0.082312 0.955456
v -0.354990 0.080459 0.965108
v -0.327563 0.082312 0.969975
v -0.300553 0.086856 0.970129
v -0.275685 0.092090 0.965877
v -0.428580 0.131447 0.927266
v -0.407858 0.129593 0.945352
v -0.383365 0.127325 0.959785
v -0.356270 0.126254 0.969829
v -0.327811 0.127325 0.974846
v -0.299383 0.129593 0.974760
v -0.272363 0.131447 0.969617
v -0.431422 0.175496 0.924779
v -0.409623 0.175966 0.943772
v -0.384111 0.175617 0.958685
v -0.356046 0.175315 0.969004
v -0.326612 0.175617 0.974273
v -0.297061 0.175966 0.974288
v -0.268654 0.175496 0.968907
v -0.431160 0.221559 0.918657
v -0.408917 0.223780 0.937723
v -0.382930 0.225115 0.952610
v -0.354408 0.225561 0.962961
v -0.324563 0.225115 0.968433
v -0.294615 0.223780 0.968711
v -0.265788 0.221559 0.963491
v -0.427202 0.266886 0.909212
v -0.405245 0.270766 0.927624
v -0.379580 0.273735 0.941972
v -0.351447 0.274916 0.952039
v -0.322081 0.273735 0.957560
v -0.292683 0.270766 0.958140
v -0.264433 0.266886 0.953340
v -0.420388 0.308841 0.897050
v -0.399309 0.314701 0.913821
v -0.374495 0.319407 0.927066
v -0.347263 0.321305 0.936605
v -0.318941 0.319407 0.942127
v -0.290835 0.314701 0.943230
v -0.264172 0.308841 0.939401
v -0.412150 0.344882 0.882656
v -0.392198 0.353432 0.896539
v -0.368292 0.360070 0.908144
v -0.341958 0.362659 0.917040
v -0.314737 0.360070 0.922663
v -0.288243 0.353432 0.924721
v -0.264011 0.344881 0.922817
v -0.230366 0.007579 0.798713
v -0.232951 -0.004155 0.824240
v -0.236860 -0.009539 0.851635
v -0.242869 -0.008207 0.878953
v -0.251159 0.000105 0.904375
v -0.260705 0.014565 0.926613
v -0.269916 0.034255 0.944597
v -0.252105 -0.008860 0.791423
v -0.257095 -0.023548 0.818777
v -0.262649 -0.030333 0.847356
v -0.269376 -0.029250 0.875614
v -0.277481 -0.020329 0.902065
v -0.286055 -0.004015 0.925601
v -0.293812 0.019270 0.945262
v -0.276888 -0.019372 0.783055
v -0.283543 -0.035466 0.811558
v -0.290495 -0.042926 0.841050
v -0.297928 -0.041907 0.870188
v -0.305846 -0.032573 0.897673
v -0.313595 -0.015197 0.922408
v -0.320344 0.009938 0.943347
v -0.303480 -0.023097 0.775108
v -0.311269 -0.039541 0.803839
v -0.319320 -0.047162 0.833537
v -0.327307 -0.046135 0.862996
v -0.334903 -0.036651 0.891015
v -0.341785 -0.018959 0.916401
v -0.347631 0.006682 0.937963
v -0.330444 -0.019372 0.768536
v -0.339097 -0.035466 0.796497
v -0.347993 -0.042926 0.825462
v -0.356295 -0.041907 0.854364
v -0.363344 -0.032573 0.882085
v -0.369149 -0.015197 0.907347
v -0.373900 0.009938 0.928827
v -0.356060 -0.008860 0.763240
v -0.365570 -0.023548 0.789369
v -0.375211 -0.030333 0.816840
v -0.383678 -0.029250 0.844626
v -0.390043 -0.020329 0.871549
v -0.394530 -0.004015 0.896193
v -0.397766 0.019270 0.917079
v -0.378504 0.007579 0.758552
v -0.389167 -0.004155 0.781889
v -0.399629 -0.009539 0.807507
v -0.408241 -0.008207 0.834119
v -0.413927 0.000105 0.860248
v -0.416921 0.014565 0.884262
v -0.418054 0.034255 0.904436
v -0.361999 0.365000 0.697671
v -0.371211 0.384690 0.715655
v -0.380756 0.399150 0.737893
v -0.389046 0.407462 0.763316
v -0.395055 0.408794 0.790633
v -0.398964 0.403410 0.818028
v -0.401549 0.391676 0.843555
v -0.338103 0.379985 0.697006
v -0.345860 0.403270 0.716667
v -0.354434 0.419584 0.740203
v -0.362539 0.428505 0.766654
v -0.369266 0.429588 0.794912
v -0.374820 0.422803 0.823491
v -0.379810 0.408115 0.850845
v -0.311571 0.389317 0.698922
v -0.318320 0.414452 0.719861
v -0.326069 0.431828 0.744595
v -0.333987 0.441162 0.772080
v -0.341420 0.442181 0.801218
v -0.348372 0.434721 0.830710
v -0.355027 0.418627 0.859213
v -0.284284 0.392573 0.704305
v -0.290130 0.418214 0.725867
v -0.297012 0.435906 0.751253
v -0.304609 0.445390 0.779272
v -0.312595 0.446417 0.808732
v -0.320646 0.438796 0.838429
v -0.328436 0.422352 0.867160
v -0.258015 0.389317 0.713441
v -0.262766 0.414452 0.734922
v -0.268571 0.431828 0.760183
v -0.275620 0.441162 0.787904
v -0.283922 0.442181 0.816806
v -0.292818 0.434721 0.845771
v -0.301471 0.418627 0.873732
v -0.234149 0.379985 0.725189
v -0.237385 0.403270 0.746075
v -0.241872 0.419584 0.770720
v -0.248237 0.428505 0.797642
v -0.256704 0.429588 0.825428
v -0.266345 0.422803 0.852899
v -0.275855 0.408115 0.879028
v -0.213861 0.365000 0.737832
v -0.214994 0.384690 0.758006
v -0.217988 0.399150 0.782021
v -0.223674 0.407462 0.808149
v -0.232286 0.408794 0.834761
v -0.242748 0.403410 0.860379
v -0.253411 0.391675 0.883716
vn -0.6182 -0.2169 0.7555
vn -0.6509 -0.1114 0.7509
vn -0.7782 -0.1481 0.6103
vn -0.7303 -0.2669 0.6288
vn -0.6715 -0.0107 0.7410
vn -0.8038 -0.0424 0.5935
vn -0.6816 0.0922 0.7259
vn -0.8151 0.0605 0.5762
vn -0.6809 0.1947 0.7060
vn -0.8133 0.1639 0.5583
vn -0.6697 0.2944 0.6818
vn -0.7975 0.2711 0.5389
vn -0.6466 0.3980 0.6508
vn -0.7608 0.3931 0.5164
vn -0.8697 -0.1830 0.4584
vn -0.8205 -0.3114 0.4795
vn -0.8955 -0.0730 0.4391
vn -0.9065 0.0299 0.4212
vn -0.9050 0.1335 0.4040
vn -0.8895 0.2455 0.3854
vn -0.8523 0.3775 0.3621
vn -0.9317 -0.2160 0.2921
vn -0.8860 -0.3500 0.3042
vn -0.9551 -0.1032 0.2778
vn -0.9652 -0.0000 0.2617
vn -0.9646 0.1032 0.2426
vn -0.9516 0.2160 0.2185
vn -0.9183 0.3500 0.1850
vn -0.9624 -0.2455 0.1166
vn -0.9185 -0.3775 0.1179
vn -0.9851 -0.1335 0.1085
vn -0.9951 -0.0299 0.0944
vn -0.9946 0.0730 0.0733
vn -0.9822 0.1830 0.0436
vn -0.9503 0.3114 0.0006
vn -0.9605 -0.2711 -0.0623
vn -0.9174 -0.3931 -0.0614
vn -0.9839 -0.1639 -0.0711
vn -0.9945 -0.0605 -0.0856
vn -0.9934 0.0424 -0.1062
vn -0.9799 0.1481 -0.1337
vn -0.9479 0.2669 -0.1738
vn -0.9223 -0.2944 -0.2502
vn -0.8868 -0.3980 -0.2350
vn -0.9443 -0.1947 -0.2654
vn -0.9549 -0.0922 -0.2822
vn -0.9538 0.0107 -0.3004
vn -0.9411 0.1114 -0.3193
vn -0.9152 0.2169 -0.3398
vn -0.4441 -0.2661 0.8556
vn -0.4640 -0.1761 0.8682
vn -0.5388 -0.3359 0.7726
vn -0.4807 -0.0788 0.8733
vn -0.4928 0.0200 0.8699
vn -0.5003 0.1229 0.8571
vn -0.5023 0.2245 0.8351
vn -0.4991 0.3196 0.8055
vn -0.4911 0.4108 0.7682
vn -0.4792 0.4929 0.7263
vn -0.5784 0.5226 0.6264
vn -0.6828 0.5382 0.4941
vn -0.7759 0.5375 0.3303
vn -0.8472 0.5136 0.1358
vn -0.8828 0.4654 -0.0640
vn -0.8824 0.4036 -0.2419
vn -0.8552 0.3359 -0.3947
vn -0.8154 0.2661 -0.5141
vn -0.8389 0.1761 -0.5149
vn -0.8560 0.0788 -0.5109
vn -0.8647 -0.0200 -0.5018
vn -0.8647 -0.1229 -0.4871
vn -0.8553 -0.2245 -0.4670
vn -0.8376 -0.3196 -0.4431
vn -0.8118 -0.4108 -0.4150
vn -0.8156 -0.5226 -0.2484
vn -0.7804 -0.4929 -0.3848
vn -0.8389 -0.5382 -0.0815
vn -0.8365 -0.5375 0.1068
vn -0.7998 -0.5136 0.3107
vn -0.7296 -0.4654 0.5011
vn -0.6394 -0.4036 0.6545
vn -0.6934 -0.4455 -0.5663
vn -0.7114 -0.3462 -0.6115
vn -0.5665 -0.3679 -0.7374
vn -0.5592 -0.4811 -0.6751
vn -0.7232 -0.2490 -0.6442
vn -0.5725 -0.2650 -0.7759
vn -0.7303 -0.1473 -0.6671
vn -0.5775 -0.1629 -0.7999
vn -0.7326 -0.0437 -0.6792
vn -0.5821 -0.0587 -0.8110
vn -0.7302 0.0595 -0.6807
vn -0.5859 0.0513 -0.8088
vn -0.7218 0.1694 -0.6710
vn -0.5897 0.1789 -0.7876
vn -0.4109 -0.3809 -0.8283
vn -0.4040 -0.5038 -0.7635
vn -0.4154 -0.2734 -0.8676
vn -0.4198 -0.1712 -0.8913
vn -0.4250 -0.0669 -0.9027
vn -0.4306 0.0475 -0.9013
vn -0.4358 0.1850 -0.8808
vn -0.2414 -0.3855 -0.8905
vn -0.2247 -0.5124 -0.8288
vn -0.2515 -0.2761 -0.9276
vn -0.2577 -0.1738 -0.9505
vn -0.2610 -0.0696 -0.9628
vn -0.2614 0.0464 -0.9641
vn -0.2570 0.1875 -0.9480
vn -0.0638 -0.3809 -0.9224
vn -0.0369 -0.5038 -0.8630
vn -0.0796 -0.2734 -0.9586
vn -0.0879 -0.1712 -0.9813
vn -0.0892 -0.0669 -0.9938
vn -0.0835 0.0475 -0.9954
vn -0.0687 0.1850 -0.9803
vn 0.1165 -0.3679 -0.9225
vn 0.1416 -0.4811 -0.8651
vn 0.1023 -0.2650 -0.9588
vn 0.0944 -0.1629 -0.9821
vn 0.0927 -0.0587 -0.9940
vn 0.0972 0.0513 -0.9939
vn 0.1111 0.1789 -0.9776
vn 0.3051 -0.3462 -0.8871
vn 0.3124 -0.4455 -0.8390
vn 0.2987 -0.2490 -0.9213
vn 0.2934 -0.1473 -0.9446
vn 0.2893 -0.0437 -0.9563
vn 0.2864 0.0595 -0.9563
vn 0.2840 0.1694 -0.9437
vn -0.6847 -0.5548 -0.4727
vn -0.7243 0.3037 -0.6190
vn -0.5986 0.3339 -0.7282
vn -0.4386 0.3562 -0.8251
vn -0.2436 0.3653 -0.8985
vn -0.0382 0.3562 -0.9336
vn 0.1488 0.3339 -0.9308
vn 0.3125 0.3037 -0.9000
vn 0.4441 0.2661 -0.8556
vn 0.4640 0.1761 -0.8682
vn 0.4807 0.0788 -0.8733
vn 0.4928 -0.0200 -0.8699
vn 0.5003 -0.1229 -0.8571
vn 0.5023 -0.2245 -0.8351
vn 0.4991 -0.3196 -0.8055
vn 0.4911 -0.4108 -0.7682
vn 0.3521 -0.5548 -0.7538
vn 0.4792 -0.4929 -0.7263
vn 0.1923 -0.6079 -0.7704
vn 0.0081 -0.6466 -0.7628
vn -0.1962 -0.6619 -0.7235
vn -0.3923 -0.6466 -0.6543
vn -0.5551 -0.6079 -0.5678
vn 0.6466 -0.3980 -0.6508
vn 0.6697 -0.2944 -0.6818
vn 0.7975 -0.2711 -0.5389
vn 0.7608 -0.3931 -0.5164
vn 0.6809 -0.1947 -0.7060
vn 0.8133 -0.1639 -0.5583
vn 0.6816 -0.0922 -0.7259
vn 0.8151 -0.0605 -0.5762
vn 0.6715 0.0107 -0.7410
vn 0.8037 0.0424 -0.5935
vn 0.6509 0.1114 -0.7509
vn 0.7782 0.1481 -0.6103
vn 0.6182 0.2169 -0.7555
vn 0.7303 0.2669 -0.6288
vn 0.8895 -0.2455 -0.3854
vn 0.8523 -0.3775 -0.3621
vn 0.9050 -0.1335 -0.4040
vn 0.9065 -0.0299 -0.4212
vn 0.8955 0.0730 -0.4391
vn 0.8697 0.1830 -0.4584
vn 0.8205 0.3114 -0.4795
vn 0.9516 -0.2160 -0.2185
vn 0.9183 -0.3500 -0.1850
vn 0.9646 -0.1032 -0.2426
vn 0.9652 -0.0000 -0.2617
vn 0.9551 0.1032 -0.2778
vn 0.9317 0.2160 -0.2921
vn 0.8860 0.3500 -0.3042
vn 0.9822 -0.1830 -0.0436
vn 0.9503 -0.3114 -0.0006
vn 0.9946 -0.0730 -0.0733
vn 0.9951 0.0299 -0.0944
vn 0.9851 0.1335 -0.1085
vn 0.9624 0.2455 -0.1166
vn 0.9185 0.3775 -0.1179
vn 0.9799 -0.1481 0.1337
vn 0.9479 -0.2669 0.1738
vn 0.9934 -0.0424 0.1062
vn 0.9945 0.0605 0.0856
vn 0.9839 0.1639 0.0711
vn 0.9605 0.2711 0.0623
vn 0.9174 0.3931 0.0614
vn 0.9411 -0.1114 0.3193
vn 0.9152 -0.2169 0.3398
vn 0.9538 -0.0107 0.3004
vn 0.9549 0.0922 0.2822
vn 0.9443 0.1947 0.2654
vn 0.9223 0.2944 0.2502
vn 0.8868 0.3980 0.2350
vn 0.5784 -0.5226 -0.6264
vn 0.5388 0.3359 -0.7726
vn 0.6394 0.4036 -0.6545
vn 0.7296 0.4654 -0.5011
vn 0.7998 0.5136 -0.3107
vn 0.8365 0.5375 -0.1068
vn 0.8389 0.5382 0.0815
vn 0.8156 0.5226 0.2484
vn 0.7804 0.4929 0.3848
vn 0.8118 0.4108 0.4150
vn 0.8376 0.3196 0.4431
vn 0.8553 0.2245 0.4670
vn 0.8647 0.1229 0.4871
vn 0.8647 0.0200 0.5018
vn 0.8560 -0.0788 0.5109
vn 0.8389 -0.1761 0.5149
vn 0.8552 -0.3359 0.3947
vn 0.8154 -0.2661 0.5141
vn 0.8824 -0.4036 0.2419
vn 0.8828 -0.4654 0.0640
vn 0.8472 -0.5136 -0.1358
vn 0.7759 -0.5375 -0.3303
vn 0.6828 -0.5382 -0.4941
vn 0.7218 -0.1694 0.6710
vn 0.7302 -0.0595 0.6807
vn 0.5859 -0.0513 0.8088
vn 0.5897 -0.1789 0.7876
vn 0.7326 0.0437 0.6792
vn 0.5821 0.0587 0.8110
vn 0.7303 0.1473 0.6671
vn 0.5775 0.1629 0.7999
vn 0.7232 0.2490 0.6442
vn 0.5725 0.2650 0.7759
vn 0.7114 0.3462 0.6115
vn 0.5665 0.3679 0.7374
vn 0.6934 0.4455 0.5663
vn 0.5592 0.4811 0.6751
vn 0.4306 -0.0475 0.9013
vn 0.4358 -0.1850 0.8808
vn 0.4250 0.0669 0.9027
vn 0.4198 0.1712 0.8913
vn 0.4154 0.2734 0.8676
vn 0.4109 0.3809 0.8283
vn 0.4040 0.5038 0.7635
vn 0.2614 -0.0464 0.9641
vn 0.2570 -0.1875 0.9480
vn 0.2610 0.0696 0.9628
vn 0.2577 0.1738 0.9505
vn 0.2515 0.2761 0.9276
vn 0.2414 0.3855 0.8905
vn 0.2247 0.5124 0.8288
vn 0.0835 -0.0475 0.9954
vn 0.0687 -0.1850 0.9803
vn 0.0892 0.0669 0.9938
vn 0.0879 0.1712 0.9813
vn 0.0796 0.2734 0.9586
vn 0.0638 0.3809 0.9224
vn 0.0369 0.5038 0.8630
vn -0.0972 -0.0513 0.9939
vn -0.1111 -0.1789 0.9776
vn -0.0927 0.0587 0.9940
vn -0.0944 0.1629 0.9821
vn -0.1023 0.2650 0.9588
vn -0.1165 0.3679 0.9225
vn -0.1416 0.4811 0.8651
vn -0.2864 -0.0595 0.9563
vn -0.2840 -0.1694 0.9437
vn -0.2893 0.0437 0.9563
vn -0.2934 0.1473 0.9446
vn -0.2987 0.2490 0.9213
vn -0.3051 0.3462 0.8871
vn -0.3124 0.4455 0.8390
vn 0.7243 -0.3037 0.6190
vn 0.6847 0.5548 0.4727
vn 0.5551 0.6079 0.5678
vn 0.3923 0.6466 0.6543
vn 0.1961 0.6618 0.7235
vn -0.0081 0.6466 0.7628
vn -0.1923 0.6079 0.7704
vn -0.3521 0.5548 0.7538
vn -0.3125 -0.3037 0.9000
vn -0.1488 -0.3339 0.9308
vn 0.0382 -0.3562 0.9336
vn 0.2436 -0.3653 0.8985
vn 0.4386 -0.3562 0.8251
vn 0.5986 -0.3339 0.7282
vn -0.7009 -0.6386 -0.3175
vn -0.5545 -0.7268 -0.4053
vn -0.5459 -0.8131 -0.2020
vn -0.7139 -0.6876 -0.1322
vn -0.3716 -0.7888 -0.4896
vn -0.3374 -0.8996 -0.2773
vn -0.1524 -0.8128 -0.5623
vn -0.0950 -0.9318 -0.3503
vn 0.0734 -0.7888 -0.6102
vn 0.1511 -0.8996 -0.4098
vn 0.2739 -0.7268 -0.6299
vn 0.3691 -0.8131 -0.4501
vn 0.4446 -0.6386 -0.6281
vn 0.5494 -0.6876 -0.4747
vn -0.5169 -0.8555 0.0303
vn -0.7024 -0.7075 0.0773
vn -0.2868 -0.9575 -0.0301
vn -0.0271 -0.9946 -0.0999
vn 0.2323 -0.9575 -0.1709
vn 0.4615 -0.8555 -0.2349
vn 0.6453 -0.7075 -0.2881
vn -0.4624 -0.8416 0.2792
vn -0.6583 -0.6885 0.3044
vn -0.2215 -0.9469 0.2332
vn 0.0455 -0.9848 0.1677
vn 0.3090 -0.9469 0.0894
vn 0.5401 -0.8416 0.0075
vn 0.7219 -0.6885 -0.0698
vn -0.3865 -0.7675 0.5114
vn -0.5837 -0.6274 0.5155
vn -0.1482 -0.8640 0.4811
vn 0.1145 -0.8991 0.4225
vn 0.3709 -0.8640 0.3404
vn 0.5919 -0.7675 0.2461
vn 0.7641 -0.6274 0.1501
vn -0.3016 -0.6484 0.6990
vn -0.4928 -0.5385 0.6836
vn -0.0761 -0.7234 0.6862
vn 0.1727 -0.7513 0.6370
vn 0.4123 -0.7234 0.5538
vn 0.6134 -0.6484 0.4510
vn 0.7705 -0.5385 0.3411
vn -0.2173 -0.4993 0.8388
vn -0.3951 -0.4324 0.8105
vn -0.0117 -0.5461 0.8376
vn 0.2160 -0.5642 0.7968
vn 0.4332 -0.5461 0.7170
vn 0.6112 -0.4993 0.6142
vn 0.7504 -0.4324 0.5000
vn 0.3951 0.4324 -0.8105
vn 0.2173 0.4993 -0.8387
vn 0.3016 0.6484 -0.6990
vn 0.4928 0.5385 -0.6836
vn 0.0117 0.5461 -0.8376
vn 0.0761 0.7234 -0.6862
vn -0.2160 0.5642 -0.7968
vn -0.1727 0.7513 -0.6370
vn -0.4332 0.5461 -0.7170
vn -0.4123 0.7234 -0.5538
vn -0.6112 0.4993 -0.6142
vn -0.6134 0.6484 -0.4510
vn -0.7504 0.4324 -0.5000
vn -0.7705 0.5385 -0.3411
vn 0.3865 0.7675 -0.5114
vn 0.5837 0.6274 -0.5155
vn 0.1482 0.8640 -0.4811
vn -0.1145 0.8991 -0.4225
vn -0.3709 0.8640 -0.3404
vn -0.5919 0.7675 -0.2461
vn -0.7641 0.6274 -0.1501
vn 0.4624 0.8416 -0.2792
vn 0.6583 0.6885 -0.3044
vn 0.2215 0.9469 -0.2332
vn -0.0455 0.9848 -0.1677
vn -0.3090 0.9469 -0.0894
vn -0.5401 0.8416 -0.0075
vn -0.7219 0.6885 0.0698
vn 0.5169 0.8555 -0.0303
vn 0.7024 0.7075 -0.0773
vn 0.2868 0.9575 0.0301
vn 0.0271 0.9946 0.0999
vn -0.2323 0.9575 0.1709
vn -0.4615 0.8555 0.2349
vn -0.6453 0.7075 0.2881
vn 0.5459 0.8131 0.2020
vn 0.7139 0.6876 0.1322
vn 0.3374 0.8996 0.2773
vn 0.0950 0.9318 0.3503
vn -0.1511 0.8996 0.4098
vn -0.3691 0.8131 0.4501
vn -0.5494 0.6876 0.4747
vn 0.5545 0.7268 0.4053
vn 0.7009 0.6386 0.3175
vn 0.3716 0.7888 0.4896
vn 0.1524 0.8128 0.5623
vn -0.0734 0.7888 0.6102
vn -0.2739 0.7268 0.6299
vn -0.4446 0.6386 0.6281
vn 0.6182 -0.2169 0.7555
vn 0.7303 -0.2669 0.6288
vn 0.7782 -0.1481 0.6103
vn 0.6509 -0.1114 0.7509
vn 0.8205 -0.3114 0.4795
vn 0.8697 -0.1830 0.4584
vn 0.8860 -0.3500 0.3042
vn 0.9317 -0.2160 0.2921
vn 0.9185 -0.3775 0.1179
vn 0.9624 -0.2455 0.1166
vn 0.9174 -0.3931 -0.0614
vn 0.9605 -0.2711 -0.0623
vn 0.8868 -0.3980 -0.2350
vn 0.9223 -0.2944 -0.2502
vn 0.8038 -0.0424 0.5935
vn 0.6715 -0.0107 0.7410
vn 0.8955 -0.0730 0.4391
vn 0.9551 -0.1032 0.2778
vn 0.9851 -0.1335 0.1085
vn 0.9839 -0.1639 -0.0711
vn 0.9443 -0.1947 -0.2654
vn 0.8151 0.0605 0.5762
vn 0.6816 0.0922 0.7259
vn 0.9065 0.0299 0.4212
vn 0.9652 -0.0000 0.2617
vn 0.9951 -0.0299 0.0944
vn 0.9945 -0.0605 -0.0856
vn 0.9549 -0.0922 -0.2822
vn 0.8133 0.1639 0.5583
vn 0.6809 0.1947 0.7060
vn 0.9050 0.1335 0.4040
vn 0.9646 0.1032 0.2426
vn 0.9946 0.0730 0.0733
vn 0.9934 0.0424 -0.1062
vn 0.9538 0.0107 -0.3004
vn 0.7975 0.2711 0.5389
vn 0.6697 0.2944 0.6818
vn 0.8895 0.2455 0.3854
vn 0.9516 0.2160 0.2185
vn 0.9822 0.1830 0.0436
vn 0.9799 0.1481 -0.1337
vn 0.9411 0.1114 -0.3193
vn 0.7608 0.3931 0.5164
vn 0.6466 0.3980 0.6508
vn 0.8523 0.3775 0.3621
vn 0.9183 0.3500 0.1850
vn 0.9503 0.3114 0.0006
vn 0.9479 0.2669 -0.1738
vn 0.9152 0.2169 -0.3398
vn 0.4441 -0.2661 0.8556
vn 0.5388 -0.3359 0.7726
vn 0.4640 -0.1761 0.8682
vn 0.6394 -0.4036 0.6545
vn 0.7296 -0.4654 0.5011
vn 0.7998 -0.5136 0.3107
vn 0.8365 -0.5375 0.1068
vn 0.8389 -0.5382 -0.0815
vn 0.8156 -0.5226 -0.2484
vn 0.7804 -0.4929 -0.3848
vn 0.8118 -0.4108 -0.4150
vn 0.8376 -0.3196 -0.4431
vn 0.8553 -0.2245 -0.4670
vn 0.8647 -0.1229 -0.4871
vn 0.8647 -0.0200 -0.5018
vn 0.8560 0.0788 -0.5109
vn 0.8389 0.1761 -0.5149
vn 0.8154 0.2661 -0.5141
vn 0.8552 0.3359 -0.3947
vn 0.8824 0.4036 -0.2419
vn 0.8828 0.4654 -0.0640
vn 0.8472 0.5136 0.1358
vn 0.7759 0.5375 0.3303
vn 0.6828 0.5382 0.4940
vn 0.5784 0.5226 0.6264
vn 0.4911 0.4108 0.7682
vn 0.4792 0.4929 0.7263
vn 0.4991 0.3196 0.8055
vn 0.5023 0.2245 0.8351
vn 0.5003 0.1229 0.8571
vn 0.4928 0.0200 0.8699
vn 0.4807 -0.0788 0.8733
vn 0.6934 -0.4455 -0.5663
vn 0.5592 -0.4811 -0.6751
vn 0.5665 -0.3679 -0.7374
vn 0.7114 -0.3462 -0.6115
vn 0.4040 -0.5038 -0.7635
vn 0.4109 -0.3809 -0.8283
vn 0.2247 -0.5124 -0.8288
vn 0.2414 -0.3855 -0.8905
vn 0.0369 -0.5038 -0.8630
vn 0.0638 -0.3809 -0.9224
vn -0.1416 -0.4811 -0.8651
vn -0.1165 -0.3679 -0.9225
vn -0.3124 -0.4455 -0.8390
vn -0.3051 -0.3462 -0.8871
vn 0.5725 -0.2650 -0.7759
vn 0.7232 -0.2490 -0.6442
vn 0.4154 -0.2734 -0.8676
vn 0.2515 -0.2761 -0.9276
vn 0.0796 -0.2734 -0.9586
vn -0.1023 -0.2650 -0.9588
vn -0.2987 -0.2490 -0.9213
vn 0.5775 -0.1629 -0.7999
vn 0.7303 -0.1473 -0.6671
vn 0.4198 -0.1712 -0.8913
vn 0.2577 -0.1738 -0.9505
vn 0.0879 -0.1712 -0.9813
vn -0.0944 -0.1629 -0.9821
vn -0.2934 -0.1473 -0.9446
vn 0.5821 -0.0587 -0.8110
vn 0.7326 -0.0437 -0.6792
vn 0.4250 -0.0669 -0.9027
vn 0.2610 -0.0696 -0.9628
vn 0.0892 -0.0669 -0.9938
vn -0.0927 -0.0587 -0.9940
vn -0.2893 -0.0437 -0.9563
vn 0.5859 0.0513 -0.8088
vn 0.7302 0.0595 -0.6807
vn 0.4306 0.0475 -0.9013
vn 0.2614 0.0464 -0.9641
vn 0.0835 0.0475 -0.9954
vn -0.0972 0.0513 -0.9939
vn -0.2864 0.0595 -0.9563
vn 0.5897 0.1789 -0.7876
vn 0.7218 0.1694 -0.6710
vn 0.4358 0.1850 -0.8808
vn 0.2570 0.1875 -0.9480
vn 0.0687 0.1850 -0.9803
vn -0.1111 0.1789 -0.9776
vn -0.2840 0.1694 -0.9437
vn 0.6847 -0.5548 -0.4727
vn 0.5551 -0.6079 -0.5678
vn 0.3923 -0.6466 -0.6543
vn 0.1962 -0.6619 -0.7235
vn -0.0081 -0.6466 -0.7628
vn -0.1923 -0.6079 -0.7704
vn -0.3521 -0.5548 -0.7538
vn -0.4792 -0.4929 -0.7263
vn -0.4911 -0.4108 -0.7682
vn -0.4991 -0.3196 -0.8055
vn -0.5023 -0.2245 -0.8351
vn -0.5003 -0.1229 -0.8571
vn -0.4928 -0.0200 -0.8699
vn -0.4807 0.0788 -0.8733
vn -0.4640 0.1761 -0.8682
vn -0.4441 0.2661 -0.8556
vn -0.3125 0.3037 -0.9000
vn -0.1488 0.3339 -0.9308
vn 0.0382 0.3562 -0.9336
vn 0.2436 0.3653 -0.8985
vn 0.4386 0.3562 -0.8251
vn 0.5986 0.3339 -0.7282
vn 0.7243 0.3037 -0.6190
vn -0.6466 -0.3980 -0.6508
vn -0.7608 -0.3931 -0.5164
vn -0.7975 -0.2711 -0.5389
vn -0.6697 -0.2944 -0.6818
vn -0.8523 -0.3775 -0.3621
vn -0.8895 -0.2455 -0.3854
vn -0.9183 -0.3500 -0.1850
vn -0.9516 -0.2160 -0.2185
vn -0.9503 -0.3114 -0.0006
vn -0.9822 -0.1830 -0.0436
vn -0.9479 -0.2669 0.1738
vn -0.9799 -0.1481 0.1337
vn -0.9152 -0.2169 0.3398
vn -0.9411 -0.1114 0.3193
vn -0.8133 -0.1639 -0.5583
vn -0.6809 -0.1947 -0.7060
vn -0.9050 -0.1335 -0.4040
vn -0.9646 -0.1032 -0.2426
vn -0.9946 -0.0730 -0.0733
vn -0.9934 -0.0424 0.1062
vn -0.9538 -0.0107 0.3004
vn -0.8151 -0.0605 -0.5762
vn -0.6816 -0.0922 -0.7259
vn -0.9065 -0.0299 -0.4212
vn -0.9652 -0.0000 -0.2617
vn -0.9951 0.0299 -0.0944
vn -0.9945 0.0605 0.0856
vn -0.9549 0.0922 0.2822
vn -0.8038 0.0424 -0.5935
vn -0.6715 0.0107 -0.7410
vn -0.8955 0.0730 -0.4391
vn -0.9551 0.1032 -0.2778
vn -0.9851 0.1335 -0.1085
vn -0.9839 0.1639 0.0711
vn -0.9443 0.1947 0.2654
vn -0.7782 0.1481 -0.6103
vn -0.6509 0.1114 -0.7509
vn -0.8697 0.1830 -0.4584
vn -0.9317 0.2160 -0.2921
vn -0.9624 0.2455 -0.1166
vn -0.9605 0.2711 0.0623
vn -0.9223 0.2944 0.2502
vn -0.7303 0.2669 -0.6288
vn -0.6182 0.2169 -0.7555
vn -0.8205 0.3114 -0.4795
vn -0.8860 0.3500 -0.3042
vn -0.9185 0.3775 -0.1179
vn -0.9174 0.3931 0.0614
vn -0.8868 0.3980 0.2350
vn -0.5784 -0.5226 -0.6264
vn -0.6828 -0.5382 -0.4940
vn -0.7759 -0.5375 -0.3303
vn -0.8472 -0.5136 -0.1358
vn -0.8828 -0.4654 0.0640
vn -0.8824 -0.4036 0.2419
vn -0.8552 -0.3359 0.3947
vn -0.8154 -0.2661 0.5141
vn -0.8389 -0.1761 0.5149
vn -0.8560 -0.0788 0.5109
vn -0.8647 0.0200 0.5018
vn -0.8647 0.1229 0.4871
vn -0.8553 0.2245 0.4670
vn -0.8376 0.3196 0.4431
vn -0.8118 0.4108 0.4150
vn -0.7804 0.4929 0.3848
vn -0.8156 0.5226 0.2484
vn -0.8389 0.5382 0.0815
vn -0.8365 0.5375 -0.1068
vn -0.7998 0.5136 -0.3107
vn -0.7296 0.4654 -0.5011
vn -0.6394 0.4036 -0.6545
vn -0.5388 0.3359 -0.7726
vn -0.7218 -0.1694 0.6710
vn -0.5897 -0.1789 0.7876
vn -0.5859 -0.0513 0.8088
vn -0.7302 -0.0595 0.6807
vn -0.4358 -0.1850 0.8808
vn -0.4306 -0.0475 0.9013
vn -0.2570 -0.1875 0.9480
vn -0.2614 -0.0464 0.9641
vn -0.0687 -0.1850 0.9803
vn -0.0835 -0.0475 0.9954
vn 0.1111 -0.1789 0.9776
vn 0.0972 -0.0513 0.9939
vn 0.2840 -0.1694 0.9437
vn 0.2864 -0.0595 0.9563
vn -0.5821 0.0587 0.8110
vn -0.7326 0.0437 0.6792
vn -0.4250 0.0669 0.9027
vn -0.2610 0.0696 0.9628
vn -0.0892 0.0669 0.9938
vn 0.0927 0.0587 0.9940
vn 0.2893 0.0437 0.9563
vn -0.5775 0.1629 0.7999
vn -0.7303 0.1473 0.6671
vn -0.4198 0.1712 0.8913
vn -0.2577 0.1738 0.9505
vn -0.0879 0.1712 0.9813
vn 0.0944 0.1629 0.9821
vn 0.2934 0.1473 0.9446
vn -0.5725 0.2650 0.7759
vn -0.7232 0.2490 0.6442
vn -0.4154 0.2734 0.8676
vn -0.2515 0.2761 0.9276
vn -0.0796 0.2734 0.9586
vn 0.1023 0.2650 0.9588
vn 0.2987 0.2490 0.9213
vn -0.5665 0.3679 0.7374
vn -0.7114 0.3462 0.6115
vn -0.4109 0.3809 0.8283
vn -0.2414 0.3855 0.8905
vn -0.0638 0.3809 0.9224
vn 0.1165 0.3679 0.9225
vn 0.3051 0.3462 0.8871
vn -0.5592 0.4811 0.6751
vn -0.6934 0.4455 0.5663
vn -0.4040 0.5038 0.7635
vn -0.2247 0.5124 0.8288
vn -0.0369 0.5038 0.8630
vn 0.1416 0.4811 0.8651
vn 0.3124 0.4455 0.8390
vn -0.7243 -0.3037 0.6190
vn -0.5986 -0.3339 0.7282
vn -0.4386 -0.3562 0.8251
vn -0.2436 -0.3653 0.8985
vn -0.0382 -0.3562 0.9336
vn 0.1488 -0.3339 0.9308
vn 0.3125 -0.3037 0.9000
vn 0.3521 0.5548 0.7538
vn 0.1923 0.6079 0.7704
vn 0.0081 0.6466 0.7628
vn -0.1962 0.6618 0.7235
vn -0.3923 0.6466 0.6543
vn -0.5551 0.6079 0.5678
vn -0.6847 0.5548 0.4727
vn 0.7009 -0.6386 -0.3175
vn 0.7139 -0.6876 -0.1322
vn 0.5459 -0.8131 -0.2020
vn 0.5545 -0.7268 -0.4053
vn 0.7024 -0.7075 0.0773
vn 0.5170 -0.8555 0.0303
vn 0.6583 -0.6885 0.3044
vn 0.4624 -0.8416 0.2792
vn 0.5837 -0.6274 0.5155
vn 0.3865 -0.7675 0.5114
vn 0.4928 -0.5385 0.6836
vn 0.3016 -0.6484 0.6990
vn 0.3951 -0.4324 0.8105
vn 0.2173 -0.4993 0.8388
vn 0.3374 -0.8996 -0.2773
vn 0.3716 -0.7888 -0.4896
vn 0.2868 -0.9575 -0.0301
vn 0.2215 -0.9469 0.2332
vn 0.1482 -0.8640 0.4811
vn 0.0761 -0.7234 0.6862
vn 0.0117 -0.5461 0.8376
vn 0.0950 -0.9318 -0.3503
vn 0.1524 -0.8128 -0.5623
vn 0.0271 -0.9946 -0.0999
vn -0.0455 -0.9848 0.1677
vn -0.1145 -0.8991 0.4225
vn -0.1727 -0.7513 0.6370
vn -0.2160 -0.5642 0.7968
vn -0.1511 -0.8996 -0.4098
vn -0.0734 -0.7888 -0.6102
vn -0.2323 -0.9575 -0.1709
vn -0.3090 -0.9469 0.0894
vn -0.3709 -0.8640 0.3404
vn -0.4123 -0.7234 0.5538
vn -0.4332 -0.5461 0.7170
vn -0.3691 -0.8131 -0.4501
vn -0.2739 -0.7268 -0.6299
vn -0.4615 -0.8555 -0.2349
vn -0.5401 -0.8416 0.0075
vn -0.5919 -0.7675 0.2461
vn -0.6134 -0.6484 0.4510
vn -0.6112 -0.4993 0.6142
vn -0.5494 -0.6876 -0.4747
vn -0.4446 -0.6386 -0.6281
vn -0.6453 -0.7075 -0.2881
vn -0.7219 -0.6885 -0.0698
vn -0.7641 -0.6274 0.1501
vn -0.7705 -0.5385 0.3411
vn -0.7504 -0.4324 0.5000
vn -0.3951 0.4324 -0.8105
vn -0.4928 0.5385 -0.6836
vn -0.3016 0.6484 -0.6990
vn -0.2173 0.4993 -0.8388
vn -0.5837 0.6274 -0.5155
vn -0.3865 0.7675 -0.5114
vn -0.6583 0.6885 -0.3044
vn -0.4624 0.8416 -0.2792
vn -0.7024 0.7075 -0.0773
vn -0.5170 0.8555 -0.0303
vn -0.7139 0.6876 0.1322
vn -0.5459 0.8131 0.2020
vn -0.7009 0.6386 0.3175
vn -0.5545 0.7268 0.4053
vn -0.0761 0.7234 -0.6862
vn -0.0117 0.5461 -0.8376
vn -0.1482 0.8640 -0.4811
vn -0.2215 0.9469 -0.2332
vn -0.2868 0.9575 0.0301
vn -0.3374 0.8996 0.2773
vn -0.3716 0.7888 0.4896
vn 0.1727 0.7513 -0.6370
vn 0.2160 0.5642 -0.7968
vn 0.1145 0.8991 -0.4225
vn 0.0455 0.9848 -0.1677
vn -0.0271 0.9946 0.0999
vn -0.0950 0.9318 0.3503
vn -0.1524 0.8128 0.5623
vn 0.4123 0.7234 -0.5538
vn 0.4332 0.5461 -0.7170
vn 0.3709 0.8640 -0.3404
vn 0.3090 0.9469 -0.0894
vn 0.2323 0.9575 0.1709
vn 0.1511 0.8996 0.4098
vn 0.0734 0.7888 0.6102
vn 0.6134 0.6484 -0.4510
vn 0.6112 0.4993 -0.6142
vn 0.5919 0.7675 -0.2461
vn 0.5401 0.8416 -0.0075
vn 0.4615 0.8555 0.2349
vn 0.3691 0.8131 0.4501
vn 0.2739 0.7268 0.6299
vn 0.7705 0.5385 -0.3411
vn 0.7504 0.4324 -0.5000
vn 0.7641 0.6274 -0.1501
vn 0.7219 0.6885 0.0698
vn 0.6453 0.7075 0.2881
vn 0.5494 0.6876 0.4747
vn 0.4446 0.6386 0.6281
vt 0.406250 0.031250
vt 0.437500 0.031250
vt 0.437500 0.062500
vt 0.406250 0.062500
vt 0.468750 0.031250
vt 0.468750 0.062500
vt 0.500000 0.031250
vt 0.500000 0.062500
vt 0.531250 0.031250
vt 0.531250 0.062500
vt 0.562500 0.031250
vt 0.562500 0.062500
vt 0.593750 0.031250
vt 0.593750 0.062500
vt 0.437500 0.093750
vt 0.406250 0.093750
vt 0.468750 0.093750
vt 0.500000 0.093750
vt 0.531250 0.093750
vt 0.562500 0.093750
vt 0.593750 0.093750
vt 0.437500 0.125000
vt 0.406250 0.125000
vt 0.468750 0.125000
vt 0.500000 0.125000
vt 0.531250 0.125000
vt 0.562500 0.125000
vt 0.593750 0.125000
vt 0.437500 0.156250
vt 0.406250 0.156250
vt 0.468750 0.156250
vt 0.500000 0.156250
vt 0.531250 0.156250
vt 0.562500 0.156250
vt 0.593750 0.156250
vt 0.437500 0.187500
vt 0.406250 0.187500
vt 0.468750 0.187500
vt 0.500000 0.187500
vt 0.531250 0.187500
vt 0.562500 0.187500
vt 0.593750 0.187500
vt 0.437500 0.218750
vt 0.406250 0.218750
vt 0.468750 0.218750
vt 0.500000 0.218750
vt 0.531250 0.218750
vt 0.562500 0.218750
vt 0.593750 0.218750
vt 0.375000 0.000000
vt 0.406250 0.000000
vt 0.375000 0.031250
vt 0.437500 0.000000
vt 0.468750 0.000000
vt 0.500000 0.000000
vt 0.531250 0.000000
vt 0.562500 0.000000
vt 0.593750 0.000000
vt 0.625000 0.000000
vt 0.625000 0.031250
vt 0.625000 0.062500
vt 0.625000 0.093750
vt 0.625000 0.125000
vt 0.625000 0.156250
vt 0.625000 0.187500
vt 0.625000 0.218750
vt 0.625000 0.250000
vt 0.593750 0.250000
vt 0.562500 0.250000
vt 0.531250 0.250000
vt 0.500000 0.250000
vt 0.468750 0.250000
vt 0.437500 0.250000
vt 0.406250 0.250000
vt 0.375000 0.218750
vt 0.375000 0.250000
vt 0.375000 0.187500
vt 0.375000 0.156250
vt 0.375000 0.125000
vt 0.375000 0.093750
vt 0.375000 0.062500
vt 0.406250 0.281250
vt 0.437500 0.281250
vt 0.437500 0.312500
vt 0.406250 0.312500
vt 0.468750 0.281250
vt 0.468750 0.312500
vt 0.500000 0.281250
vt 0.500000 0.312500
vt 0.531250 0.281250
vt 0.531250 0.312500
vt 0.562500 0.281250
vt 0.562500 0.312500
vt 0.593750 0.281250
vt 0.593750 0.312500
vt 0.437500 0.343750
vt 0.406250 0.343750
vt 0.468750 0.343750
vt 0.500000 0.343750
vt 0.531250 0.343750
vt 0.562500 0.343750
vt 0.593750 0.343750
vt 0.437500 0.375000
vt 0.406250 0.375000
vt 0.468750 0.375000
vt 0.500000 0.375000
vt 0.531250 0.375000
vt 0.562500 0.375000
vt 0.593750 0.375000
vt 0.437500 0.406250
vt 0.406250 0.406250
vt 0.468750 0.406250
vt 0.500000 0.406250
vt 0.531250 0.406250
vt 0.562500 0.406250
vt 0.593750 0.406250
vt 0.437500 0.437500
vt 0.406250 0.437500
vt 0.468750 0.437500
vt 0.500000 0.437500
vt 0.531250 0.437500
vt 0.562500 0.437500
vt 0.593750 0.437500
vt 0.437500 0.468750
vt 0.406250 0.468750
vt 0.468750 0.468750
vt 0.500000 0.468750
vt 0.531250 0.468750
vt 0.562500 0.468750
vt 0.593750 0.468750
vt 0.375000 0.281250
vt 0.625000 0.281250
vt 0.625000 0.312500
vt 0.625000 0.343750
vt 0.625000 0.375000
vt 0.625000 0.406250
vt 0.625000 0.437500
vt 0.625000 0.468750
vt 0.625000 0.500000
vt 0.593750 0.500000
vt 0.562500 0.500000
vt 0.531250 0.500000
vt 0.500000 0.500000
vt 0.468750 0.500000
vt 0.437500 0.500000
vt 0.406250 0.500000
vt 0.375000 0.468750
vt 0.375000 0.500000
vt 0.375000 0.437500
vt 0.375000 0.406250
vt 0.375000 0.375000
vt 0.375000 0.343750
vt 0.375000 0.312500
vt 0.406250 0.531250
vt 0.437500 0.531250
vt 0.437500 0.562500
vt 0.406250 0.562500
vt 0.468750 0.531250
vt 0.468750 0.562500
vt 0.500000 0.531250
vt 0.500000 0.562500
vt 0.531250 0.531250
vt 0.531250 0.562500
vt 0.562500 0.531250
vt 0.562500 0.562500
vt 0.593750 0.531250
vt 0.593750 0.562500
vt 0.437500 0.593750
vt 0.406250 0.593750
vt 0.468750 0.593750
vt 0.500000 0.593750
vt 0.531250 0.593750
vt 0.562500 0.593750
vt 0.593750 0.593750
vt 0.437500 0.625000
vt 0.406250 0.625000
vt 0.468750 0.625000
vt 0.500000 0.625000
vt 0.531250 0.625000
vt 0.562500 0.625000
vt 0.593750 0.625000
vt 0.437500 0.656250
vt 0.406250 0.656250
vt 0.468750 0.656250
vt 0.500000 0.656250
vt 0.531250 0.656250
vt 0.562500 0.656250
vt 0.593750 0.656250
vt 0.437500 0.687500
vt 0.406250 0.687500
vt 0.468750 0.687500
vt 0.500000 0.687500
vt 0.531250 0.687500
vt 0.562500 0.687500
vt 0.593750 0.687500
vt 0.437500 0.718750
vt 0.406250 0.718750
vt 0.468750 0.718750
vt 0.500000 0.718750
vt 0.531250 0.718750
vt 0.562500 0.718750
vt 0.593750 0.718750
vt 0.375000 0.531250
vt 0.625000 0.531250
vt 0.625000 0.562500
vt 0.625000 0.593750
vt 0.625000 0.625000
vt 0.625000 0.656250
vt 0.625000 0.687500
vt 0.625000 0.718750
vt 0.625000 0.750000
vt 0.593750 0.750000
vt 0.562500 0.750000
vt 0.531250 0.750000
vt 0.500000 0.750000
vt 0.468750 0.750000
vt 0.437500 0.750000
vt 0.406250 0.750000
vt 0.375000 0.718750
vt 0.375000 0.750000
vt 0.375000 0.687500
vt 0.375000 0.656250
vt 0.375000 0.625000
vt 0.375000 0.593750
vt 0.375000 0.562500
vt 0.406250 0.781250
vt 0.437500 0.781250
vt 0.437500 0.812500
vt 0.406250 0.812500
vt 0.468750 0.781250
vt 0.468750 0.812500
vt 0.500000 0.781250
vt 0.500000 0.812500
vt 0.531250 0.781250
vt 0.531250 0.812500
vt 0.562500 0.781250
vt 0.562500 0.812500
vt 0.593750 0.781250
vt 0.593750 0.812500
vt 0.437500 0.843750
vt 0.406250 0.843750
vt 0.468750 0.843750
vt 0.500000 0.843750
vt 0.531250 0.843750
vt 0.562500 0.843750
vt 0.593750 0.843750
vt 0.437500 0.875000
vt 0.406250 0.875000
vt 0.468750 0.875000
vt 0.500000 0.875000
vt 0.531250 0.875000
vt 0.562500 0.875000
vt 0.593750 0.875000
vt 0.437500 0.906250
vt 0.406250 0.906250
vt 0.468750 0.906250
vt 0.500000 0.906250
vt 0.531250 0.906250
vt 0.562500 0.906250
vt 0.593750 0.906250
vt 0.437500 0.937500
vt 0.406250 0.937500
vt 0.468750 0.937500
vt 0.500000 0.937500
vt 0.531250 0.937500
vt 0.562500 0.937500
vt 0.593750 0.937500
vt 0.437500 0.968750
vt 0.406250 0.968750
vt 0.468750 0.968750
vt 0.500000 0.968750
vt 0.531250 0.968750
vt 0.562500 0.968750
vt 0.593750 0.968750
vt 0.375000 0.781250
vt 0.625000 0.781250
vt 0.625000 0.812500
vt 0.625000 0.843750
vt 0.625000 0.875000
vt 0.625000 0.906250
vt 0.625000 0.937500
vt 0.625000 0.968750
vt 0.625000 1.000000
vt 0.593750 1.000000
vt 0.562500 1.000000
vt 0.531250 1.000000
vt 0.500000 1.000000
vt 0.468750 1.000000
vt 0.437500 1.000000
vt 0.406250 1.000000
vt 0.375000 0.968750
vt 0.375000 1.000000
vt 0.375000 0.937500
vt 0.375000 0.906250
vt 0.375000 0.875000
vt 0.375000 0.843750
vt 0.375000 0.812500
vt 0.156250 0.531250
vt 0.187500 0.531250
vt 0.187500 0.562500
vt 0.156250 0.562500
vt 0.218750 0.531250
vt 0.218750 0.562500
vt 0.250000 0.531250
vt 0.250000 0.562500
vt 0.281250 0.531250
vt 0.281250 0.562500
vt 0.312500 0.531250
vt 0.312500 0.562500
vt 0.343750 0.531250
vt 0.343750 0.562500
vt 0.187500 0.593750
vt 0.156250 0.593750
vt 0.218750 0.593750
vt 0.250000 0.593750
vt 0.281250 0.593750
vt 0.312500 0.593750
vt 0.343750 0.593750
vt 0.187500 0.625000
vt 0.156250 0.625000
vt 0.218750 0.625000
vt 0.250000 0.625000
vt 0.281250 0.625000
vt 0.312500 0.625000
vt 0.343750 0.625000
vt 0.187500 0.656250
vt 0.156250 0.656250
vt 0.218750 0.656250
vt 0.250000 0.656250
vt 0.281250 0.656250
vt 0.312500 0.656250
vt 0.343750 0.656250
vt 0.187500 0.687500
vt 0.156250 0.687500
vt 0.218750 0.687500
vt 0.250000 0.687500
vt 0.281250 0.687500
vt 0.312500 0.687500
vt 0.343750 0.687500
vt 0.187500 0.718750
vt 0.156250 0.718750
vt 0.218750 0.718750
vt 0.250000 0.718750
vt 0.281250 0.718750
vt 0.312500 0.718750
vt 0.343750 0.718750
vt 0.125000 0.500000
vt 0.156250 0.500000
vt 0.125000 0.531250
vt 0.187500 0.500000
vt 0.218750 0.500000
vt 0.250000 0.500000
vt 0.281250 0.500000
vt 0.312500 0.500000
vt 0.343750 0.500000
vt 0.343750 0.750000
vt 0.312500 0.750000
vt 0.281250 0.750000
vt 0.250000 0.750000
vt 0.218750 0.750000
vt 0.187500 0.750000
vt 0.156250 0.750000
vt 0.125000 0.718750
vt 0.125000 0.750000
vt 0.125000 0.687500
vt 0.125000 0.656250
vt 0.125000 0.625000
vt 0.125000 0.593750
vt 0.125000 0.562500
vt 0.656250 0.531250
vt 0.687500 0.531250
vt 0.687500 0.562500
vt 0.656250 0.562500
vt 0.718750 0.531250
vt 0.718750 0.562500
vt 0.750000 0.531250
vt 0.750000 0.562500
vt 0.781250 0.531250
vt 0.781250 0.562500
vt 0.812500 0.531250
vt 0.812500 0.562500
vt 0.843750 0.531250
vt 0.843750 0.562500
vt 0.687500 0.593750
vt 0.656250 0.593750
vt 0.718750 0.593750
vt 0.750000 0.593750
vt 0.781250 0.593750
vt 0.812500 0.593750
vt 0.843750 0.593750
vt 0.687500 0.625000
vt 0.656250 0.625000
vt 0.718750 0.625000
vt 0.750000 0.625000
vt 0.781250 0.625000
vt 0.812500 0.625000
vt 0.843750 0.625000
vt 0.687500 0.656250
vt 0.656250 0.656250
vt 0.718750 0.656250
vt 0.750000 0.656250
vt 0.781250 0.656250
vt 0.812500 0.656250
vt 0.843750 0.656250
vt 0.687500 0.687500
vt 0.656250 0.687500
vt 0.718750 0.687500
vt 0.750000 0.687500
vt 0.781250 0.687500
vt 0.812500 0.687500
vt 0.843750 0.687500
vt 0.687500 0.718750
vt 0.656250 0.718750
vt 0.718750 0.718750
vt 0.750000 0.718750
vt 0.781250 0.718750
vt 0.812500 0.718750
vt 0.843750 0.718750
vt 0.656250 0.500000
vt 0.687500 0.500000
vt 0.718750 0.500000
vt 0.750000 0.500000
vt 0.781250 0.500000
vt 0.812500 0.500000
vt 0.843750 0.500000
vt 0.875000 0.500000
vt 0.875000 0.531250
vt 0.875000 0.562500
vt 0.875000 0.593750
vt 0.875000 0.625000
vt 0.875000 0.656250
vt 0.875000 0.687500
vt 0.875000 0.718750
vt 0.875000 0.750000
vt 0.843750 0.750000
vt 0.812500 0.750000
vt 0.781250 0.750000
vt 0.750000 0.750000
vt 0.718750 0.750000
vt 0.687500 0.750000
vt 0.656250 0.750000
vt 0.406250 0.031250
vt 0.406250 0.062500
vt 0.437500 0.062500
vt 0.437500 0.031250
vt 0.406250 0.093750
vt 0.437500 0.093750
vt 0.406250 0.125000
vt 0.437500 0.125000
vt 0.406250 0.156250
vt 0.437500 0.156250
vt 0.406250 0.187500
vt 0.437500 0.187500
vt 0.406250 0.218750
vt 0.437500 0.218750
vt 0.468750 0.062500
vt 0.468750 0.156250
vt 0.500000 0.062500
vt 0.500000 0.093750
vt 0.500000 0.156250
vt 0.500000 0.187500
vt 0.500000 0.218750
vt 0.531250 0.062500
vt 0.531250 0.125000
vt 0.531250 0.156250
vt 0.531250 0.187500
vt 0.562500 0.062500
vt 0.562500 0.031250
vt 0.562500 0.093750
vt 0.562500 0.156250
vt 0.562500 0.187500
vt 0.562500 0.218750
vt 0.593750 0.031250
vt 0.593750 0.187500
vt 0.406250 0.250000
vt 0.437500 0.250000
vt 0.531250 0.250000
vt 0.562500 0.250000
vt 0.593750 0.250000
vt 0.406250 0.281250
vt 0.406250 0.312500
vt 0.437500 0.312500
vt 0.437500 0.281250
vt 0.406250 0.343750
vt 0.437500 0.343750
vt 0.406250 0.375000
vt 0.437500 0.375000
vt 0.406250 0.406250
vt 0.437500 0.406250
vt 0.406250 0.437500
vt 0.437500 0.437500
vt 0.406250 0.468750
vt 0.437500 0.468750
vt 0.468750 0.375000
vt 0.468750 0.437500
vt 0.500000 0.312500
vt 0.500000 0.343750
vt 0.500000 0.437500
vt 0.531250 0.312500
vt 0.531250 0.375000
vt 0.531250 0.437500
vt 0.562500 0.312500
vt 0.562500 0.281250
vt 0.562500 0.343750
vt 0.562500 0.406250
vt 0.562500 0.437500
vt 0.562500 0.468750
vt 0.593750 0.312500
vt 0.593750 0.281250
vt 0.593750 0.343750
vt 0.593750 0.437500
vt 0.406250 0.500000
vt 0.437500 0.500000
vt 0.531250 0.500000
vt 0.562500 0.500000
vt 0.406250 0.531250
vt 0.406250 0.562500
vt 0.437500 0.562500
vt 0.437500 0.531250
vt 0.406250 0.593750
vt 0.437500 0.593750
vt 0.406250 0.625000
vt 0.437500 0.625000
vt 0.437500 0.656250
vt 0.406250 0.687500
vt 0.437500 0.687500
vt 0.406250 0.718750
vt 0.437500 0.718750
vt 0.468750 0.562500
vt 0.468750 0.593750
vt 0.468750 0.625000
vt 0.500000 0.531250
vt 0.500000 0.593750
vt 0.500000 0.718750
vt 0.531250 0.562500
vt 0.531250 0.593750
vt 0.531250 0.625000
vt 0.531250 0.687500
vt 0.562500 0.531250
vt 0.562500 0.593750
vt 0.562500 0.656250
vt 0.562500 0.687500
vt 0.562500 0.718750
vt 0.593750 0.562500
vt 0.593750 0.531250
vt 0.593750 0.593750
vt 0.593750 0.625000
vt 0.593750 0.656250
vt 0.593750 0.687500
vt 0.375000 0.593750
vt 0.375000 0.656250
vt 0.406250 0.750000
vt 0.437500 0.750000
vt 0.531250 0.750000
vt 0.562500 0.750000
vt 0.625000 0.656250
vt 0.625000 0.593750
vt 0.406250 0.781250
vt 0.406250 0.812500
vt 0.437500 0.812500
vt 0.437500 0.781250
vt 0.406250 0.843750
vt 0.437500 0.843750
vt 0.406250 0.875000
vt 0.437500 0.875000
vt 0.437500 0.906250
vt 0.406250 0.937500
vt 0.437500 0.937500
vt 0.406250 0.968750
vt 0.437500 0.968750
vt 0.468750 0.812500
vt 0.468750 0.843750
vt 0.468750 0.906250
vt 0.468750 0.968750
vt 0.500000 0.812500
vt 0.500000 0.906250
vt 0.500000 0.937500
vt 0.531250 0.812500
vt 0.531250 0.843750
vt 0.531250 0.875000
vt 0.531250 0.906250
vt 0.531250 0.937500
vt 0.531250 0.968750
vt 0.562500 0.812500
vt 0.562500 0.781250
vt 0.562500 0.843750
vt 0.562500 0.906250
vt 0.562500 0.937500
vt 0.562500 0.968750
vt 0.593750 0.781250
vt 0.593750 0.906250
vt 0.593750 0.937500
vt 0.593750 0.968750
vt 0.156250 0.531250
vt 0.156250 0.562500
vt 0.187500 0.562500
vt 0.187500 0.531250
vt 0.156250 0.593750
vt 0.187500 0.593750
vt 0.156250 0.625000
vt 0.187500 0.625000
vt 0.156250 0.656250
vt 0.156250 0.687500
vt 0.187500 0.687500
vt 0.156250 0.718750
vt 0.187500 0.718750
vt 0.218750 0.562500
vt 0.218750 0.531250
vt 0.218750 0.593750
vt 0.218750 0.625000
vt 0.218750 0.687500
vt 0.218750 0.718750
vt 0.250000 0.593750
vt 0.281250 0.562500
vt 0.281250 0.531250
vt 0.281250 0.593750
vt 0.281250 0.625000
vt 0.281250 0.718750
vt 0.312500 0.562500
vt 0.312500 0.593750
vt 0.312500 0.625000
vt 0.312500 0.718750
vt 0.343750 0.562500
vt 0.343750 0.593750
vt 0.343750 0.625000
vt 0.656250 0.562500
vt 0.687500 0.531250
vt 0.656250 0.593750
vt 0.687500 0.593750
vt 0.656250 0.625000
vt 0.656250 0.718750
vt 0.718750 0.562500
vt 0.718750 0.531250
vt 0.718750 0.593750
vt 0.718750 0.625000
vt 0.718750 0.687500
vt 0.718750 0.718750
vt 0.750000 0.531250
vt 0.750000 0.593750
vt 0.781250 0.562500
vt 0.781250 0.531250
vt 0.781250 0.593750
vt 0.781250 0.625000
vt 0.812500 0.562500
vt 0.812500 0.593750
vt 0.812500 0.625000
vt 0.812500 0.656250
vt 0.812500 0.718750
vt 0.843750 0.531250
vt 0.843750 0.593750
vt 0.843750 0.625000
vt 0.843750 0.656250
vt 0.843750 0.687500
vt 0.843750 0.718750
s 1
usemtl Ojos
f 1179/1072/995 1180/1073/996 1187/1074/997 1186/1075/998
f 1180/1073/996 1181/1076/999 1188/1077/1000 1187/1074/997
f 1181/1076/999 1182/1078/1001 1189/1079/1002 1188/1077/1000
f 1182/1078/1001 1183/1080/1003 1190/1081/1004 1189/1079/1002
f 1183/1080/1003 1184/1082/1005 1191/1083/1006 1190/1081/1004
f 1184/1082/1005 1185/1084/1007 1192/1085/1008 1191/1083/1006
f 1186/1075/998 1187/1074/997 1194/1086/1009 1193/1087/1010
f 1187/1074/997 1188/1077/1000 1195/1088/1011 1194/1086/1009
f 1188/1077/1000 1189/1079/1002 1196/1089/1012 1195/1088/1011
f 1189/1079/1002 1190/1081/1004 1197/1090/1013 1196/1089/1012
f 1190/1081/1004 1191/1083/1006 1198/1091/1014 1197/1090/1013
f 1191/1083/1006 1192/1085/1008 1199/1092/1015 1198/1091/1014
f 1193/1087/1010 1194/1086/1009 1201/1093/1016 1200/1094/1017
f 1194/1086/1009 1195/1088/1011 1202/1095/1018 1201/1093/1016
f 1195/1088/1011 1196/1089/1012 1203/1096/1019 1202/1095/1018
f 1196/1089/1012 1197/1090/1013 1204/1097/1020 1203/1096/1019
f 1197/1090/1013 1198/1091/1014 1205/1098/1021 1204/1097/1020
f 1198/1091/1014 1199/1092/1015 1206/1099/1022 1205/1098/1021
f 1200/1094/1017 1201/1093/1016 1208/1100/1023 1207/1101/1024
f 1201/1093/1016 1202/1095/1018 1209/1102/1025 1208/1100/1023
f 1202/1095/1018 1203/1096/1019 1210/1103/1026 1209/1102/1025
f 1203/1096/1019 1204/1097/1020 1211/1104/1027 1210/1103/1026
f 1204/1097/1020 1205/1098/1021 1212/1105/1028 1211/1104/1027
f 1205/1098/1021 1206/1099/1022 1213/1106/1029 1212/1105/1028
f 1207/1101/1024 1208/1100/1023 1215/1107/1030 1214/1108/1031
f 1208/1100/1023 1209/1102/1025 1216/1109/1032 1215/1107/1030
f 1209/1102/1025 1210/1103/1026 1217/1110/1033 1216/1109/1032
f 1210/1103/1026 1211/1104/1027 1218/1111/1034 1217/1110/1033
f 1211/1104/1027 1212/1105/1028 1219/1112/1035 1218/1111/1034
f 1212/1105/1028 1213/1106/1029 1220/1113/1036 1219/1112/1035
f 1214/1108/1031 1215/1107/1030 1222/1114/1037 1221/1115/1038
f 1215/1107/1030 1216/1109/1032 1223/1116/1039 1222/1114/1037
f 1216/1109/1032 1217/1110/1033 1224/1117/1040 1223/1116/1039
f 1217/1110/1033 1218/1111/1034 1225/1118/1041 1224/1117/1040
f 1218/1111/1034 1219/1112/1035 1226/1119/1042 1225/1118/1041
f 1219/1112/1035 1220/1113/1036 1227/1120/1043 1226/1119/1042
f 995/1121/1044 1018/1122/1045 1179/1072/995 1017/1123/1046
f 1018/1122/1045 1019/1124/1047 1180/1073/996 1179/1072/995
f 1019/1124/1047 1020/1125/1048 1181/1076/999 1180/1073/996
f 1020/1125/1048 1021/1126/1049 1182/1078/1001 1181/1076/999
f 1021/1126/1049 1022/1127/1050 1183/1080/1003 1182/1078/1001
f 1022/1127/1050 1023/1128/1051 1184/1082/1005 1183/1080/1003
f 1023/1128/1051 1024/1129/1052 1185/1084/1007 1184/1082/1005
f 1024/1129/1052 996/1130/1053 1025/1131/1054 1185/1084/1007
f 1185/1084/1007 1025/1131/1054 1026/1132/1055 1192/1085/1008
f 1192/1085/1008 1026/1132/1055 1027/1133/1056 1199/1092/1015
f 1199/1092/1015 1027/1133/1056 1028/1134/1057 1206/1099/1022
f 1206/1099/1022 1028/1134/1057 1029/1135/1058 1213/1106/1029
f 1213/1106/1029 1029/1135/1058 1030/1136/1059 1220/1113/1036
f 1220/1113/1036 1030/1136/1059 1031/1137/1060 1227/1120/1043
f 1227/1120/1043 1031/1137/1060 998/1138/1061 1032/1139/1062
f 1226/1119/1042 1227/1120/1043 1032/1139/1062 1033/1140/1063
f 1225/1118/1041 1226/1119/1042 1033/1140/1063 1034/1141/1064
f 1224/1117/1040 1225/1118/1041 1034/1141/1064 1035/1142/1065
f 1223/1116/1039 1224/1117/1040 1035/1142/1065 1036/1143/1066
f 1222/1114/1037 1223/1116/1039 1036/1143/1066 1037/1144/1067
f 1221/1115/1038 1222/1114/1037 1037/1144/1067 1038/1145/1068
f 1011/1146/1069 1221/1115/1038 1038/1145/1068 997/1147/1070
f 1012/1148/1071 1214/1108/1031 1221/1115/1038 1011/1146/1069
f 1013/1149/1072 1207/1101/1024 1214/1108/1031 1012/1148/1071
f 1014/1150/1073 1200/1094/1017 1207/1101/1024 1013/1149/1072
f 1015/1151/1074 1193/1087/1010 1200/1094/1017 1014/1150/1073
f 1016/1152/1075 1186/1075/998 1193/1087/1010 1015/1151/1074
f 1017/1123/1046 1179/1072/995 1186/1075/998 1016/1152/1075
f 1228/1153/1076 1229/1154/1077 1236/1155/1078 1235/1156/1079
f 1229/1154/1077 1230/1157/1080 1237/1158/1081 1236/1155/1078
f 1230/1157/1080 1231/1159/1082 1238/1160/1083 1237/1158/1081
f 1231/1159/1082 1232/1161/1084 1239/1162/1085 1238/1160/1083
f 1232/1161/1084 1233/1163/1086 1240/1164/1087 1239/1162/1085
f 1233/1163/1086 1234/1165/1088 1241/1166/1089 1240/1164/1087
f 1235/1156/1079 1236/1155/1078 1243/1167/1090 1242/1168/1091
f 1236/1155/1078 1237/1158/1081 1244/1169/1092 1243/1167/1090
f 1237/1158/1081 1238/1160/1083 1245/1170/1093 1244/1169/1092
f 1238/1160/1083 1239/1162/1085 1246/1171/1094 1245/1170/1093
f 1239/1162/1085 1240/1164/1087 1247/1172/1095 1246/1171/1094
f 1240/1164/1087 1241/1166/1089 1248/1173/1096 1247/1172/1095
f 1242/1168/1091 1243/1167/1090 1250/1174/1097 1249/1175/1098
f 1243/1167/1090 1244/1169/1092 1251/1176/1099 1250/1174/1097
f 1244/1169/1092 1245/1170/1093 1252/1177/1100 1251/1176/1099
f 1245/1170/1093 1246/1171/1094 1253/1178/1101 1252/1177/1100
f 1246/1171/1094 1247/1172/1095 1254/1179/1102 1253/1178/1101
f 1247/1172/1095 1248/1173/1096 1255/1180/1103 1254/1179/1102
f 1249/1175/1098 1250/1174/1097 1257/1181/1104 1256/1182/1105
f 1250/1174/1097 1251/1176/1099 1258/1183/1106 1257/1181/1104
f 1251/1176/1099 1252/1177/1100 1259/1184/1107 1258/1183/1106
f 1252/1177/1100 1253/1178/1101 1260/1185/1108 1259/1184/1107
f 1253/1178/1101 1254/1179/1102 1261/1186/1109 1260/1185/1108
f 1254/1179/1102 1255/1180/1103 1262/1187/1110 1261/1186/1109
f 1256/1182/1105 1257/1181/1104 1264/1188/1111 1263/1189/1112
f 1257/1181/1104 1258/1183/1106 1265/1190/1113 1264/1188/1111
f 1258/1183/1106 1259/1184/1107 1266/1191/1114 1265/1190/1113
f 1259/1184/1107 1260/1185/1108 1267/1192/1115 1266/1191/1114
f 1260/1185/1108 1261/1186/1109 1268/1193/1116 1267/1192/1115
f 1261/1186/1109 1262/1187/1110 1269/1194/1117 1268/1193/1116
f 1263/1189/1112 1264/1188/1111 1271/1195/1118 1270/1196/1119
f 1264/1188/1111 1265/1190/1113 1272/1197/1120 1271/1195/1118
f 1265/1190/1113 1266/1191/1114 1273/1198/1121 1272/1197/1120
f 1266/1191/1114 1267/1192/1115 1274/1199/1122 1273/1198/1121
f 1267/1192/1115 1268/1193/1116 1275/1200/1123 1274/1199/1122
f 1268/1193/1116 1269/1194/1117 1276/1201/1124 1275/1200/1123
f 997/1147/1070 1038/1145/1068 1228/1153/1076 1045/1202/1125
f 1038/1145/1068 1037/1144/1067 1229/1154/1077 1228/1153/1076
f 1037/1144/1067 1036/1143/1066 1230/1157/1080 1229/1154/1077
f 1036/1143/1066 1035/1142/1065 1231/1159/1082 1230/1157/1080
f 1035/1142/1065 1034/1141/1064 1232/1161/1084 1231/1159/1082
f 1034/1141/1064 1033/1140/1063 1233/1163/1086 1232/1161/1084
f 1033/1140/1063 1032/1139/1062 1234/1165/1088 1233/1163/1086
f 1032/1139/1062 998/1138/1061 1046/1203/1126 1234/1165/1088
f 1234/1165/1088 1046/1203/1126 1047/1204/1127 1241/1166/1089
f 1241/1166/1089 1047/1204/1127 1048/1205/1128 1248/1173/1096
f 1248/1173/1096 1048/1205/1128 1049/1206/1129 1255/1180/1103
f 1255/1180/1103 1049/1206/1129 1050/1207/1130 1262/1187/1110
f 1262/1187/1110 1050/1207/1130 1051/1208/1131 1269/1194/1117
f 1269/1194/1117 1051/1208/1131 1052/1209/1132 1276/1201/1124
f 1276/1201/1124 1052/1209/1132 1002/1210/1133 1053/1211/1134
f 1275/1200/1123 1276/1201/1124 1053/1211/1134 1054/1212/1135
f 1274/1199/1122 1275/1200/1123 1054/1212/1135 1055/1213/1136
f 1273/1198/1121 1274/1199/1122 1055/1213/1136 1056/1214/1137
f 1272/1197/1120 1273/1198/1121 1056/1214/1137 1057/1215/1138
f 1271/1195/1118 1272/1197/1120 1057/1215/1138 1058/1216/1139
f 1270/1196/1119 1271/1195/1118 1058/1216/1139 1059/1217/1140
f 1039/1218/1141 1270/1196/1119 1059/1217/1140 1001/1219/1142
f 1040/1220/1143 1263/1189/1112 1270/1196/1119 1039/1218/1141
f 1041/1221/1144 1256/1182/1105 1263/1189/1112 1040/1220/1143
f 1042/1222/1145 1249/1175/1098 1256/1182/1105 1041/1221/1144
f 1043/1223/1146 1242/1168/1091 1249/1175/1098 1042/1222/1145
f 1044/1224/1147 1235/1156/1079 1242/1168/1091 1043/1223/1146
f 1045/1202/1125 1228/1153/1076 1235/1156/1079 1044/1224/1147
f 1277/1225/1148 1278/1226/1149 1285/1227/1150 1284/1228/1151
f 1278/1226/1149 1279/1229/1152 1286/1230/1153 1285/1227/1150
f 1279/1229/1152 1280/1231/1154 1287/1232/1155 1286/1230/1153
f 1280/1231/1154 1281/1233/1156 1288/1234/1157 1287/1232/1155
f 1281/1233/1156 1282/1235/1158 1289/1236/1159 1288/1234/1157
f 1282/1235/1158 1283/1237/1160 1290/1238/1161 1289/1236/1159
f 1284/1228/1151 1285/1227/1150 1292/1239/1162 1291/1240/1163
f 1285/1227/1150 1286/1230/1153 1293/1241/1164 1292/1239/1162
f 1286/1230/1153 1287/1232/1155 1294/1242/1165 1293/1241/1164
f 1287/1232/1155 1288/1234/1157 1295/1243/1166 1294/1242/1165
f 1288/1234/1157 1289/1236/1159 1296/1244/1167 1295/1243/1166
f 1289/1236/1159 1290/1238/1161 1297/1245/1168 1296/1244/1167
f 1291/1240/1163 1292/1239/1162 1299/1246/1169 1298/1247/1170
f 1292/1239/1162 1293/1241/1164 1300/1248/1171 1299/1246/1169
f 1293/1241/1164 1294/1242/1165 1301/1249/1172 1300/1248/1171
f 1294/1242/1165 1295/1243/1166 1302/1250/1173 1301/1249/1172
f 1295/1243/1166 1296/1244/1167 1303/1251/1174 1302/1250/1173
f 1296/1244/1167 1297/1245/1168 1304/1252/1175 1303/1251/1174
f 1298/1247/1170 1299/1246/1169 1306/1253/1176 1305/1254/1177
f 1299/1246/1169 1300/1248/1171 1307/1255/1178 1306/1253/1176
f 1300/1248/1171 1301/1249/1172 1308/1256/1179 1307/1255/1178
f 1301/1249/1172 1302/1250/1173 1309/1257/1180 1308/1256/1179
f 1302/1250/1173 1303/1251/1174 1310/1258/1181 1309/1257/1180
f 1303/1251/1174 1304/1252/1175 1311/1259/1182 1310/1258/1181
f 1305/1254/1177 1306/1253/1176 1313/1260/1183 1312/1261/1184
f 1306/1253/1176 1307/1255/1178 1314/1262/1185 1313/1260/1183
f 1307/1255/1178 1308/1256/1179 1315/1263/1186 1314/1262/1185
f 1308/1256/1179 1309/1257/1180 1316/1264/1187 1315/1263/1186
f 1309/1257/1180 1310/1258/1181 1317/1265/1188 1316/1264/1187
f 1310/1258/1181 1311/1259/1182 1318/1266/1189 1317/1265/1188
f 1312/1261/1184 1313/1260/1183 1320/1267/1190 1319/1268/1191
f 1313/1260/1183 1314/1262/1185 1321/1269/1192 1320/1267/1190
f 1314/1262/1185 1315/1263/1186 1322/1270/1193 1321/1269/1192
f 1315/1263/1186 1316/1264/1187 1323/1271/1194 1322/1270/1193
f 1316/1264/1187 1317/1265/1188 1324/1272/1195 1323/1271/1194
f 1317/1265/1188 1318/1266/1189 1325/1273/1196 1324/1272/1195
f 1001/1219/1142 1059/1217/1140 1277/1225/1148 1066/1274/1197
f 1059/1217/1140 1058/1216/1139 1278/1226/1149 1277/1225/1148
f 1058/1216/1139 1057/1215/1138 1279/1229/1152 1278/1226/1149
f 1057/1215/1138 1056/1214/1137 1280/1231/1154 1279/1229/1152
f 1056/1214/1137 1055/1213/1136 1281/1233/1156 1280/1231/1154
f 1055/1213/1136 1054/1212/1135 1282/1235/1158 1281/1233/1156
f 1054/1212/1135 1053/1211/1134 1283/1237/1160 1282/1235/1158
f 1053/1211/1134 1002/1210/1133 1067/1275/1198 1283/1237/1160
f 1283/1237/1160 1067/1275/1198 1068/1276/1199 1290/1238/1161
f 1290/1238/1161 1068/1276/1199 1069/1277/1200 1297/1245/1168
f 1297/1245/1168 1069/1277/1200 1070/1278/1201 1304/1252/1175
f 1304/1252/1175 1070/1278/1201 1071/1279/1202 1311/1259/1182
f 1311/1259/1182 1071/1279/1202 1072/1280/1203 1318/1266/1189
f 1318/1266/1189 1072/1280/1203 1073/1281/1204 1325/1273/1196
f 1325/1273/1196 1073/1281/1204 1000/1282/1205 1074/1283/1206
f 1324/1272/1195 1325/1273/1196 1074/1283/1206 1075/1284/1207
f 1323/1271/1194 1324/1272/1195 1075/1284/1207 1076/1285/1208
f 1322/1270/1193 1323/1271/1194 1076/1285/1208 1077/1286/1209
f 1321/1269/1192 1322/1270/1193 1077/1286/1209 1078/1287/1210
f 1320/1267/1190 1321/1269/1192 1078/1287/1210 1079/1288/1211
f 1319/1268/1191 1320/1267/1190 1079/1288/1211 1080/1289/1212
f 1060/1290/1213 1319/1268/1191 1080/1289/1212 999/1291/1214
f 1061/1292/1215 1312/1261/1184 1319/1268/1191 1060/1290/1213
f 1062/1293/1216 1305/1254/1177 1312/1261/1184 1061/1292/1215
f 1063/1294/1217 1298/1247/1170 1305/1254/1177 1062/1293/1216
f 1064/1295/1218 1291/1240/1163 1298/1247/1170 1063/1294/1217
f 1065/1296/1219 1284/1228/1151 1291/1240/1163 1064/1295/1218
f 1066/1274/1197 1277/1225/1148 1284/1228/1151 1065/1296/1219
f 1326/1297/1220 1327/1298/1221 1334/1299/1222 1333/1300/1223
f 1327/1298/1221 1328/1301/1224 1335/1302/1225 1334/1299/1222
f 1328/1301/1224 1329/1303/1226 1336/1304/1227 1335/1302/1225
f 1329/1303/1226 1330/1305/1228 1337/1306/1229 1336/1304/1227
f 1330/1305/1228 1331/1307/1230 1338/1308/1231 1337/1306/1229
f 1331/1307/1230 1332/1309/1232 1339/1310/1233 1338/1308/1231
f 1333/1300/1223 1334/1299/1222 1341/1311/1234 1340/1312/1235
f 1334/1299/1222 1335/1302/1225 1342/1313/1236 1341/1311/1234
f 1335/1302/1225 1336/1304/1227 1343/1314/1237 1342/1313/1236
f 1336/1304/1227 1337/1306/1229 1344/1315/1238 1343/1314/1237
f 1337/1306/1229 1338/1308/1231 1345/1316/1239 1344/1315/1238
f 1338/1308/1231 1339/1310/1233 1346/1317/1240 1345/1316/1239
f 1340/1312/1235 1341/1311/1234 1348/1318/1241 1347/1319/1242
f 1341/1311/1234 1342/1313/1236 1349/1320/1243 1348/1318/1241
f 1342/1313/1236 1343/1314/1237 1350/1321/1244 1349/1320/1243
f 1343/1314/1237 1344/1315/1238 1351/1322/1245 1350/1321/1244
f 1344/1315/1238 1345/1316/1239 1352/1323/1246 1351/1322/1245
f 1345/1316/1239 1346/1317/1240 1353/1324/1247 1352/1323/1246
f 1347/1319/1242 1348/1318/1241 1355/1325/1248 1354/1326/1249
f 1348/1318/1241 1349/1320/1243 1356/1327/1250 1355/1325/1248
f 1349/1320/1243 1350/1321/1244 1357/1328/1251 1356/1327/1250
f 1350/1321/1244 1351/1322/1245 1358/1329/1252 1357/1328/1251
f 1351/1322/1245 1352/1323/1246 1359/1330/1253 1358/1329/1252
f 1352/1323/1246 1353/1324/1247 1360/1331/1254 1359/1330/1253
f 1354/1326/1249 1355/1325/1248 1362/1332/1255 1361/1333/1256
f 1355/1325/1248 1356/1327/1250 1363/1334/1257 1362/1332/1255
f 1356/1327/1250 1357/1328/1251 1364/1335/1258 1363/1334/1257
f 1357/1328/1251 1358/1329/1252 1365/1336/1259 1364/1335/1258
f 1358/1329/1252 1359/1330/1253 1366/1337/1260 1365/1336/1259
f 1359/1330/1253 1360/1331/1254 1367/1338/1261 1366/1337/1260
f 1361/1333/1256 1362/1332/1255 1369/1339/1262 1368/1340/1263
f 1362/1332/1255 1363/1334/1257 1370/1341/1264 1369/1339/1262
f 1363/1334/1257 1364/1335/1258 1371/1342/1265 1370/1341/1264
f 1364/1335/1258 1365/1336/1259 1372/1343/1266 1371/1342/1265
f 1365/1336/1259 1366/1337/1260 1373/1344/1267 1372/1343/1266
f 1366/1337/1260 1367/1338/1261 1374/1345/1268 1373/1344/1267
f 999/1291/1214 1080/1289/1212 1326/1297/1220 1087/1346/1269
f 1080/1289/1212 1079/1288/1211 1327/1298/1221 1326/1297/1220
f 1079/1288/1211 1078/1287/1210 1328/1301/1224 1327/1298/1221
f 1078/1287/1210 1077/1286/1209 1329/1303/1226 1328/1301/1224
f 1077/1286/1209 1076/1285/1208 1330/1305/1228 1329/1303/1226
f 1076/1285/1208 1075/1284/1207 1331/1307/1230 1330/1305/1228
f 1075/1284/1207 1074/1283/1206 1332/1309/1232 1331/1307/1230
f 1074/1283/1206 1000/1282/1205 1088/1347/1270 1332/1309/1232
f 1332/1309/1232 1088/1347/1270 1089/1348/1271 1339/1310/1233
f 1339/1310/1233 1089/1348/1271 1090/1349/1272 1346/1317/1240
f 1346/1317/1240 1090/1349/1272 1091/1350/1273 1353/1324/1247
f 1353/1324/1247 1091/1350/1273 1092/1351/1274 1360/1331/1254
f 1360/1331/1254 1092/1351/1274 1093/1352/1275 1367/1338/1261
f 1367/1338/1261 1093/1352/1275 1094/1353/1276 1374/1345/1268
f 1374/1345/1268 1094/1353/1276 996/1354/1053 1024/1355/1052
f 1373/1344/1267 1374/1345/1268 1024/1355/1052 1023/1356/1051
f 1372/1343/1266 1373/1344/1267 1023/1356/1051 1022/1357/1050
f 1371/1342/1265 1372/1343/1266 1022/1357/1050 1021/1358/1049
f 1370/1341/1264 1371/1342/1265 1021/1358/1049 1020/1359/1048
f 1369/1339/1262 1370/1341/1264 1020/1359/1048 1019/1360/1047
f 1368/1340/1263 1369/1339/1262 1019/1360/1047 1018/1361/1045
f 1081/1362/1277 1368/1340/1263 1018/1361/1045 995/1363/1044
f 1082/1364/1278 1361/1333/1256 1368/1340/1263 1081/1362/1277
f 1083/1365/1279 1354/1326/1249 1361/1333/1256 1082/1364/1278
f 1084/1366/1280 1347/1319/1242 1354/1326/1249 1083/1365/1279
f 1085/1367/1281 1340/1312/1235 1347/1319/1242 1084/1366/1280
f 1086/1368/1282 1333/1300/1223 1340/1312/1235 1085/1367/1281
f 1087/1346/1269 1326/1297/1220 1333/1300/1223 1086/1368/1282
f 1375/1369/1283 1376/1370/1284 1383/1371/1285 1382/1372/1286
f 1376/1370/1284 1377/1373/1287 1384/1374/1288 1383/1371/1285
f 1377/1373/1287 1378/1375/1289 1385/1376/1290 1384/1374/1288
f 1378/1375/1289 1379/1377/1291 1386/1378/1292 1385/1376/1290
f 1379/1377/1291 1380/1379/1293 1387/1380/1294 1386/1378/1292
f 1380/1379/1293 1381/1381/1295 1388/1382/1296 1387/1380/1294
f 1382/1372/1286 1383/1371/1285 1390/1383/1297 1389/1384/1298
f 1383/1371/1285 1384/1374/1288 1391/1385/1299 1390/1383/1297
f 1384/1374/1288 1385/1376/1290 1392/1386/1300 1391/1385/1299
f 1385/1376/1290 1386/1378/1292 1393/1387/1301 1392/1386/1300
f 1386/1378/1292 1387/1380/1294 1394/1388/1302 1393/1387/1301
f 1387/1380/1294 1388/1382/1296 1395/1389/1303 1394/1388/1302
f 1389/1384/1298 1390/1383/1297 1397/1390/1304 1396/1391/1305
f 1390/1383/1297 1391/1385/1299 1398/1392/1306 1397/1390/1304
f 1391/1385/1299 1392/1386/1300 1399/1393/1307 1398/1392/1306
f 1392/1386/1300 1393/1387/1301 1400/1394/1308 1399/1393/1307
f 1393/1387/1301 1394/1388/1302 1401/1395/1309 1400/1394/1308
f 1394/1388/1302 1395/1389/1303 1402/1396/1310 1401/1395/1309
f 1396/1391/1305 1397/1390/1304 1404/1397/1311 1403/1398/1312
f 1397/1390/1304 1398/1392/1306 1405/1399/1313 1404/1397/1311
f 1398/1392/1306 1399/1393/1307 1406/1400/1314 1405/1399/1313
f 1399/1393/1307 1400/1394/1308 1407/1401/1315 1406/1400/1314
f 1400/1394/1308 1401/1395/1309 1408/1402/1316 1407/1401/1315
f 1401/1395/1309 1402/1396/1310 1409/1403/1317 1408/1402/1316
f 1403/1398/1312 1404/1397/1311 1411/1404/1318 1410/1405/1319
f 1404/1397/1311 1405/1399/1313 1412/1406/1320 1411/1404/1318
f 1405/1399/1313 1406/1400/1314 1413/1407/1321 1412/1406/1320
f 1406/1400/1314 1407/1401/1315 1414/1408/1322 1413/1407/1321
f 1407/1401/1315 1408/1402/1316 1415/1409/1323 1414/1408/1322
f 1408/1402/1316 1409/1403/1317 1416/1410/1324 1415/1409/1323
f 1410/1405/1319 1411/1404/1318 1418/1411/1325 1417/1412/1326
f 1411/1404/1318 1412/1406/1320 1419/1413/1327 1418/1411/1325
f 1412/1406/1320 1413/1407/1321 1420/1414/1328 1419/1413/1327
f 1413/1407/1321 1414/1408/1322 1421/1415/1329 1420/1414/1328
f 1414/1408/1322 1415/1409/1323 1422/1416/1330 1421/1415/1329
f 1415/1409/1323 1416/1410/1324 1423/1417/1331 1422/1416/1330
f 997/1418/1070 1045/1419/1125 1375/1369/1283 1011/1420/1069
f 1045/1419/1125 1044/1421/1147 1376/1370/1284 1375/1369/1283
f 1044/1421/1147 1043/1422/1146 1377/1373/1287 1376/1370/1284
f 1043/1422/1146 1042/1423/1145 1378/1375/1289 1377/1373/1287
f 1042/1423/1145 1041/1424/1144 1379/1377/1291 1378/1375/1289
f 1041/1424/1144 1040/1425/1143 1380/1379/1293 1379/1377/1291
f 1040/1425/1143 1039/1426/1141 1381/1381/1295 1380/1379/1293
f 1039/1426/1141 1001/1219/1142 1066/1274/1197 1381/1381/1295
f 1381/1381/1295 1066/1274/1197 1065/1296/1219 1388/1382/1296
f 1388/1382/1296 1065/1296/1219 1064/1295/1218 1395/1389/1303
f 1395/1389/1303 1064/1295/1218 1063/1294/1217 1402/1396/1310
f 1402/1396/1310 1063/1294/1217 1062/1293/1216 1409/1403/1317
f 1409/1403/1317 1062/1293/1216 1061/1292/1215 1416/1410/1324
f 1416/1410/1324 1061/1292/1215 1060/1290/1213 1423/1417/1331
f 1423/1417/1331 1060/1290/1213 999/1291/1214 1087/1427/1269
f 1422/1416/1330 1423/1417/1331 1087/1427/1269 1086/1428/1282
f 1421/1415/1329 1422/1416/1330 1086/1428/1282 1085/1429/1281
f 1420/1414/1328 1421/1415/1329 1085/1429/1281 1084/1430/1280
f 1419/1413/1327 1420/1414/1328 1084/1430/1280 1083/1431/1279
f 1418/1411/1325 1419/1413/1327 1083/1431/1279 1082/1432/1278
f 1417/1412/1326 1418/1411/1325 1082/1432/1278 1081/1433/1277
f 1017/1434/1046 1417/1412/1326 1081/1433/1277 995/1435/1044
f 1016/1436/1075 1410/1405/1319 1417/1412/1326 1017/1434/1046
f 1015/1437/1074 1403/1398/1312 1410/1405/1319 1016/1436/1075
f 1014/1438/1073 1396/1391/1305 1403/1398/1312 1015/1437/1074
f 1013/1439/1072 1389/1384/1298 1396/1391/1305 1014/1438/1073
f 1012/1440/1071 1382/1372/1286 1389/1384/1298 1013/1439/1072
f 1011/1420/1069 1375/1369/1283 1382/1372/1286 1012/1440/1071
f 1424/1441/1332 1425/1442/1333 1432/1443/1334 1431/1444/1335
f 1425/1442/1333 1426/1445/1336 1433/1446/1337 1432/1443/1334
f 1426/1445/1336 1427/1447/1338 1434/1448/1339 1433/1446/1337
f 1427/1447/1338 1428/1449/1340 1435/1450/1341 1434/1448/1339
f 1428/1449/1340 1429/1451/1342 1436/1452/1343 1435/1450/1341
f 1429/1451/1342 1430/1453/1344 1437/1454/1345 1436/1452/1343
f 1431/1444/1335 1432/1443/1334 1439/1455/1346 1438/1456/1347
f 1432/1443/1334 1433/1446/1337 1440/1457/1348 1439/1455/1346
f 1433/1446/1337 1434/1448/1339 1441/1458/1349 1440/1457/1348
f 1434/1448/1339 1435/1450/1341 1442/1459/1350 1441/1458/1349
f 1435/1450/1341 1436/1452/1343 1443/1460/1351 1442/1459/1350
f 1436/1452/1343 1437/1454/1345 1444/1461/1352 1443/1460/1351
f 1438/1456/1347 1439/1455/1346 1446/1462/1353 1445/1463/1354
f 1439/1455/1346 1440/1457/1348 1447/1464/1355 1446/1462/1353
f 1440/1457/1348 1441/1458/1349 1448/1465/1356 1447/1464/1355
f 1441/1458/1349 1442/1459/1350 1449/1466/1357 1448/1465/1356
f 1442/1459/1350 1443/1460/1351 1450/1467/1358 1449/1466/1357
f 1443/1460/1351 1444/1461/1352 1451/1468/1359 1450/1467/1358
f 1445/1463/1354 1446/1462/1353 1453/1469/1360 1452/1470/1361
f 1446/1462/1353 1447/1464/1355 1454/1471/1362 1453/1469/1360
f 1447/1464/1355 1448/1465/1356 1455/1472/1363 1454/1471/1362
f 1448/1465/1356 1449/1466/1357 1456/1473/1364 1455/1472/1363
f 1449/1466/1357 1450/1467/1358 1457/1474/1365 1456/1473/1364
f 1450/1467/1358 1451/1468/1359 1458/1475/1366 1457/1474/1365
f 1452/1470/1361 1453/1469/1360 1460/1476/1367 1459/1477/1368
f 1453/1469/1360 1454/1471/1362 1461/1478/1369 1460/1476/1367
f 1454/1471/1362 1455/1472/1363 1462/1479/1370 1461/1478/1369
f 1455/1472/1363 1456/1473/1364 1463/1480/1371 1462/1479/1370
f 1456/1473/1364 1457/1474/1365 1464/1481/1372 1463/1480/1371
f 1457/1474/1365 1458/1475/1366 1465/1482/1373 1464/1481/1372
f 1459/1477/1368 1460/1476/1367 1467/1483/1374 1466/1484/1375
f 1460/1476/1367 1461/1478/1369 1468/1485/1376 1467/1483/1374
f 1461/1478/1369 1462/1479/1370 1469/1486/1377 1468/1485/1376
f 1462/1479/1370 1463/1480/1371 1470/1487/1378 1469/1486/1377
f 1463/1480/1371 1464/1481/1372 1471/1488/1379 1470/1487/1378
f 1464/1481/1372 1465/1482/1373 1472/1489/1380 1471/1488/1379
f 1002/1210/1133 1052/1490/1132 1424/1441/1332 1067/1275/1198
f 1052/1490/1132 1051/1491/1131 1425/1442/1333 1424/1441/1332
f 1051/1491/1131 1050/1492/1130 1426/1445/1336 1425/1442/1333
f 1050/1492/1130 1049/1493/1129 1427/1447/1338 1426/1445/1336
f 1049/1493/1129 1048/1494/1128 1428/1449/1340 1427/1447/1338
f 1048/1494/1128 1047/1495/1127 1429/1451/1342 1428/1449/1340
f 1047/1495/1127 1046/1496/1126 1430/1453/1344 1429/1451/1342
f 1046/1496/1126 998/1497/1061 1031/1498/1060 1430/1453/1344
f 1430/1453/1344 1031/1498/1060 1030/1499/1059 1437/1454/1345
f 1437/1454/1345 1030/1499/1059 1029/1500/1058 1444/1461/1352
f 1444/1461/1352 1029/1500/1058 1028/1501/1057 1451/1468/1359
f 1451/1468/1359 1028/1501/1057 1027/1502/1056 1458/1475/1366
f 1458/1475/1366 1027/1502/1056 1026/1503/1055 1465/1482/1373
f 1465/1482/1373 1026/1503/1055 1025/1504/1054 1472/1489/1380
f 1472/1489/1380 1025/1504/1054 996/1505/1053 1094/1506/1276
f 1471/1488/1379 1472/1489/1380 1094/1506/1276 1093/1507/1275
f 1470/1487/1378 1471/1488/1379 1093/1507/1275 1092/1508/1274
f 1469/1486/1377 1470/1487/1378 1092/1508/1274 1091/1509/1273
f 1468/1485/1376 1469/1486/1377 1091/1509/1273 1090/1510/1272
f 1467/1483/1374 1468/1485/1376 1090/1510/1272 1089/1511/1271
f 1466/1484/1375 1467/1483/1374 1089/1511/1271 1088/1512/1270
f 1073/1281/1204 1466/1484/1375 1088/1512/1270 1000/1282/1205
f 1072/1280/1203 1459/1477/1368 1466/1484/1375 1073/1281/1204
f 1071/1279/1202 1452/1470/1361 1459/1477/1368 1072/1280/1203
f 1070/1278/1201 1445/1463/1354 1452/1470/1361 1071/1279/1202
f 1069/1277/1200 1438/1456/1347 1445/1463/1354 1070/1278/1201
f 1068/1276/1199 1431/1444/1335 1438/1456/1347 1069/1277/1200
f 1067/1275/1198 1424/1441/1332 1431/1444/1335 1068/1276/1199
f 1473/1513/1381 1474/1514/1382 1481/1515/1383 1480/1516/1384
f 1474/1514/1382 1475/1517/1385 1482/1518/1386 1481/1515/1383
f 1475/1517/1385 1476/1519/1387 1483/1520/1388 1482/1518/1386
f 1476/1519/1387 1477/1521/1389 1484/1522/1390 1483/1520/1388
f 1477/1521/1389 1478/1523/1391 1485/1524/1392 1484/1522/1390
f 1478/1523/1391 1479/1525/1393 1486/1526/1394 1485/1524/1392
f 1480/1516/1384 1481/1515/1383 1488/1527/1395 1487/1076/1396
f 1481/1515/1383 1482/1518/1386 1489/1088/1397 1488/1527/1395
f 1482/1518/1386 1483/1520/1388 1490/1095/1398 1489/1088/1397
f 1483/1520/1388 1484/1522/1390 1491/1528/1399 1490/1095/1398
f 1484/1522/1390 1485/1524/1392 1492/1109/1400 1491/1528/1399
f 1485/1524/1392 1486/1526/1394 1493/1116/1401 1492/1109/1400
f 1487/1076/1396 1488/1527/1395 1495/1529/1402 1494/1078/1403
f 1488/1527/1395 1489/1088/1397 1496/1530/1404 1495/1529/1402
f 1489/1088/1397 1490/1095/1398 1497/1096/1405 1496/1530/1404
f 1490/1095/1398 1491/1528/1399 1498/1531/1406 1497/1096/1405
f 1491/1528/1399 1492/1109/1400 1499/1532/1407 1498/1531/1406
f 1492/1109/1400 1493/1116/1401 1500/1533/1408 1499/1532/1407
f 1494/1078/1403 1495/1529/1402 1502/1534/1409 1501/1080/1410
f 1495/1529/1402 1496/1530/1404 1503/1090/1411 1502/1534/1409
f 1496/1530/1404 1497/1096/1405 1504/1535/1412 1503/1090/1411
f 1497/1096/1405 1498/1531/1406 1505/1536/1413 1504/1535/1412
f 1498/1531/1406 1499/1532/1407 1506/1537/1414 1505/1536/1413
f 1499/1532/1407 1500/1533/1408 1507/1118/1415 1506/1537/1414
f 1501/1080/1410 1502/1534/1409 1509/1538/1416 1508/1539/1417
f 1502/1534/1409 1503/1090/1411 1510/1540/1418 1509/1538/1416
f 1503/1090/1411 1504/1535/1412 1511/1098/1419 1510/1540/1418
f 1504/1535/1412 1505/1536/1413 1512/1541/1420 1511/1098/1419
f 1505/1536/1413 1506/1537/1414 1513/1542/1421 1512/1541/1420
f 1506/1537/1414 1507/1118/1415 1514/1543/1422 1513/1542/1421
f 1508/1539/1417 1509/1538/1416 1516/1085/1423 1515/1544/1424
f 1509/1538/1416 1510/1540/1418 1517/1092/1425 1516/1085/1423
f 1510/1540/1418 1511/1098/1419 1518/1099/1426 1517/1092/1425
f 1511/1098/1419 1512/1541/1420 1519/1106/1427 1518/1099/1426
f 1512/1541/1420 1513/1542/1421 1520/1545/1428 1519/1106/1427
f 1513/1542/1421 1514/1543/1422 1521/1120/1429 1520/1545/1428
f 1003/1121/1430 1101/1123/1431 1473/1513/1381 1102/1122/1432
f 1101/1123/1431 1100/1152/1433 1474/1514/1382 1473/1513/1381
f 1100/1152/1433 1099/1151/1434 1475/1517/1385 1474/1514/1382
f 1099/1151/1434 1098/1150/1435 1476/1519/1387 1475/1517/1385
f 1098/1150/1435 1097/1149/1436 1477/1521/1389 1476/1519/1387
f 1097/1149/1436 1096/1148/1437 1478/1523/1391 1477/1521/1389
f 1096/1148/1437 1095/1146/1438 1479/1525/1393 1478/1523/1391
f 1095/1146/1438 1005/1147/1439 1122/1546/1440 1479/1525/1393
f 1479/1525/1393 1122/1546/1440 1121/1547/1441 1486/1526/1394
f 1486/1526/1394 1121/1547/1441 1120/1143/1442 1493/1116/1401
f 1493/1116/1401 1120/1143/1442 1119/1142/1443 1500/1533/1408
f 1500/1533/1408 1119/1142/1443 1118/1548/1444 1507/1118/1415
f 1507/1118/1415 1118/1548/1444 1117/1549/1445 1514/1543/1422
f 1514/1543/1422 1117/1549/1445 1116/1550/1446 1521/1120/1429
f 1521/1120/1429 1116/1550/1446 1006/1138/1447 1115/1137/1448
f 1520/1545/1428 1521/1120/1429 1115/1137/1448 1114/1136/1449
f 1519/1106/1427 1520/1545/1428 1114/1136/1449 1113/1135/1450
f 1518/1099/1426 1519/1106/1427 1113/1135/1450 1112/1134/1451
f 1517/1092/1425 1518/1099/1426 1112/1134/1451 1111/1133/1452
f 1516/1085/1423 1517/1092/1425 1111/1133/1452 1110/1132/1453
f 1515/1544/1424 1516/1085/1423 1110/1132/1453 1109/1131/1454
f 1108/1129/1455 1515/1544/1424 1109/1131/1454 1004/1130/1456
f 1107/1128/1457 1508/1539/1417 1515/1544/1424 1108/1129/1455
f 1106/1127/1458 1501/1080/1410 1508/1539/1417 1107/1128/1457
f 1105/1126/1459 1494/1078/1403 1501/1080/1410 1106/1127/1458
f 1104/1125/1460 1487/1076/1396 1494/1078/1403 1105/1126/1459
f 1103/1124/1461 1480/1516/1384 1487/1076/1396 1104/1125/1460
f 1102/1122/1432 1473/1513/1381 1480/1516/1384 1103/1124/1461
f 1522/1551/1462 1523/1552/1463 1530/1553/1464 1529/1554/1465
f 1523/1552/1463 1524/1555/1466 1531/1556/1467 1530/1553/1464
f 1524/1555/1466 1525/1557/1468 1532/1558/1469 1531/1556/1467
f 1525/1557/1468 1526/1559/1470 1533/1560/1471 1532/1558/1469
f 1526/1559/1470 1527/1561/1472 1534/1562/1473 1533/1560/1471
f 1527/1561/1472 1528/1563/1474 1535/1564/1475 1534/1562/1473
f 1529/1554/1465 1530/1553/1464 1537/1158/1476 1536/1157/1477
f 1530/1553/1464 1531/1556/1467 1538/1169/1478 1537/1158/1476
f 1531/1556/1467 1532/1558/1469 1539/1565/1479 1538/1169/1478
f 1532/1558/1469 1533/1560/1471 1540/1183/1480 1539/1565/1479
f 1533/1560/1471 1534/1562/1473 1541/1566/1481 1540/1183/1480
f 1534/1562/1473 1535/1564/1475 1542/1197/1482 1541/1566/1481
f 1536/1157/1477 1537/1158/1476 1544/1567/1483 1543/1159/1484
f 1537/1158/1476 1538/1169/1478 1545/1568/1485 1544/1567/1483
f 1538/1169/1478 1539/1565/1479 1546/1177/1486 1545/1568/1485
f 1539/1565/1479 1540/1183/1480 1547/1184/1487 1546/1177/1486
f 1540/1183/1480 1541/1566/1481 1548/1569/1488 1547/1184/1487
f 1541/1566/1481 1542/1197/1482 1549/1198/1489 1548/1569/1488
f 1543/1159/1484 1544/1567/1483 1551/1570/1490 1550/1161/1491
f 1544/1567/1483 1545/1568/1485 1552/1171/1492 1551/1570/1490
f 1545/1568/1485 1546/1177/1486 1553/1571/1493 1552/1171/1492
f 1546/1177/1486 1547/1184/1487 1554/1185/1494 1553/1571/1493
f 1547/1184/1487 1548/1569/1488 1555/1572/1495 1554/1185/1494
f 1548/1569/1488 1549/1198/1489 1556/1199/1496 1555/1572/1495
f 1550/1161/1491 1551/1570/1490 1558/1573/1497 1557/1574/1498
f 1551/1570/1490 1552/1171/1492 1559/1575/1499 1558/1573/1497
f 1552/1171/1492 1553/1571/1493 1560/1179/1500 1559/1575/1499
f 1553/1571/1493 1554/1185/1494 1561/1576/1501 1560/1179/1500
f 1554/1185/1494 1555/1572/1495 1562/1577/1502 1561/1576/1501
f 1555/1572/1495 1556/1199/1496 1563/1578/1503 1562/1577/1502
f 1557/1574/1498 1558/1573/1497 1565/1579/1504 1564/1580/1505
f 1558/1573/1497 1559/1575/1499 1566/1581/1506 1565/1579/1504
f 1559/1575/1499 1560/1179/1500 1567/1180/1507 1566/1581/1506
f 1560/1179/1500 1561/1576/1501 1568/1187/1508 1567/1180/1507
f 1561/1576/1501 1562/1577/1502 1569/1582/1509 1568/1187/1508
f 1562/1577/1502 1563/1578/1503 1570/1201/1510 1569/1582/1509
f 1005/1147/1439 1129/1202/1511 1522/1551/1462 1122/1546/1440
f 1129/1202/1511 1128/1224/1512 1523/1552/1463 1522/1551/1462
f 1128/1224/1512 1127/1223/1513 1524/1555/1466 1523/1552/1463
f 1127/1223/1513 1126/1222/1514 1525/1557/1468 1524/1555/1466
f 1126/1222/1514 1125/1221/1515 1526/1559/1470 1525/1557/1468
f 1125/1221/1515 1124/1220/1516 1527/1561/1472 1526/1559/1470
f 1124/1220/1516 1123/1218/1517 1528/1563/1474 1527/1561/1472
f 1123/1218/1517 1009/1219/1518 1143/1583/1519 1528/1563/1474
f 1528/1563/1474 1143/1583/1519 1142/1584/1520 1535/1564/1475
f 1535/1564/1475 1142/1584/1520 1141/1215/1521 1542/1197/1482
f 1542/1197/1482 1141/1215/1521 1140/1214/1522 1549/1198/1489
f 1549/1198/1489 1140/1214/1522 1139/1585/1523 1556/1199/1496
f 1556/1199/1496 1139/1585/1523 1138/1586/1524 1563/1578/1503
f 1563/1578/1503 1138/1586/1524 1137/1211/1525 1570/1201/1510
f 1570/1201/1510 1137/1211/1525 1010/1210/1526 1136/1209/1527
f 1569/1582/1509 1570/1201/1510 1136/1209/1527 1135/1208/1528
f 1568/1187/1508 1569/1582/1509 1135/1208/1528 1134/1207/1529
f 1567/1180/1507 1568/1187/1508 1134/1207/1529 1133/1206/1530
f 1566/1581/1506 1567/1180/1507 1133/1206/1530 1132/1205/1531
f 1565/1579/1504 1566/1581/1506 1132/1205/1531 1131/1204/1532
f 1564/1580/1505 1565/1579/1504 1131/1204/1532 1130/1203/1533
f 1116/1550/1446 1564/1580/1505 1130/1203/1533 1006/1138/1447
f 1117/1549/1445 1557/1574/1498 1564/1580/1505 1116/1550/1446
f 1118/1548/1444 1550/1161/1491 1557/1574/1498 1117/1549/1445
f 1119/1142/1443 1543/1159/1484 1550/1161/1491 1118/1548/1444
f 1120/1143/1442 1536/1157/1477 1543/1159/1484 1119/1142/1443
f 1121/1547/1441 1529/1554/1465 1536/1157/1477 1120/1143/1442
f 1122/1546/1440 1522/1551/1462 1529/1554/1465 1121/1547/1441
f 1571/1587/1534 1572/1588/1535 1579/1589/1536 1578/1590/1537
f 1572/1588/1535 1573/1591/1538 1580/1592/1539 1579/1589/1536
f 1573/1591/1538 1574/1593/1540 1581/1594/1541 1580/1592/1539
f 1574/1593/1540 1575/1254/1542 1582/1595/1543 1581/1594/1541
f 1575/1254/1542 1576/1596/1544 1583/1597/1545 1582/1595/1543
f 1576/1596/1544 1577/1598/1546 1584/1599/1547 1583/1597/1545
f 1578/1590/1537 1579/1589/1536 1586/1600/1548 1585/1229/1549
f 1579/1589/1536 1580/1592/1539 1587/1601/1550 1586/1600/1548
f 1580/1592/1539 1581/1594/1541 1588/1602/1551 1587/1601/1550
f 1581/1594/1541 1582/1595/1543 1589/1255/1552 1588/1602/1551
f 1582/1595/1543 1583/1597/1545 1590/1262/1553 1589/1255/1552
f 1583/1597/1545 1584/1599/1547 1591/1269/1554 1590/1262/1553
f 1585/1229/1549 1586/1600/1548 1593/1232/1555 1592/1603/1556
f 1586/1600/1548 1587/1601/1550 1594/1604/1557 1593/1232/1555
f 1587/1601/1550 1588/1602/1551 1595/1249/1558 1594/1604/1557
f 1588/1602/1551 1589/1255/1552 1596/1256/1559 1595/1249/1558
f 1589/1255/1552 1590/1262/1553 1597/1263/1560 1596/1256/1559
f 1590/1262/1553 1591/1269/1554 1598/1605/1561 1597/1263/1560
f 1592/1603/1556 1593/1232/1555 1600/1606/1562 1599/1233/1563
f 1593/1232/1555 1594/1604/1557 1601/1607/1564 1600/1606/1562
f 1594/1604/1557 1595/1249/1558 1602/1608/1565 1601/1607/1564
f 1595/1249/1558 1596/1256/1559 1603/1257/1566 1602/1608/1565
f 1596/1256/1559 1597/1263/1560 1604/1609/1567 1603/1257/1566
f 1597/1263/1560 1598/1605/1561 1605/1271/1568 1604/1609/1567
f 1599/1233/1563 1600/1606/1562 1607/1236/1569 1606/1610/1570
f 1600/1606/1562 1601/1607/1564 1608/1611/1571 1607/1236/1569
f 1601/1607/1564 1602/1608/1565 1609/1251/1572 1608/1611/1571
f 1602/1608/1565 1603/1257/1566 1610/1612/1573 1609/1251/1572
f 1603/1257/1566 1604/1609/1567 1611/1613/1574 1610/1612/1573
f 1604/1609/1567 1605/1271/1568 1612/1614/1575 1611/1613/1574
f 1606/1610/1570 1607/1236/1569 1614/1615/1576 1613/1616/1577
f 1607/1236/1569 1608/1611/1571 1615/1617/1578 1614/1615/1576
f 1608/1611/1571 1609/1251/1572 1616/1618/1579 1615/1617/1578
f 1609/1251/1572 1610/1612/1573 1617/1619/1580 1616/1618/1579
f 1610/1612/1573 1611/1613/1574 1618/1620/1581 1617/1619/1580
f 1611/1613/1574 1612/1614/1575 1619/1273/1582 1618/1620/1581
f 1009/1219/1518 1150/1274/1583 1571/1587/1534 1143/1583/1519
f 1150/1274/1583 1149/1296/1584 1572/1588/1535 1571/1587/1534
f 1149/1296/1584 1148/1621/1585 1573/1591/1538 1572/1588/1535
f 1148/1621/1585 1147/1294/1586 1574/1593/1540 1573/1591/1538
f 1147/1294/1586 1146/1622/1587 1575/1254/1542 1574/1593/1540
f 1146/1622/1587 1145/1292/1588 1576/1596/1544 1575/1254/1542
f 1145/1292/1588 1144/1290/1589 1577/1598/1546 1576/1596/1544
f 1144/1290/1589 1007/1291/1590 1164/1623/1591 1577/1598/1546
f 1577/1598/1546 1164/1623/1591 1163/1624/1592 1584/1599/1547
f 1584/1599/1547 1163/1624/1592 1162/1287/1593 1591/1269/1554
f 1591/1269/1554 1162/1287/1593 1161/1286/1594 1598/1605/1561
f 1598/1605/1561 1161/1286/1594 1160/1625/1595 1605/1271/1568
f 1605/1271/1568 1160/1625/1595 1159/1626/1596 1612/1614/1575
f 1612/1614/1575 1159/1626/1596 1158/1283/1597 1619/1273/1582
f 1619/1273/1582 1158/1283/1597 1008/1282/1598 1157/1281/1599
f 1618/1620/1581 1619/1273/1582 1157/1281/1599 1156/1280/1600
f 1617/1619/1580 1618/1620/1581 1156/1280/1600 1155/1627/1601
f 1616/1618/1579 1617/1619/1580 1155/1627/1601 1154/1278/1602
f 1615/1617/1578 1616/1618/1579 1154/1278/1602 1153/1628/1603
f 1614/1615/1576 1615/1617/1578 1153/1628/1603 1152/1276/1604
f 1613/1616/1577 1614/1615/1576 1152/1276/1604 1151/1275/1605
f 1137/1211/1525 1613/1616/1577 1151/1275/1605 1010/1210/1526
f 1138/1586/1524 1606/1610/1570 1613/1616/1577 1137/1211/1525
f 1139/1585/1523 1599/1233/1563 1606/1610/1570 1138/1586/1524
f 1140/1214/1522 1592/1603/1556 1599/1233/1563 1139/1585/1523
f 1141/1215/1521 1585/1229/1549 1592/1603/1556 1140/1214/1522
f 1142/1584/1520 1578/1590/1537 1585/1229/1549 1141/1215/1521
f 1143/1583/1519 1571/1587/1534 1578/1590/1537 1142/1584/1520
f 1620/1629/1606 1621/1630/1607 1628/1631/1608 1627/1632/1609
f 1621/1630/1607 1622/1633/1610 1629/1634/1611 1628/1631/1608
f 1622/1633/1610 1623/1635/1612 1630/1636/1613 1629/1634/1611
f 1623/1635/1612 1624/1326/1614 1631/1637/1615 1630/1636/1613
f 1624/1326/1614 1625/1638/1616 1632/1639/1617 1631/1637/1615
f 1625/1638/1616 1626/1640/1618 1633/1641/1619 1632/1639/1617
f 1627/1632/1609 1628/1631/1608 1635/1642/1620 1634/1301/1621
f 1628/1631/1608 1629/1634/1611 1636/1643/1622 1635/1642/1620
f 1629/1634/1611 1630/1636/1613 1637/1320/1623 1636/1643/1622
f 1630/1636/1613 1631/1637/1615 1638/1644/1624 1637/1320/1623
f 1631/1637/1615 1632/1639/1617 1639/1334/1625 1638/1644/1624
f 1632/1639/1617 1633/1641/1619 1640/1645/1626 1639/1334/1625
f 1634/1301/1621 1635/1642/1620 1642/1646/1627 1641/1303/1628
f 1635/1642/1620 1636/1643/1622 1643/1314/1629 1642/1646/1627
f 1636/1643/1622 1637/1320/1623 1644/1321/1630 1643/1314/1629
f 1637/1320/1623 1638/1644/1624 1645/1647/1631 1644/1321/1630
f 1638/1644/1624 1639/1334/1625 1646/1648/1632 1645/1647/1631
f 1639/1334/1625 1640/1645/1626 1647/1342/1633 1646/1648/1632
f 1641/1303/1628 1642/1646/1627 1649/1649/1634 1648/1305/1635
f 1642/1646/1627 1643/1314/1629 1650/1650/1636 1649/1649/1634
f 1643/1314/1629 1644/1321/1630 1651/1651/1637 1650/1650/1636
f 1644/1321/1630 1645/1647/1631 1652/1652/1638 1651/1651/1637
f 1645/1647/1631 1646/1648/1632 1653/1653/1639 1652/1652/1638
f 1646/1648/1632 1647/1342/1633 1654/1654/1640 1653/1653/1639
f 1648/1305/1635 1649/1649/1634 1656/1655/1641 1655/1656/1642
f 1649/1649/1634 1650/1650/1636 1657/1657/1643 1656/1655/1641
f 1650/1650/1636 1651/1651/1637 1658/1323/1644 1657/1657/1643
f 1651/1651/1637 1652/1652/1638 1659/1658/1645 1658/1323/1644
f 1652/1652/1638 1653/1653/1639 1660/1659/1646 1659/1658/1645
f 1653/1653/1639 1654/1654/1640 1661/1660/1647 1660/1659/1646
f 1655/1656/1642 1656/1655/1641 1663/1310/1648 1662/1661/1649
f 1656/1655/1641 1657/1657/1643 1664/1317/1650 1663/1310/1648
f 1657/1657/1643 1658/1323/1644 1665/1324/1651 1664/1317/1650
f 1658/1323/1644 1659/1658/1645 1666/1662/1652 1665/1324/1651
f 1659/1658/1645 1660/1659/1646 1667/1663/1653 1666/1662/1652
f 1660/1659/1646 1661/1660/1647 1668/1664/1654 1667/1663/1653
f 1007/1291/1590 1171/1346/1655 1620/1629/1606 1164/1623/1591
f 1171/1346/1655 1170/1368/1656 1621/1630/1607 1620/1629/1606
f 1170/1368/1656 1169/1367/1657 1622/1633/1610 1621/1630/1607
f 1169/1367/1657 1168/1366/1658 1623/1635/1612 1622/1633/1610
f 1168/1366/1658 1167/1365/1659 1624/1326/1614 1623/1635/1612
f 1167/1365/1659 1166/1364/1660 1625/1638/1616 1624/1326/1614
f 1166/1364/1660 1165/1362/1661 1626/1640/1618 1625/1638/1616
f 1165/1362/1661 1003/1363/1430 1102/1361/1432 1626/1640/1618
f 1626/1640/1618 1102/1361/1432 1103/1360/1461 1633/1641/1619
f 1633/1641/1619 1103/1360/1461 1104/1359/1460 1640/1645/1626
f 1640/1645/1626 1104/1359/1460 1105/1358/1459 1647/1342/1633
f 1647/1342/1633 1105/1358/1459 1106/1357/1458 1654/1654/1640
f 1654/1654/1640 1106/1357/1458 1107/1356/1457 1661/1660/1647
f 1661/1660/1647 1107/1356/1457 1108/1355/1455 1668/1664/1654
f 1668/1664/1654 1108/1355/1455 1004/1354/1456 1178/1353/1662
f 1667/1663/1653 1668/1664/1654 1178/1353/1662 1177/1352/1663
f 1666/1662/1652 1667/1663/1653 1177/1352/1663 1176/1351/1664
f 1665/1324/1651 1666/1662/1652 1176/1351/1664 1175/1350/1665
f 1664/1317/1650 1665/1324/1651 1175/1350/1665 1174/1349/1666
f 1663/1310/1648 1664/1317/1650 1174/1349/1666 1173/1348/1667
f 1662/1661/1649 1663/1310/1648 1173/1348/1667 1172/1347/1668
f 1158/1283/1597 1662/1661/1649 1172/1347/1668 1008/1282/1598
f 1159/1626/1596 1655/1656/1642 1662/1661/1649 1158/1283/1597
f 1160/1625/1595 1648/1305/1635 1655/1656/1642 1159/1626/1596
f 1161/1286/1594 1641/1303/1628 1648/1305/1635 1160/1625/1595
f 1162/1287/1593 1634/1301/1621 1641/1303/1628 1161/1286/1594
f 1163/1624/1592 1627/1632/1609 1634/1301/1621 1162/1287/1593
f 1164/1623/1591 1620/1629/1606 1627/1632/1609 1163/1624/1592
f 1669/1665/1669 1670/1666/1670 1677/1667/1671 1676/1668/1672
f 1670/1666/1670 1671/1669/1673 1678/1670/1674 1677/1667/1671
f 1671/1669/1673 1672/1671/1675 1679/1672/1676 1678/1670/1674
f 1672/1671/1675 1673/1673/1677 1680/1397/1678 1679/1672/1676
f 1673/1673/1677 1674/1674/1679 1681/1675/1680 1680/1397/1678
f 1674/1674/1679 1675/1676/1681 1682/1677/1682 1681/1675/1680
f 1676/1668/1672 1677/1667/1671 1684/1678/1683 1683/1679/1684
f 1677/1667/1671 1678/1670/1674 1685/1680/1685 1684/1678/1683
f 1678/1670/1674 1679/1672/1676 1686/1681/1686 1685/1680/1685
f 1679/1672/1676 1680/1397/1678 1687/1399/1687 1686/1681/1686
f 1680/1397/1678 1681/1675/1680 1688/1682/1688 1687/1399/1687
f 1681/1675/1680 1682/1677/1682 1689/1683/1689 1688/1682/1688
f 1683/1679/1684 1684/1678/1683 1691/1376/1690 1690/1375/1691
f 1684/1678/1683 1685/1680/1685 1692/1684/1692 1691/1376/1690
f 1685/1680/1685 1686/1681/1686 1693/1393/1693 1692/1684/1692
f 1686/1681/1686 1687/1399/1687 1694/1400/1694 1693/1393/1693
f 1687/1399/1687 1688/1682/1688 1695/1407/1695 1694/1400/1694
f 1688/1682/1688 1689/1683/1689 1696/1414/1696 1695/1407/1695
f 1690/1375/1691 1691/1376/1690 1698/1685/1697 1697/1686/1698
f 1691/1376/1690 1692/1684/1692 1699/1687/1699 1698/1685/1697
f 1692/1684/1692 1693/1393/1693 1700/1688/1700 1699/1687/1699
f 1693/1393/1693 1694/1400/1694 1701/1401/1701 1700/1688/1700
f 1694/1400/1694 1695/1407/1695 1702/1408/1702 1701/1401/1701
f 1695/1407/1695 1696/1414/1696 1703/1689/1703 1702/1408/1702
f 1697/1686/1698 1698/1685/1697 1705/1690/1704 1704/1379/1705
f 1698/1685/1697 1699/1687/1699 1706/1691/1706 1705/1690/1704
f 1699/1687/1699 1700/1688/1700 1707/1692/1707 1706/1691/1706
f 1700/1688/1700 1701/1401/1701 1708/1402/1708 1707/1692/1707
f 1701/1401/1701 1702/1408/1702 1709/1409/1709 1708/1402/1708
f 1702/1408/1702 1703/1689/1703 1710/1693/1710 1709/1409/1709
f 1704/1379/1705 1705/1690/1704 1712/1694/1711 1711/1381/1712
f 1705/1690/1704 1706/1691/1706 1713/1695/1713 1712/1694/1711
f 1706/1691/1706 1707/1692/1707 1714/1696/1714 1713/1695/1713
f 1707/1692/1707 1708/1402/1708 1715/1403/1715 1714/1696/1714
f 1708/1402/1708 1709/1409/1709 1716/1410/1716 1715/1403/1715
f 1709/1409/1709 1710/1693/1710 1717/1417/1717 1716/1410/1716
f 1005/1418/1439 1095/1420/1438 1669/1665/1669 1129/1419/1511
f 1095/1420/1438 1096/1440/1437 1670/1666/1670 1669/1665/1669
f 1096/1440/1437 1097/1439/1436 1671/1669/1673 1670/1666/1670
f 1097/1439/1436 1098/1438/1435 1672/1671/1675 1671/1669/1673
f 1098/1438/1435 1099/1437/1434 1673/1673/1677 1672/1671/1675
f 1099/1437/1434 1100/1436/1433 1674/1674/1679 1673/1673/1677
f 1100/1436/1433 1101/1434/1431 1675/1676/1681 1674/1674/1679
f 1101/1434/1431 1003/1435/1430 1165/1433/1661 1675/1676/1681
f 1675/1676/1681 1165/1433/1661 1166/1432/1660 1682/1677/1682
f 1682/1677/1682 1166/1432/1660 1167/1431/1659 1689/1683/1689
f 1689/1683/1689 1167/1431/1659 1168/1430/1658 1696/1414/1696
f 1696/1414/1696 1168/1430/1658 1169/1429/1657 1703/1689/1703
f 1703/1689/1703 1169/1429/1657 1170/1428/1656 1710/1693/1710
f 1710/1693/1710 1170/1428/1656 1171/1427/1655 1717/1417/1717
f 1717/1417/1717 1171/1427/1655 1007/1291/1590 1144/1290/1589
f 1716/1410/1716 1717/1417/1717 1144/1290/1589 1145/1292/1588
f 1715/1403/1715 1716/1410/1716 1145/1292/1588 1146/1622/1587
f 1714/1696/1714 1715/1403/1715 1146/1622/1587 1147/1294/1586
f 1713/1695/1713 1714/1696/1714 1147/1294/1586 1148/1621/1585
f 1712/1694/1711 1713/1695/1713 1148/1621/1585 1149/1296/1584
f 1711/1381/1712 1712/1694/1711 1149/1296/1584 1150/1274/1583
f 1123/1426/1517 1711/1381/1712 1150/1274/1583 1009/1219/1518
f 1124/1425/1516 1704/1379/1705 1711/1381/1712 1123/1426/1517
f 1125/1424/1515 1697/1686/1698 1704/1379/1705 1124/1425/1516
f 1126/1423/1514 1690/1375/1691 1697/1686/1698 1125/1424/1515
f 1127/1422/1513 1683/1679/1684 1690/1375/1691 1126/1423/1514
f 1128/1421/1512 1676/1668/1672 1683/1679/1684 1127/1422/1513
f 1129/1419/1511 1669/1665/1669 1676/1668/1672 1128/1421/1512
f 1718/1441/1718 1719/1697/1719 1726/1443/1720 1725/1698/1721
f 1719/1697/1719 1720/1699/1722 1727/1700/1723 1726/1443/1720
f 1720/1699/1722 1721/1701/1724 1728/1462/1725 1727/1700/1723
f 1721/1701/1724 1722/1470/1726 1729/1469/1727 1728/1462/1725
f 1722/1470/1726 1723/1477/1728 1730/1476/1729 1729/1469/1727
f 1723/1477/1728 1724/1702/1730 1731/1483/1731 1730/1476/1729
f 1725/1698/1721 1726/1443/1720 1733/1703/1732 1732/1704/1733
f 1726/1443/1720 1727/1700/1723 1734/1705/1734 1733/1703/1732
f 1727/1700/1723 1728/1462/1725 1735/1706/1735 1734/1705/1734
f 1728/1462/1725 1729/1469/1727 1736/1471/1736 1735/1706/1735
f 1729/1469/1727 1730/1476/1729 1737/1707/1737 1736/1471/1736
f 1730/1476/1729 1731/1483/1731 1738/1708/1738 1737/1707/1737
f 1732/1704/1733 1733/1703/1732 1740/1448/1739 1739/1709/1740
f 1733/1703/1732 1734/1705/1734 1741/1710/1741 1740/1448/1739
f 1734/1705/1734 1735/1706/1735 1742/1465/1742 1741/1710/1741
f 1735/1706/1735 1736/1471/1736 1743/1472/1743 1742/1465/1742
f 1736/1471/1736 1737/1707/1737 1744/1479/1744 1743/1472/1743
f 1737/1707/1737 1738/1708/1738 1745/1486/1745 1744/1479/1744
f 1739/1709/1740 1740/1448/1739 1747/1711/1746 1746/1712/1747
f 1740/1448/1739 1741/1710/1741 1748/1713/1748 1747/1711/1746
f 1741/1710/1741 1742/1465/1742 1749/1714/1749 1748/1713/1748
f 1742/1465/1742 1743/1472/1743 1750/1473/1750 1749/1714/1749
f 1743/1472/1743 1744/1479/1744 1751/1480/1751 1750/1473/1750
f 1744/1479/1744 1745/1486/1745 1752/1487/1752 1751/1480/1751
f 1746/1712/1747 1747/1711/1746 1754/1715/1753 1753/1451/1754
f 1747/1711/1746 1748/1713/1748 1755/1716/1755 1754/1715/1753
f 1748/1713/1748 1749/1714/1749 1756/1717/1756 1755/1716/1755
f 1749/1714/1749 1750/1473/1750 1757/1718/1757 1756/1717/1756
f 1750/1473/1750 1751/1480/1751 1758/1481/1758 1757/1718/1757
f 1751/1480/1751 1752/1487/1752 1759/1719/1759 1758/1481/1758
f 1753/1451/1754 1754/1715/1753 1761/1454/1760 1760/1720/1761
f 1754/1715/1753 1755/1716/1755 1762/1721/1762 1761/1454/1760
f 1755/1716/1755 1756/1717/1756 1763/1722/1763 1762/1721/1762
f 1756/1717/1756 1757/1718/1757 1764/1723/1764 1763/1722/1763
f 1757/1718/1757 1758/1481/1758 1765/1724/1765 1764/1723/1764
f 1758/1481/1758 1759/1719/1759 1766/1725/1766 1765/1724/1765
f 1010/1210/1526 1151/1275/1605 1718/1441/1718 1136/1490/1527
f 1151/1275/1605 1152/1276/1604 1719/1697/1719 1718/1441/1718
f 1152/1276/1604 1153/1628/1603 1720/1699/1722 1719/1697/1719
f 1153/1628/1603 1154/1278/1602 1721/1701/1724 1720/1699/1722
f 1154/1278/1602 1155/1627/1601 1722/1470/1726 1721/1701/1724
f 1155/1627/1601 1156/1280/1600 1723/1477/1728 1722/1470/1726
f 1156/1280/1600 1157/1281/1599 1724/1702/1730 1723/1477/1728
f 1157/1281/1599 1008/1282/1598 1172/1512/1668 1724/1702/1730
f 1724/1702/1730 1172/1512/1668 1173/1511/1667 1731/1483/1731
f 1731/1483/1731 1173/1511/1667 1174/1510/1666 1738/1708/1738
f 1738/1708/1738 1174/1510/1666 1175/1509/1665 1745/1486/1745
f 1745/1486/1745 1175/1509/1665 1176/1508/1664 1752/1487/1752
f 1752/1487/1752 1176/1508/1664 1177/1507/1663 1759/1719/1759
f 1759/1719/1759 1177/1507/1663 1178/1506/1662 1766/1725/1766
f 1766/1725/1766 1178/1506/1662 1004/1505/1456 1109/1504/1454
f 1765/1724/1765 1766/1725/1766 1109/1504/1454 1110/1503/1453
f 1764/1723/1764 1765/1724/1765 1110/1503/1453 1111/1502/1452
f 1763/1722/1763 1764/1723/1764 1111/1502/1452 1112/1501/1451
f 1762/1721/1762 1763/1722/1763 1112/1501/1451 1113/1500/1450
f 1761/1454/1760 1762/1721/1762 1113/1500/1450 1114/1499/1449
f 1760/1720/1761 1761/1454/1760 1114/1499/1449 1115/1498/1448
f 1130/1496/1533 1760/1720/1761 1115/1498/1448 1006/1497/1447
f 1131/1495/1532 1753/1451/1754 1760/1720/1761 1130/1496/1533
f 1132/1494/1531 1746/1712/1747 1753/1451/1754 1131/1495/1532
f 1133/1493/1530 1739/1709/1740 1746/1712/1747 1132/1494/1531
f 1134/1492/1529 1732/1704/1733 1739/1709/1740 1133/1493/1530
f 1135/1491/1528 1725/1698/1721 1732/1704/1733 1134/1492/1529
f 1136/1490/1527 1718/1441/1718 1725/1698/1721 1135/1491/1528
o Cylinder
v -0.000000 0.788932 -0.509539
v -0.000000 0.997804 -0.509539
v 0.099406 0.788932 -0.499748
v 0.099406 0.997804 -0.499748
v 0.194992 0.788932 -0.470753
v 0.194992 0.997804 -0.470753
v 0.283085 0.788932 -0.423666
v 0.283085 0.997804 -0.423666
v 0.360299 0.788932 -0.360299
v 0.360299 0.997804 -0.360299
v 0.423666 0.788932 -0.283085
v 0.423666 0.997804 -0.283085
v 0.470753 0.788932 -0.194992
v 0.470753 0.997804 -0.194992
v 0.499748 0.788932 -0.099406
v 0.499748 0.997804 -0.099406
v 0.509539 0.788932 0.000000
v 0.509539 0.997804 0.000000
v 0.499748 0.788932 0.099406
v 0.499748 0.997804 0.099406
v 0.470753 0.788932 0.194992
v 0.470753 0.997804 0.194992
v 0.423666 0.788932 0.283085
v 0.423666 0.997804 0.283085
v 0.360299 0.788932 0.360299
v 0.360299 0.997804 0.360299
v 0.283085 0.788932 0.423666
v 0.283085 0.997804 0.423666
v 0.194992 0.788932 0.470753
v 0.194992 0.997804 0.470753
v 0.099406 0.788932 0.499748
v 0.099406 0.997804 0.499748
v -0.000000 0.788932 0.509539
v -0.000000 0.997804 0.509539
v -0.099406 0.788932 0.499748
v -0.099406 0.997804 0.499748
v -0.194992 0.788932 0.470753
v -0.194992 0.997804 0.470753
v -0.283085 0.788932 0.423666
v -0.283085 0.997804 0.423666
v -0.360299 0.788932 0.360299
v -0.360299 0.997804 0.360299
v -0.423666 0.788932 0.283085
v -0.423666 0.997804 0.283085
v -0.470753 0.788932 0.194992
v -0.470753 0.997804 0.194992
v -0.499748 0.788932 0.099406
v -0.499748 0.997804 0.099406
v -0.509539 0.788932 0.000000
v -0.509539 0.997804 0.000000
v -0.499748 0.788932 -0.099406
v -0.499748 0.997804 -0.099406
v -0.470753 0.788932 -0.194992
v -0.470753 0.997804 -0.194992
v -0.423666 0.788932 -0.283085
v -0.423666 0.997804 -0.283085
v -0.360299 0.788932 -0.360299
v -0.360299 0.997804 -0.360299
v -0.283085 0.788932 -0.423666
v -0.283085 0.997804 -0.423666
v -0.194992 0.788932 -0.470753
v -0.194992 0.997804 -0.470753
v -0.099406 0.788932 -0.499748
v -0.099406 0.997804 -0.499748
vn -0.0000 -0.0000 -1.0000
vn 0.1951 -0.0000 -0.9808
vn 0.3827 -0.0000 -0.9239
vn 0.5556 -0.0000 -0.8315
vn 0.7071 -0.0000 -0.7071
vn 0.8315 -0.0000 -0.5556
vn 0.9239 -0.0000 -0.3827
vn 0.9808 -0.0000 -0.1951
vn 1.0000 -0.0000 -0.0000
vn 0.9808 -0.0000 0.1951
vn 0.9239 -0.0000 0.3827
vn 0.8315 -0.0000 0.5556
vn 0.7071 -0.0000 0.7071
vn 0.5556 -0.0000 0.8315
vn 0.3827 -0.0000 0.9239
vn 0.1951 -0.0000 0.9808
vn -0.0000 -0.0000 1.0000
vn -0.1951 -0.0000 0.9808
vn -0.3827 -0.0000 0.9239
vn -0.5556 -0.0000 0.8315
vn -0.7071 -0.0000 0.7071
vn -0.8315 -0.0000 0.5556
vn -0.9239 -0.0000 0.3827
vn -0.9808 -0.0000 0.1951
vn -1.0000 -0.0000 -0.0000
vn -0.9808 -0.0000 -0.1951
vn -0.9239 -0.0000 -0.3827
vn -0.8315 -0.0000 -0.5556
vn -0.7071 -0.0000 -0.7071
vn -0.5556 -0.0000 -0.8315
vn -0.3827 -0.0000 -0.9239
vn -0.0000 1.0000 -0.0000
vn -0.1951 -0.0000 -0.9808
vn -0.0000 -1.0000 -0.0000
vt 1.000000 0.500000
vt 1.000000 1.000000
vt 0.968750 1.000000
vt 0.968750 0.500000
vt 0.937500 1.000000
vt 0.937500 0.500000
vt 0.906250 1.000000
vt 0.906250 0.500000
vt 0.875000 1.000000
vt 0.875000 0.500000
vt 0.843750 1.000000
vt 0.843750 0.500000
vt 0.812500 1.000000
vt 0.812500 0.500000
vt 0.781250 1.000000
vt 0.781250 0.500000
vt 0.750000 1.000000
vt 0.750000 0.500000
vt 0.718750 1.000000
vt 0.718750 0.500000
vt 0.687500 1.000000
vt 0.687500 0.500000
vt 0.656250 1.000000
vt 0.656250 0.500000
vt 0.625000 1.000000
vt 0.625000 0.500000
vt 0.593750 1.000000
vt 0.593750 0.500000
vt 0.562500 1.000000
vt 0.562500 0.500000
vt 0.531250 1.000000
vt 0.531250 0.500000
vt 0.500000 1.000000
vt 0.500000 0.500000
vt 0.468750 1.000000
vt 0.468750 0.500000
vt 0.437500 1.000000
vt 0.437500 0.500000
vt 0.406250 1.000000
vt 0.406250 0.500000
vt 0.375000 1.000000
vt 0.375000 0.500000
vt 0.343750 1.000000
vt 0.343750 0.500000
vt 0.312500 1.000000
vt 0.312500 0.500000
vt 0.281250 1.000000
vt 0.281250 0.500000
vt 0.250000 1.000000
vt 0.250000 0.500000
vt 0.218750 1.000000
vt 0.218750 0.500000
vt 0.187500 1.000000
vt 0.187500 0.500000
vt 0.156250 1.000000
vt 0.156250 0.500000
vt 0.125000 1.000000
vt 0.125000 0.500000
vt 0.093750 1.000000
vt 0.093750 0.500000
vt 0.062500 1.000000
vt 0.062500 0.500000
vt 0.296822 0.485388
vt 0.250000 0.490000
vt 0.203178 0.485388
vt 0.158156 0.471731
vt 0.116663 0.449553
vt 0.080294 0.419706
vt 0.050447 0.383337
vt 0.028269 0.341844
vt 0.014612 0.296822
vt 0.010000 0.250000
vt 0.014612 0.203178
vt 0.028269 0.158156
vt 0.050447 0.116663
vt 0.080294 0.080294
vt 0.116663 0.050447
vt 0.158156 0.028269
vt 0.203178 0.014612
vt 0.250000 0.010000
vt 0.296822 0.014612
vt 0.341844 0.028269
vt 0.383337 0.050447
vt 0.419706 0.080294
vt 0.449553 0.116663
vt 0.471731 0.158156
vt 0.485388 0.203178
vt 0.490000 0.250000
vt 0.485388 0.296822
vt 0.471731 0.341844
vt 0.449553 0.383337
vt 0.419706 0.419706
vt 0.383337 0.449553
vt 0.341844 0.471731
vt 0.031250 1.000000
vt 0.031250 0.500000
vt 0.000000 1.000000
vt 0.000000 0.500000
vt 0.750000 0.490000
vt 0.796822 0.485388
vt 0.841844 0.471731
vt 0.883337 0.449553
vt 0.919706 0.419706
vt 0.949553 0.383337
vt 0.971731 0.341844
vt 0.985388 0.296822
vt 0.990000 0.250000
vt 0.985388 0.203178
vt 0.971731 0.158156
vt 0.949553 0.116663
vt 0.919706 0.080294
vt 0.883337 0.050447
vt 0.841844 0.028269
vt 0.796822 0.014612
vt 0.750000 0.010000
vt 0.703178 0.014612
vt 0.658156 0.028269
vt 0.616663 0.050447
vt 0.580294 0.080294
vt 0.550447 0.116663
vt 0.528269 0.158156
vt 0.514612 0.203178
vt 0.510000 0.250000
vt 0.514612 0.296822
vt 0.528269 0.341844
vt 0.550447 0.383337
vt 0.580294 0.419706
vt 0.616663 0.449553
vt 0.658156 0.471731
vt 0.703178 0.485388
s 1
usemtl Gorro
f 1767/1726/1767 1768/1727/1767 1770/1728/1768 1769/1729/1768
f 1769/1729/1768 1770/1728/1768 1772/1730/1769 1771/1731/1769
f 1771/1731/1769 1772/1730/1769 1774/1732/1770 1773/1733/1770
f 1773/1733/1770 1774/1732/1770 1776/1734/1771 1775/1735/1771
f 1775/1735/1771 1776/1734/1771 1778/1736/1772 1777/1737/1772
f 1777/1737/1772 1778/1736/1772 1780/1738/1773 1779/1739/1773
f 1779/1739/1773 1780/1738/1773 1782/1740/1774 1781/1741/1774
f 1781/1741/1774 1782/1740/1774 1784/1742/1775 1783/1743/1775
f 1783/1743/1775 1784/1742/1775 1786/1744/1776 1785/1745/1776
f 1785/1745/1776 1786/1744/1776 1788/1746/1777 1787/1747/1777
f 1787/1747/1777 1788/1746/1777 1790/1748/1778 1789/1749/1778
f 1789/1749/1778 1790/1748/1778 1792/1750/1779 1791/1751/1779
f 1791/1751/1779 1792/1750/1779 1794/1752/1780 1793/1753/1780
f 1793/1753/1780 1794/1752/1780 1796/1754/1781 1795/1755/1781
f 1795/1755/1781 1796/1754/1781 1798/1756/1782 1797/1757/1782
f 1797/1757/1782 1798/1756/1782 1800/1758/1783 1799/1759/1783
f 1799/1759/1783 1800/1758/1783 1802/1760/1784 1801/1761/1784
f 1801/1761/1784 1802/1760/1784 1804/1762/1785 1803/1763/1785
f 1803/1763/1785 1804/1762/1785 1806/1764/1786 1805/1765/1786
f 1805/1765/1786 1806/1764/1786 1808/1766/1787 1807/1767/1787
f 1807/1767/1787 1808/1766/1787 1810/1768/1788 1809/1769/1788
f 1809/1769/1788 1810/1768/1788 1812/1770/1789 1811/1771/1789
f 1811/1771/1789 1812/1770/1789 1814/1772/1790 1813/1773/1790
f 1813/1773/1790 1814/1772/1790 1816/1774/1791 1815/1775/1791
f 1815/1775/1791 1816/1774/1791 1818/1776/1792 1817/1777/1792
f 1817/1777/1792 1818/1776/1792 1820/1778/1793 1819/1779/1793
f 1819/1779/1793 1820/1778/1793 1822/1780/1794 1821/1781/1794
f 1821/1781/1794 1822/1780/1794 1824/1782/1795 1823/1783/1795
f 1823/1783/1795 1824/1782/1795 1826/1784/1796 1825/1785/1796
f 1825/1785/1796 1826/1784/1796 1828/1786/1797 1827/1787/1797
f 1770/1788/1798 1768/1789/1798 1830/1790/1798 1828/1791/1798 1826/1792/1798 1824/1793/1798 1822/1794/1798 1820/1795/1798 1818/1796/1798 1816/1797/1798 1814/1798/1798 1812/1799/1798 1810/1800/1798 1808/1801/1798 1806/1802/1798 1804/1803/1798 1802/1804/1798 1800/1805/1798 1798/1806/1798 1796/1807/1798 1794/1808/1798 1792/1809/1798 1790/1810/1798 1788/1811/1798 1786/1812/1798 1784/1813/1798 1782/1814/1798 1780/1815/1798 1778/1816/1798 1776/1817/1798 1774/1818/1798 1772/1819/1798
f 1827/1787/1797 1828/1786/1797 1830/1820/1799 1829/1821/1799
f 1829/1821/1799 1830/1820/1799 1768/1822/1767 1767/1823/1767
f 1767/1824/1800 1769/1825/1800 1771/1826/1800 1773/1827/1800 1775/1828/1800 1777/1829/1800 1779/1830/1800 1781/1831/1800 1783/1832/1800 1785/1833/1800 1787/1834/1800 1789/1835/1800 1791/1836/1800 1793/1837/1800 1795/1838/1800 1797/1839/1800 1799/1840/1800 1801/1841/1800 1803/1842/1800 1805/1843/1800 1807/1844/1800 1809/1845/1800 1811/1846/1800 1813/1847/1800 1815/1848/1800 1817/1849/1800 1819/1850/1800 1821/1851/1800 1823/1852/1800 1825/1853/1800 1827/1854/1800 1829/1855/1800
o Cylinder.001
v 0.000000 0.966373 -0.073711
v 0.000000 1.414226 -0.309763
v 0.015058 0.966408 -0.072272
v 0.015058 1.415487 -0.308982
v 0.029537 0.966512 -0.067971
v 0.029537 1.419222 -0.306671
v 0.042882 0.966647 -0.061043
v 0.042882 1.425287 -0.302917
v 0.054578 0.966813 -0.051712
v 0.054578 1.433449 -0.297866
v 0.064177 0.966980 -0.040358
v 0.064177 1.443394 -0.291710
v 0.071310 0.967124 -0.027410
v 0.071310 1.454741 -0.284687
v 0.075702 0.967225 -0.013358
v 0.075702 1.467053 -0.277067
v 0.077185 0.967283 0.001278
v 0.077185 1.479857 -0.269143
v 0.075702 0.967300 0.015950
v 0.075702 1.492662 -0.261218
v 0.071310 0.967285 0.030096
v 0.071310 1.504974 -0.253598
v 0.064177 0.967257 0.043191
v 0.064177 1.516321 -0.246575
v 0.054578 0.967222 0.054704
v 0.054578 1.526266 -0.240420
v 0.042882 0.967178 0.064157
v 0.042882 1.534428 -0.235368
v 0.029537 0.967135 0.071178
v 0.029537 1.540493 -0.231614
v 0.015058 0.967111 0.075513
v 0.015058 1.544228 -0.229303
v 0.000000 0.967103 0.076980
v 0.000000 1.545489 -0.228522
v -0.015058 0.967111 0.075513
v -0.015058 1.544228 -0.229303
v -0.029537 0.967135 0.071178
v -0.029537 1.540493 -0.231614
v -0.042882 0.967178 0.064157
v -0.042882 1.534428 -0.235368
v -0.054578 0.967222 0.054704
v -0.054578 1.526266 -0.240420
v -0.064177 0.967257 0.043191
v -0.064177 1.516321 -0.246575
v -0.071310 0.967285 0.030096
v -0.071310 1.504974 -0.253598
v -0.075702 0.967300 0.015950
v -0.075702 1.492662 -0.261218
v -0.077185 0.967283 0.001278
v -0.077185 1.479857 -0.269143
v -0.075702 0.967225 -0.013358
v -0.075702 1.467053 -0.277067
v -0.071310 0.967124 -0.027410
v -0.071310 1.454741 -0.284687
v -0.064177 0.966980 -0.040358
v -0.064177 1.443394 -0.291710
v -0.054578 0.966813 -0.051712
v -0.054578 1.433449 -0.297866
v -0.042882 0.966647 -0.061043
v -0.042882 1.425287 -0.302917
v -0.029537 0.966512 -0.067971
v -0.029537 1.419222 -0.306671
v -0.015058 0.966408 -0.072272
v -0.015058 1.415487 -0.308982
v 0.000000 1.033318 -0.064919
v 0.000000 1.099848 -0.062237
v 0.000000 1.163648 -0.071399
v 0.000000 1.225657 -0.088952
v 0.000000 1.281526 -0.117271
v 0.000000 1.328595 -0.153207
v 0.000000 1.362123 -0.199626
v 0.000000 1.386592 -0.252996
v 0.015058 1.387818 -0.252160
v 0.015058 1.363246 -0.198660
v 0.015058 1.329646 -0.151940
v 0.015058 1.282885 -0.114973
v 0.015058 1.226321 -0.087360
v 0.015058 1.164062 -0.069904
v 0.015058 1.100108 -0.060781
v 0.015058 1.033435 -0.063512
v 0.029537 1.391449 -0.249683
v 0.029537 1.366632 -0.195703
v 0.029537 1.332723 -0.148252
v 0.029537 1.285713 -0.110244
v 0.029537 1.228166 -0.082875
v 0.029537 1.165238 -0.065554
v 0.029537 1.100795 -0.056573
v 0.029537 1.033768 -0.059306
v 0.042882 1.397345 -0.245659
v 0.042882 1.372092 -0.190956
v 0.042882 1.337594 -0.142454
v 0.042882 1.289797 -0.103425
v 0.042882 1.230947 -0.075971
v 0.042882 1.167054 -0.058666
v 0.042882 1.101929 -0.049692
v 0.042882 1.034264 -0.052559
v 0.054578 1.405278 -0.240241
v 0.054578 1.379395 -0.184625
v 0.054578 1.343989 -0.134886
v 0.054578 1.294915 -0.094800
v 0.054578 1.234446 -0.067037
v 0.054578 1.169446 -0.049467
v 0.054578 1.103315 -0.040660
v 0.054578 1.034899 -0.043498
v 0.064177 1.414943 -0.233636
v 0.064177 1.388278 -0.176927
v 0.064177 1.351655 -0.125802
v 0.064177 1.300793 -0.084696
v 0.064177 1.238428 -0.056462
v 0.064177 1.172212 -0.038427
v 0.064177 1.104893 -0.029762
v 0.064177 1.035577 -0.032560
v 0.071310 1.425966 -0.226095
v 0.071310 1.398400 -0.168139
v 0.071310 1.360224 -0.115564
v 0.071310 1.307211 -0.073369
v 0.071310 1.242670 -0.044627
v 0.071310 1.175258 -0.025904
v 0.071310 1.106555 -0.017431
v 0.071310 1.036235 -0.020161
v 0.075702 1.437925 -0.217906
v 0.075702 1.409325 -0.158618
v 0.075702 1.369322 -0.104529
v 0.075702 1.313819 -0.061257
v 0.075702 1.247006 -0.031883
v 0.075702 1.178353 -0.012457
v 0.075702 1.108181 -0.004142
v 0.075702 1.036845 -0.006732
v 0.077185 1.450355 -0.209385
v 0.077185 1.420618 -0.148710
v 0.077185 1.378585 -0.093067
v 0.077185 1.320416 -0.048669
v 0.077185 1.251321 -0.018591
v 0.077185 1.181355 0.001418
v 0.077185 1.109708 0.009622
v 0.077185 1.037359 0.007201
v 0.075702 1.462778 -0.200859
v 0.075702 1.431866 -0.138766
v 0.075702 1.387634 -0.081588
v 0.075702 1.326649 -0.036140
v 0.075702 1.255388 -0.005312
v 0.075702 1.184214 0.015322
v 0.075702 1.111069 0.023345
v 0.075702 1.037753 0.021111
v 0.071310 1.474721 -0.192653
v 0.071310 1.442637 -0.129162
v 0.071310 1.396178 -0.070476
v 0.071310 1.332487 -0.023965
v 0.071310 1.259106 0.007504
v 0.071310 1.186804 0.028682
v 0.071310 1.112206 0.036483
v 0.071310 1.038022 0.034473
v 0.064177 1.485725 -0.185084
v 0.064177 1.452503 -0.120275
v 0.064177 1.403852 -0.060189
v 0.064177 1.337537 -0.012773
v 0.064177 1.262464 0.019454
v 0.064177 1.189009 0.040939
v 0.064177 1.113101 0.048540
v 0.064177 1.038196 0.046819
v 0.054578 1.495367 -0.178446
v 0.054578 1.461089 -0.112450
v 0.054578 1.410427 -0.051123
v 0.054578 1.341892 -0.002837
v 0.054578 1.265276 0.029948
v 0.054578 1.190868 0.051728
v 0.054578 1.113852 0.059208
v 0.054578 1.038301 0.057675
v 0.042882 1.503278 -0.172994
v 0.042882 1.468050 -0.106016
v 0.042882 1.415813 -0.043610
v 0.042882 1.345279 0.005304
v 0.042882 1.267607 0.038691
v 0.042882 1.192412 0.060699
v 0.042882 1.114380 0.067921
v 0.042882 1.038336 0.066571
v 0.029537 1.509155 -0.168942
v 0.029537 1.473173 -0.101220
v 0.029537 1.419677 -0.038032
v 0.029537 1.347828 0.011446
v 0.029537 1.269308 0.045215
v 0.029537 1.193529 0.067376
v 0.029537 1.114685 0.074318
v 0.029537 1.038314 0.073144
v 0.015058 1.512774 -0.166446
v 0.015058 1.476411 -0.098255
v 0.015058 1.422032 -0.034586
v 0.015058 1.349259 0.015170
v 0.015058 1.270323 0.049227
v 0.015058 1.194325 0.071632
v 0.015058 1.114850 0.078248
v 0.015058 1.038315 0.077236
v 0.000000 1.513996 -0.165603
v 0.000000 1.477503 -0.097253
v 0.000000 1.422895 -0.033399
v 0.000000 1.349858 0.016500
v 0.000000 1.270732 0.050645
v 0.000000 1.194782 0.073283
v 0.000000 1.114857 0.079506
v 0.000000 1.038317 0.078626
v -0.015058 1.512774 -0.166446
v -0.015058 1.476411 -0.098255
v -0.015058 1.422032 -0.034586
v -0.015058 1.349259 0.015170
v -0.015058 1.270323 0.049227
v -0.015058 1.194325 0.071632
v -0.015058 1.114850 0.078248
v -0.015058 1.038315 0.077236
v -0.029537 1.509155 -0.168942
v -0.029537 1.473173 -0.101220
v -0.029537 1.419677 -0.038032
v -0.029537 1.347828 0.011446
v -0.029537 1.269308 0.045215
v -0.029537 1.193529 0.067376
v -0.029537 1.114685 0.074318
v -0.029537 1.038314 0.073144
v -0.042882 1.503278 -0.172994
v -0.042882 1.468050 -0.106016
v -0.042882 1.415813 -0.043610
v -0.042882 1.345279 0.005304
v -0.042882 1.267607 0.038691
v -0.042882 1.192412 0.060699
v -0.042882 1.114380 0.067921
v -0.042882 1.038336 0.066571
v -0.054578 1.495367 -0.178446
v -0.054578 1.461089 -0.112450
v -0.054578 1.410427 -0.051123
v -0.054578 1.341892 -0.002837
v -0.054578 1.265276 0.029948
v -0.054578 1.190868 0.051728
v -0.054578 1.113852 0.059208
v -0.054578 1.038301 0.057675
v -0.064177 1.485725 -0.185084
v -0.064177 1.452503 -0.120275
v -0.064177 1.403852 -0.060189
v -0.064177 1.337537 -0.012773
v -0.064177 1.262464 0.019454
v -0.064177 1.189009 0.040939
v -0.064177 1.113101 0.048540
v -0.064177 1.038196 0.046819
v -0.071310 1.474721 -0.192653
v -0.071310 1.442637 -0.129162
v -0.071310 1.396178 -0.070476
v -0.071310 1.332487 -0.023965
v -0.071310 1.259106 0.007504
v -0.071310 1.186804 0.028682
v -0.071310 1.112206 0.036483
v -0.071310 1.038022 0.034473
v -0.075702 1.462778 -0.200859
v -0.075702 1.431866 -0.138766
v -0.075702 1.387634 -0.081588
v -0.075702 1.326649 -0.036140
v -0.075702 1.255388 -0.005312
v -0.075702 1.184214 0.015322
v -0.075702 1.111069 0.023345
v -0.075702 1.037753 0.021111
v -0.077185 1.450355 -0.209385
v -0.077185 1.420618 -0.148710
v -0.077185 1.378585 -0.093067
v -0.077185 1.320416 -0.048669
v -0.077185 1.251321 -0.018591
v -0.077185 1.181355 0.001418
v -0.077185 1.109708 0.009622
v -0.077185 1.037359 0.007201
v -0.075702 1.437925 -0.217906
v -0.075702 1.409325 -0.158618
v -0.075702 1.369322 -0.104529
v -0.075702 1.313819 -0.061257
v -0.075702 1.247006 -0.031883
v -0.075702 1.178353 -0.012457
v -0.075702 1.108181 -0.004142
v -0.075702 1.036845 -0.006732
v -0.071310 1.425966 -0.226095
v -0.071310 1.398400 -0.168139
v -0.071310 1.360224 -0.115564
v -0.071310 1.307211 -0.073369
v -0.071310 1.242670 -0.044627
v -0.071310 1.175258 -0.025904
v -0.071310 1.106555 -0.017431
v -0.071310 1.036235 -0.020161
v -0.064177 1.414943 -0.233636
v -0.064177 1.388278 -0.176927
v -0.064177 1.351655 -0.125802
v -0.064177 1.300793 -0.084696
v -0.064177 1.238428 -0.056462
v -0.064177 1.172212 -0.038427
v -0.064177 1.104893 -0.029762
v -0.064177 1.035577 -0.032560
v -0.054578 1.405278 -0.240241
v -0.054578 1.379395 -0.184625
v -0.054578 1.343989 -0.134886
v -0.054578 1.294915 -0.094800
v -0.054578 1.234446 -0.067037
v -0.054578 1.169446 -0.049467
v -0.054578 1.103315 -0.040660
v -0.054578 1.034899 -0.043498
v -0.042882 1.397345 -0.245659
v -0.042882 1.372092 -0.190956
v -0.042882 1.337594 -0.142454
v -0.042882 1.289797 -0.103425
v -0.042882 1.230947 -0.075971
v -0.042882 1.167054 -0.058666
v -0.042882 1.101929 -0.049692
v -0.042882 1.034264 -0.052559
v -0.029537 1.391449 -0.249683
v -0.029537 1.366632 -0.195703
v -0.029537 1.332723 -0.148252
v -0.029537 1.285713 -0.110244
v -0.029537 1.228166 -0.082875
v -0.029537 1.165238 -0.065554
v -0.029537 1.100795 -0.056573
v -0.029537 1.033768 -0.059306
v -0.015058 1.387818 -0.252160
v -0.015058 1.363246 -0.198660
v -0.015058 1.329646 -0.151940
v -0.015058 1.282885 -0.114973
v -0.015058 1.226321 -0.087360
v -0.015058 1.164062 -0.069904
v -0.015058 1.100108 -0.060781
v -0.015058 1.033435 -0.063512
v 0.015058 1.415487 -0.308982
v 0.000000 1.414226 -0.309763
v 0.029537 1.419222 -0.306671
v 0.042882 1.425287 -0.302917
v 0.054578 1.433449 -0.297866
v 0.064177 1.443394 -0.291710
v 0.071310 1.454741 -0.284687
v 0.075702 1.467053 -0.277067
v 0.077185 1.479857 -0.269143
v 0.075702 1.492662 -0.261218
v 0.071310 1.504974 -0.253598
v 0.064177 1.516321 -0.246575
v 0.054578 1.526266 -0.240420
v 0.042882 1.534428 -0.235368
v 0.029537 1.540493 -0.231614
v 0.015058 1.544228 -0.229303
v 0.000000 1.545489 -0.228522
v -0.015058 1.544228 -0.229303
v -0.029537 1.540493 -0.231614
v -0.042882 1.534428 -0.235368
v -0.054578 1.526266 -0.240420
v -0.064177 1.516321 -0.246575
v -0.071310 1.504974 -0.253598
v -0.075702 1.492662 -0.261218
v -0.077185 1.479857 -0.269143
v -0.075702 1.467053 -0.277067
v -0.071310 1.454741 -0.284687
v -0.064177 1.443394 -0.291710
v -0.054578 1.433449 -0.297866
v -0.042882 1.425287 -0.302917
v -0.029537 1.419222 -0.306671
v -0.015058 1.415487 -0.308982
vn -0.0000 -0.9040 -0.4275
vn -0.0000 -0.8991 -0.4377
vn 0.1925 -0.8822 -0.4296
vn 0.1926 -0.8870 -0.4197
vn 0.3781 -0.8322 -0.4056
vn 0.3784 -0.8365 -0.3963
vn 0.5499 -0.7506 -0.3663
vn 0.5499 -0.7545 -0.3583
vn 0.7014 -0.6403 -0.3130
vn 0.7016 -0.6432 -0.3068
vn 0.8268 -0.5052 -0.2475
vn 0.8274 -0.5063 -0.2429
vn 0.9207 -0.3503 -0.1720
vn 0.9217 -0.3493 -0.1686
vn 0.9793 -0.1815 -0.0893
vn 0.9802 -0.1783 -0.0867
vn 1.0000 -0.0054 -0.0026
vn 1.0000 -0.0002 0.0001
vn 0.9817 0.1708 0.0846
vn 0.9802 0.1772 0.0881
vn 0.9250 0.3403 0.1689
vn 0.9218 0.3466 0.1737
vn 0.8324 0.4961 0.2468
vn 0.8274 0.5013 0.2532
vn 0.7077 0.6323 0.3153
vn 0.7012 0.6353 0.3234
vn 0.5557 0.7438 0.3714
vn 0.5488 0.7439 0.3813
vn 0.3826 0.8264 0.4132
vn 0.3774 0.8232 0.4242
vn 0.1007 0.9688 0.2266
vn 0.1926 0.8718 0.4504
vn -0.0000 0.9732 0.2300
vn -0.0000 0.8883 0.4593
vn -0.1007 0.9688 0.2266
vn -0.1926 0.8718 0.4504
vn -0.3826 0.8264 0.4132
vn -0.3774 0.8232 0.4242
vn -0.5557 0.7438 0.3714
vn -0.5488 0.7439 0.3813
vn -0.7077 0.6323 0.3153
vn -0.7012 0.6353 0.3234
vn -0.8324 0.4961 0.2468
vn -0.8274 0.5013 0.2532
vn -0.9250 0.3403 0.1689
vn -0.9218 0.3466 0.1737
vn -0.9817 0.1708 0.0846
vn -0.9802 0.1772 0.0881
vn -1.0000 -0.0054 -0.0026
vn -1.0000 -0.0002 0.0001
vn -0.9793 -0.1815 -0.0893
vn -0.9802 -0.1783 -0.0867
vn -0.9207 -0.3503 -0.1720
vn -0.9217 -0.3493 -0.1686
vn -0.8268 -0.5052 -0.2475
vn -0.8274 -0.5063 -0.2429
vn -0.7014 -0.6403 -0.3130
vn -0.7016 -0.6432 -0.3068
vn -0.5499 -0.7506 -0.3663
vn -0.5499 -0.7545 -0.3583
vn -0.3781 -0.8322 -0.4056
vn -0.3784 -0.8365 -0.3963
vn -0.0000 1.0000 -0.0000
vn -0.1925 -0.8822 -0.4296
vn -0.1926 -0.8870 -0.4197
vn -0.0000 -1.0000 0.0043
vn -0.1844 0.1271 -0.9746
vn -0.1870 0.0840 -0.9788
vn -0.0000 0.0858 -0.9963
vn -0.0000 0.1299 -0.9915
vn -0.1926 -0.0486 -0.9801
vn -0.0000 -0.0500 -0.9987
vn -0.2028 -0.2009 -0.9584
vn -0.0000 -0.2066 -0.9784
vn -0.2268 -0.3464 -0.9103
vn -0.0000 -0.3595 -0.9331
vn -0.2430 -0.5166 -0.8211
vn -0.0000 -0.5324 -0.8465
vn -0.2242 -0.7052 -0.6726
vn -0.0000 -0.7207 -0.6933
vn -0.1988 -0.8478 -0.4917
vn -0.0000 -0.8647 -0.5023
vn -0.3630 0.1188 -0.9242
vn -0.3676 0.0787 -0.9267
vn -0.3760 -0.0446 -0.9256
vn -0.3885 -0.1863 -0.9024
vn -0.4095 -0.3181 -0.8550
vn -0.4240 -0.4823 -0.7666
vn -0.4113 -0.6638 -0.6246
vn -0.3875 -0.7978 -0.4619
vn -0.5305 0.1054 -0.8411
vn -0.5355 0.0702 -0.8416
vn -0.5437 -0.0392 -0.8384
vn -0.5541 -0.1658 -0.8158
vn -0.5682 -0.2827 -0.7728
vn -0.5802 -0.4327 -0.6900
vn -0.5747 -0.5978 -0.5589
vn -0.5575 -0.7184 -0.4161
vn -0.6826 0.0875 -0.7256
vn -0.6863 0.0584 -0.7250
vn -0.6918 -0.0326 -0.7213
vn -0.6992 -0.1409 -0.7009
vn -0.7069 -0.2409 -0.6650
vn -0.7163 -0.3688 -0.5924
vn -0.7167 -0.5091 -0.4767
vn -0.7069 -0.6113 -0.3558
vn -0.8120 0.0661 -0.5799
vn -0.8149 0.0441 -0.5780
vn -0.8183 -0.0251 -0.5743
vn -0.8223 -0.1115 -0.5580
vn -0.8252 -0.1916 -0.5314
vn -0.8320 -0.2906 -0.4726
vn -0.8352 -0.3996 -0.3777
vn -0.8309 -0.4797 -0.2818
vn -0.9127 0.0431 -0.4063
vn -0.9147 0.0287 -0.4030
vn -0.9164 -0.0171 -0.4000
vn -0.9181 -0.0776 -0.3886
vn -0.9186 -0.1338 -0.3719
vn -0.9224 -0.2001 -0.3304
vn -0.9251 -0.2738 -0.2630
vn -0.9238 -0.3289 -0.1961
vn -0.9771 0.0207 -0.2117
vn -0.9784 0.0135 -0.2065
vn -0.9790 -0.0087 -0.2039
vn -0.9794 -0.0396 -0.1980
vn -0.9793 -0.0684 -0.1905
vn -0.9806 -0.1002 -0.1683
vn -0.9816 -0.1364 -0.1339
vn -0.9812 -0.1649 -0.1003
vn -1.0000 0.0011 -0.0058
vn -1.0000 0.0001 0.0016
vn -1.0000 -0.0002 0.0051
vn -1.0000 0.0010 0.0055
vn -1.0000 0.0018 0.0045
vn -1.0000 0.0044 0.0073
vn -1.0000 0.0067 0.0061
vn -1.0000 0.0056 0.0027
vn -0.9796 -0.0141 0.2003
vn -0.9777 -0.0105 0.2099
vn -0.9766 0.0082 0.2150
vn -0.9768 0.0416 0.2102
vn -0.9770 0.0724 0.2006
vn -0.9768 0.1073 0.1856
vn -0.9776 0.1475 0.1501
vn -0.9787 0.1743 0.1088
vn -0.9182 -0.0241 0.3954
vn -0.9135 -0.0176 0.4064
vn -0.9103 0.0159 0.4137
vn -0.9112 0.0794 0.4041
vn -0.9118 0.1392 0.3864
vn -0.9117 0.2036 0.3569
vn -0.9149 0.2796 0.2913
vn -0.9182 0.3339 0.2133
vn -0.8206 -0.0291 0.5708
vn -0.8134 -0.0213 0.5812
vn -0.8079 0.0226 0.5889
vn -0.8095 0.1122 0.5763
vn -0.8099 0.1986 0.5519
vn -0.8101 0.2878 0.5108
vn -0.8155 0.3965 0.4216
vn -0.8216 0.4777 0.3112
vn -0.6922 -0.0302 0.7211
vn -0.6836 -0.0225 0.7295
vn -0.6771 0.0280 0.7354
vn -0.6805 0.1385 0.7196
vn -0.6803 0.2479 0.6897
vn -0.6795 0.3576 0.6407
vn -0.6863 0.4936 0.5342
vn -0.6939 0.6003 0.3977
vn -0.5387 -0.0287 0.8420
vn -0.5294 -0.0219 0.8481
vn -0.5229 0.0318 0.8518
vn -0.5289 0.1587 0.8337
vn -0.5298 0.2870 0.7981
vn -0.5275 0.4117 0.7431
vn -0.5330 0.5703 0.6250
vn -0.5408 0.6983 0.4689
vn -0.3686 -0.0263 0.9292
vn -0.3606 -0.0203 0.9325
vn -0.3557 0.0338 0.9340
vn -0.3625 0.1723 0.9159
vn -0.3622 0.3158 0.8770
vn -0.3583 0.4512 0.8174
vn -0.3631 0.6246 0.6914
vn -0.3707 0.7686 0.5215
vn -0.1879 -0.0243 0.9819
vn -0.1828 -0.0187 0.9830
vn -0.1818 0.0342 0.9827
vn -0.1895 0.1801 0.9652
vn -0.1880 0.3337 0.9237
vn -0.1828 0.4738 0.8614
vn -0.1856 0.6563 0.7313
vn -0.1898 0.8110 0.5534
vn -0.0000 -0.0237 0.9997
vn -0.0000 -0.0180 0.9998
vn -0.0000 0.0339 0.9994
vn -0.0000 0.1838 0.9830
vn -0.0000 0.3406 0.9402
vn -0.0000 0.4820 0.8762
vn -0.0000 0.6674 0.7447
vn -0.0000 0.8255 0.5643
vn 0.1879 -0.0243 0.9819
vn 0.1828 -0.0187 0.9830
vn 0.1818 0.0342 0.9827
vn 0.1895 0.1801 0.9652
vn 0.1880 0.3337 0.9237
vn 0.1828 0.4738 0.8614
vn 0.1856 0.6563 0.7313
vn 0.1898 0.8110 0.5534
vn 0.3686 -0.0263 0.9292
vn 0.3606 -0.0203 0.9325
vn 0.3557 0.0338 0.9340
vn 0.3625 0.1723 0.9159
vn 0.3622 0.3158 0.8770
vn 0.3583 0.4512 0.8174
vn 0.3631 0.6246 0.6914
vn 0.3707 0.7686 0.5215
vn 0.5387 -0.0287 0.8420
vn 0.5294 -0.0219 0.8481
vn 0.5229 0.0318 0.8518
vn 0.5289 0.1587 0.8337
vn 0.5298 0.2870 0.7981
vn 0.5275 0.4117 0.7431
vn 0.5330 0.5703 0.6250
vn 0.5408 0.6983 0.4689
vn 0.6922 -0.0302 0.7211
vn 0.6836 -0.0225 0.7295
vn 0.6771 0.0280 0.7354
vn 0.6805 0.1385 0.7196
vn 0.6803 0.2479 0.6897
vn 0.6795 0.3576 0.6407
vn 0.6863 0.4936 0.5342
vn 0.6939 0.6003 0.3977
vn 0.8206 -0.0291 0.5708
vn 0.8134 -0.0213 0.5812
vn 0.8079 0.0226 0.5889
vn 0.8095 0.1122 0.5763
vn 0.8099 0.1986 0.5519
vn 0.8101 0.2878 0.5108
vn 0.8155 0.3965 0.4216
vn 0.8216 0.4777 0.3112
vn 0.9182 -0.0241 0.3954
vn 0.9135 -0.0176 0.4064
vn 0.9103 0.0159 0.4137
vn 0.9112 0.0794 0.4041
vn 0.9118 0.1392 0.3864
vn 0.9117 0.2036 0.3569
vn 0.9149 0.2796 0.2913
vn 0.9182 0.3339 0.2133
vn 0.9796 -0.0141 0.2003
vn 0.9777 -0.0105 0.2099
vn 0.9766 0.0082 0.2150
vn 0.9768 0.0416 0.2102
vn 0.9770 0.0724 0.2006
vn 0.9768 0.1073 0.1856
vn 0.9776 0.1475 0.1501
vn 0.9787 0.1743 0.1088
vn 1.0000 0.0011 -0.0058
vn 1.0000 0.0001 0.0016
vn 1.0000 -0.0002 0.0051
vn 1.0000 0.0010 0.0055
vn 1.0000 0.0018 0.0045
vn 1.0000 0.0044 0.0073
vn 1.0000 0.0067 0.0061
vn 1.0000 0.0056 0.0027
vn 0.9771 0.0207 -0.2117
vn 0.9784 0.0135 -0.2065
vn 0.9790 -0.0087 -0.2039
vn 0.9794 -0.0396 -0.1980
vn 0.9793 -0.0684 -0.1905
vn 0.9806 -0.1002 -0.1683
vn 0.9816 -0.1364 -0.1339
vn 0.9812 -0.1649 -0.1003
vn 0.9127 0.0431 -0.4063
vn 0.9147 0.0287 -0.4030
vn 0.9164 -0.0171 -0.4000
vn 0.9181 -0.0776 -0.3886
vn 0.9186 -0.1338 -0.3719
vn 0.9224 -0.2001 -0.3304
vn 0.9251 -0.2738 -0.2630
vn 0.9238 -0.3289 -0.1961
vn 0.8120 0.0661 -0.5799
vn 0.8149 0.0441 -0.5780
vn 0.8183 -0.0251 -0.5743
vn 0.8223 -0.1115 -0.5580
vn 0.8252 -0.1916 -0.5314
vn 0.8320 -0.2906 -0.4726
vn 0.8352 -0.3996 -0.3777
vn 0.8309 -0.4797 -0.2818
vn 0.6826 0.0875 -0.7256
vn 0.6863 0.0584 -0.7250
vn 0.6918 -0.0326 -0.7213
vn 0.6992 -0.1409 -0.7009
vn 0.7069 -0.2409 -0.6650
vn 0.7163 -0.3688 -0.5924
vn 0.7167 -0.5091 -0.4767
vn 0.7069 -0.6113 -0.3558
vn 0.5305 0.1054 -0.8411
vn 0.5355 0.0702 -0.8416
vn 0.5437 -0.0392 -0.8384
vn 0.5541 -0.1658 -0.8158
vn 0.5682 -0.2827 -0.7728
vn 0.5802 -0.4327 -0.6900
vn 0.5747 -0.5978 -0.5589
vn 0.5575 -0.7184 -0.4161
vn 0.3630 0.1188 -0.9242
vn 0.3676 0.0787 -0.9267
vn 0.3760 -0.0446 -0.9256
vn 0.3885 -0.1863 -0.9024
vn 0.4095 -0.3181 -0.8550
vn 0.4240 -0.4823 -0.7666
vn 0.4113 -0.6638 -0.6246
vn 0.3875 -0.7978 -0.4619
vn 0.1844 0.1271 -0.9746
vn 0.1870 0.0840 -0.9788
vn 0.1926 -0.0486 -0.9801
vn 0.2028 -0.2009 -0.9584
vn 0.2268 -0.3464 -0.9103
vn 0.2430 -0.5166 -0.8211
vn 0.2242 -0.7052 -0.6726
vn 0.1988 -0.8478 -0.4917
vn -0.0000 0.5263 -0.8503
vt 1.000000 0.944444
vt 1.000000 1.000000
vt 0.968750 1.000000
vt 0.968750 0.944444
vt 0.937500 1.000000
vt 0.937500 0.944444
vt 0.906250 1.000000
vt 0.906250 0.944444
vt 0.875000 1.000000
vt 0.875000 0.944444
vt 0.843750 1.000000
vt 0.843750 0.944444
vt 0.812500 1.000000
vt 0.812500 0.944444
vt 0.781250 1.000000
vt 0.781250 0.944444
vt 0.750000 1.000000
vt 0.750000 0.944444
vt 0.718750 1.000000
vt 0.718750 0.944444
vt 0.687500 1.000000
vt 0.687500 0.944444
vt 0.656250 1.000000
vt 0.656250 0.944444
vt 0.625000 1.000000
vt 0.625000 0.944444
vt 0.593750 1.000000
vt 0.593750 0.944444
vt 0.562500 1.000000
vt 0.562500 0.944444
vt 0.531250 1.000000
vt 0.531250 0.944444
vt 0.500000 1.000000
vt 0.500000 0.944444
vt 0.468750 1.000000
vt 0.468750 0.944444
vt 0.437500 1.000000
vt 0.437500 0.944444
vt 0.406250 1.000000
vt 0.406250 0.944444
vt 0.375000 1.000000
vt 0.375000 0.944444
vt 0.343750 1.000000
vt 0.343750 0.944444
vt 0.312500 1.000000
vt 0.312500 0.944444
vt 0.281250 1.000000
vt 0.281250 0.944444
vt 0.250000 1.000000
vt 0.250000 0.944444
vt 0.218750 1.000000
vt 0.218750 0.944444
vt 0.187500 1.000000
vt 0.187500 0.944444
vt 0.156250 1.000000
vt 0.156250 0.944444
vt 0.125000 1.000000
vt 0.125000 0.944444
vt 0.093750 1.000000
vt 0.093750 0.944444
vt 0.062500 1.000000
vt 0.062500 0.944444
vt 0.031250 1.000000
vt 0.031250 0.944444
vt 0.000000 1.000000
vt 0.000000 0.944444
vt 0.750000 0.490000
vt 0.796822 0.485388
vt 0.841844 0.471731
vt 0.883337 0.449553
vt 0.919706 0.419706
vt 0.949553 0.383337
vt 0.971731 0.341844
vt 0.985388 0.296822
vt 0.990000 0.250000
vt 0.985388 0.203178
vt 0.971731 0.158156
vt 0.949553 0.116663
vt 0.919706 0.080294
vt 0.883337 0.050447
vt 0.841844 0.028269
vt 0.796822 0.014612
vt 0.750000 0.010000
vt 0.703178 0.014612
vt 0.658156 0.028269
vt 0.616663 0.050447
vt 0.580294 0.080294
vt 0.550447 0.116663
vt 0.528269 0.158156
vt 0.514612 0.203178
vt 0.510000 0.250000
vt 0.514612 0.296822
vt 0.528269 0.341844
vt 0.550447 0.383337
vt 0.580294 0.419706
vt 0.616663 0.449553
vt 0.658156 0.471731
vt 0.703178 0.485388
vt 0.031250 0.500000
vt 0.031250 0.555556
vt 0.000000 0.555556
vt 0.000000 0.500000
vt 0.031250 0.611111
vt 0.000000 0.611111
vt 0.031250 0.666667
vt 0.000000 0.666667
vt 0.031250 0.722222
vt 0.000000 0.722222
vt 0.031250 0.777778
vt 0.000000 0.777778
vt 0.031250 0.833333
vt 0.000000 0.833333
vt 0.031250 0.888889
vt 0.000000 0.888889
vt 0.062500 0.500000
vt 0.062500 0.555556
vt 0.062500 0.611111
vt 0.062500 0.666667
vt 0.062500 0.722222
vt 0.062500 0.777778
vt 0.062500 0.833333
vt 0.062500 0.888889
vt 0.093750 0.500000
vt 0.093750 0.555556
vt 0.093750 0.611111
vt 0.093750 0.666667
vt 0.093750 0.722222
vt 0.093750 0.777778
vt 0.093750 0.833333
vt 0.093750 0.888889
vt 0.125000 0.500000
vt 0.125000 0.555556
vt 0.125000 0.611111
vt 0.125000 0.666667
vt 0.125000 0.722222
vt 0.125000 0.777778
vt 0.125000 0.833333
vt 0.125000 0.888889
vt 0.156250 0.500000
vt 0.156250 0.555556
vt 0.156250 0.611111
vt 0.156250 0.666667
vt 0.156250 0.722222
vt 0.156250 0.777778
vt 0.156250 0.833333
vt 0.156250 0.888889
vt 0.187500 0.500000
vt 0.187500 0.555556
vt 0.187500 0.611111
vt 0.187500 0.666667
vt 0.187500 0.722222
vt 0.187500 0.777778
vt 0.187500 0.833333
vt 0.187500 0.888889
vt 0.218750 0.500000
vt 0.218750 0.555556
vt 0.218750 0.611111
vt 0.218750 0.666667
vt 0.218750 0.722222
vt 0.218750 0.777778
vt 0.218750 0.833333
vt 0.218750 0.888889
vt 0.250000 0.500000
vt 0.250000 0.555556
vt 0.250000 0.611111
vt 0.250000 0.666667
vt 0.250000 0.722222
vt 0.250000 0.777778
vt 0.250000 0.833333
vt 0.250000 0.888889
vt 0.281250 0.500000
vt 0.281250 0.555556
vt 0.281250 0.611111
vt 0.281250 0.666667
vt 0.281250 0.722222
vt 0.281250 0.777778
vt 0.281250 0.833333
vt 0.281250 0.888889
vt 0.312500 0.500000
vt 0.312500 0.555556
vt 0.312500 0.611111
vt 0.312500 0.666667
vt 0.312500 0.722222
vt 0.312500 0.777778
vt 0.312500 0.833333
vt 0.312500 0.888889
vt 0.343750 0.500000
vt 0.343750 0.555556
vt 0.343750 0.611111
vt 0.343750 0.666667
vt 0.343750 0.722222
vt 0.343750 0.777778
vt 0.343750 0.833333
vt 0.343750 0.888889
vt 0.375000 0.500000
vt 0.375000 0.555556
vt 0.375000 0.611111
vt 0.375000 0.666667
vt 0.375000 0.722222
vt 0.375000 0.777778
vt 0.375000 0.833333
vt 0.375000 0.888889
vt 0.406250 0.500000
vt 0.406250 0.555556
vt 0.406250 0.611111
vt 0.406250 0.666667
vt 0.406250 0.722222
vt 0.406250 0.777778
vt 0.406250 0.833333
vt 0.406250 0.888889
vt 0.437500 0.500000
vt 0.437500 0.555556
vt 0.437500 0.611111
vt 0.437500 0.666667
vt 0.437500 0.722222
vt 0.437500 0.777778
vt 0.437500 0.833333
vt 0.437500 0.888889
vt 0.468750 0.500000
vt 0.468750 0.555556
vt 0.468750 0.611111
vt 0.468750 0.666667
vt 0.468750 0.722222
vt 0.468750 0.777778
vt 0.468750 0.833333
vt 0.468750 0.888889
vt 0.500000 0.500000
vt 0.500000 0.555556
vt 0.500000 0.611111
vt 0.500000 0.666667
vt 0.500000 0.722222
vt 0.500000 0.777778
vt 0.500000 0.833333
vt 0.500000 0.888889
vt 0.531250 0.500000
vt 0.531250 0.555556
vt 0.531250 0.611111
vt 0.531250 0.666667
vt 0.531250 0.722222
vt 0.531250 0.777778
vt 0.531250 0.833333
vt 0.531250 0.888889
vt 0.562500 0.500000
vt 0.562500 0.555556
vt 0.562500 0.611111
vt 0.562500 0.666667
vt 0.562500 0.722222
vt 0.562500 0.777778
vt 0.562500 0.833333
vt 0.562500 0.888889
vt 0.593750 0.500000
vt 0.593750 0.555556
vt 0.593750 0.611111
vt 0.593750 0.666667
vt 0.593750 0.722222
vt 0.593750 0.777778
vt 0.593750 0.833333
vt 0.593750 0.888889
vt 0.625000 0.500000
vt 0.625000 0.555556
vt 0.625000 0.611111
vt 0.625000 0.666667
vt 0.625000 0.722222
vt 0.625000 0.777778
vt 0.625000 0.833333
vt 0.625000 0.888889
vt 0.656250 0.500000
vt 0.656250 0.555556
vt 0.656250 0.611111
vt 0.656250 0.666667
vt 0.656250 0.722222
vt 0.656250 0.777778
vt 0.656250 0.833333
vt 0.656250 0.888889
vt 0.687500 0.500000
vt 0.687500 0.555556
vt 0.687500 0.611111
vt 0.687500 0.666667
vt 0.687500 0.722222
vt 0.687500 0.777778
vt 0.687500 0.833333
vt 0.687500 0.888889
vt 0.718750 0.500000
vt 0.718750 0.555556
vt 0.718750 0.611111
vt 0.718750 0.666667
vt 0.718750 0.722222
vt 0.718750 0.777778
vt 0.718750 0.833333
vt 0.718750 0.888889
vt 0.750000 0.500000
vt 0.750000 0.555556
vt 0.750000 0.611111
vt 0.750000 0.666667
vt 0.750000 0.722222
vt 0.750000 0.777778
vt 0.750000 0.833333
vt 0.750000 0.888889
vt 0.781250 0.500000
vt 0.781250 0.555556
vt 0.781250 0.611111
vt 0.781250 0.666667
vt 0.781250 0.722222
vt 0.781250 0.777778
vt 0.781250 0.833333
vt 0.781250 0.888889
vt 0.812500 0.500000
vt 0.812500 0.555556
vt 0.812500 0.611111
vt 0.812500 0.666667
vt 0.812500 0.722222
vt 0.812500 0.777778
vt 0.812500 0.833333
vt 0.812500 0.888889
vt 0.843750 0.500000
vt 0.843750 0.555556
vt 0.843750 0.611111
vt 0.843750 0.666667
vt 0.843750 0.722222
vt 0.843750 0.777778
vt 0.843750 0.833333
vt 0.843750 0.888889
vt 0.875000 0.500000
vt 0.875000 0.555556
vt 0.875000 0.611111
vt 0.875000 0.666667
vt 0.875000 0.722222
vt 0.875000 0.777778
vt 0.875000 0.833333
vt 0.875000 0.888889
vt 0.906250 0.500000
vt 0.906250 0.555556
vt 0.906250 0.611111
vt 0.906250 0.666667
vt 0.906250 0.722222
vt 0.906250 0.777778
vt 0.906250 0.833333
vt 0.906250 0.888889
vt 0.937500 0.500000
vt 0.937500 0.555556
vt 0.937500 0.611111
vt 0.937500 0.666667
vt 0.937500 0.722222
vt 0.937500 0.777778
vt 0.937500 0.833333
vt 0.937500 0.888889
vt 0.968750 0.500000
vt 0.968750 0.555556
vt 0.968750 0.611111
vt 0.968750 0.666667
vt 0.968750 0.722222
vt 0.968750 0.777778
vt 0.968750 0.833333
vt 0.968750 0.888889
vt 1.000000 0.500000
vt 1.000000 0.555556
vt 1.000000 0.611111
vt 1.000000 0.666667
vt 1.000000 0.722222
vt 1.000000 0.777778
vt 1.000000 0.833333
vt 1.000000 0.888889
vt 0.296822 0.485388
vt 0.250000 0.490000
vt 0.203178 0.485388
vt 0.158156 0.471731
vt 0.116663 0.449553
vt 0.080294 0.419706
vt 0.050447 0.383337
vt 0.028269 0.341844
vt 0.014612 0.296822
vt 0.010000 0.250000
vt 0.014612 0.203178
vt 0.028269 0.158156
vt 0.050447 0.116663
vt 0.080294 0.080294
vt 0.116663 0.050447
vt 0.158156 0.028269
vt 0.203178 0.014612
vt 0.250000 0.010000
vt 0.296822 0.014612
vt 0.341844 0.028269
vt 0.383337 0.050447
vt 0.419706 0.080294
vt 0.449553 0.116663
vt 0.471731 0.158156
vt 0.485388 0.203178
vt 0.490000 0.250000
vt 0.485388 0.296822
vt 0.471731 0.341844
vt 0.449553 0.383337
vt 0.419706 0.419706
vt 0.383337 0.449553
vt 0.341844 0.471731
s 1
usemtl Material.001
f 1902/1856/1801 1832/1857/1802 1834/1858/1803 1903/1859/1804
f 1903/1859/1804 1834/1858/1803 1836/1860/1805 1911/1861/1806
f 1911/1861/1806 1836/1860/1805 1838/1862/1807 1919/1863/1808
f 1919/1863/1808 1838/1862/1807 1840/1864/1809 1927/1865/1810
f 1927/1865/1810 1840/1864/1809 1842/1866/1811 1935/1867/1812
f 1935/1867/1812 1842/1866/1811 1844/1868/1813 1943/1869/1814
f 1943/1869/1814 1844/1868/1813 1846/1870/1815 1951/1871/1816
f 1951/1871/1816 1846/1870/1815 1848/1872/1817 1959/1873/1818
f 1959/1873/1818 1848/1872/1817 1850/1874/1819 1967/1875/1820
f 1967/1875/1820 1850/1874/1819 1852/1876/1821 1975/1877/1822
f 1975/1877/1822 1852/1876/1821 1854/1878/1823 1983/1879/1824
f 1983/1879/1824 1854/1878/1823 1856/1880/1825 1991/1881/1826
f 1991/1881/1826 1856/1880/1825 1858/1882/1827 1999/1883/1828
f 1999/1883/1828 1858/1882/1827 1860/1884/1829 2007/1885/1830
f 2007/1885/1830 1860/1884/1829 1862/1886/1831 2015/1887/1832
f 2015/1887/1832 1862/1886/1831 1864/1888/1833 2023/1889/1834
f 2023/1889/1834 1864/1888/1833 1866/1890/1835 2031/1891/1836
f 2031/1891/1836 1866/1890/1835 1868/1892/1837 2039/1893/1838
f 2039/1893/1838 1868/1892/1837 1870/1894/1839 2047/1895/1840
f 2047/1895/1840 1870/1894/1839 1872/1896/1841 2055/1897/1842
f 2055/1897/1842 1872/1896/1841 1874/1898/1843 2063/1899/1844
f 2063/1899/1844 1874/1898/1843 1876/1900/1845 2071/1901/1846
f 2071/1901/1846 1876/1900/1845 1878/1902/1847 2079/1903/1848
f 2079/1903/1848 1878/1902/1847 1880/1904/1849 2087/1905/1850
f 2087/1905/1850 1880/1904/1849 1882/1906/1851 2095/1907/1852
f 2095/1907/1852 1882/1906/1851 1884/1908/1853 2103/1909/1854
f 2103/1909/1854 1884/1908/1853 1886/1910/1855 2111/1911/1856
f 2111/1911/1856 1886/1910/1855 1888/1912/1857 2119/1913/1858
f 2119/1913/1858 1888/1912/1857 1890/1914/1859 2127/1915/1860
f 2127/1915/1860 1890/1914/1859 1892/1916/1861 2135/1917/1862
f 1850/1874/1863 1848/1872/1863 2159/1872/1863 2160/1874/1863
f 2135/1917/1862 1892/1916/1861 1894/1918/1864 2143/1919/1865
f 2143/1919/1865 1894/1918/1864 1832/1920/1802 1902/1921/1801
f 1831/1922/1866 1833/1923/1866 1835/1924/1866 1837/1925/1866 1839/1926/1866 1841/1927/1866 1843/1928/1866 1845/1929/1866 1847/1930/1866 1849/1931/1866 1851/1932/1866 1853/1933/1866 1855/1934/1866 1857/1935/1866 1859/1936/1866 1861/1937/1866 1863/1938/1866 1865/1939/1866 1867/1940/1866 1869/1941/1866 1871/1942/1866 1873/1943/1866 1875/1944/1866 1877/1945/1866 1879/1946/1866 1881/1947/1866 1883/1948/1866 1885/1949/1866 1887/1950/1866 1889/1951/1866 1891/1952/1866 1893/1953/1866
f 1893/1954/1867 2150/1955/1868 1895/1956/1869 1831/1957/1870
f 2150/1955/1868 2149/1958/1871 1896/1959/1872 1895/1956/1869
f 2149/1958/1871 2148/1960/1873 1897/1961/1874 1896/1959/1872
f 2148/1960/1873 2147/1962/1875 1898/1963/1876 1897/1961/1874
f 2147/1962/1875 2146/1964/1877 1899/1965/1878 1898/1963/1876
f 2146/1964/1877 2145/1966/1879 1900/1967/1880 1899/1965/1878
f 2145/1966/1879 2144/1968/1881 1901/1969/1882 1900/1967/1880
f 2144/1968/1881 2143/1919/1865 1902/1921/1801 1901/1969/1882
f 1891/1970/1883 2142/1971/1884 2150/1955/1868 1893/1954/1867
f 2142/1971/1884 2141/1972/1885 2149/1958/1871 2150/1955/1868
f 2141/1972/1885 2140/1973/1886 2148/1960/1873 2149/1958/1871
f 2140/1973/1886 2139/1974/1887 2147/1962/1875 2148/1960/1873
f 2139/1974/1887 2138/1975/1888 2146/1964/1877 2147/1962/1875
f 2138/1975/1888 2137/1976/1889 2145/1966/1879 2146/1964/1877
f 2137/1976/1889 2136/1977/1890 2144/1968/1881 2145/1966/1879
f 2136/1977/1890 2135/1917/1862 2143/1919/1865 2144/1968/1881
f 1889/1978/1891 2134/1979/1892 2142/1971/1884 1891/1970/1883
f 2134/1979/1892 2133/1980/1893 2141/1972/1885 2142/1971/1884
f 2133/1980/1893 2132/1981/1894 2140/1973/1886 2141/1972/1885
f 2132/1981/1894 2131/1982/1895 2139/1974/1887 2140/1973/1886
f 2131/1982/1895 2130/1983/1896 2138/1975/1888 2139/1974/1887
f 2130/1983/1896 2129/1984/1897 2137/1976/1889 2138/1975/1888
f 2129/1984/1897 2128/1985/1898 2136/1977/1890 2137/1976/1889
f 2128/1985/1898 2127/1915/1860 2135/1917/1862 2136/1977/1890
f 1887/1986/1899 2126/1987/1900 2134/1979/1892 1889/1978/1891
f 2126/1987/1900 2125/1988/1901 2133/1980/1893 2134/1979/1892
f 2125/1988/1901 2124/1989/1902 2132/1981/1894 2133/1980/1893
f 2124/1989/1902 2123/1990/1903 2131/1982/1895 2132/1981/1894
f 2123/1990/1903 2122/1991/1904 2130/1983/1896 2131/1982/1895
f 2122/1991/1904 2121/1992/1905 2129/1984/1897 2130/1983/1896
f 2121/1992/1905 2120/1993/1906 2128/1985/1898 2129/1984/1897
f 2120/1993/1906 2119/1913/1858 2127/1915/1860 2128/1985/1898
f 1885/1994/1907 2118/1995/1908 2126/1987/1900 1887/1986/1899
f 2118/1995/1908 2117/1996/1909 2125/1988/1901 2126/1987/1900
f 2117/1996/1909 2116/1997/1910 2124/1989/1902 2125/1988/1901
f 2116/1997/1910 2115/1998/1911 2123/1990/1903 2124/1989/1902
f 2115/1998/1911 2114/1999/1912 2122/1991/1904 2123/1990/1903
f 2114/1999/1912 2113/2000/1913 2121/1992/1905 2122/1991/1904
f 2113/2000/1913 2112/2001/1914 2120/1993/1906 2121/1992/1905
f 2112/2001/1914 2111/1911/1856 2119/1913/1858 2120/1993/1906
f 1883/2002/1915 2110/2003/1916 2118/1995/1908 1885/1994/1907
f 2110/2003/1916 2109/2004/1917 2117/1996/1909 2118/1995/1908
f 2109/2004/1917 2108/2005/1918 2116/1997/1910 2117/1996/1909
f 2108/2005/1918 2107/2006/1919 2115/1998/1911 2116/1997/1910
f 2107/2006/1919 2106/2007/1920 2114/1999/1912 2115/1998/1911
f 2106/2007/1920 2105/2008/1921 2113/2000/1913 2114/1999/1912
f 2105/2008/1921 2104/2009/1922 2112/2001/1914 2113/2000/1913
f 2104/2009/1922 2103/1909/1854 2111/1911/1856 2112/2001/1914
f 1881/2010/1923 2102/2011/1924 2110/2003/1916 1883/2002/1915
f 2102/2011/1924 2101/2012/1925 2109/2004/1917 2110/2003/1916
f 2101/2012/1925 2100/2013/1926 2108/2005/1918 2109/2004/1917
f 2100/2013/1926 2099/2014/1927 2107/2006/1919 2108/2005/1918
f 2099/2014/1927 2098/2015/1928 2106/2007/1920 2107/2006/1919
f 2098/2015/1928 2097/2016/1929 2105/2008/1921 2106/2007/1920
f 2097/2016/1929 2096/2017/1930 2104/2009/1922 2105/2008/1921
f 2096/2017/1930 2095/1907/1852 2103/1909/1854 2104/2009/1922
f 1879/2018/1931 2094/2019/1932 2102/2011/1924 1881/2010/1923
f 2094/2019/1932 2093/2020/1933 2101/2012/1925 2102/2011/1924
f 2093/2020/1933 2092/2021/1934 2100/2013/1926 2101/2012/1925
f 2092/2021/1934 2091/2022/1935 2099/2014/1927 2100/2013/1926
f 2091/2022/1935 2090/2023/1936 2098/2015/1928 2099/2014/1927
f 2090/2023/1936 2089/2024/1937 2097/2016/1929 2098/2015/1928
f 2089/2024/1937 2088/2025/1938 2096/2017/1930 2097/2016/1929
f 2088/2025/1938 2087/1905/1850 2095/1907/1852 2096/2017/1930
f 1877/2026/1939 2086/2027/1940 2094/2019/1932 1879/2018/1931
f 2086/2027/1940 2085/2028/1941 2093/2020/1933 2094/2019/1932
f 2085/2028/1941 2084/2029/1942 2092/2021/1934 2093/2020/1933
f 2084/2029/1942 2083/2030/1943 2091/2022/1935 2092/2021/1934
f 2083/2030/1943 2082/2031/1944 2090/2023/1936 2091/2022/1935
f 2082/2031/1944 2081/2032/1945 2089/2024/1937 2090/2023/1936
f 2081/2032/1945 2080/2033/1946 2088/2025/1938 2089/2024/1937
f 2080/2033/1946 2079/1903/1848 2087/1905/1850 2088/2025/1938
f 1875/2034/1947 2078/2035/1948 2086/2027/1940 1877/2026/1939
f 2078/2035/1948 2077/2036/1949 2085/2028/1941 2086/2027/1940
f 2077/2036/1949 2076/2037/1950 2084/2029/1942 2085/2028/1941
f 2076/2037/1950 2075/2038/1951 2083/2030/1943 2084/2029/1942
f 2075/2038/1951 2074/2039/1952 2082/2031/1944 2083/2030/1943
f 2074/2039/1952 2073/2040/1953 2081/2032/1945 2082/2031/1944
f 2073/2040/1953 2072/2041/1954 2080/2033/1946 2081/2032/1945
f 2072/2041/1954 2071/1901/1846 2079/1903/1848 2080/2033/1946
f 1873/2042/1955 2070/2043/1956 2078/2035/1948 1875/2034/1947
f 2070/2043/1956 2069/2044/1957 2077/2036/1949 2078/2035/1948
f 2069/2044/1957 2068/2045/1958 2076/2037/1950 2077/2036/1949
f 2068/2045/1958 2067/2046/1959 2075/2038/1951 2076/2037/1950
f 2067/2046/1959 2066/2047/1960 2074/2039/1952 2075/2038/1951
f 2066/2047/1960 2065/2048/1961 2073/2040/1953 2074/2039/1952
f 2065/2048/1961 2064/2049/1962 2072/2041/1954 2073/2040/1953
f 2064/2049/1962 2063/1899/1844 2071/1901/1846 2072/2041/1954
f 1871/2050/1963 2062/2051/1964 2070/2043/1956 1873/2042/1955
f 2062/2051/1964 2061/2052/1965 2069/2044/1957 2070/2043/1956
f 2061/2052/1965 2060/2053/1966 2068/2045/1958 2069/2044/1957
f 2060/2053/1966 2059/2054/1967 2067/2046/1959 2068/2045/1958
f 2059/2054/1967 2058/2055/1968 2066/2047/1960 2067/2046/1959
f 2058/2055/1968 2057/2056/1969 2065/2048/1961 2066/2047/1960
f 2057/2056/1969 2056/2057/1970 2064/2049/1962 2065/2048/1961
f 2056/2057/1970 2055/1897/1842 2063/1899/1844 2064/2049/1962
f 1869/2058/1971 2054/2059/1972 2062/2051/1964 1871/2050/1963
f 2054/2059/1972 2053/2060/1973 2061/2052/1965 2062/2051/1964
f 2053/2060/1973 2052/2061/1974 2060/2053/1966 2061/2052/1965
f 2052/2061/1974 2051/2062/1975 2059/2054/1967 2060/2053/1966
f 2051/2062/1975 2050/2063/1976 2058/2055/1968 2059/2054/1967
f 2050/2063/1976 2049/2064/1977 2057/2056/1969 2058/2055/1968
f 2049/2064/1977 2048/2065/1978 2056/2057/1970 2057/2056/1969
f 2048/2065/1978 2047/1895/1840 2055/1897/1842 2056/2057/1970
f 1867/2066/1979 2046/2067/1980 2054/2059/1972 1869/2058/1971
f 2046/2067/1980 2045/2068/1981 2053/2060/1973 2054/2059/1972
f 2045/2068/1981 2044/2069/1982 2052/2061/1974 2053/2060/1973
f 2044/2069/1982 2043/2070/1983 2051/2062/1975 2052/2061/1974
f 2043/2070/1983 2042/2071/1984 2050/2063/1976 2051/2062/1975
f 2042/2071/1984 2041/2072/1985 2049/2064/1977 2050/2063/1976
f 2041/2072/1985 2040/2073/1986 2048/2065/1978 2049/2064/1977
f 2040/2073/1986 2039/1893/1838 2047/1895/1840 2048/2065/1978
f 1865/2074/1987 2038/2075/1988 2046/2067/1980 1867/2066/1979
f 2038/2075/1988 2037/2076/1989 2045/2068/1981 2046/2067/1980
f 2037/2076/1989 2036/2077/1990 2044/2069/1982 2045/2068/1981
f 2036/2077/1990 2035/2078/1991 2043/2070/1983 2044/2069/1982
f 2035/2078/1991 2034/2079/1992 2042/2071/1984 2043/2070/1983
f 2034/2079/1992 2033/2080/1993 2041/2072/1985 2042/2071/1984
f 2033/2080/1993 2032/2081/1994 2040/2073/1986 2041/2072/1985
f 2032/2081/1994 2031/1891/1836 2039/1893/1838 2040/2073/1986
f 1863/2082/1995 2030/2083/1996 2038/2075/1988 1865/2074/1987
f 2030/2083/1996 2029/2084/1997 2037/2076/1989 2038/2075/1988
f 2029/2084/1997 2028/2085/1998 2036/2077/1990 2037/2076/1989
f 2028/2085/1998 2027/2086/1999 2035/2078/1991 2036/2077/1990
f 2027/2086/1999 2026/2087/2000 2034/2079/1992 2035/2078/1991
f 2026/2087/2000 2025/2088/2001 2033/2080/1993 2034/2079/1992
f 2025/2088/2001 2024/2089/2002 2032/2081/1994 2033/2080/1993
f 2024/2089/2002 2023/1889/1834 2031/1891/1836 2032/2081/1994
f 1861/2090/2003 2022/2091/2004 2030/2083/1996 1863/2082/1995
f 2022/2091/2004 2021/2092/2005 2029/2084/1997 2030/2083/1996
f 2021/2092/2005 2020/2093/2006 2028/2085/1998 2029/2084/1997
f 2020/2093/2006 2019/2094/2007 2027/2086/1999 2028/2085/1998
f 2019/2094/2007 2018/2095/2008 2026/2087/2000 2027/2086/1999
f 2018/2095/2008 2017/2096/2009 2025/2088/2001 2026/2087/2000
f 2017/2096/2009 2016/2097/2010 2024/2089/2002 2025/2088/2001
f 2016/2097/2010 2015/1887/1832 2023/1889/1834 2024/2089/2002
f 1859/2098/2011 2014/2099/2012 2022/2091/2004 1861/2090/2003
f 2014/2099/2012 2013/2100/2013 2021/2092/2005 2022/2091/2004
f 2013/2100/2013 2012/2101/2014 2020/2093/2006 2021/2092/2005
f 2012/2101/2014 2011/2102/2015 2019/2094/2007 2020/2093/2006
f 2011/2102/2015 2010/2103/2016 2018/2095/2008 2019/2094/2007
f 2010/2103/2016 2009/2104/2017 2017/2096/2009 2018/2095/2008
f 2009/2104/2017 2008/2105/2018 2016/2097/2010 2017/2096/2009
f 2008/2105/2018 2007/1885/1830 2015/1887/1832 2016/2097/2010
f 1857/2106/2019 2006/2107/2020 2014/2099/2012 1859/2098/2011
f 2006/2107/2020 2005/2108/2021 2013/2100/2013 2014/2099/2012
f 2005/2108/2021 2004/2109/2022 2012/2101/2014 2013/2100/2013
f 2004/2109/2022 2003/2110/2023 2011/2102/2015 2012/2101/2014
f 2003/2110/2023 2002/2111/2024 2010/2103/2016 2011/2102/2015
f 2002/2111/2024 2001/2112/2025 2009/2104/2017 2010/2103/2016
f 2001/2112/2025 2000/2113/2026 2008/2105/2018 2009/2104/2017
f 2000/2113/2026 1999/1883/1828 2007/1885/1830 2008/2105/2018
f 1855/2114/2027 1998/2115/2028 2006/2107/2020 1857/2106/2019
f 1998/2115/2028 1997/2116/2029 2005/2108/2021 2006/2107/2020
f 1997/2116/2029 1996/2117/2030 2004/2109/2022 2005/2108/2021
f 1996/2117/2030 1995/2118/2031 2003/2110/2023 2004/2109/2022
f 1995/2118/2031 1994/2119/2032 2002/2111/2024 2003/2110/2023
f 1994/2119/2032 1993/2120/2033 2001/2112/2025 2002/2111/2024
f 1993/2120/2033 1992/2121/2034 2000/2113/2026 2001/2112/2025
f 1992/2121/2034 1991/1881/1826 1999/1883/1828 2000/2113/2026
f 1853/2122/2035 1990/2123/2036 1998/2115/2028 1855/2114/2027
f 1990/2123/2036 1989/2124/2037 1997/2116/2029 1998/2115/2028
f 1989/2124/2037 1988/2125/2038 1996/2117/2030 1997/2116/2029
f 1988/2125/2038 1987/2126/2039 1995/2118/2031 1996/2117/2030
f 1987/2126/2039 1986/2127/2040 1994/2119/2032 1995/2118/2031
f 1986/2127/2040 1985/2128/2041 1993/2120/2033 1994/2119/2032
f 1985/2128/2041 1984/2129/2042 1992/2121/2034 1993/2120/2033
f 1984/2129/2042 1983/1879/1824 1991/1881/1826 1992/2121/2034
f 1851/2130/2043 1982/2131/2044 1990/2123/2036 1853/2122/2035
f 1982/2131/2044 1981/2132/2045 1989/2124/2037 1990/2123/2036
f 1981/2132/2045 1980/2133/2046 1988/2125/2038 1989/2124/2037
f 1980/2133/2046 1979/2134/2047 1987/2126/2039 1988/2125/2038
f 1979/2134/2047 1978/2135/2048 1986/2127/2040 1987/2126/2039
f 1978/2135/2048 1977/2136/2049 1985/2128/2041 1986/2127/2040
f 1977/2136/2049 1976/2137/2050 1984/2129/2042 1985/2128/2041
f 1976/2137/2050 1975/1877/1822 1983/1879/1824 1984/2129/2042
f 1849/2138/2051 1974/2139/2052 1982/2131/2044 1851/2130/2043
f 1974/2139/2052 1973/2140/2053 1981/2132/2045 1982/2131/2044
f 1973/2140/2053 1972/2141/2054 1980/2133/2046 1981/2132/2045
f 1972/2141/2054 1971/2142/2055 1979/2134/2047 1980/2133/2046
f 1971/2142/2055 1970/2143/2056 1978/2135/2048 1979/2134/2047
f 1970/2143/2056 1969/2144/2057 1977/2136/2049 1978/2135/2048
f 1969/2144/2057 1968/2145/2058 1976/2137/2050 1977/2136/2049
f 1968/2145/2058 1967/1875/1820 1975/1877/1822 1976/2137/2050
f 1847/2146/2059 1966/2147/2060 1974/2139/2052 1849/2138/2051
f 1966/2147/2060 1965/2148/2061 1973/2140/2053 1974/2139/2052
f 1965/2148/2061 1964/2149/2062 1972/2141/2054 1973/2140/2053
f 1964/2149/2062 1963/2150/2063 1971/2142/2055 1972/2141/2054
f 1963/2150/2063 1962/2151/2064 1970/2143/2056 1971/2142/2055
f 1962/2151/2064 1961/2152/2065 1969/2144/2057 1970/2143/2056
f 1961/2152/2065 1960/2153/2066 1968/2145/2058 1969/2144/2057
f 1960/2153/2066 1959/1873/1818 1967/1875/1820 1968/2145/2058
f 1845/2154/2067 1958/2155/2068 1966/2147/2060 1847/2146/2059
f 1958/2155/2068 1957/2156/2069 1965/2148/2061 1966/2147/2060
f 1957/2156/2069 1956/2157/2070 1964/2149/2062 1965/2148/2061
f 1956/2157/2070 1955/2158/2071 1963/2150/2063 1964/2149/2062
f 1955/2158/2071 1954/2159/2072 1962/2151/2064 1963/2150/2063
f 1954/2159/2072 1953/2160/2073 1961/2152/2065 1962/2151/2064
f 1953/2160/2073 1952/2161/2074 1960/2153/2066 1961/2152/2065
f 1952/2161/2074 1951/1871/1816 1959/1873/1818 1960/2153/2066
f 1843/2162/2075 1950/2163/2076 1958/2155/2068 1845/2154/2067
f 1950/2163/2076 1949/2164/2077 1957/2156/2069 1958/2155/2068
f 1949/2164/2077 1948/2165/2078 1956/2157/2070 1957/2156/2069
f 1948/2165/2078 1947/2166/2079 1955/2158/2071 1956/2157/2070
f 1947/2166/2079 1946/2167/2080 1954/2159/2072 1955/2158/2071
f 1946/2167/2080 1945/2168/2081 1953/2160/2073 1954/2159/2072
f 1945/2168/2081 1944/2169/2082 1952/2161/2074 1953/2160/2073
f 1944/2169/2082 1943/1869/1814 1951/1871/1816 1952/2161/2074
f 1841/2170/2083 1942/2171/2084 1950/2163/2076 1843/2162/2075
f 1942/2171/2084 1941/2172/2085 1949/2164/2077 1950/2163/2076
f 1941/2172/2085 1940/2173/2086 1948/2165/2078 1949/2164/2077
f 1940/2173/2086 1939/2174/2087 1947/2166/2079 1948/2165/2078
f 1939/2174/2087 1938/2175/2088 1946/2167/2080 1947/2166/2079
f 1938/2175/2088 1937/2176/2089 1945/2168/2081 1946/2167/2080
f 1937/2176/2089 1936/2177/2090 1944/2169/2082 1945/2168/2081
f 1936/2177/2090 1935/1867/1812 1943/1869/1814 1944/2169/2082
f 1839/2178/2091 1934/2179/2092 1942/2171/2084 1841/2170/2083
f 1934/2179/2092 1933/2180/2093 1941/2172/2085 1942/2171/2084
f 1933/2180/2093 1932/2181/2094 1940/2173/2086 1941/2172/2085
f 1932/2181/2094 1931/2182/2095 1939/2174/2087 1940/2173/2086
f 1931/2182/2095 1930/2183/2096 1938/2175/2088 1939/2174/2087
f 1930/2183/2096 1929/2184/2097 1937/2176/2089 1938/2175/2088
f 1929/2184/2097 1928/2185/2098 1936/2177/2090 1937/2176/2089
f 1928/2185/2098 1927/1865/1810 1935/1867/1812 1936/2177/2090
f 1837/2186/2099 1926/2187/2100 1934/2179/2092 1839/2178/2091
f 1926/2187/2100 1925/2188/2101 1933/2180/2093 1934/2179/2092
f 1925/2188/2101 1924/2189/2102 1932/2181/2094 1933/2180/2093
f 1924/2189/2102 1923/2190/2103 1931/2182/2095 1932/2181/2094
f 1923/2190/2103 1922/2191/2104 1930/2183/2096 1931/2182/2095
f 1922/2191/2104 1921/2192/2105 1929/2184/2097 1930/2183/2096
f 1921/2192/2105 1920/2193/2106 1928/2185/2098 1929/2184/2097
f 1920/2193/2106 1919/1863/1808 1927/1865/1810 1928/2185/2098
f 1835/2194/2107 1918/2195/2108 1926/2187/2100 1837/2186/2099
f 1918/2195/2108 1917/2196/2109 1925/2188/2101 1926/2187/2100
f 1917/2196/2109 1916/2197/2110 1924/2189/2102 1925/2188/2101
f 1916/2197/2110 1915/2198/2111 1923/2190/2103 1924/2189/2102
f 1915/2198/2111 1914/2199/2112 1922/2191/2104 1923/2190/2103
f 1914/2199/2112 1913/2200/2113 1921/2192/2105 1922/2191/2104
f 1913/2200/2113 1912/2201/2114 1920/2193/2106 1921/2192/2105
f 1912/2201/2114 1911/1861/1806 1919/1863/1808 1920/2193/2106
f 1833/2202/2115 1910/2203/2116 1918/2195/2108 1835/2194/2107
f 1910/2203/2116 1909/2204/2117 1917/2196/2109 1918/2195/2108
f 1909/2204/2117 1908/2205/2118 1916/2197/2110 1917/2196/2109
f 1908/2205/2118 1907/2206/2119 1915/2198/2111 1916/2197/2110
f 1907/2206/2119 1906/2207/2120 1914/2199/2112 1915/2198/2111
f 1906/2207/2120 1905/2208/2121 1913/2200/2113 1914/2199/2112
f 1905/2208/2121 1904/2209/2122 1912/2201/2114 1913/2200/2113
f 1904/2209/2122 1903/1859/1804 1911/1861/1806 1912/2201/2114
f 1831/2210/1870 1895/2211/1869 1910/2203/2116 1833/2202/2115
f 1895/2211/1869 1896/2212/1872 1909/2204/2117 1910/2203/2116
f 1896/2212/1872 1897/2213/1874 1908/2205/2118 1909/2204/2117
f 1897/2213/1874 1898/2214/1876 1907/2206/2119 1908/2205/2118
f 1898/2214/1876 1899/2215/1878 1906/2207/2120 1907/2206/2119
f 1899/2215/1878 1900/2216/1880 1905/2208/2121 1906/2207/2120
f 1900/2216/1880 1901/2217/1882 1904/2209/2122 1905/2208/2121
f 1901/2217/1882 1902/1856/1801 1903/1859/1804 1904/2209/2122
f 2151/2218/2123 2152/2219/2123 2182/2220/2123 2181/2221/2123 2180/2222/2123 2179/2223/2123 2178/2224/2123 2177/2225/2123 2176/2226/2123 2175/2227/2123 2174/2228/2123 2173/2229/2123 2172/2230/2123 2171/2231/2123 2170/2232/2123 2169/2233/2123 2168/2234/2123 2167/2235/2123 2166/2236/2123 2165/2237/2123 2164/2238/2123 2163/2239/2123 2162/2240/2123 2161/2241/2123 2160/2242/2123 2159/2243/2123 2158/2244/2123 2157/2245/2123 2156/2246/2123 2155/2247/2123 2154/2248/2123 2153/2249/2123
f 1868/1892/1863 1866/1890/1835 2168/1890/1863 2169/1892/1863
f 1886/1910/1863 1884/1908/1863 2177/1908/1863 2178/1910/1863
f 1842/1866/1863 1840/1864/1863 2155/1864/1863 2156/1866/1863
f 1860/1884/1863 1858/1882/1863 2164/1882/1863 2165/1884/1863
f 1878/1902/1863 1876/1900/1863 2173/1900/1863 2174/1902/1863
f 1834/1858/1863 1832/1857/1863 2152/1857/1863 2151/1858/1863
f 1832/1920/1863 1894/1918/1863 2182/1918/1863 2152/1920/1863
f 1852/1876/1863 1850/1874/1863 2160/1874/1863 2161/1876/1863
f 1870/1894/1863 1868/1892/1863 2169/1892/1863 2170/1894/1863
f 1888/1912/1863 1886/1910/1863 2178/1910/1863 2179/1912/1863
f 1844/1868/1863 1842/1866/1863 2156/1866/1863 2157/1868/1863
f 1862/1886/1831 1860/1884/1863 2165/1884/1863 2166/1886/1863
f 1880/1904/1863 1878/1902/1863 2174/1902/1863 2175/1904/1863
f 1836/1860/1863 1834/1858/1863 2151/1858/1863 2153/1860/1863
f 1854/1878/1863 1852/1876/1863 2161/1876/1863 2162/1878/1863
f 1872/1896/1863 1870/1894/1863 2170/1894/1863 2171/1896/1863
f 1890/1914/1863 1888/1912/1863 2179/1912/1863 2180/1914/1863
f 1846/1870/1863 1844/1868/1863 2157/1868/1863 2158/1870/1863
f 1864/1888/1833 1862/1886/1831 2166/1886/1863 2167/1888/1863
f 1882/1906/1863 1880/1904/1863 2175/1904/1863 2176/1906/1863
f 1838/1862/1863 1836/1860/1863 2153/1860/1863 2154/1862/1863
f 1856/1880/1863 1854/1878/1863 2162/1878/1863 2163/1880/1863
f 1874/1898/1863 1872/1896/1863 2171/1896/1863 2172/1898/1863
f 1892/1916/1863 1890/1914/1863 2180/1914/1863 2181/1916/1863
f 1848/1872/1863 1846/1870/1863 2158/1870/1863 2159/1872/1863
f 1866/1890/1835 1864/1888/1833 2167/1888/1863 2168/1890/1863
f 1884/1908/1863 1882/1906/1863 2176/1906/1863 2177/1908/1863
f 1840/1864/1863 1838/1862/1863 2154/1862/1863 2155/1864/1863
f 1858/1882/1863 1856/1880/1863 2163/1880/1863 2164/1882/1863
f 1876/1900/1863 1874/1898/1863 2172/1898/1863 2173/1900/1863
f 1894/1918/1863 1892/1916/1863 2181/1916/1863 2182/1918/1863
o Cube.001
v 0.409061 -1.459809 0.428215
v 0.417258 -1.155461 0.425928
v 0.403801 -1.454942 -0.135724
v 0.454448 -1.145206 -0.089332
v 0.633909 -1.459809 0.428215
v 0.642106 -1.155461 0.425928
v 0.612177 -1.454942 -0.135724
v 0.590262 -1.145206 -0.095954
v 0.376407 -1.379932 0.466874
v 0.375304 -1.390668 -0.163483
v 0.650545 -1.390668 -0.163483
v 0.662899 -1.379932 0.466874
v 0.350459 -1.459446 0.076055
v 0.454448 -1.130525 0.000994
v 0.680259 -1.459446 0.076055
v 0.590262 -1.130525 -0.005628
v 0.736097 -1.386492 0.074673
v 0.293511 -1.386492 0.074673
v 0.371586 -1.179729 0.073602
v 0.395950 -1.222983 -0.151125
v 0.636279 -1.222983 -0.152228
v 0.659628 -1.179729 0.072808
v 0.362133 -1.462241 0.247142
v 0.669078 -1.159258 0.215444
v 0.745056 -1.389148 0.245775
v 0.366577 -1.159258 0.215444
v 0.680778 -1.462241 0.247142
v 0.288212 -1.389148 0.245775
v -0.409061 -1.459809 0.428215
v -0.417258 -1.155461 0.425928
v -0.403801 -1.454942 -0.135724
v -0.454448 -1.145206 -0.089332
v -0.633909 -1.459809 0.428215
v -0.642106 -1.155461 0.425928
v -0.612177 -1.454942 -0.135724
v -0.590262 -1.145206 -0.095954
v -0.376407 -1.379932 0.466874
v -0.375304 -1.390668 -0.163483
v -0.650545 -1.390668 -0.163483
v -0.662899 -1.379932 0.466874
v -0.350460 -1.459446 0.076055
v -0.454448 -1.130525 0.000994
v -0.680259 -1.459446 0.076055
v -0.590262 -1.130525 -0.005628
v -0.736097 -1.386492 0.074673
v -0.293511 -1.386492 0.074673
v -0.371586 -1.179729 0.073602
v -0.395950 -1.222983 -0.151125
v -0.636279 -1.222983 -0.152228
v -0.659628 -1.179729 0.072808
v -0.362133 -1.462241 0.247142
v -0.669078 -1.159258 0.215444
v -0.745056 -1.389148 0.245775
v -0.366577 -1.159258 0.215444
v -0.680778 -1.462241 0.247142
v -0.288212 -1.389148 0.245775
v 0.364296 -1.462384 0.271977
v 0.366748 -1.462410 0.298375
v 0.370137 -1.462299 0.325252
v 0.375107 -1.462029 0.351522
v 0.382119 -1.461588 0.376122
v 0.390888 -1.461012 0.398065
v 0.400716 -1.460359 0.416262
v 0.377356 -1.351643 0.466680
v 0.378809 -1.319670 0.465184
v 0.381356 -1.285947 0.462139
v 0.385587 -1.252408 0.457300
v 0.391915 -1.220906 0.450555
v 0.400053 -1.192960 0.442325
v 0.409321 -1.170121 0.433353
v 0.356647 -1.189419 0.043032
v 0.349046 -1.196639 0.013009
v 0.345866 -1.202816 -0.017640
v 0.346839 -1.208181 -0.048158
v 0.351996 -1.212852 -0.077679
v 0.361647 -1.216865 -0.105293
v 0.376172 -1.220237 -0.130081
v 0.374968 -1.406355 -0.163409
v 0.375335 -1.419400 -0.162889
v 0.376752 -1.430028 -0.161477
v 0.379568 -1.438466 -0.158728
v 0.384044 -1.444943 -0.154325
v 0.390091 -1.449718 -0.148466
v 0.397333 -1.453037 -0.141647
v 0.594732 -1.455731 -0.141573
v 0.568813 -1.456581 -0.147871
v 0.538768 -1.457181 -0.152319
v 0.506866 -1.457404 -0.153973
v 0.475175 -1.457181 -0.152319
v 0.445688 -1.456581 -0.147871
v 0.420542 -1.455731 -0.141573
v 0.421062 -1.225117 -0.167656
v 0.450399 -1.226641 -0.179516
v 0.482553 -1.227556 -0.186699
v 0.516114 -1.227860 -0.189198
v 0.549676 -1.227556 -0.187007
v 0.581830 -1.226641 -0.180120
v 0.611167 -1.225117 -0.168529
v 0.649387 -1.406355 -0.163409
v 0.647350 -1.419400 -0.162889
v 0.644232 -1.430028 -0.161477
v 0.639829 -1.438466 -0.158728
v 0.634010 -1.444943 -0.154325
v 0.626923 -1.449718 -0.148466
v 0.618982 -1.453037 -0.141647
v 0.675651 -1.459185 0.047141
v 0.669585 -1.458927 0.016094
v 0.662108 -1.458601 -0.015652
v 0.653271 -1.458140 -0.046665
v 0.643186 -1.457491 -0.075557
v 0.632235 -1.456673 -0.101132
v 0.621082 -1.455743 -0.122118
v 0.671542 -1.153880 0.242157
v 0.673203 -1.148878 0.271837
v 0.673341 -1.144988 0.302935
v 0.671236 -1.142948 0.333901
v 0.666378 -1.143331 0.363228
v 0.659083 -1.146052 0.389578
v 0.650111 -1.150685 0.411514
v 0.662443 -1.403027 0.465950
v 0.662282 -1.421126 0.463854
v 0.661547 -1.434851 0.460471
v 0.659370 -1.444827 0.455685
v 0.655078 -1.451680 0.449477
v 0.648771 -1.456056 0.442209
v 0.640965 -1.458594 0.434494
v 0.427477 -1.460216 0.432534
v 0.455137 -1.460659 0.437165
v 0.487476 -1.460975 0.440421
v 0.522017 -1.461094 0.441628
v 0.556460 -1.460975 0.440421
v 0.588539 -1.460659 0.437165
v 0.615832 -1.460216 0.432534
v 0.624607 -1.147936 0.431236
v 0.597951 -1.139806 0.436971
v 0.566332 -1.134045 0.441037
v 0.532064 -1.131896 0.442554
v 0.497349 -1.134045 0.441037
v 0.464548 -1.139806 0.436971
v 0.436252 -1.147936 0.431236
v 0.401195 -1.458594 0.434494
v 0.392240 -1.456056 0.442209
v 0.384722 -1.451680 0.449477
v 0.379341 -1.444827 0.455685
v 0.376378 -1.434851 0.460471
v 0.375350 -1.421126 0.463855
v 0.375584 -1.403027 0.465950
v 0.391157 -1.241529 -0.155204
v 0.387107 -1.262187 -0.158269
v 0.383745 -1.284246 -0.160466
v 0.381015 -1.306996 -0.161938
v 0.378861 -1.329724 -0.162831
v 0.377228 -1.351720 -0.163290
v 0.376061 -1.372272 -0.163459
v 0.640208 -1.241529 -0.155943
v 0.643549 -1.262187 -0.158735
v 0.646289 -1.284246 -0.160735
v 0.648417 -1.306996 -0.162076
v 0.649919 -1.329724 -0.162890
v 0.650783 -1.351720 -0.163307
v 0.650995 -1.372272 -0.163461
v 0.649091 -1.170121 0.433353
v 0.656584 -1.192960 0.442325
v 0.662270 -1.220906 0.450555
v 0.665616 -1.252408 0.457300
v 0.666525 -1.285947 0.462139
v 0.665741 -1.319670 0.465184
v 0.664215 -1.351643 0.466680
v 0.632651 -1.379035 0.483692
v 0.597767 -1.378395 0.495704
v 0.559772 -1.378010 0.502912
v 0.520187 -1.377882 0.505315
v 0.480535 -1.378010 0.502912
v 0.442339 -1.378395 0.495704
v 0.407122 -1.379035 0.483692
v 0.744071 -1.388572 0.272506
v 0.741836 -1.387663 0.301521
v 0.737649 -1.386506 0.331809
v 0.730808 -1.385183 0.362355
v 0.720614 -1.383781 0.392148
v 0.706365 -1.382382 0.420173
v 0.687361 -1.381071 0.445420
v 0.404378 -1.391152 -0.181700
v 0.437941 -1.391497 -0.194712
v 0.474511 -1.391704 -0.202520
v 0.512604 -1.391773 -0.205122
v 0.550738 -1.391704 -0.202520
v 0.587428 -1.391497 -0.194712
v 0.621191 -1.391152 -0.181700
v 0.295596 -1.386542 0.046159
v 0.298548 -1.386835 0.015062
v 0.303095 -1.387319 -0.017508
v 0.309968 -1.387937 -0.050436
v 0.319896 -1.388636 -0.082611
v 0.333608 -1.389360 -0.112918
v 0.351834 -1.390056 -0.140247
v 0.395498 -1.455742 -0.122118
v 0.385437 -1.456673 -0.101132
v 0.376009 -1.457491 -0.075557
v 0.367833 -1.458140 -0.046665
v 0.361231 -1.458601 -0.015652
v 0.356196 -1.458927 0.016094
v 0.352636 -1.459185 0.047141
v 0.366676 -1.164379 0.192831
v 0.367430 -1.169030 0.173779
v 0.368584 -1.173102 0.157334
v 0.369884 -1.176488 0.142539
v 0.371080 -1.179068 0.128386
v 0.371940 -1.180686 0.113658
v 0.372234 -1.181135 0.096862
v 0.682333 -1.462004 0.224646
v 0.683843 -1.461694 0.204020
v 0.685098 -1.461331 0.184489
v 0.685890 -1.460935 0.165276
v 0.686011 -1.460529 0.145602
v 0.685252 -1.460131 0.124692
v 0.683404 -1.459763 0.101769
v 0.656055 -1.220237 -0.131366
v 0.670569 -1.216865 -0.106702
v 0.680189 -1.212852 -0.079155
v 0.685285 -1.208181 -0.049639
v 0.686157 -1.202816 -0.019059
v 0.682820 -1.196639 0.011718
v 0.674979 -1.189419 0.041940
v 0.674372 -1.390056 -0.140247
v 0.693019 -1.389360 -0.112918
v 0.707201 -1.388636 -0.082611
v 0.717630 -1.387937 -0.050436
v 0.725021 -1.387319 -0.017508
v 0.730087 -1.386835 0.015062
v 0.733541 -1.386542 0.046159
v 0.287270 -1.389336 0.222026
v 0.286916 -1.389197 0.200701
v 0.287084 -1.388819 0.180925
v 0.287710 -1.388293 0.161823
v 0.288730 -1.387708 0.142521
v 0.290080 -1.387153 0.122145
v 0.291695 -1.386718 0.099820
v 0.289941 -1.404459 0.075231
v 0.287193 -1.419141 0.075631
v 0.286383 -1.430917 0.075896
v 0.288627 -1.440164 0.076051
v 0.295041 -1.447263 0.076121
v 0.306741 -1.452590 0.076128
v 0.324841 -1.456525 0.076098
v 0.739787 -1.404459 0.075231
v 0.742672 -1.419141 0.075631
v 0.743631 -1.430917 0.075896
v 0.741542 -1.440164 0.076051
v 0.735282 -1.447263 0.076121
v 0.723730 -1.452590 0.076128
v 0.705763 -1.456525 0.076098
v 0.406131 -1.163172 0.087159
v 0.441234 -1.153759 0.094336
v 0.478070 -1.148460 0.098171
v 0.515812 -1.146761 0.099276
v 0.553534 -1.148460 0.097920
v 0.590306 -1.153759 0.093853
v 0.625293 -1.163172 0.086484
v 0.646644 -1.461669 0.076017
v 0.606532 -1.463257 0.075991
v 0.562084 -1.464210 0.075975
v 0.515462 -1.464528 0.075970
v 0.468827 -1.464210 0.075975
v 0.424340 -1.463257 0.075991
v 0.384164 -1.461669 0.076017
v 0.683253 -1.205614 0.071993
v 0.698397 -1.231873 0.071600
v 0.709471 -1.259261 0.071571
v 0.717648 -1.287073 0.071869
v 0.723791 -1.314525 0.072437
v 0.728531 -1.340798 0.073172
v 0.732442 -1.365063 0.073955
v 0.347185 -1.205614 0.072520
v 0.331592 -1.231873 0.071936
v 0.320232 -1.259261 0.071767
v 0.311889 -1.287073 0.071970
v 0.305671 -1.314525 0.072480
v 0.300929 -1.340798 0.073184
v 0.297072 -1.365063 0.073957
v 0.443307 -1.132059 -0.007902
v 0.435349 -1.133851 -0.018540
v 0.430574 -1.135815 -0.030392
v 0.428983 -1.137866 -0.042928
v 0.430574 -1.139916 -0.055619
v 0.435349 -1.141880 -0.067937
v 0.443307 -1.143672 -0.079351
v 0.468639 -1.146410 -0.097434
v 0.485218 -1.147271 -0.103535
v 0.503389 -1.147787 -0.107596
v 0.522355 -1.147959 -0.109579
v 0.541321 -1.147787 -0.109446
v 0.559492 -1.147271 -0.107156
v 0.576071 -1.146410 -0.102672
v 0.601403 -1.143672 -0.087059
v 0.609361 -1.141880 -0.076421
v 0.614136 -1.139916 -0.064569
v 0.615727 -1.137866 -0.052033
v 0.614136 -1.135815 -0.039341
v 0.609361 -1.133851 -0.027024
v 0.601403 -1.132059 -0.015610
v 0.468639 -1.129321 0.007711
v 0.485218 -1.128461 0.012195
v 0.503389 -1.127944 0.014485
v 0.522355 -1.127772 0.014619
v 0.541321 -1.127944 0.012636
v 0.559492 -1.128461 0.008574
v 0.576071 -1.129321 0.002473
v 0.387072 -1.166687 0.059674
v 0.399016 -1.158137 0.049087
v 0.409672 -1.151486 0.039727
v 0.419474 -1.146090 0.031179
v 0.428698 -1.141519 0.023178
v 0.437511 -1.137531 0.015566
v 0.446048 -1.133931 0.008215
v 0.446088 -1.151222 -0.098577
v 0.437827 -1.157591 -0.107677
v 0.429766 -1.164665 -0.116487
v 0.422005 -1.172799 -0.124863
v 0.414642 -1.182345 -0.132659
v 0.407779 -1.193655 -0.139732
v 0.401515 -1.207084 -0.145935
v 0.596769 -1.151222 -0.104373
v 0.603204 -1.157591 -0.112660
v 0.609496 -1.164665 -0.120684
v 0.615571 -1.172799 -0.128312
v 0.621360 -1.182345 -0.135412
v 0.626788 -1.193655 -0.141853
v 0.631785 -1.207084 -0.147502
v 0.596807 -1.133931 0.002419
v 0.603507 -1.137531 0.010587
v 0.610518 -1.141519 0.018997
v 0.617993 -1.146090 0.027768
v 0.626117 -1.151486 0.037047
v 0.635178 -1.158137 0.047089
v 0.645624 -1.166687 0.058298
v 0.349557 -1.459763 0.101769
v 0.349742 -1.460131 0.124692
v 0.350808 -1.460529 0.145602
v 0.352549 -1.460935 0.165276
v 0.354757 -1.461331 0.184489
v 0.357229 -1.461694 0.204020
v 0.359756 -1.462004 0.224646
v 0.658008 -1.181135 0.096433
v 0.657721 -1.180686 0.113415
v 0.658326 -1.179068 0.128254
v 0.659658 -1.176488 0.142472
v 0.661562 -1.173102 0.157306
v 0.663877 -1.169030 0.173771
v 0.666437 -1.164379 0.192830
v 0.738342 -1.386718 0.099820
v 0.740357 -1.387153 0.122145
v 0.742096 -1.387708 0.142521
v 0.743514 -1.388293 0.161823
v 0.744565 -1.388819 0.180925
v 0.745202 -1.389197 0.200701
v 0.745381 -1.389336 0.222026
v 0.408228 -1.150685 0.411514
v 0.397347 -1.146052 0.389578
v 0.387386 -1.143331 0.363228
v 0.379227 -1.142948 0.333901
v 0.373348 -1.144988 0.302935
v 0.369538 -1.148878 0.271837
v 0.367409 -1.153880 0.242157
v 0.642630 -1.460359 0.416262
v 0.652876 -1.461012 0.398065
v 0.661962 -1.461588 0.376122
v 0.669134 -1.462029 0.351522
v 0.674070 -1.462299 0.325252
v 0.677224 -1.462410 0.298375
v 0.679244 -1.462384 0.271977
v 0.351350 -1.381071 0.445420
v 0.331646 -1.382382 0.420173
v 0.316622 -1.383781 0.392148
v 0.305608 -1.385183 0.362355
v 0.297932 -1.386506 0.331809
v 0.292921 -1.387663 0.301521
v 0.289905 -1.388572 0.272506
v 0.341459 -1.182853 0.218784
v 0.322531 -1.210464 0.222666
v 0.308885 -1.240818 0.226884
v 0.299618 -1.272641 0.231231
v 0.293822 -1.304660 0.235500
v 0.290593 -1.335599 0.239486
v 0.289024 -1.364187 0.242979
v 0.287565 -1.409516 0.247721
v 0.287760 -1.425548 0.248896
v 0.289788 -1.437806 0.249430
v 0.294641 -1.446856 0.249457
v 0.303310 -1.453261 0.249109
v 0.316788 -1.457585 0.248519
v 0.336065 -1.460390 0.247819
v 0.746422 -1.409516 0.247722
v 0.747243 -1.425548 0.248896
v 0.746449 -1.437806 0.249430
v 0.742969 -1.446856 0.249457
v 0.735733 -1.453261 0.249109
v 0.723669 -1.457585 0.248519
v 0.705708 -1.460390 0.247819
v 0.398339 -1.140741 0.212820
v 0.435408 -1.127515 0.210946
v 0.475993 -1.119580 0.209822
v 0.518307 -1.116934 0.209447
v 0.560561 -1.119580 0.209822
v 0.600967 -1.127515 0.210946
v 0.637735 -1.140741 0.212820
v 0.648318 -1.463608 0.246599
v 0.609796 -1.464584 0.246210
v 0.567191 -1.465170 0.245977
v 0.522480 -1.465365 0.245899
v 0.477641 -1.465170 0.245977
v 0.434651 -1.464584 0.246210
v 0.395490 -1.463608 0.246599
v 0.693666 -1.182853 0.218784
v 0.712007 -1.210464 0.222666
v 0.725069 -1.240818 0.226884
v 0.733820 -1.272641 0.231231
v 0.739226 -1.304660 0.235500
v 0.742256 -1.335599 0.239486
v 0.743877 -1.364187 0.242979
v -0.364296 -1.462384 0.271977
v -0.366748 -1.462410 0.298375
v -0.370137 -1.462299 0.325252
v -0.375107 -1.462029 0.351522
v -0.382119 -1.461588 0.376122
v -0.390888 -1.461012 0.398065
v -0.400716 -1.460359 0.416262
v -0.377356 -1.351643 0.466680
v -0.378809 -1.319670 0.465184
v -0.381356 -1.285947 0.462139
v -0.385587 -1.252408 0.457300
v -0.391915 -1.220906 0.450555
v -0.400053 -1.192960 0.442325
v -0.409321 -1.170121 0.433353
v -0.356648 -1.189419 0.043032
v -0.349046 -1.196639 0.013009
v -0.345867 -1.202816 -0.017640
v -0.346839 -1.208181 -0.048158
v -0.351996 -1.212852 -0.077679
v -0.361647 -1.216865 -0.105293
v -0.376172 -1.220237 -0.130081
v -0.374968 -1.406355 -0.163409
v -0.375335 -1.419400 -0.162889
v -0.376752 -1.430028 -0.161477
v -0.379568 -1.438466 -0.158728
v -0.384044 -1.444943 -0.154325
v -0.390091 -1.449718 -0.148466
v -0.397333 -1.453037 -0.141647
v -0.594732 -1.455731 -0.141573
v -0.568813 -1.456581 -0.147871
v -0.538768 -1.457181 -0.152319
v -0.506867 -1.457404 -0.153973
v -0.475176 -1.457181 -0.152319
v -0.445689 -1.456581 -0.147871
v -0.420542 -1.455731 -0.141573
v -0.421062 -1.225117 -0.167656
v -0.450399 -1.226641 -0.179516
v -0.482553 -1.227556 -0.186699
v -0.516114 -1.227860 -0.189198
v -0.549676 -1.227556 -0.187007
v -0.581830 -1.226641 -0.180120
v -0.611167 -1.225117 -0.168529
v -0.649387 -1.406355 -0.163409
v -0.647350 -1.419400 -0.162889
v -0.644232 -1.430028 -0.161477
v -0.639830 -1.438466 -0.158728
v -0.634010 -1.444943 -0.154325
v -0.626923 -1.449718 -0.148466
v -0.618982 -1.453037 -0.141647
v -0.675651 -1.459185 0.047141
v -0.669585 -1.458927 0.016094
v -0.662108 -1.458601 -0.015652
v -0.653271 -1.458140 -0.046665
v -0.643186 -1.457491 -0.075557
v -0.632236 -1.456673 -0.101132
v -0.621082 -1.455742 -0.122118
v -0.671542 -1.153880 0.242157
v -0.673203 -1.148878 0.271837
v -0.673341 -1.144988 0.302935
v -0.671237 -1.142948 0.333901
v -0.666378 -1.143331 0.363228
v -0.659083 -1.146052 0.389578
v -0.650111 -1.150685 0.411514
v -0.662443 -1.403027 0.465950
v -0.662282 -1.421126 0.463854
v -0.661547 -1.434851 0.460471
v -0.659371 -1.444827 0.455685
v -0.655078 -1.451680 0.449476
v -0.648771 -1.456056 0.442209
v -0.640965 -1.458594 0.434494
v -0.427477 -1.460216 0.432534
v -0.455137 -1.460659 0.437165
v -0.487476 -1.460975 0.440421
v -0.522017 -1.461094 0.441628
v -0.556460 -1.460975 0.440421
v -0.588539 -1.460659 0.437165
v -0.615832 -1.460216 0.432534
v -0.624607 -1.147936 0.431236
v -0.597951 -1.139806 0.436971
v -0.566333 -1.134045 0.441037
v -0.532064 -1.131896 0.442554
v -0.497349 -1.134045 0.441037
v -0.464548 -1.139806 0.436971
v -0.436252 -1.147936 0.431236
v -0.401195 -1.458594 0.434494
v -0.392240 -1.456056 0.442209
v -0.384722 -1.451680 0.449476
v -0.379341 -1.444827 0.455685
v -0.376378 -1.434851 0.460471
v -0.375350 -1.421126 0.463854
v -0.375584 -1.403027 0.465950
v -0.391157 -1.241529 -0.155204
v -0.387107 -1.262187 -0.158269
v -0.383745 -1.284246 -0.160466
v -0.381015 -1.306996 -0.161938
v -0.378861 -1.329724 -0.162831
v -0.377228 -1.351720 -0.163290
v -0.376061 -1.372272 -0.163459
v -0.640208 -1.241529 -0.155943
v -0.643549 -1.262187 -0.158735
v -0.646289 -1.284246 -0.160735
v -0.648417 -1.306996 -0.162076
v -0.649919 -1.329724 -0.162890
v -0.650783 -1.351720 -0.163307
v -0.650996 -1.372272 -0.163461
v -0.649091 -1.170121 0.433353
v -0.656584 -1.192960 0.442325
v -0.662271 -1.220906 0.450555
v -0.665616 -1.252408 0.457300
v -0.666525 -1.285947 0.462139
v -0.665741 -1.319670 0.465184
v -0.664215 -1.351643 0.466680
v -0.632651 -1.379035 0.483692
v -0.597767 -1.378395 0.495704
v -0.559772 -1.378010 0.502912
v -0.520187 -1.377882 0.505315
v -0.480535 -1.378010 0.502912
v -0.442339 -1.378395 0.495704
v -0.407123 -1.379035 0.483692
v -0.744072 -1.388572 0.272506
v -0.741836 -1.387663 0.301521
v -0.737649 -1.386506 0.331809
v -0.730808 -1.385183 0.362355
v -0.720614 -1.383781 0.392148
v -0.706365 -1.382382 0.420173
v -0.687360 -1.381071 0.445420
v -0.404378 -1.391152 -0.181700
v -0.437941 -1.391497 -0.194712
v -0.474511 -1.391704 -0.202520
v -0.512605 -1.391773 -0.205122
v -0.550738 -1.391704 -0.202520
v -0.587428 -1.391497 -0.194712
v -0.621191 -1.391152 -0.181700
v -0.295596 -1.386542 0.046159
v -0.298548 -1.386835 0.015062
v -0.303096 -1.387319 -0.017508
v -0.309968 -1.387937 -0.050436
v -0.319896 -1.388636 -0.082611
v -0.333608 -1.389360 -0.112918
v -0.351834 -1.390056 -0.140247
v -0.395498 -1.455742 -0.122118
v -0.385437 -1.456673 -0.101132
v -0.376009 -1.457491 -0.075557
v -0.367833 -1.458140 -0.046665
v -0.361232 -1.458601 -0.015652
v -0.356196 -1.458927 0.016094
v -0.352636 -1.459185 0.047141
v -0.366676 -1.164379 0.192831
v -0.367430 -1.169030 0.173779
v -0.368585 -1.173102 0.157334
v -0.369885 -1.176488 0.142539
v -0.371080 -1.179068 0.128386
v -0.371940 -1.180686 0.113658
v -0.372234 -1.181135 0.096862
v -0.682333 -1.462004 0.224646
v -0.683843 -1.461694 0.204020
v -0.685098 -1.461331 0.184489
v -0.685890 -1.460935 0.165276
v -0.686011 -1.460529 0.145602
v -0.685252 -1.460131 0.124692
v -0.683404 -1.459763 0.101769
v -0.656056 -1.220237 -0.131366
v -0.670569 -1.216865 -0.106702
v -0.680189 -1.212852 -0.079155
v -0.685286 -1.208181 -0.049639
v -0.686158 -1.202816 -0.019059
v -0.682820 -1.196639 0.011718
v -0.674979 -1.189419 0.041940
v -0.674372 -1.390056 -0.140247
v -0.693020 -1.389360 -0.112918
v -0.707201 -1.388636 -0.082611
v -0.717631 -1.387937 -0.050436
v -0.725021 -1.387319 -0.017508
v -0.730087 -1.386835 0.015062
v -0.733541 -1.386542 0.046159
v -0.287271 -1.389336 0.222026
v -0.286916 -1.389197 0.200701
v -0.287084 -1.388819 0.180925
v -0.287710 -1.388293 0.161823
v -0.288730 -1.387708 0.142521
v -0.290080 -1.387153 0.122145
v -0.291695 -1.386718 0.099820
v -0.289941 -1.404459 0.075231
v -0.287193 -1.419141 0.075631
v -0.286383 -1.430917 0.075896
v -0.288628 -1.440164 0.076051
v -0.295041 -1.447263 0.076121
v -0.306741 -1.452590 0.076128
v -0.324842 -1.456525 0.076098
v -0.739787 -1.404459 0.075231
v -0.742672 -1.419141 0.075631
v -0.743632 -1.430917 0.075896
v -0.741542 -1.440164 0.076051
v -0.735282 -1.447263 0.076121
v -0.723730 -1.452590 0.076128
v -0.705763 -1.456525 0.076098
v -0.406131 -1.163172 0.087158
v -0.441234 -1.153760 0.094336
v -0.478070 -1.148460 0.098171
v -0.515812 -1.146761 0.099276
v -0.553534 -1.148460 0.097920
v -0.590306 -1.153760 0.093853
v -0.625293 -1.163172 0.086484
v -0.646644 -1.461669 0.076017
v -0.606532 -1.463257 0.075991
v -0.562084 -1.464210 0.075975
v -0.515462 -1.464528 0.075970
v -0.468827 -1.464210 0.075975
v -0.424340 -1.463257 0.075991
v -0.384164 -1.461669 0.076017
v -0.683253 -1.205614 0.071993
v -0.698397 -1.231873 0.071600
v -0.709471 -1.259261 0.071571
v -0.717648 -1.287073 0.071869
v -0.723791 -1.314525 0.072437
v -0.728531 -1.340798 0.073172
v -0.732442 -1.365063 0.073955
v -0.347185 -1.205614 0.072520
v -0.331593 -1.231873 0.071936
v -0.320232 -1.259261 0.071767
v -0.311889 -1.287073 0.071970
v -0.305671 -1.314525 0.072480
v -0.300929 -1.340798 0.073184
v -0.297072 -1.365063 0.073957
v -0.443307 -1.132059 -0.007902
v -0.435349 -1.133851 -0.018540
v -0.430574 -1.135816 -0.030392
v -0.428983 -1.137866 -0.042928
v -0.430574 -1.139916 -0.055619
v -0.435349 -1.141880 -0.067937
v -0.443307 -1.143672 -0.079351
v -0.468640 -1.146410 -0.097434
v -0.485218 -1.147271 -0.103535
v -0.503389 -1.147787 -0.107596
v -0.522355 -1.147959 -0.109579
v -0.541321 -1.147787 -0.109446
v -0.559492 -1.147271 -0.107156
v -0.576071 -1.146410 -0.102672
v -0.601403 -1.143672 -0.087059
v -0.609361 -1.141880 -0.076421
v -0.614136 -1.139916 -0.064569
v -0.615728 -1.137866 -0.052033
v -0.614136 -1.135816 -0.039341
v -0.609361 -1.133851 -0.027024
v -0.601403 -1.132059 -0.015610
v -0.468640 -1.129321 0.007711
v -0.485219 -1.128461 0.012195
v -0.503389 -1.127945 0.014485
v -0.522355 -1.127772 0.014619
v -0.541321 -1.127945 0.012636
v -0.559492 -1.128461 0.008574
v -0.576071 -1.129321 0.002473
v -0.387072 -1.166687 0.059674
v -0.399016 -1.158137 0.049087
v -0.409672 -1.151486 0.039727
v -0.419474 -1.146090 0.031179
v -0.428698 -1.141519 0.023178
v -0.437511 -1.137531 0.015566
v -0.446048 -1.133931 0.008215
v -0.446088 -1.151222 -0.098577
v -0.437827 -1.157591 -0.107677
v -0.429766 -1.164665 -0.116487
v -0.422005 -1.172799 -0.124863
v -0.414642 -1.182345 -0.132659
v -0.407779 -1.193655 -0.139732
v -0.401515 -1.207084 -0.145935
v -0.596769 -1.151222 -0.104373
v -0.603205 -1.157591 -0.112660
v -0.609496 -1.164665 -0.120684
v -0.615571 -1.172799 -0.128312
v -0.621360 -1.182345 -0.135412
v -0.626788 -1.193655 -0.141853
v -0.631785 -1.207084 -0.147502
v -0.596807 -1.133931 0.002419
v -0.603507 -1.137531 0.010587
v -0.610517 -1.141519 0.018997
v -0.617993 -1.146090 0.027768
v -0.626117 -1.151486 0.037047
v -0.635178 -1.158137 0.047089
v -0.645624 -1.166687 0.058298
v -0.349557 -1.459763 0.101769
v -0.349742 -1.460131 0.124692
v -0.350808 -1.460529 0.145602
v -0.352549 -1.460935 0.165276
v -0.354758 -1.461331 0.184489
v -0.357229 -1.461694 0.204020
v -0.359756 -1.462004 0.224646
v -0.658008 -1.181135 0.096433
v -0.657721 -1.180686 0.113415
v -0.658326 -1.179068 0.128254
v -0.659658 -1.176488 0.142472
v -0.661563 -1.173102 0.157306
v -0.663877 -1.169030 0.173771
v -0.666437 -1.164379 0.192830
v -0.738342 -1.386718 0.099820
v -0.740357 -1.387153 0.122145
v -0.742096 -1.387708 0.142521
v -0.743514 -1.388293 0.161823
v -0.744565 -1.388819 0.180925
v -0.745202 -1.389197 0.200701
v -0.745381 -1.389336 0.222026
v -0.408228 -1.150685 0.411514
v -0.397347 -1.146052 0.389578
v -0.387386 -1.143331 0.363228
v -0.379227 -1.142948 0.333901
v -0.373348 -1.144988 0.302935
v -0.369538 -1.148878 0.271837
v -0.367410 -1.153880 0.242157
v -0.642630 -1.460359 0.416262
v -0.652876 -1.461012 0.398065
v -0.661962 -1.461588 0.376122
v -0.669135 -1.462029 0.351522
v -0.674070 -1.462299 0.325252
v -0.677224 -1.462410 0.298375
v -0.679244 -1.462384 0.271977
v -0.351350 -1.381071 0.445420
v -0.331646 -1.382382 0.420173
v -0.316622 -1.383781 0.392148
v -0.305608 -1.385183 0.362355
v -0.297932 -1.386506 0.331809
v -0.292921 -1.387663 0.301521
v -0.289905 -1.388572 0.272506
v -0.341459 -1.182853 0.218784
v -0.322531 -1.210464 0.222666
v -0.308885 -1.240818 0.226884
v -0.299618 -1.272641 0.231231
v -0.293822 -1.304660 0.235500
v -0.290593 -1.335599 0.239486
v -0.289025 -1.364187 0.242979
v -0.287565 -1.409516 0.247721
v -0.287760 -1.425548 0.248896
v -0.289788 -1.437806 0.249430
v -0.294641 -1.446856 0.249457
v -0.303310 -1.453261 0.249109
v -0.316788 -1.457585 0.248519
v -0.336065 -1.460390 0.247819
v -0.746422 -1.409516 0.247721
v -0.747243 -1.425548 0.248896
v -0.746449 -1.437806 0.249430
v -0.742969 -1.446856 0.249457
v -0.735732 -1.453261 0.249109
v -0.723669 -1.457585 0.248519
v -0.705708 -1.460390 0.247819
v -0.398339 -1.140741 0.212820
v -0.435408 -1.127515 0.210946
v -0.475993 -1.119580 0.209821
v -0.518307 -1.116934 0.209447
v -0.560561 -1.119580 0.209821
v -0.600967 -1.127515 0.210946
v -0.637735 -1.140741 0.212820
v -0.648318 -1.463608 0.246599
v -0.609796 -1.464584 0.246210
v -0.567191 -1.465170 0.245977
v -0.522480 -1.465365 0.245899
v -0.477641 -1.465170 0.245977
v -0.434651 -1.464584 0.246210
v -0.395490 -1.463608 0.246599
v -0.693666 -1.182853 0.218783
v -0.712007 -1.210464 0.222666
v -0.725069 -1.240818 0.226884
v -0.733820 -1.272641 0.231231
v -0.739226 -1.304660 0.235500
v -0.742256 -1.335599 0.239486
v -0.743877 -1.364187 0.242979
v 0.299035 -1.365554 0.045684
v 0.302751 -1.341839 0.045194
v 0.307234 -1.316195 0.044797
v 0.312975 -1.289419 0.044602
v 0.320470 -1.262321 0.044674
v 0.330236 -1.235759 0.044917
v 0.342608 -1.210765 0.044960
v 0.301710 -1.366289 0.014765
v 0.305150 -1.343132 0.014480
v 0.309252 -1.318147 0.014292
v 0.314400 -1.292121 0.014289
v 0.320929 -1.265879 0.014497
v 0.328983 -1.240406 0.014693
v 0.338530 -1.216825 0.014479
v 0.305871 -1.367205 -0.017676
v 0.308945 -1.344593 -0.017818
v 0.312597 -1.320264 -0.017862
v 0.317109 -1.294998 -0.017738
v 0.322710 -1.269616 -0.017428
v 0.329415 -1.245097 -0.017125
v 0.337173 -1.222471 -0.017090
v 0.312294 -1.368237 -0.050517
v 0.314953 -1.346142 -0.050557
v 0.318139 -1.322426 -0.050489
v 0.322048 -1.297867 -0.050249
v 0.326844 -1.273265 -0.049802
v 0.332568 -1.249508 -0.049229
v 0.339229 -1.227509 -0.048644
v 0.321752 -1.369323 -0.082637
v 0.323988 -1.347697 -0.082599
v 0.326737 -1.324523 -0.082423
v 0.330132 -1.300568 -0.082035
v 0.334292 -1.276607 -0.081373
v 0.339286 -1.253451 -0.080426
v 0.345169 -1.231926 -0.079195
v 0.335018 -1.370398 -0.112914
v 0.336849 -1.349189 -0.112819
v 0.339195 -1.326482 -0.112538
v 0.342149 -1.303026 -0.111977
v 0.345798 -1.279572 -0.111047
v 0.350218 -1.256883 -0.109671
v 0.355478 -1.235726 -0.107777
v 0.352864 -1.371402 -0.140228
v 0.354331 -1.350552 -0.140090
v 0.356306 -1.328237 -0.139713
v 0.358857 -1.305186 -0.138978
v 0.362053 -1.282129 -0.137764
v 0.365959 -1.259797 -0.135954
v 0.370644 -1.238923 -0.133433
v 0.405000 -1.372956 -0.181673
v 0.405945 -1.352637 -0.181481
v 0.407261 -1.330889 -0.180960
v 0.408995 -1.308410 -0.179945
v 0.411195 -1.285897 -0.178271
v 0.413908 -1.264046 -0.175775
v 0.417181 -1.243554 -0.172291
v 0.438537 -1.373445 -0.194683
v 0.439323 -1.353292 -0.194475
v 0.440340 -1.331721 -0.193911
v 0.441633 -1.309421 -0.192813
v 0.443242 -1.287076 -0.191002
v 0.445212 -1.265374 -0.188301
v 0.447583 -1.245000 -0.184532
v 0.475150 -1.373739 -0.202489
v 0.475814 -1.353684 -0.202272
v 0.476543 -1.332221 -0.201685
v 0.477377 -1.310027 -0.200542
v 0.478354 -1.287784 -0.198657
v 0.479517 -1.266171 -0.195845
v 0.480903 -1.245868 -0.191921
v 0.513314 -1.373837 -0.205091
v 0.513870 -1.353815 -0.204873
v 0.514312 -1.332387 -0.204282
v 0.514676 -1.310229 -0.203131
v 0.515000 -1.288020 -0.201234
v 0.515323 -1.266437 -0.198404
v 0.515682 -1.246158 -0.194454
v 0.551505 -1.373739 -0.202489
v 0.551944 -1.353684 -0.202277
v 0.552090 -1.332221 -0.201701
v 0.551980 -1.310027 -0.200580
v 0.551648 -1.287784 -0.198732
v 0.551130 -1.266171 -0.195975
v 0.550461 -1.245868 -0.192127
v 0.588198 -1.373445 -0.194684
v 0.588486 -1.353292 -0.194484
v 0.588322 -1.331721 -0.193943
v 0.587739 -1.309421 -0.192888
v 0.586767 -1.287076 -0.191150
v 0.585437 -1.265374 -0.188556
v 0.583781 -1.245000 -0.184936
v 0.621870 -1.372956 -0.181674
v 0.621948 -1.352637 -0.181494
v 0.621451 -1.330889 -0.181006
v 0.620401 -1.308410 -0.180054
v 0.618824 -1.285897 -0.178484
v 0.616743 -1.264046 -0.176143
v 0.614183 -1.243554 -0.172876
v 0.743362 -1.363129 0.269825
v 0.742262 -1.333963 0.266396
v 0.739773 -1.302379 0.262434
v 0.734896 -1.269684 0.258151
v 0.726633 -1.237185 0.253763
v 0.713984 -1.206184 0.249489
v 0.695953 -1.177982 0.245547
v 0.741556 -1.361736 0.299074
v 0.740962 -1.332008 0.295832
v 0.739023 -1.299828 0.292004
v 0.734709 -1.266542 0.287799
v 0.726991 -1.233493 0.283434
v 0.714847 -1.201995 0.279152
v 0.697257 -1.173354 0.275202
v 0.737755 -1.360104 0.329683
v 0.737639 -1.329855 0.326710
v 0.736241 -1.297168 0.323075
v 0.732501 -1.263451 0.318963
v 0.725367 -1.230091 0.314582
v 0.713810 -1.198380 0.310234
v 0.696809 -1.169589 0.306243
v 0.731255 -1.358328 0.360610
v 0.731577 -1.327621 0.357951
v 0.730691 -1.294562 0.354512
v 0.727516 -1.260649 0.350429
v 0.720985 -1.227327 0.345893
v 0.710089 -1.195823 0.341314
v 0.693838 -1.167306 0.337162
v 0.721354 -1.356505 0.390813
v 0.722062 -1.325417 0.388476
v 0.721646 -1.292140 0.385193
v 0.719012 -1.258299 0.381020
v 0.713098 -1.225417 0.376115
v 0.702970 -1.194622 0.371050
v 0.687715 -1.166931 0.366508
v 0.707348 -1.354723 0.419252
v 0.708388 -1.323314 0.417227
v 0.708401 -1.289912 0.414056
v 0.706305 -1.256276 0.409697
v 0.701088 -1.224038 0.404251
v 0.692023 -1.194333 0.398397
v 0.678374 -1.168108 0.393060
v 0.688536 -1.353073 0.444887
v 0.689849 -1.321377 0.443148
v 0.690260 -1.287855 0.440053
v 0.688729 -1.254378 0.435458
v 0.684357 -1.222713 0.429369
v 0.676811 -1.194201 0.422424
v 0.665776 -1.169983 0.415676
v 0.634054 -1.350510 0.483765
v 0.635731 -1.318254 0.482457
v 0.636869 -1.284196 0.479441
v 0.636657 -1.250264 0.474392
v 0.634520 -1.218291 0.467062
v 0.630843 -1.189732 0.457519
v 0.626606 -1.165911 0.445803
v 0.599210 -1.349693 0.495968
v 0.600980 -1.317182 0.494792
v 0.602446 -1.282739 0.491791
v 0.602978 -1.248242 0.486580
v 0.602159 -1.215456 0.478797
v 0.600423 -1.185701 0.468185
v 0.598564 -1.160146 0.454440
v 0.561211 -1.349198 0.503289
v 0.563020 -1.316502 0.502191
v 0.564779 -1.281743 0.499196
v 0.566067 -1.246739 0.493880
v 0.566588 -1.213208 0.485822
v 0.566556 -1.182454 0.474614
v 0.566328 -1.155674 0.459836
v 0.521584 -1.349032 0.505729
v 0.523385 -1.316265 0.504657
v 0.525392 -1.281373 0.501662
v 0.527407 -1.246150 0.496309
v 0.529239 -1.212295 0.488162
v 0.530728 -1.181141 0.476780
v 0.531721 -1.153927 0.461724
v 0.481856 -1.349198 0.503289
v 0.483607 -1.316502 0.502191
v 0.485812 -1.281743 0.499196
v 0.488495 -1.246739 0.493880
v 0.491571 -1.213208 0.485822
v 0.494517 -1.182454 0.474614
v 0.496684 -1.155674 0.459836
v 0.443556 -1.349693 0.495967
v 0.445225 -1.317182 0.494792
v 0.447582 -1.282739 0.491791
v 0.450861 -1.248242 0.486580
v 0.455108 -1.215456 0.478797
v 0.459606 -1.185701 0.468185
v 0.463302 -1.160146 0.454440
v 0.408213 -1.350510 0.483765
v 0.409779 -1.318254 0.482457
v 0.412248 -1.284196 0.479441
v 0.416045 -1.250264 0.474392
v 0.421387 -1.218291 0.467062
v 0.427648 -1.189732 0.457519
v 0.433626 -1.165911 0.445803
v 0.397318 -1.463706 0.271276
v 0.436050 -1.464650 0.270781
v 0.478544 -1.465217 0.270487
v 0.522851 -1.465405 0.270390
v 0.567022 -1.465217 0.270487
v 0.609111 -1.464650 0.270781
v 0.647167 -1.463706 0.271276
v 0.399327 -1.463706 0.297526
v 0.437527 -1.464632 0.296962
v 0.479428 -1.465188 0.296649
v 0.523109 -1.465373 0.296552
v 0.566649 -1.465188 0.296649
v 0.608129 -1.464632 0.296962
v 0.645627 -1.463706 0.297526
v 0.402040 -1.463578 0.324302
v 0.439448 -1.464491 0.323766
v 0.480479 -1.465039 0.323530
v 0.523249 -1.465221 0.323477
v 0.565876 -1.465039 0.323530
v 0.606477 -1.464491 0.323766
v 0.643169 -1.463578 0.324302
v 0.405980 -1.463287 0.350557
v 0.442180 -1.464186 0.350208
v 0.481883 -1.464725 0.350199
v 0.523266 -1.464905 0.350257
v 0.564506 -1.464725 0.350199
v 0.603779 -1.464186 0.350208
v 0.639263 -1.463287 0.350557
v 0.411455 -1.462809 0.375287
v 0.445897 -1.463680 0.375365
v 0.483716 -1.464203 0.375790
v 0.523156 -1.464377 0.376045
v 0.562456 -1.464203 0.375790
v 0.599855 -1.463680 0.375365
v 0.633600 -1.462809 0.375287
v 0.417908 -1.462146 0.397647
v 0.450006 -1.462946 0.398582
v 0.485605 -1.463431 0.399706
v 0.522914 -1.463595 0.400233
v 0.560090 -1.463431 0.399705
v 0.595300 -1.462946 0.398582
v 0.626758 -1.462146 0.397647
v 0.424216 -1.461299 0.416885
v 0.453581 -1.461957 0.419310
v 0.487049 -1.462370 0.421418
v 0.522535 -1.462515 0.422276
v 0.557905 -1.462370 0.421418
v 0.591039 -1.461957 0.419310
v 0.619876 -1.461299 0.416885
v 0.640224 -1.134964 0.239501
v 0.603349 -1.121451 0.237610
v 0.562739 -1.113342 0.236480
v 0.520215 -1.110639 0.236104
v 0.477598 -1.113342 0.236480
v 0.436710 -1.121451 0.237610
v 0.399373 -1.134964 0.239501
v 0.642140 -1.129657 0.269257
v 0.605430 -1.115917 0.267468
v 0.564910 -1.107666 0.266427
v 0.522417 -1.104914 0.266089
v 0.479790 -1.107666 0.266427
v 0.438871 -1.115917 0.267468
v 0.401506 -1.129657 0.269257
v 0.642859 -1.125641 0.300556
v 0.606713 -1.111785 0.299039
v 0.566729 -1.103449 0.298236
v 0.524731 -1.100663 0.298001
v 0.482548 -1.103449 0.298236
v 0.442024 -1.111785 0.299039
v 0.405008 -1.125641 0.300556
v 0.641754 -1.123737 0.331865
v 0.606702 -1.109925 0.330840
v 0.567851 -1.101586 0.330480
v 0.526974 -1.098791 0.330438
v 0.485851 -1.101586 0.330480
v 0.446301 -1.109925 0.330840
v 0.410151 -1.123737 0.331865
v 0.638434 -1.124655 0.361713
v 0.605104 -1.111157 0.361482
v 0.568052 -1.102950 0.361823
v 0.528970 -1.100181 0.362079
v 0.489575 -1.102950 0.361823
v 0.451652 -1.111157 0.361482
v 0.416998 -1.124655 0.361713
v 0.633438 -1.128682 0.388891
v 0.602444 -1.116086 0.389940
v 0.567590 -1.108309 0.391283
v 0.530576 -1.105639 0.391926
v 0.493182 -1.108309 0.391283
v 0.457300 -1.116086 0.389940
v 0.424797 -1.128682 0.388891
v 0.627879 -1.136101 0.412311
v 0.599590 -1.125335 0.415332
v 0.566862 -1.118412 0.417974
v 0.531652 -1.115949 0.419057
v 0.496016 -1.118412 0.417974
v 0.462150 -1.125335 0.415332
v 0.432245 -1.136101 0.412311
v 0.617622 -1.458656 0.444836
v 0.622121 -1.455984 0.455053
v 0.626474 -1.451504 0.463730
v 0.629675 -1.444547 0.470815
v 0.631310 -1.434454 0.476214
v 0.631871 -1.420591 0.480046
v 0.632078 -1.402328 0.482481
v 0.588872 -1.458890 0.451947
v 0.590990 -1.456053 0.464020
v 0.593463 -1.451445 0.473830
v 0.595450 -1.444381 0.481585
v 0.596462 -1.434185 0.487443
v 0.596830 -1.420213 0.491606
v 0.597087 -1.401829 0.494289
v 0.556154 -1.459096 0.456352
v 0.556658 -1.456150 0.469393
v 0.557478 -1.451447 0.479857
v 0.558198 -1.444301 0.488026
v 0.558536 -1.434032 0.494172
v 0.558695 -1.419989 0.498540
v 0.559000 -1.401530 0.501373
v 0.521369 -1.459181 0.457882
v 0.520662 -1.456197 0.471193
v 0.519985 -1.451459 0.481856
v 0.519421 -1.444281 0.490167
v 0.519060 -1.433984 0.496412
v 0.519001 -1.419915 0.500850
v 0.519343 -1.401430 0.503734
v 0.486510 -1.459096 0.456351
v 0.484618 -1.456150 0.469392
v 0.482461 -1.451447 0.479857
v 0.480626 -1.444301 0.488026
v 0.479568 -1.434032 0.494172
v 0.479282 -1.419989 0.498540
v 0.479644 -1.401530 0.501373
v 0.453610 -1.458890 0.451947
v 0.450173 -1.456052 0.464020
v 0.446412 -1.451445 0.473830
v 0.443332 -1.444381 0.481585
v 0.441598 -1.434185 0.487443
v 0.441075 -1.420213 0.491606
v 0.441433 -1.401829 0.494289
v 0.424642 -1.458656 0.444836
v 0.418926 -1.455984 0.455053
v 0.413341 -1.451504 0.463730
v 0.409063 -1.444547 0.470815
v 0.406688 -1.434454 0.476214
v 0.405919 -1.420591 0.480046
v 0.406237 -1.402328 0.482481
v 0.703894 -1.460587 0.272862
v 0.721684 -1.457831 0.273808
v 0.733678 -1.453534 0.274668
v 0.740944 -1.447114 0.275292
v 0.744549 -1.437989 0.275532
v 0.745560 -1.425578 0.275245
v 0.745045 -1.409300 0.274284
v 0.701495 -1.460644 0.299508
v 0.719009 -1.457909 0.300779
v 0.730828 -1.453607 0.302008
v 0.738018 -1.447139 0.303014
v 0.741644 -1.437907 0.303621
v 0.742775 -1.425315 0.303675
v 0.742483 -1.408765 0.303025
v 0.697787 -1.460553 0.326672
v 0.714883 -1.457826 0.328376
v 0.726412 -1.453504 0.330115
v 0.733428 -1.446970 0.331644
v 0.736988 -1.437612 0.332731
v 0.738161 -1.424820 0.333217
v 0.738024 -1.407987 0.332957
v 0.692045 -1.460305 0.353271
v 0.708546 -1.457589 0.355545
v 0.719659 -1.453247 0.357977
v 0.726411 -1.446645 0.360203
v 0.729833 -1.437155 0.361898
v 0.730991 -1.424158 0.362901
v 0.730958 -1.407039 0.363093
v 0.683673 -1.459905 0.378253
v 0.699291 -1.457216 0.381281
v 0.709819 -1.452867 0.384622
v 0.716213 -1.446206 0.387735
v 0.719438 -1.436589 0.390165
v 0.720539 -1.423392 0.391760
v 0.720577 -1.405995 0.392446
v 0.672577 -1.459410 0.400691
v 0.686641 -1.456773 0.404777
v 0.696221 -1.452429 0.409253
v 0.702113 -1.445714 0.413383
v 0.705075 -1.435975 0.416619
v 0.706084 -1.422587 0.418840
v 0.706170 -1.404929 0.420029
v 0.658659 -1.458909 0.419704
v 0.670085 -1.456347 0.425299
v 0.678209 -1.452007 0.431118
v 0.683403 -1.445232 0.436311
v 0.686019 -1.435375 0.440356
v 0.686905 -1.421809 0.443188
v 0.687028 -1.403915 0.444859
v 0.418976 -1.453329 -0.154208
v 0.414863 -1.449873 -0.163749
v 0.410749 -1.445045 -0.171028
v 0.407461 -1.438564 -0.176196
v 0.405364 -1.430162 -0.179378
v 0.404325 -1.419608 -0.181012
v 0.404083 -1.406679 -0.181614
v 0.445319 -1.453859 -0.163155
v 0.443359 -1.450185 -0.174616
v 0.441050 -1.445230 -0.182976
v 0.439090 -1.438691 -0.188688
v 0.437915 -1.430282 -0.192171
v 0.437459 -1.419764 -0.193959
v 0.437531 -1.406912 -0.194618
v 0.475169 -1.454290 -0.168805
v 0.474580 -1.450466 -0.181225
v 0.473825 -1.445403 -0.190169
v 0.473255 -1.438800 -0.196192
v 0.473125 -1.430368 -0.199850
v 0.473380 -1.419862 -0.201729
v 0.473886 -1.407052 -0.202421
v 0.506920 -1.454461 -0.170792
v 0.507293 -1.450586 -0.183467
v 0.507925 -1.445480 -0.192576
v 0.508755 -1.438847 -0.198696
v 0.509718 -1.430400 -0.202411
v 0.510735 -1.419896 -0.204319
v 0.511724 -1.407099 -0.205022
v 0.538877 -1.454290 -0.168805
v 0.540195 -1.450466 -0.181225
v 0.542186 -1.445403 -0.190169
v 0.544385 -1.438800 -0.196192
v 0.546412 -1.430368 -0.199850
v 0.548167 -1.419862 -0.201729
v 0.549619 -1.407052 -0.202421
v 0.569281 -1.453859 -0.163155
v 0.571932 -1.450185 -0.174616
v 0.575413 -1.445230 -0.182976
v 0.578924 -1.438691 -0.188688
v 0.581921 -1.430282 -0.192171
v 0.584319 -1.419764 -0.193959
v 0.586144 -1.406912 -0.194618
v 0.596423 -1.453329 -0.154208
v 0.601200 -1.449873 -0.163749
v 0.606410 -1.445045 -0.171028
v 0.611147 -1.438564 -0.176196
v 0.614957 -1.430162 -0.179378
v 0.617832 -1.419608 -0.181012
v 0.619876 -1.406679 -0.181614
v 0.327466 -1.456170 0.047166
v 0.309599 -1.452139 0.047175
v 0.297961 -1.446734 0.047156
v 0.291476 -1.439596 0.047097
v 0.289071 -1.430366 0.046985
v 0.289671 -1.418686 0.046803
v 0.292204 -1.404197 0.046533
v 0.331641 -1.455854 0.016076
v 0.314080 -1.451769 0.015999
v 0.302493 -1.446328 0.015885
v 0.295859 -1.439189 0.015756
v 0.293158 -1.430009 0.015625
v 0.293379 -1.418450 0.015480
v 0.295512 -1.404172 0.015299
v 0.337520 -1.455516 -0.015766
v 0.320422 -1.451427 -0.016061
v 0.308974 -1.446001 -0.016437
v 0.302208 -1.438905 -0.016792
v 0.299167 -1.429810 -0.017049
v 0.298918 -1.418393 -0.017227
v 0.300536 -1.404336 -0.017366
v 0.345256 -1.455097 -0.046955
v 0.328862 -1.451063 -0.047668
v 0.317735 -1.445709 -0.048554
v 0.310955 -1.438705 -0.049364
v 0.307621 -1.429728 -0.049904
v 0.306893 -1.418473 -0.050204
v 0.307950 -1.404642 -0.050352
v 0.354974 -1.454555 -0.076148
v 0.339655 -1.450644 -0.077566
v 0.329137 -1.445423 -0.079281
v 0.322546 -1.438559 -0.080819
v 0.319047 -1.429730 -0.081821
v 0.317909 -1.418650 -0.082345
v 0.318427 -1.405044 -0.082554
v 0.366687 -1.453936 -0.102264
v 0.353124 -1.450218 -0.104834
v 0.343647 -1.445171 -0.107706
v 0.337494 -1.438466 -0.110166
v 0.334003 -1.429793 -0.111747
v 0.332578 -1.418887 -0.112562
v 0.332639 -1.405495 -0.112867
v 0.380501 -1.453336 -0.124331
v 0.369688 -1.449864 -0.128677
v 0.361768 -1.444994 -0.132993
v 0.356326 -1.438432 -0.136453
v 0.353051 -1.429899 -0.138645
v 0.351515 -1.419149 -0.139771
v 0.351262 -1.405947 -0.140187
v 0.333523 -1.460065 0.225153
v 0.314227 -1.457171 0.225659
v 0.300852 -1.452779 0.226045
v 0.292383 -1.446346 0.226193
v 0.287805 -1.437329 0.225983
v 0.286104 -1.425184 0.225298
v 0.286264 -1.409368 0.224018
v 0.330878 -1.459637 0.204393
v 0.311634 -1.456620 0.204748
v 0.298451 -1.452124 0.204982
v 0.290286 -1.445626 0.204991
v 0.286094 -1.436605 0.204671
v 0.284832 -1.424541 0.203919
v 0.285453 -1.408912 0.202630
v 0.328344 -1.459135 0.184757
v 0.309211 -1.455971 0.184998
v 0.296284 -1.451343 0.185125
v 0.288486 -1.444753 0.185047
v 0.284742 -1.435703 0.184677
v 0.283977 -1.423696 0.183926
v 0.285116 -1.408234 0.182705
v 0.326135 -1.458587 0.165464
v 0.307161 -1.455262 0.165623
v 0.294523 -1.450486 0.165679
v 0.287115 -1.443787 0.165558
v 0.283834 -1.434691 0.165185
v 0.283576 -1.422726 0.164488
v 0.285236 -1.407417 0.163392
v 0.324466 -1.458024 0.145733
v 0.305687 -1.454531 0.145836
v 0.293344 -1.449602 0.145850
v 0.286310 -1.442787 0.145718
v 0.283458 -1.433638 0.145378
v 0.283662 -1.421708 0.144771
v 0.285795 -1.406547 0.143839
v 0.323551 -1.457473 0.124783
v 0.304990 -1.453817 0.124849
v 0.292921 -1.448737 0.124844
v 0.286203 -1.441810 0.124723
v 0.283700 -1.432613 0.124438
v 0.284271 -1.420720 0.123945
v 0.286777 -1.405708 0.123195
v 0.323605 -1.456964 0.101832
v 0.305274 -1.453157 0.101875
v 0.293428 -1.447941 0.101866
v 0.286931 -1.440917 0.101769
v 0.284646 -1.431683 0.101550
v 0.285436 -1.419838 0.101175
v 0.288164 -1.404984 0.100610
v 0.636786 -1.453336 -0.124331
v 0.648402 -1.449864 -0.128677
v 0.657343 -1.444994 -0.132993
v 0.664035 -1.438432 -0.136453
v 0.668760 -1.429899 -0.138645
v 0.671838 -1.419149 -0.139771
v 0.673599 -1.405947 -0.140187
v 0.651777 -1.453936 -0.102264
v 0.666206 -1.450218 -0.104834
v 0.676681 -1.445171 -0.107706
v 0.683987 -1.438466 -0.110166
v 0.688777 -1.429793 -0.111747
v 0.691561 -1.418887 -0.112562
v 0.692817 -1.405494 -0.112867
v 0.664974 -1.454555 -0.076148
v 0.681128 -1.450644 -0.077566
v 0.692576 -1.445423 -0.079281
v 0.700197 -1.438559 -0.080819
v 0.704819 -1.429730 -0.081821
v 0.707110 -1.418650 -0.082345
v 0.707695 -1.405044 -0.082554
v 0.676488 -1.455097 -0.046955
v 0.693605 -1.451063 -0.047668
v 0.705532 -1.445709 -0.048554
v 0.713177 -1.438705 -0.049364
v 0.717426 -1.429728 -0.049904
v 0.719072 -1.418473 -0.050204
v 0.718884 -1.404642 -0.050352
v 0.686300 -1.455516 -0.015766
v 0.703947 -1.451427 -0.016061
v 0.716002 -1.446001 -0.016437
v 0.723415 -1.438905 -0.016792
v 0.727126 -1.429810 -0.017049
v 0.728036 -1.418393 -0.017227
v 0.727038 -1.404336 -0.017366
v 0.694430 -1.455854 0.016076
v 0.712326 -1.451769 0.015999
v 0.724282 -1.446328 0.015885
v 0.731307 -1.439189 0.015756
v 0.734407 -1.430009 0.015625
v 0.734576 -1.418450 0.015480
v 0.732806 -1.404172 0.015299
v 0.700907 -1.456170 0.047166
v 0.718875 -1.452139 0.047175
v 0.730624 -1.446734 0.047156
v 0.737225 -1.439596 0.047097
v 0.739749 -1.430366 0.046985
v 0.739264 -1.418686 0.046803
v 0.736839 -1.404197 0.046533
v 0.416716 -1.457436 -0.124272
v 0.443538 -1.458643 -0.128203
v 0.474308 -1.459405 -0.131394
v 0.507176 -1.459673 -0.132662
v 0.540241 -1.459405 -0.131394
v 0.571533 -1.458643 -0.128203
v 0.599086 -1.457436 -0.124272
v 0.410122 -1.458730 -0.102223
v 0.439752 -1.460194 -0.104495
v 0.472859 -1.461084 -0.106556
v 0.507816 -1.461385 -0.107436
v 0.542943 -1.461084 -0.106556
v 0.576505 -1.460194 -0.104495
v 0.606790 -1.458730 -0.102223
v 0.403262 -1.459732 -0.076126
v 0.435547 -1.461335 -0.077358
v 0.471250 -1.462300 -0.078564
v 0.508735 -1.462622 -0.079104
v 0.546355 -1.462300 -0.078564
v 0.582426 -1.461335 -0.077358
v 0.615259 -1.459732 -0.076126
v 0.397067 -1.460467 -0.046951
v 0.431653 -1.462131 -0.047573
v 0.469841 -1.463131 -0.048193
v 0.509881 -1.463464 -0.048475
v 0.550020 -1.463131 -0.048193
v 0.588482 -1.462131 -0.047573
v 0.623492 -1.460467 -0.046951
v 0.392049 -1.460959 -0.015780
v 0.428569 -1.462644 -0.016047
v 0.468911 -1.463655 -0.016312
v 0.511199 -1.463992 -0.016432
v 0.553552 -1.463655 -0.016312
v 0.594081 -1.462644 -0.016047
v 0.630897 -1.460959 -0.015780
v 0.388265 -1.461273 0.016044
v 0.426355 -1.462948 0.015955
v 0.468471 -1.463954 0.015871
v 0.512619 -1.464289 0.015834
v 0.556802 -1.463954 0.015871
v 0.599023 -1.462948 0.015955
v 0.637283 -1.461273 0.016044
v 0.385656 -1.461484 0.047112
v 0.424962 -1.463126 0.047085
v 0.468462 -1.464111 0.047064
v 0.514064 -1.464440 0.047056
v 0.559677 -1.464111 0.047064
v 0.603207 -1.463126 0.047085
v 0.642562 -1.461484 0.047112
v 0.674432 -1.371402 -0.140231
v 0.673830 -1.350552 -0.140110
v 0.672561 -1.328237 -0.139781
v 0.670619 -1.305186 -0.139138
v 0.668000 -1.282129 -0.138077
v 0.664701 -1.259797 -0.136496
v 0.660720 -1.238923 -0.134293
v 0.692559 -1.370398 -0.112917
v 0.691488 -1.349189 -0.112841
v 0.689771 -1.326482 -0.112612
v 0.687375 -1.303026 -0.112153
v 0.684269 -1.279572 -0.111390
v 0.680439 -1.256883 -0.110264
v 0.675876 -1.235726 -0.108720
v 0.706138 -1.369323 -0.082640
v 0.704542 -1.347697 -0.082622
v 0.702335 -1.324523 -0.082500
v 0.699437 -1.300568 -0.082218
v 0.695780 -1.276607 -0.081730
v 0.691353 -1.253451 -0.081044
v 0.686155 -1.231926 -0.080179
v 0.715927 -1.368237 -0.050520
v 0.713779 -1.346142 -0.050579
v 0.711038 -1.322426 -0.050565
v 0.707556 -1.297867 -0.050429
v 0.703216 -1.273265 -0.050154
v 0.698029 -1.249508 -0.049843
v 0.692038 -1.227509 -0.049627
v 0.722689 -1.367205 -0.017679
v 0.719989 -1.344593 -0.017839
v 0.716679 -1.320264 -0.017933
v 0.712516 -1.294998 -0.017907
v 0.707314 -1.269616 -0.017759
v 0.701106 -1.245097 -0.017703
v 0.693998 -1.222471 -0.018023
v 0.727187 -1.366289 0.014763
v 0.723978 -1.343132 0.014461
v 0.720108 -1.318147 0.014228
v 0.715225 -1.292121 0.014139
v 0.709028 -1.265879 0.014203
v 0.701421 -1.240406 0.014177
v 0.692488 -1.216825 0.013642
v 0.730183 -1.365554 0.045682
v 0.726555 -1.341839 0.045178
v 0.722191 -1.316195 0.044744
v 0.716622 -1.289419 0.044475
v 0.709382 -1.262321 0.044427
v 0.699996 -1.235759 0.044486
v 0.688181 -1.210765 0.044261
v 0.288426 -1.364844 0.219255
v 0.290304 -1.336835 0.215846
v 0.293796 -1.306547 0.211992
v 0.299794 -1.275222 0.207888
v 0.309188 -1.244101 0.203726
v 0.322871 -1.214425 0.199700
v 0.341736 -1.187437 0.196004
v 0.288495 -1.365162 0.198075
v 0.290744 -1.337721 0.194883
v 0.294539 -1.308076 0.191301
v 0.300754 -1.277430 0.187509
v 0.310266 -1.246985 0.183683
v 0.323958 -1.217958 0.180001
v 0.342717 -1.191567 0.176640
v 0.289126 -1.365230 0.178539
v 0.291774 -1.338346 0.175667
v 0.295881 -1.309321 0.172473
v 0.302301 -1.279311 0.169117
v 0.311892 -1.249480 0.165763
v 0.325541 -1.221028 0.162573
v 0.344141 -1.195166 0.159709
v 0.290216 -1.365141 0.159744
v 0.293255 -1.338797 0.157270
v 0.297654 -1.310356 0.154550
v 0.304236 -1.280917 0.151736
v 0.313841 -1.251596 0.148977
v 0.327372 -1.223599 0.146424
v 0.345747 -1.198154 0.144228
v 0.291659 -1.364986 0.140791
v 0.295050 -1.339164 0.138761
v 0.299689 -1.311266 0.136574
v 0.306361 -1.282318 0.134375
v 0.315885 -1.253384 0.132307
v 0.329196 -1.225682 0.130517
v 0.347266 -1.200475 0.129153
v 0.293353 -1.364859 0.120777
v 0.297020 -1.339550 0.119203
v 0.301816 -1.312174 0.117561
v 0.308478 -1.283684 0.115995
v 0.317793 -1.255067 0.114643
v 0.330747 -1.227468 0.113651
v 0.348405 -1.202148 0.113205
v 0.295192 -1.364854 0.098800
v 0.299025 -1.340059 0.097656
v 0.303867 -1.313216 0.096526
v 0.310387 -1.285205 0.095544
v 0.319328 -1.256918 0.094846
v 0.331709 -1.229291 0.094567
v 0.348755 -1.203400 0.094940
v 0.433691 -1.135745 -0.002469
v 0.424870 -1.137861 -0.015169
v 0.419582 -1.140177 -0.029257
v 0.417825 -1.142592 -0.044105
v 0.419596 -1.145004 -0.059086
v 0.424897 -1.147314 -0.073575
v 0.433727 -1.149420 -0.086947
v 0.423971 -1.139687 0.003095
v 0.414344 -1.142176 -0.011684
v 0.408607 -1.144882 -0.028031
v 0.406740 -1.147684 -0.045206
v 0.408723 -1.150468 -0.062474
v 0.414561 -1.153120 -0.079118
v 0.424260 -1.155531 -0.094423
v 0.414044 -1.144140 0.008922
v 0.403725 -1.147103 -0.007971
v 0.397669 -1.150272 -0.026624
v 0.395800 -1.153509 -0.046156
v 0.398061 -1.156681 -0.065706
v 0.404458 -1.159672 -0.084469
v 0.415018 -1.162370 -0.101659
v 0.403805 -1.149359 0.015142
v 0.392968 -1.152947 -0.003918
v 0.386785 -1.156692 -0.024944
v 0.385079 -1.160433 -0.046879
v 0.387713 -1.164019 -0.068702
v 0.394705 -1.167341 -0.089535
v 0.406116 -1.170300 -0.108536
v 0.393139 -1.155673 0.021873
v 0.382046 -1.160084 0.000531
v 0.376000 -1.164535 -0.022960
v 0.374665 -1.168849 -0.047332
v 0.377792 -1.172868 -0.071398
v 0.385421 -1.176504 -0.094222
v 0.397666 -1.179686 -0.114933
v 0.381876 -1.163693 0.029167
v 0.371012 -1.169165 0.005187
v 0.365464 -1.174394 -0.020880
v 0.364709 -1.179260 -0.047611
v 0.368435 -1.183661 -0.073788
v 0.376730 -1.187550 -0.098458
v 0.389782 -1.190893 -0.120735
v 0.369815 -1.174306 0.036818
v 0.359959 -1.180986 0.009662
v 0.355357 -1.186924 -0.018988
v 0.355378 -1.192194 -0.047843
v 0.359789 -1.196841 -0.075879
v 0.368763 -1.200873 -0.102171
v 0.382579 -1.204288 -0.125823
v 0.461833 -1.152637 -0.107940
v 0.480226 -1.153647 -0.114902
v 0.500386 -1.154253 -0.119431
v 0.521428 -1.154456 -0.121491
v 0.542471 -1.154253 -0.121049
v 0.562630 -1.153647 -0.118072
v 0.581024 -1.152637 -0.112525
v 0.455108 -1.159207 -0.118281
v 0.475295 -1.160361 -0.126092
v 0.497421 -1.161054 -0.131080
v 0.520516 -1.161285 -0.133216
v 0.543610 -1.161054 -0.132472
v 0.565736 -1.160361 -0.128817
v 0.585924 -1.159207 -0.122223
v 0.448546 -1.166465 -0.128293
v 0.470486 -1.167751 -0.136925
v 0.494532 -1.168522 -0.142358
v 0.519631 -1.168779 -0.144568
v 0.544730 -1.168522 -0.143530
v 0.568776 -1.167751 -0.139220
v 0.590715 -1.166465 -0.131613
v 0.442231 -1.174755 -0.137811
v 0.465860 -1.176153 -0.147224
v 0.491757 -1.176991 -0.153080
v 0.518788 -1.177271 -0.155360
v 0.545819 -1.176991 -0.154044
v 0.571716 -1.176153 -0.149110
v 0.595345 -1.174755 -0.140539
v 0.436243 -1.184422 -0.146671
v 0.461477 -1.185905 -0.156811
v 0.489133 -1.186795 -0.163061
v 0.518001 -1.187092 -0.165406
v 0.546869 -1.186795 -0.163830
v 0.574525 -1.185905 -0.158316
v 0.599759 -1.184422 -0.148849
v 0.430664 -1.195808 -0.154709
v 0.457398 -1.197346 -0.165507
v 0.486699 -1.198268 -0.172114
v 0.517284 -1.198576 -0.174518
v 0.547868 -1.198268 -0.172707
v 0.577169 -1.197346 -0.166667
v 0.603903 -1.195808 -0.156386
v 0.425577 -1.209258 -0.161758
v 0.453686 -1.210812 -0.173135
v 0.484493 -1.211744 -0.180056
v 0.516650 -1.212054 -0.182511
v 0.548807 -1.211744 -0.180493
v 0.579615 -1.210812 -0.173992
v 0.607724 -1.209258 -0.162998
v 0.609130 -1.149420 -0.093694
v 0.617960 -1.147314 -0.081001
v 0.623260 -1.145004 -0.066920
v 0.625032 -1.142592 -0.052074
v 0.623274 -1.140177 -0.037090
v 0.617986 -1.137861 -0.022594
v 0.609165 -1.135745 -0.009215
v 0.616772 -1.155531 -0.100224
v 0.626470 -1.153120 -0.085503
v 0.632307 -1.150468 -0.069209
v 0.634289 -1.147684 -0.052058
v 0.632418 -1.144882 -0.034764
v 0.626679 -1.142177 -0.018066
v 0.617049 -1.139687 -0.002702
v 0.624243 -1.162370 -0.106544
v 0.634802 -1.159672 -0.089846
v 0.641197 -1.156681 -0.071376
v 0.643451 -1.153509 -0.051923
v 0.641573 -1.150272 -0.032288
v 0.635506 -1.147103 -0.013337
v 0.625178 -1.144140 0.004051
v 0.631459 -1.170300 -0.112550
v 0.642868 -1.167341 -0.093952
v 0.649853 -1.164019 -0.073359
v 0.652472 -1.160433 -0.051611
v 0.650744 -1.156692 -0.029587
v 0.644536 -1.152947 -0.008310
v 0.633676 -1.149359 0.011162
v 0.638335 -1.179686 -0.118137
v 0.650576 -1.176504 -0.097747
v 0.658190 -1.172868 -0.075111
v 0.661290 -1.168849 -0.051099
v 0.659913 -1.164535 -0.026647
v 0.653817 -1.160084 -0.002944
v 0.642678 -1.155673 0.018735
v 0.644784 -1.190893 -0.123203
v 0.657828 -1.187550 -0.101172
v 0.666102 -1.183661 -0.076643
v 0.669786 -1.179260 -0.050500
v 0.668966 -1.174394 -0.023695
v 0.663332 -1.169165 0.002551
v 0.652378 -1.163693 0.026808
v 0.650720 -1.204288 -0.127646
v 0.664526 -1.200873 -0.104175
v 0.673473 -1.196841 -0.077982
v 0.677829 -1.192194 -0.049964
v 0.677762 -1.186924 -0.021040
v 0.673032 -1.180986 0.007764
v 0.663010 -1.174306 0.035155
v 0.581059 -1.132503 0.011781
v 0.562656 -1.131481 0.018739
v 0.542484 -1.130865 0.023263
v 0.521428 -1.130660 0.025321
v 0.500371 -1.130865 0.024881
v 0.480199 -1.131481 0.021908
v 0.461796 -1.132503 0.016365
v 0.586200 -1.135810 0.021183
v 0.565942 -1.134559 0.028959
v 0.543718 -1.133796 0.033908
v 0.520510 -1.133537 0.036025
v 0.497301 -1.133796 0.035298
v 0.475076 -1.134559 0.031681
v 0.454818 -1.135810 0.025121
v 0.591647 -1.139367 0.030776
v 0.569472 -1.137756 0.039288
v 0.545093 -1.136745 0.044590
v 0.519612 -1.136394 0.046736
v 0.494128 -1.136745 0.045756
v 0.469746 -1.137756 0.041572
v 0.447568 -1.139367 0.034081
v 0.597553 -1.143298 0.040653
v 0.573367 -1.141128 0.049782
v 0.546681 -1.139722 0.055327
v 0.518742 -1.139222 0.057455
v 0.490800 -1.139722 0.056276
v 0.464105 -1.141128 0.051643
v 0.439912 -1.143298 0.043347
v 0.604059 -1.147726 0.050928
v 0.577693 -1.144690 0.060486
v 0.548506 -1.142681 0.066117
v 0.517913 -1.141958 0.068168
v 0.487311 -1.142681 0.066860
v 0.458107 -1.144690 0.061943
v 0.431727 -1.147726 0.053039
v 0.611250 -1.152765 0.061788
v 0.582294 -1.148271 0.071407
v 0.550415 -1.145357 0.076880
v 0.517138 -1.144337 0.078782
v 0.483848 -1.145357 0.077433
v 0.451936 -1.148271 0.072489
v 0.422946 -1.152765 0.063357
v 0.618941 -1.158340 0.073482
v 0.586812 -1.151547 0.082537
v 0.552188 -1.147413 0.087515
v 0.516432 -1.146044 0.089188
v 0.480659 -1.147413 0.087901
v 0.445982 -1.151547 0.083288
v 0.413778 -1.158340 0.074560
v 0.352147 -1.353073 0.444887
v 0.353489 -1.321377 0.443148
v 0.356091 -1.287855 0.440054
v 0.360667 -1.254378 0.435458
v 0.367832 -1.222713 0.429369
v 0.377792 -1.194201 0.422424
v 0.390818 -1.169983 0.415676
v 0.332297 -1.354723 0.419252
v 0.333541 -1.323314 0.417227
v 0.336182 -1.289912 0.414056
v 0.341029 -1.256276 0.409697
v 0.348857 -1.224038 0.404251
v 0.360309 -1.194333 0.398397
v 0.376099 -1.168108 0.393060
v 0.317151 -1.356505 0.390813
v 0.318319 -1.325417 0.388476
v 0.320998 -1.292140 0.385193
v 0.326056 -1.258299 0.381020
v 0.334360 -1.225417 0.376115
v 0.346764 -1.194622 0.371050
v 0.364135 -1.166931 0.366508
v 0.306051 -1.358328 0.360610
v 0.307181 -1.327621 0.357951
v 0.309905 -1.294562 0.354512
v 0.315130 -1.260649 0.350429
v 0.323764 -1.227327 0.345893
v 0.336717 -1.195823 0.341314
v 0.354901 -1.167306 0.337162
v 0.298344 -1.360104 0.329683
v 0.299483 -1.329855 0.326710
v 0.302272 -1.297168 0.323075
v 0.307636 -1.263451 0.318963
v 0.316500 -1.230091 0.314582
v 0.329789 -1.198380 0.310234
v 0.348430 -1.169589 0.306243
v 0.293374 -1.361736 0.299074
v 0.294581 -1.332008 0.295832
v 0.297468 -1.299828 0.292004
v 0.302961 -1.266542 0.287799
v 0.311988 -1.233493 0.283434
v 0.325475 -1.201995 0.279152
v 0.344349 -1.173354 0.275202
v 0.290486 -1.363129 0.269825
v 0.291832 -1.333963 0.266396
v 0.294861 -1.302379 0.262434
v 0.300492 -1.269684 0.258151
v 0.309644 -1.237185 0.253763
v 0.323235 -1.206184 0.249489
v 0.342184 -1.177982 0.245547
v 0.383666 -1.458909 0.419704
v 0.371031 -1.456347 0.425299
v 0.361652 -1.452007 0.431118
v 0.355313 -1.445232 0.436311
v 0.351828 -1.435375 0.440356
v 0.350530 -1.421809 0.443188
v 0.350632 -1.403915 0.444859
v 0.370029 -1.459410 0.400691
v 0.354655 -1.456773 0.404777
v 0.343736 -1.452429 0.409253
v 0.336617 -1.445714 0.413383
v 0.332680 -1.435975 0.416619
v 0.331114 -1.422587 0.418840
v 0.331057 -1.404929 0.420030
v 0.359174 -1.459905 0.378253
v 0.342168 -1.457216 0.381281
v 0.330224 -1.452867 0.384622
v 0.322512 -1.446207 0.387735
v 0.318197 -1.436589 0.390165
v 0.316384 -1.423392 0.391760
v 0.316162 -1.405995 0.392446
v 0.350929 -1.460305 0.353271
v 0.332997 -1.457589 0.355545
v 0.320409 -1.453247 0.357977
v 0.312260 -1.446645 0.360203
v 0.307640 -1.437155 0.361898
v 0.305618 -1.424158 0.362901
v 0.305253 -1.407039 0.363093
v 0.345151 -1.460553 0.326672
v 0.326613 -1.457826 0.328376
v 0.313581 -1.453504 0.330115
v 0.305114 -1.446970 0.331644
v 0.300271 -1.437612 0.332731
v 0.298096 -1.424820 0.333217
v 0.297635 -1.407987 0.332957
v 0.341231 -1.460644 0.299508
v 0.322294 -1.457909 0.300779
v 0.308975 -1.453607 0.302008
v 0.300311 -1.447139 0.303014
v 0.295339 -1.437907 0.303621
v 0.293095 -1.425315 0.303675
v 0.292611 -1.408765 0.303025
v 0.338444 -1.460587 0.272862
v 0.319275 -1.457831 0.273808
v 0.305811 -1.453534 0.274668
v 0.297077 -1.447114 0.275292
v 0.292096 -1.437989 0.275532
v 0.289891 -1.425578 0.275245
v 0.289487 -1.409300 0.274284
v 0.709058 -1.456964 0.101832
v 0.727038 -1.453157 0.101875
v 0.738498 -1.447941 0.101866
v 0.744590 -1.440917 0.101769
v 0.746468 -1.431683 0.101550
v 0.745284 -1.419838 0.101175
v 0.742191 -1.404984 0.100610
v 0.710976 -1.457473 0.124783
v 0.728991 -1.453817 0.124849
v 0.740459 -1.448737 0.124844
v 0.746546 -1.441810 0.124723
v 0.748415 -1.432613 0.124438
v 0.747231 -1.420720 0.123945
v 0.744156 -1.405708 0.123195
v 0.711736 -1.458024 0.145733
v 0.729793 -1.454531 0.145836
v 0.741342 -1.449602 0.145850
v 0.747545 -1.442787 0.145718
v 0.749562 -1.433638 0.145378
v 0.748552 -1.421708 0.144771
v 0.745677 -1.406547 0.143839
v 0.711552 -1.458587 0.165464
v 0.729647 -1.455262 0.165623
v 0.741323 -1.450486 0.165679
v 0.747724 -1.443787 0.165558
v 0.749998 -1.434691 0.165185
v 0.749290 -1.422726 0.164488
v 0.746747 -1.407417 0.163392
v 0.710641 -1.459135 0.184757
v 0.728758 -1.455971 0.184998
v 0.740576 -1.451343 0.185125
v 0.747220 -1.444753 0.185047
v 0.749815 -1.435703 0.184677
v 0.749487 -1.423696 0.183926
v 0.747362 -1.408234 0.182705
v 0.709219 -1.459637 0.204393
v 0.727330 -1.456620 0.204748
v 0.739279 -1.452124 0.204982
v 0.746168 -1.445626 0.204991
v 0.749102 -1.436605 0.204671
v 0.749184 -1.424541 0.203919
v 0.747516 -1.408912 0.202630
v 0.707503 -1.460065 0.225153
v 0.725565 -1.457171 0.225659
v 0.737605 -1.452779 0.226045
v 0.744706 -1.446346 0.226193
v 0.747950 -1.437329 0.225983
v 0.748422 -1.425184 0.225298
v 0.747204 -1.409368 0.224019
v 0.627372 -1.164903 0.100931
v 0.592041 -1.154251 0.105318
v 0.554251 -1.148190 0.108073
v 0.515298 -1.146248 0.109034
v 0.476327 -1.148190 0.108227
v 0.438483 -1.154251 0.105611
v 0.403051 -1.164903 0.101328
v 0.627741 -1.164394 0.114956
v 0.592700 -1.153190 0.116868
v 0.554567 -1.146674 0.118289
v 0.514928 -1.144560 0.118849
v 0.475279 -1.146674 0.118378
v 0.437111 -1.153190 0.117036
v 0.402012 -1.164394 0.115181
v 0.628271 -1.162527 0.128182
v 0.593192 -1.150922 0.128542
v 0.554798 -1.144076 0.128979
v 0.514749 -1.141830 0.129203
v 0.474693 -1.144076 0.129028
v 0.436282 -1.150922 0.128632
v 0.401175 -1.162527 0.128303
v 0.629298 -1.159609 0.141395
v 0.593922 -1.147654 0.140828
v 0.555200 -1.140542 0.140610
v 0.514803 -1.138189 0.140582
v 0.474402 -1.140542 0.140635
v 0.435667 -1.147654 0.140874
v 0.400271 -1.159609 0.141456
v 0.630868 -1.155841 0.155545
v 0.595109 -1.143554 0.154373
v 0.555970 -1.136207 0.153721
v 0.515137 -1.133766 0.153523
v 0.474296 -1.136207 0.153732
v 0.435133 -1.143554 0.154392
v 0.399334 -1.155841 0.155571
v 0.632885 -1.151359 0.171555
v 0.596732 -1.138750 0.169997
v 0.557132 -1.131192 0.169078
v 0.515799 -1.128675 0.168777
v 0.474448 -1.131192 0.169081
v 0.434793 -1.138750 0.170003
v 0.398549 -1.151359 0.171563
v 0.635218 -1.146286 0.190341
v 0.598711 -1.133363 0.188567
v 0.558668 -1.125611 0.187504
v 0.516839 -1.123027 0.187150
v 0.474974 -1.125611 0.187504
v 0.434825 -1.133363 0.188567
v 0.398142 -1.146286 0.190342
v 0.383713 -1.461889 0.101716
v 0.424428 -1.463407 0.101677
v 0.469507 -1.464318 0.101655
v 0.516749 -1.464621 0.101647
v 0.563959 -1.464318 0.101655
v 0.608936 -1.463407 0.101677
v 0.649484 -1.461889 0.101715
v 0.384145 -1.462143 0.124616
v 0.425112 -1.463580 0.124562
v 0.470438 -1.464443 0.124529
v 0.517916 -1.464730 0.124518
v 0.565342 -1.464443 0.124529
v 0.610510 -1.463580 0.124562
v 0.651216 -1.462143 0.124616
v 0.385287 -1.462418 0.145493
v 0.426265 -1.463768 0.145415
v 0.471554 -1.464578 0.145368
v 0.518963 -1.464848 0.145352
v 0.566303 -1.464578 0.145368
v 0.611385 -1.463768 0.145415
v 0.652017 -1.462418 0.145493
v 0.386962 -1.462700 0.165120
v 0.427762 -1.463961 0.165008
v 0.472791 -1.464717 0.164941
v 0.519894 -1.464969 0.164919
v 0.566912 -1.464717 0.164941
v 0.611688 -1.463961 0.165008
v 0.652067 -1.462700 0.165120
v 0.388995 -1.462974 0.184270
v 0.429475 -1.464148 0.184113
v 0.474084 -1.464853 0.184019
v 0.520709 -1.465088 0.183988
v 0.567236 -1.464853 0.184019
v 0.611552 -1.464148 0.184113
v 0.651544 -1.462974 0.184270
v 0.391211 -1.463226 0.203717
v 0.431279 -1.464321 0.203501
v 0.475366 -1.464978 0.203371
v 0.521410 -1.465197 0.203328
v 0.567344 -1.464978 0.203371
v 0.611104 -1.464321 0.203501
v 0.650625 -1.463226 0.203717
v 0.393434 -1.463442 0.224236
v 0.433046 -1.464470 0.223943
v 0.476574 -1.465086 0.223767
v 0.522000 -1.465292 0.223709
v 0.567306 -1.465086 0.223767
v 0.610476 -1.464470 0.223943
v 0.649491 -1.463442 0.224236
v 0.734586 -1.364854 0.098799
v 0.730563 -1.340059 0.097647
v 0.725610 -1.313216 0.096494
v 0.719063 -1.285205 0.095468
v 0.710189 -1.256918 0.094700
v 0.697976 -1.229291 0.094326
v 0.681195 -1.203400 0.094588
v 0.736679 -1.364859 0.120776
v 0.732704 -1.339550 0.119196
v 0.727695 -1.312174 0.117540
v 0.720915 -1.283684 0.115943
v 0.711576 -1.255067 0.114544
v 0.698678 -1.227468 0.113494
v 0.681133 -1.202148 0.112991
v 0.738645 -1.364987 0.140791
v 0.734854 -1.339164 0.138757
v 0.729929 -1.311266 0.136560
v 0.723074 -1.282318 0.134343
v 0.713463 -1.253384 0.132247
v 0.700134 -1.225682 0.130424
v 0.682093 -1.200475 0.129033
v 0.740407 -1.365141 0.159744
v 0.736914 -1.338797 0.157268
v 0.732196 -1.310356 0.154543
v 0.725410 -1.280917 0.151719
v 0.715697 -1.251596 0.148945
v 0.702130 -1.223599 0.146376
v 0.683766 -1.198154 0.144167
v 0.741887 -1.365230 0.178539
v 0.738785 -1.338346 0.175666
v 0.734378 -1.309321 0.172470
v 0.727789 -1.279311 0.169110
v 0.718131 -1.249480 0.165750
v 0.704489 -1.221028 0.162553
v 0.685940 -1.195166 0.159684
v 0.743010 -1.365162 0.198075
v 0.740365 -1.337721 0.194882
v 0.736357 -1.308076 0.191300
v 0.730076 -1.277430 0.187507
v 0.720609 -1.246985 0.183679
v 0.707036 -1.217958 0.179995
v 0.688433 -1.191567 0.176633
v 0.743699 -1.364844 0.219255
v 0.741556 -1.336834 0.215846
v 0.738013 -1.306547 0.211992
v 0.732132 -1.275222 0.207887
v 0.722975 -1.244101 0.203725
v 0.709600 -1.214425 0.199699
v 0.691067 -1.187437 0.196003
v -0.299035 -1.365554 0.045684
v -0.301710 -1.366289 0.014765
v -0.305871 -1.367205 -0.017676
v -0.312294 -1.368237 -0.050517
v -0.321752 -1.369323 -0.082637
v -0.335018 -1.370398 -0.112914
v -0.352864 -1.371402 -0.140228
v -0.302751 -1.341839 0.045194
v -0.305150 -1.343132 0.014480
v -0.308945 -1.344593 -0.017818
v -0.314953 -1.346142 -0.050557
v -0.323988 -1.347697 -0.082599
v -0.336850 -1.349189 -0.112819
v -0.354331 -1.350552 -0.140090
v -0.307234 -1.316195 0.044797
v -0.309252 -1.318147 0.014292
v -0.312597 -1.320264 -0.017862
v -0.318139 -1.322426 -0.050489
v -0.326737 -1.324523 -0.082423
v -0.339195 -1.326482 -0.112538
v -0.356306 -1.328237 -0.139713
v -0.312975 -1.289419 0.044602
v -0.314400 -1.292121 0.014289
v -0.317109 -1.294998 -0.017738
v -0.322048 -1.297867 -0.050249
v -0.330132 -1.300568 -0.082035
v -0.342149 -1.303026 -0.111977
v -0.358857 -1.305186 -0.138978
v -0.320470 -1.262321 0.044674
v -0.320930 -1.265879 0.014497
v -0.322710 -1.269616 -0.017428
v -0.326844 -1.273265 -0.049802
v -0.334292 -1.276607 -0.081373
v -0.345798 -1.279572 -0.111047
v -0.362053 -1.282129 -0.137764
v -0.330236 -1.235759 0.044917
v -0.328983 -1.240406 0.014693
v -0.329416 -1.245097 -0.017125
v -0.332568 -1.249508 -0.049229
v -0.339286 -1.253451 -0.080426
v -0.350218 -1.256883 -0.109671
v -0.365960 -1.259797 -0.135954
v -0.342608 -1.210765 0.044960
v -0.338530 -1.216825 0.014479
v -0.337173 -1.222471 -0.017090
v -0.339229 -1.227509 -0.048644
v -0.345169 -1.231926 -0.079195
v -0.355478 -1.235726 -0.107777
v -0.370644 -1.238923 -0.133433
v -0.405000 -1.372956 -0.181673
v -0.438537 -1.373445 -0.194683
v -0.475150 -1.373739 -0.202489
v -0.513314 -1.373837 -0.205091
v -0.551505 -1.373739 -0.202489
v -0.588198 -1.373445 -0.194684
v -0.621870 -1.372956 -0.181674
v -0.405945 -1.352637 -0.181481
v -0.439323 -1.353292 -0.194475
v -0.475814 -1.353684 -0.202272
v -0.513871 -1.353815 -0.204873
v -0.551944 -1.353684 -0.202277
v -0.588486 -1.353292 -0.194484
v -0.621948 -1.352637 -0.181494
v -0.407261 -1.330889 -0.180960
v -0.440341 -1.331721 -0.193911
v -0.476543 -1.332221 -0.201685
v -0.514312 -1.332387 -0.204282
v -0.552091 -1.332221 -0.201701
v -0.588322 -1.331721 -0.193943
v -0.621451 -1.330889 -0.181006
v -0.408995 -1.308410 -0.179945
v -0.441633 -1.309421 -0.192813
v -0.477377 -1.310027 -0.200542
v -0.514676 -1.310229 -0.203131
v -0.551980 -1.310027 -0.200580
v -0.587739 -1.309421 -0.192888
v -0.620402 -1.308410 -0.180054
v -0.411195 -1.285897 -0.178271
v -0.443242 -1.287076 -0.191002
v -0.478355 -1.287784 -0.198657
v -0.515000 -1.288020 -0.201234
v -0.551648 -1.287784 -0.198732
v -0.586767 -1.287076 -0.191150
v -0.618824 -1.285897 -0.178484
v -0.413908 -1.264046 -0.175775
v -0.445212 -1.265374 -0.188301
v -0.479517 -1.266171 -0.195845
v -0.515323 -1.266437 -0.198404
v -0.551130 -1.266171 -0.195975
v -0.585437 -1.265374 -0.188556
v -0.616743 -1.264046 -0.176143
v -0.417181 -1.243554 -0.172291
v -0.447583 -1.245000 -0.184532
v -0.480903 -1.245868 -0.191921
v -0.515682 -1.246158 -0.194454
v -0.550461 -1.245868 -0.192127
v -0.583781 -1.245000 -0.184936
v -0.614183 -1.243554 -0.172876
v -0.743362 -1.363129 0.269825
v -0.741556 -1.361736 0.299074
v -0.737755 -1.360104 0.329683
v -0.731256 -1.358328 0.360610
v -0.721354 -1.356505 0.390813
v -0.707348 -1.354723 0.419252
v -0.688536 -1.353073 0.444887
v -0.742262 -1.333963 0.266396
v -0.740962 -1.332008 0.295832
v -0.737639 -1.329855 0.326710
v -0.731577 -1.327621 0.357951
v -0.722062 -1.325417 0.388476
v -0.708388 -1.323314 0.417227
v -0.689849 -1.321377 0.443148
v -0.739773 -1.302379 0.262434
v -0.739024 -1.299828 0.292004
v -0.736241 -1.297168 0.323075
v -0.730691 -1.294562 0.354512
v -0.721646 -1.292140 0.385193
v -0.708401 -1.289912 0.414056
v -0.690260 -1.287855 0.440053
v -0.734896 -1.269684 0.258151
v -0.734709 -1.266542 0.287799
v -0.732502 -1.263451 0.318963
v -0.727516 -1.260649 0.350429
v -0.719012 -1.258299 0.381020
v -0.706305 -1.256276 0.409697
v -0.688729 -1.254378 0.435458
v -0.726633 -1.237185 0.253763
v -0.726991 -1.233493 0.283434
v -0.725367 -1.230091 0.314582
v -0.720985 -1.227327 0.345893
v -0.713098 -1.225417 0.376115
v -0.701088 -1.224038 0.404251
v -0.684357 -1.222713 0.429369
v -0.713984 -1.206184 0.249489
v -0.714847 -1.201995 0.279152
v -0.713810 -1.198380 0.310234
v -0.710089 -1.195823 0.341314
v -0.702970 -1.194622 0.371049
v -0.692023 -1.194333 0.398397
v -0.676811 -1.194201 0.422424
v -0.695953 -1.177982 0.245547
v -0.697257 -1.173354 0.275202
v -0.696809 -1.169589 0.306243
v -0.693838 -1.167306 0.337161
v -0.687715 -1.166931 0.366508
v -0.678374 -1.168108 0.393060
v -0.665776 -1.169983 0.415676
v -0.634054 -1.350510 0.483765
v -0.599210 -1.349693 0.495967
v -0.561211 -1.349198 0.503289
v -0.521583 -1.349032 0.505729
v -0.481856 -1.349198 0.503289
v -0.443557 -1.349693 0.495967
v -0.408214 -1.350510 0.483765
v -0.635731 -1.318254 0.482457
v -0.600980 -1.317182 0.494792
v -0.563021 -1.316502 0.502191
v -0.523385 -1.316265 0.504657
v -0.483607 -1.316502 0.502191
v -0.445225 -1.317182 0.494792
v -0.409779 -1.318254 0.482457
v -0.636869 -1.284196 0.479441
v -0.602446 -1.282739 0.491791
v -0.564779 -1.281743 0.499196
v -0.525392 -1.281373 0.501662
v -0.485812 -1.281743 0.499196
v -0.447582 -1.282739 0.491791
v -0.412248 -1.284196 0.479441
v -0.636657 -1.250264 0.474392
v -0.602978 -1.248242 0.486580
v -0.566067 -1.246739 0.493880
v -0.527407 -1.246150 0.496309
v -0.488495 -1.246739 0.493880
v -0.450861 -1.248242 0.486580
v -0.416045 -1.250264 0.474392
v -0.634520 -1.218291 0.467062
v -0.602159 -1.215456 0.478797
v -0.566588 -1.213208 0.485822
v -0.529240 -1.212295 0.488162
v -0.491571 -1.213208 0.485822
v -0.455108 -1.215456 0.478797
v -0.421387 -1.218291 0.467062
v -0.630843 -1.189732 0.457519
v -0.600424 -1.185701 0.468185
v -0.566556 -1.182454 0.474614
v -0.530729 -1.181141 0.476780
v -0.494517 -1.182454 0.474614
v -0.459606 -1.185701 0.468185
v -0.427648 -1.189732 0.457519
v -0.626606 -1.165911 0.445803
v -0.598564 -1.160146 0.454440
v -0.566328 -1.155674 0.459836
v -0.531721 -1.153927 0.461724
v -0.496684 -1.155674 0.459836
v -0.463302 -1.160146 0.454440
v -0.433627 -1.165911 0.445803
v -0.397318 -1.463706 0.271276
v -0.399327 -1.463706 0.297526
v -0.402040 -1.463578 0.324302
v -0.405980 -1.463287 0.350557
v -0.411456 -1.462809 0.375287
v -0.417908 -1.462146 0.397647
v -0.424216 -1.461299 0.416885
v -0.436050 -1.464650 0.270781
v -0.437527 -1.464632 0.296962
v -0.439448 -1.464491 0.323766
v -0.442180 -1.464186 0.350208
v -0.445898 -1.463680 0.375365
v -0.450006 -1.462946 0.398582
v -0.453581 -1.461957 0.419310
v -0.478544 -1.465217 0.270487
v -0.479428 -1.465188 0.296649
v -0.480479 -1.465039 0.323530
v -0.481884 -1.464725 0.350199
v -0.483716 -1.464203 0.375790
v -0.485605 -1.463431 0.399705
v -0.487049 -1.462370 0.421418
v -0.522851 -1.465405 0.270390
v -0.523109 -1.465373 0.296552
v -0.523249 -1.465221 0.323477
v -0.523266 -1.464905 0.350257
v -0.523156 -1.464377 0.376045
v -0.522914 -1.463595 0.400233
v -0.522536 -1.462515 0.422276
v -0.567023 -1.465217 0.270487
v -0.566649 -1.465188 0.296649
v -0.565876 -1.465039 0.323530
v -0.564506 -1.464725 0.350199
v -0.562456 -1.464203 0.375790
v -0.560091 -1.463431 0.399705
v -0.557905 -1.462370 0.421418
v -0.609111 -1.464650 0.270781
v -0.608129 -1.464632 0.296962
v -0.606477 -1.464491 0.323766
v -0.603779 -1.464186 0.350208
v -0.599855 -1.463680 0.375365
v -0.595300 -1.462946 0.398582
v -0.591039 -1.461956 0.419310
v -0.647167 -1.463706 0.271276
v -0.645628 -1.463706 0.297526
v -0.643169 -1.463578 0.324302
v -0.639263 -1.463287 0.350557
v -0.633600 -1.462809 0.375287
v -0.626759 -1.462146 0.397647
v -0.619876 -1.461299 0.416885
v -0.640224 -1.134964 0.239501
v -0.642140 -1.129657 0.269257
v -0.642859 -1.125641 0.300556
v -0.641754 -1.123737 0.331864
v -0.638434 -1.124655 0.361713
v -0.633438 -1.128682 0.388891
v -0.627879 -1.136101 0.412311
v -0.603349 -1.121451 0.237610
v -0.605430 -1.115917 0.267468
v -0.606713 -1.111785 0.299039
v -0.606702 -1.109925 0.330840
v -0.605104 -1.111157 0.361482
v -0.602445 -1.116086 0.389940
v -0.599590 -1.125335 0.415332
v -0.562739 -1.113342 0.236480
v -0.564910 -1.107666 0.266427
v -0.566729 -1.103449 0.298236
v -0.567851 -1.101586 0.330480
v -0.568052 -1.102950 0.361823
v -0.567590 -1.108309 0.391283
v -0.566862 -1.118412 0.417974
v -0.520215 -1.110639 0.236104
v -0.522417 -1.104914 0.266089
v -0.524731 -1.100663 0.298001
v -0.526974 -1.098791 0.330438
v -0.528970 -1.100181 0.362079
v -0.530576 -1.105639 0.391926
v -0.531653 -1.115949 0.419057
v -0.477598 -1.113342 0.236480
v -0.479790 -1.107666 0.266427
v -0.482548 -1.103449 0.298236
v -0.485851 -1.101586 0.330480
v -0.489575 -1.102950 0.361823
v -0.493182 -1.108309 0.391283
v -0.496016 -1.118412 0.417974
v -0.436710 -1.121451 0.237610
v -0.438872 -1.115917 0.267468
v -0.442025 -1.111785 0.299039
v -0.446301 -1.109925 0.330840
v -0.451652 -1.111157 0.361482
v -0.457300 -1.116086 0.389940
v -0.462150 -1.125335 0.415332
v -0.399373 -1.134964 0.239501
v -0.401506 -1.129657 0.269257
v -0.405009 -1.125641 0.300556
v -0.410151 -1.123737 0.331865
v -0.416998 -1.124655 0.361713
v -0.424798 -1.128682 0.388891
v -0.432245 -1.136101 0.412311
v -0.617622 -1.458656 0.444836
v -0.588872 -1.458890 0.451947
v -0.556154 -1.459096 0.456351
v -0.521369 -1.459180 0.457882
v -0.486510 -1.459096 0.456351
v -0.453610 -1.458890 0.451947
v -0.424642 -1.458656 0.444836
v -0.622121 -1.455984 0.455053
v -0.590990 -1.456052 0.464020
v -0.556658 -1.456149 0.469392
v -0.520662 -1.456197 0.471193
v -0.484618 -1.456149 0.469392
v -0.450173 -1.456052 0.464020
v -0.418926 -1.455984 0.455053
v -0.626474 -1.451504 0.463730
v -0.593463 -1.451445 0.473830
v -0.557478 -1.451447 0.479856
v -0.519985 -1.451459 0.481856
v -0.482461 -1.451447 0.479856
v -0.446412 -1.451445 0.473830
v -0.413341 -1.451504 0.463730
v -0.629675 -1.444547 0.470815
v -0.595450 -1.444381 0.481585
v -0.558198 -1.444301 0.488026
v -0.519421 -1.444281 0.490167
v -0.480626 -1.444301 0.488026
v -0.443332 -1.444381 0.481585
v -0.409063 -1.444547 0.470815
v -0.631310 -1.434454 0.476214
v -0.596462 -1.434185 0.487443
v -0.558536 -1.434032 0.494172
v -0.519060 -1.433984 0.496412
v -0.479568 -1.434032 0.494172
v -0.441598 -1.434185 0.487443
v -0.406688 -1.434454 0.476214
v -0.631871 -1.420591 0.480046
v -0.596830 -1.420213 0.491606
v -0.558695 -1.419989 0.498540
v -0.519001 -1.419915 0.500850
v -0.479282 -1.419989 0.498540
v -0.441076 -1.420213 0.491606
v -0.405919 -1.420591 0.480046
v -0.632078 -1.402328 0.482481
v -0.597087 -1.401829 0.494289
v -0.558999 -1.401530 0.501373
v -0.519343 -1.401430 0.503734
v -0.479644 -1.401530 0.501373
v -0.441433 -1.401829 0.494289
v -0.406237 -1.402328 0.482481
v -0.703894 -1.460587 0.272862
v -0.701495 -1.460644 0.299507
v -0.697787 -1.460553 0.326672
v -0.692045 -1.460305 0.353271
v -0.683673 -1.459905 0.378253
v -0.672577 -1.459410 0.400691
v -0.658659 -1.458909 0.419704
v -0.721684 -1.457831 0.273808
v -0.719009 -1.457909 0.300779
v -0.714883 -1.457826 0.328376
v -0.708546 -1.457589 0.355545
v -0.699292 -1.457216 0.381281
v -0.686641 -1.456773 0.404777
v -0.670085 -1.456347 0.425299
v -0.733678 -1.453534 0.274668
v -0.730828 -1.453607 0.302008
v -0.726412 -1.453504 0.330115
v -0.719659 -1.453247 0.357977
v -0.709819 -1.452867 0.384622
v -0.696222 -1.452429 0.409253
v -0.678209 -1.452007 0.431118
v -0.740944 -1.447114 0.275292
v -0.738018 -1.447139 0.303014
v -0.733428 -1.446970 0.331644
v -0.726411 -1.446645 0.360203
v -0.716213 -1.446206 0.387735
v -0.702113 -1.445714 0.413383
v -0.683403 -1.445232 0.436311
v -0.744549 -1.437989 0.275532
v -0.741644 -1.437907 0.303621
v -0.736988 -1.437612 0.332731
v -0.729833 -1.437155 0.361898
v -0.719438 -1.436589 0.390165
v -0.705075 -1.435975 0.416619
v -0.686019 -1.435375 0.440356
v -0.745560 -1.425578 0.275245
v -0.742775 -1.425315 0.303675
v -0.738161 -1.424820 0.333217
v -0.730991 -1.424158 0.362901
v -0.720539 -1.423392 0.391760
v -0.706083 -1.422587 0.418840
v -0.686904 -1.421809 0.443188
v -0.745045 -1.409300 0.274284
v -0.742482 -1.408765 0.303025
v -0.738024 -1.407987 0.332957
v -0.730958 -1.407039 0.363093
v -0.720577 -1.405995 0.392446
v -0.706170 -1.404929 0.420029
v -0.687028 -1.403915 0.444859
v -0.418976 -1.453329 -0.154208
v -0.445320 -1.453859 -0.163155
v -0.475170 -1.454290 -0.168805
v -0.506920 -1.454461 -0.170792
v -0.538877 -1.454290 -0.168805
v -0.569281 -1.453859 -0.163155
v -0.596423 -1.453329 -0.154208
v -0.414863 -1.449873 -0.163749
v -0.443359 -1.450185 -0.174616
v -0.474580 -1.450466 -0.181225
v -0.507293 -1.450586 -0.183467
v -0.540195 -1.450466 -0.181225
v -0.571932 -1.450185 -0.174616
v -0.601200 -1.449873 -0.163749
v -0.410749 -1.445045 -0.171028
v -0.441050 -1.445230 -0.182976
v -0.473825 -1.445403 -0.190169
v -0.507926 -1.445480 -0.192576
v -0.542187 -1.445403 -0.190169
v -0.575413 -1.445230 -0.182976
v -0.606410 -1.445045 -0.171028
v -0.407461 -1.438564 -0.176196
v -0.439090 -1.438691 -0.188688
v -0.473255 -1.438800 -0.196192
v -0.508755 -1.438847 -0.198696
v -0.544385 -1.438800 -0.196192
v -0.578924 -1.438691 -0.188688
v -0.611147 -1.438564 -0.176196
v -0.405364 -1.430162 -0.179378
v -0.437915 -1.430282 -0.192171
v -0.473125 -1.430368 -0.199850
v -0.509718 -1.430400 -0.202411
v -0.546412 -1.430368 -0.199850
v -0.581922 -1.430282 -0.192171
v -0.614958 -1.430162 -0.179378
v -0.404325 -1.419608 -0.181012
v -0.437459 -1.419764 -0.193959
v -0.473380 -1.419862 -0.201729
v -0.510735 -1.419896 -0.204319
v -0.548167 -1.419862 -0.201729
v -0.584319 -1.419764 -0.193959
v -0.617832 -1.419608 -0.181012
v -0.404083 -1.406679 -0.181614
v -0.437531 -1.406912 -0.194618
v -0.473887 -1.407052 -0.202421
v -0.511724 -1.407099 -0.205022
v -0.549619 -1.407052 -0.202421
v -0.586145 -1.406912 -0.194618
v -0.619876 -1.406679 -0.181614
v -0.327466 -1.456170 0.047166
v -0.331641 -1.455854 0.016076
v -0.337520 -1.455516 -0.015766
v -0.345256 -1.455097 -0.046955
v -0.354974 -1.454555 -0.076148
v -0.366687 -1.453936 -0.102264
v -0.380501 -1.453336 -0.124331
v -0.309599 -1.452139 0.047175
v -0.314080 -1.451769 0.015999
v -0.320422 -1.451427 -0.016061
v -0.328862 -1.451063 -0.047668
v -0.339655 -1.450644 -0.077566
v -0.353124 -1.450218 -0.104834
v -0.369688 -1.449864 -0.128677
v -0.297961 -1.446734 0.047156
v -0.302494 -1.446328 0.015885
v -0.308974 -1.446001 -0.016437
v -0.317735 -1.445709 -0.048554
v -0.329137 -1.445423 -0.079281
v -0.343647 -1.445171 -0.107706
v -0.361768 -1.444994 -0.132993
v -0.291476 -1.439596 0.047097
v -0.295859 -1.439189 0.015756
v -0.302208 -1.438905 -0.016792
v -0.310955 -1.438705 -0.049364
v -0.322547 -1.438559 -0.080819
v -0.337494 -1.438466 -0.110166
v -0.356326 -1.438432 -0.136453
v -0.289071 -1.430366 0.046985
v -0.293158 -1.430009 0.015625
v -0.299167 -1.429810 -0.017049
v -0.307621 -1.429728 -0.049904
v -0.319047 -1.429730 -0.081821
v -0.334003 -1.429793 -0.111747
v -0.353051 -1.429899 -0.138645
v -0.289671 -1.418686 0.046803
v -0.293379 -1.418450 0.015480
v -0.298918 -1.418393 -0.017227
v -0.306894 -1.418473 -0.050204
v -0.317909 -1.418650 -0.082345
v -0.332578 -1.418887 -0.112562
v -0.351515 -1.419149 -0.139771
v -0.292204 -1.404197 0.046533
v -0.295512 -1.404172 0.015299
v -0.300536 -1.404336 -0.017366
v -0.307950 -1.404642 -0.050352
v -0.318427 -1.405044 -0.082554
v -0.332639 -1.405494 -0.112867
v -0.351262 -1.405947 -0.140186
v -0.333523 -1.460065 0.225153
v -0.330878 -1.459637 0.204393
v -0.328344 -1.459135 0.184757
v -0.326135 -1.458587 0.165464
v -0.324466 -1.458024 0.145733
v -0.323551 -1.457473 0.124783
v -0.323605 -1.456964 0.101832
v -0.314227 -1.457171 0.225659
v -0.311634 -1.456620 0.204748
v -0.309212 -1.455971 0.184998
v -0.307161 -1.455262 0.165623
v -0.305687 -1.454531 0.145836
v -0.304990 -1.453817 0.124849
v -0.305274 -1.453157 0.101875
v -0.300852 -1.452779 0.226045
v -0.298451 -1.452124 0.204982
v -0.296284 -1.451343 0.185125
v -0.294523 -1.450486 0.165679
v -0.293344 -1.449602 0.145850
v -0.292921 -1.448737 0.124844
v -0.293428 -1.447941 0.101866
v -0.292383 -1.446346 0.226193
v -0.290286 -1.445626 0.204991
v -0.288486 -1.444753 0.185047
v -0.287115 -1.443787 0.165558
v -0.286310 -1.442787 0.145718
v -0.286204 -1.441810 0.124723
v -0.286931 -1.440917 0.101769
v -0.287805 -1.437329 0.225983
v -0.286094 -1.436605 0.204671
v -0.284742 -1.435703 0.184677
v -0.283834 -1.434691 0.165185
v -0.283458 -1.433638 0.145378
v -0.283700 -1.432613 0.124438
v -0.284646 -1.431683 0.101550
v -0.286104 -1.425184 0.225298
v -0.284832 -1.424541 0.203919
v -0.283977 -1.423696 0.183926
v -0.283576 -1.422726 0.164488
v -0.283662 -1.421708 0.144771
v -0.284271 -1.420720 0.123945
v -0.285436 -1.419838 0.101175
v -0.286264 -1.409368 0.224018
v -0.285454 -1.408912 0.202630
v -0.285116 -1.408234 0.182705
v -0.285236 -1.407417 0.163392
v -0.285795 -1.406547 0.143839
v -0.286777 -1.405708 0.123195
v -0.288165 -1.404984 0.100610
v -0.636786 -1.453336 -0.124331
v -0.651777 -1.453936 -0.102264
v -0.664974 -1.454555 -0.076148
v -0.676488 -1.455097 -0.046955
v -0.686300 -1.455516 -0.015766
v -0.694430 -1.455854 0.016076
v -0.700907 -1.456170 0.047166
v -0.648402 -1.449864 -0.128677
v -0.666206 -1.450218 -0.104834
v -0.681128 -1.450644 -0.077566
v -0.693605 -1.451063 -0.047668
v -0.703948 -1.451427 -0.016061
v -0.712326 -1.451769 0.015999
v -0.718875 -1.452139 0.047175
v -0.657343 -1.444994 -0.132993
v -0.676681 -1.445171 -0.107706
v -0.692576 -1.445423 -0.079281
v -0.705532 -1.445709 -0.048554
v -0.716003 -1.446001 -0.016437
v -0.724282 -1.446328 0.015885
v -0.730624 -1.446734 0.047156
v -0.664035 -1.438432 -0.136453
v -0.683987 -1.438466 -0.110166
v -0.700197 -1.438559 -0.080819
v -0.713177 -1.438705 -0.049364
v -0.723415 -1.438905 -0.016792
v -0.731307 -1.439189 0.015756
v -0.737225 -1.439596 0.047097
v -0.668760 -1.429899 -0.138645
v -0.688777 -1.429793 -0.111747
v -0.704819 -1.429730 -0.081821
v -0.717426 -1.429728 -0.049904
v -0.727126 -1.429810 -0.017049
v -0.734407 -1.430009 0.015625
v -0.739749 -1.430366 0.046985
v -0.671838 -1.419149 -0.139771
v -0.691562 -1.418887 -0.112562
v -0.707110 -1.418650 -0.082345
v -0.719073 -1.418473 -0.050204
v -0.728036 -1.418393 -0.017227
v -0.734576 -1.418450 0.015480
v -0.739264 -1.418686 0.046803
v -0.673599 -1.405947 -0.140186
v -0.692817 -1.405494 -0.112867
v -0.707695 -1.405044 -0.082554
v -0.718884 -1.404642 -0.050352
v -0.727038 -1.404336 -0.017366
v -0.732806 -1.404172 0.015299
v -0.736839 -1.404197 0.046533
v -0.416716 -1.457436 -0.124272
v -0.410122 -1.458730 -0.102223
v -0.403262 -1.459732 -0.076126
v -0.397067 -1.460467 -0.046951
v -0.392049 -1.460959 -0.015780
v -0.388265 -1.461273 0.016044
v -0.385656 -1.461484 0.047112
v -0.443538 -1.458643 -0.128203
v -0.439752 -1.460194 -0.104495
v -0.435547 -1.461335 -0.077358
v -0.431653 -1.462131 -0.047573
v -0.428569 -1.462644 -0.016047
v -0.426355 -1.462948 0.015955
v -0.424962 -1.463126 0.047085
v -0.474308 -1.459405 -0.131394
v -0.472859 -1.461084 -0.106556
v -0.471250 -1.462300 -0.078564
v -0.469841 -1.463131 -0.048193
v -0.468912 -1.463655 -0.016312
v -0.468471 -1.463954 0.015871
v -0.468462 -1.464111 0.047064
v -0.507176 -1.459673 -0.132662
v -0.507816 -1.461385 -0.107436
v -0.508735 -1.462622 -0.079104
v -0.509881 -1.463464 -0.048475
v -0.511199 -1.463992 -0.016432
v -0.512619 -1.464289 0.015834
v -0.514064 -1.464440 0.047056
v -0.540242 -1.459405 -0.131394
v -0.542943 -1.461084 -0.106556
v -0.546355 -1.462299 -0.078564
v -0.550020 -1.463131 -0.048193
v -0.553552 -1.463655 -0.016312
v -0.556802 -1.463954 0.015871
v -0.559677 -1.464111 0.047064
v -0.571534 -1.458643 -0.128203
v -0.576505 -1.460194 -0.104495
v -0.582426 -1.461335 -0.077358
v -0.588483 -1.462131 -0.047573
v -0.594081 -1.462644 -0.016047
v -0.599023 -1.462948 0.015955
v -0.603207 -1.463126 0.047085
v -0.599086 -1.457436 -0.124272
v -0.606791 -1.458730 -0.102223
v -0.615259 -1.459732 -0.076126
v -0.623492 -1.460467 -0.046951
v -0.630897 -1.460959 -0.015780
v -0.637284 -1.461273 0.016044
v -0.642562 -1.461484 0.047112
v -0.674432 -1.371402 -0.140231
v -0.692559 -1.370398 -0.112917
v -0.706138 -1.369323 -0.082640
v -0.715927 -1.368237 -0.050520
v -0.722690 -1.367205 -0.017679
v -0.727187 -1.366289 0.014763
v -0.730183 -1.365554 0.045682
v -0.673830 -1.350552 -0.140110
v -0.691488 -1.349189 -0.112841
v -0.704542 -1.347697 -0.082622
v -0.713780 -1.346142 -0.050579
v -0.719989 -1.344593 -0.017839
v -0.723978 -1.343132 0.014461
v -0.726556 -1.341839 0.045178
v -0.672561 -1.328237 -0.139781
v -0.689771 -1.326482 -0.112612
v -0.702335 -1.324523 -0.082500
v -0.711038 -1.322426 -0.050565
v -0.716679 -1.320264 -0.017933
v -0.720108 -1.318147 0.014228
v -0.722191 -1.316195 0.044744
v -0.670619 -1.305186 -0.139138
v -0.687375 -1.303026 -0.112153
v -0.699437 -1.300568 -0.082218
v -0.707556 -1.297867 -0.050429
v -0.712516 -1.294998 -0.017907
v -0.715225 -1.292121 0.014139
v -0.716622 -1.289419 0.044475
v -0.668000 -1.282129 -0.138077
v -0.684269 -1.279572 -0.111390
v -0.695780 -1.276607 -0.081730
v -0.703216 -1.273265 -0.050154
v -0.707314 -1.269616 -0.017759
v -0.709028 -1.265879 0.014203
v -0.709382 -1.262321 0.044427
v -0.664701 -1.259797 -0.136496
v -0.680439 -1.256883 -0.110264
v -0.691353 -1.253451 -0.081044
v -0.698029 -1.249508 -0.049843
v -0.701106 -1.245097 -0.017703
v -0.701421 -1.240406 0.014177
v -0.699996 -1.235759 0.044486
v -0.660720 -1.238923 -0.134293
v -0.675876 -1.235726 -0.108720
v -0.686155 -1.231926 -0.080179
v -0.692038 -1.227509 -0.049627
v -0.693998 -1.222471 -0.018023
v -0.692488 -1.216825 0.013642
v -0.688181 -1.210765 0.044261
v -0.288426 -1.364844 0.219255
v -0.288495 -1.365162 0.198075
v -0.289126 -1.365230 0.178539
v -0.290216 -1.365141 0.159744
v -0.291659 -1.364986 0.140791
v -0.293353 -1.364859 0.120777
v -0.295192 -1.364854 0.098800
v -0.290304 -1.336834 0.215846
v -0.290744 -1.337721 0.194883
v -0.291774 -1.338346 0.175667
v -0.293256 -1.338797 0.157270
v -0.295050 -1.339164 0.138761
v -0.297020 -1.339550 0.119203
v -0.299026 -1.340059 0.097656
v -0.293797 -1.306547 0.211992
v -0.294539 -1.308076 0.191301
v -0.295881 -1.309321 0.172472
v -0.297654 -1.310356 0.154550
v -0.299689 -1.311266 0.136574
v -0.301816 -1.312174 0.117561
v -0.303867 -1.313216 0.096526
v -0.299794 -1.275222 0.207888
v -0.300754 -1.277430 0.187509
v -0.302301 -1.279311 0.169117
v -0.304236 -1.280917 0.151736
v -0.306362 -1.282318 0.134375
v -0.308479 -1.283684 0.115995
v -0.310388 -1.285205 0.095544
v -0.309188 -1.244101 0.203726
v -0.310266 -1.246985 0.183683
v -0.311892 -1.249480 0.165763
v -0.313841 -1.251596 0.148977
v -0.315885 -1.253384 0.132307
v -0.317793 -1.255067 0.114643
v -0.319329 -1.256918 0.094846
v -0.322871 -1.214425 0.199700
v -0.323958 -1.217958 0.180001
v -0.325541 -1.221028 0.162573
v -0.327372 -1.223599 0.146424
v -0.329196 -1.225682 0.130517
v -0.330747 -1.227468 0.113651
v -0.331710 -1.229291 0.094567
v -0.341736 -1.187437 0.196004
v -0.342717 -1.191567 0.176640
v -0.344141 -1.195166 0.159709
v -0.345747 -1.198154 0.144228
v -0.347266 -1.200475 0.129153
v -0.348405 -1.202148 0.113205
v -0.348755 -1.203400 0.094940
v -0.433691 -1.135745 -0.002469
v -0.423971 -1.139687 0.003095
v -0.414043 -1.144140 0.008922
v -0.403805 -1.149359 0.015142
v -0.393139 -1.155673 0.021873
v -0.381876 -1.163693 0.029167
v -0.369815 -1.174306 0.036818
v -0.424870 -1.137861 -0.015169
v -0.414344 -1.142177 -0.011684
v -0.403726 -1.147103 -0.007971
v -0.392968 -1.152947 -0.003918
v -0.382046 -1.160084 0.000531
v -0.371012 -1.169165 0.005187
v -0.359959 -1.180986 0.009662
v -0.419582 -1.140177 -0.029257
v -0.408608 -1.144882 -0.028031
v -0.397669 -1.150272 -0.026624
v -0.386785 -1.156692 -0.024944
v -0.376000 -1.164535 -0.022960
v -0.365464 -1.174394 -0.020880
v -0.355357 -1.186924 -0.018988
v -0.417825 -1.142592 -0.044105
v -0.406740 -1.147684 -0.045206
v -0.395800 -1.153509 -0.046156
v -0.385079 -1.160433 -0.046879
v -0.374665 -1.168849 -0.047332
v -0.364710 -1.179260 -0.047611
v -0.355379 -1.192194 -0.047843
v -0.419596 -1.145004 -0.059086
v -0.408723 -1.150468 -0.062474
v -0.398061 -1.156681 -0.065706
v -0.387713 -1.164019 -0.068702
v -0.377792 -1.172868 -0.071398
v -0.368436 -1.183661 -0.073788
v -0.359789 -1.196841 -0.075879
v -0.424897 -1.147314 -0.073575
v -0.414561 -1.153120 -0.079118
v -0.404458 -1.159672 -0.084469
v -0.394705 -1.167341 -0.089535
v -0.385421 -1.176504 -0.094222
v -0.376731 -1.187550 -0.098458
v -0.368763 -1.200873 -0.102171
v -0.433727 -1.149420 -0.086947
v -0.424260 -1.155531 -0.094423
v -0.415019 -1.162370 -0.101659
v -0.406116 -1.170300 -0.108536
v -0.397666 -1.179686 -0.114933
v -0.389782 -1.190893 -0.120735
v -0.382580 -1.204288 -0.125823
v -0.461833 -1.152637 -0.107940
v -0.455108 -1.159207 -0.118281
v -0.448546 -1.166465 -0.128293
v -0.442231 -1.174755 -0.137811
v -0.436243 -1.184422 -0.146671
v -0.430664 -1.195808 -0.154709
v -0.425577 -1.209258 -0.161758
v -0.480226 -1.153647 -0.114902
v -0.475295 -1.160361 -0.126092
v -0.470486 -1.167751 -0.136925
v -0.465859 -1.176153 -0.147224
v -0.461477 -1.185905 -0.156811
v -0.457398 -1.197346 -0.165507
v -0.453686 -1.210812 -0.173135
v -0.500386 -1.154253 -0.119431
v -0.497421 -1.161054 -0.131080
v -0.494532 -1.168522 -0.142358
v -0.491757 -1.176991 -0.153080
v -0.489133 -1.186795 -0.163061
v -0.486700 -1.198268 -0.172114
v -0.484493 -1.211744 -0.180056
v -0.521429 -1.154456 -0.121491
v -0.520516 -1.161285 -0.133216
v -0.519631 -1.168779 -0.144568
v -0.518788 -1.177271 -0.155360
v -0.518001 -1.187092 -0.165406
v -0.517284 -1.198576 -0.174518
v -0.516650 -1.212054 -0.182511
v -0.542471 -1.154253 -0.121049
v -0.543611 -1.161054 -0.132472
v -0.544730 -1.168522 -0.143530
v -0.545819 -1.176991 -0.154043
v -0.546869 -1.186795 -0.163830
v -0.547868 -1.198268 -0.172707
v -0.548807 -1.211744 -0.180493
v -0.562630 -1.153647 -0.118072
v -0.565736 -1.160361 -0.128817
v -0.568776 -1.167751 -0.139220
v -0.571716 -1.176153 -0.149110
v -0.574525 -1.185905 -0.158316
v -0.577169 -1.197346 -0.166667
v -0.579615 -1.210812 -0.173992
v -0.581024 -1.152637 -0.112524
v -0.585924 -1.159207 -0.122223
v -0.590715 -1.166465 -0.131613
v -0.595345 -1.174755 -0.140539
v -0.599759 -1.184422 -0.148849
v -0.603903 -1.195808 -0.156386
v -0.607724 -1.209258 -0.162998
v -0.609130 -1.149420 -0.093694
v -0.616772 -1.155531 -0.100224
v -0.624244 -1.162370 -0.106544
v -0.631460 -1.170300 -0.112550
v -0.638335 -1.179686 -0.118137
v -0.644784 -1.190893 -0.123203
v -0.650720 -1.204288 -0.127646
v -0.617960 -1.147314 -0.081001
v -0.626470 -1.153120 -0.085503
v -0.634802 -1.159672 -0.089846
v -0.642868 -1.167341 -0.093952
v -0.650576 -1.176504 -0.097747
v -0.657828 -1.187550 -0.101172
v -0.664526 -1.200873 -0.104175
v -0.623260 -1.145004 -0.066920
v -0.632307 -1.150468 -0.069209
v -0.641197 -1.156681 -0.071376
v -0.649853 -1.164019 -0.073359
v -0.658191 -1.172868 -0.075111
v -0.666102 -1.183661 -0.076643
v -0.673472 -1.196841 -0.077982
v -0.625032 -1.142592 -0.052074
v -0.634289 -1.147684 -0.052058
v -0.643451 -1.153509 -0.051923
v -0.652472 -1.160433 -0.051611
v -0.661290 -1.168849 -0.051099
v -0.669786 -1.179260 -0.050500
v -0.677829 -1.192194 -0.049964
v -0.623274 -1.140177 -0.037090
v -0.632418 -1.144882 -0.034764
v -0.641573 -1.150272 -0.032288
v -0.650744 -1.156692 -0.029587
v -0.659913 -1.164535 -0.026647
v -0.668966 -1.174394 -0.023695
v -0.677762 -1.186924 -0.021040
v -0.617986 -1.137861 -0.022594
v -0.626679 -1.142177 -0.018066
v -0.635506 -1.147103 -0.013337
v -0.644535 -1.152947 -0.008310
v -0.653817 -1.160084 -0.002944
v -0.663332 -1.169165 0.002551
v -0.673032 -1.180986 0.007764
v -0.609165 -1.135745 -0.009215
v -0.617049 -1.139687 -0.002702
v -0.625178 -1.144140 0.004051
v -0.633676 -1.149359 0.011162
v -0.642678 -1.155673 0.018735
v -0.652378 -1.163693 0.026808
v -0.663010 -1.174306 0.035155
v -0.581059 -1.132503 0.011781
v -0.586200 -1.135810 0.021183
v -0.591647 -1.139367 0.030776
v -0.597553 -1.143298 0.040653
v -0.604059 -1.147726 0.050928
v -0.611250 -1.152765 0.061788
v -0.618941 -1.158340 0.073482
v -0.562656 -1.131481 0.018739
v -0.565942 -1.134559 0.028959
v -0.569472 -1.137756 0.039288
v -0.573367 -1.141128 0.049782
v -0.577693 -1.144690 0.060486
v -0.582294 -1.148271 0.071407
v -0.586812 -1.151547 0.082537
v -0.542484 -1.130865 0.023263
v -0.543718 -1.133796 0.033908
v -0.545093 -1.136745 0.044590
v -0.546681 -1.139722 0.055327
v -0.548506 -1.142681 0.066117
v -0.550415 -1.145357 0.076880
v -0.552188 -1.147413 0.087515
v -0.521428 -1.130660 0.025321
v -0.520510 -1.133537 0.036025
v -0.519612 -1.136394 0.046736
v -0.518743 -1.139222 0.057455
v -0.517913 -1.141958 0.068168
v -0.517138 -1.144337 0.078782
v -0.516432 -1.146044 0.089188
v -0.500371 -1.130865 0.024881
v -0.497302 -1.133796 0.035298
v -0.494128 -1.136745 0.045756
v -0.490800 -1.139722 0.056276
v -0.487311 -1.142681 0.066860
v -0.483848 -1.145357 0.077433
v -0.480659 -1.147413 0.087901
v -0.480199 -1.131481 0.021908
v -0.475076 -1.134559 0.031681
v -0.469746 -1.137756 0.041572
v -0.464105 -1.141128 0.051643
v -0.458108 -1.144690 0.061943
v -0.451936 -1.148271 0.072489
v -0.445982 -1.151547 0.083288
v -0.461796 -1.132503 0.016365
v -0.454818 -1.135810 0.025121
v -0.447568 -1.139367 0.034081
v -0.439912 -1.143298 0.043347
v -0.431727 -1.147726 0.053039
v -0.422946 -1.152765 0.063357
v -0.413778 -1.158340 0.074560
v -0.352148 -1.353073 0.444887
v -0.332298 -1.354723 0.419252
v -0.317151 -1.356505 0.390813
v -0.306051 -1.358328 0.360610
v -0.298344 -1.360104 0.329683
v -0.293374 -1.361736 0.299074
v -0.290486 -1.363129 0.269825
v -0.353489 -1.321377 0.443148
v -0.333541 -1.323314 0.417227
v -0.318319 -1.325417 0.388476
v -0.307181 -1.327621 0.357951
v -0.299483 -1.329855 0.326710
v -0.294581 -1.332008 0.295832
v -0.291832 -1.333963 0.266396
v -0.356091 -1.287855 0.440053
v -0.336182 -1.289912 0.414056
v -0.320998 -1.292140 0.385193
v -0.309905 -1.294562 0.354512
v -0.302272 -1.297168 0.323075
v -0.297468 -1.299828 0.292004
v -0.294861 -1.302379 0.262434
v -0.360668 -1.254378 0.435458
v -0.341030 -1.256276 0.409697
v -0.326056 -1.258299 0.381020
v -0.315130 -1.260649 0.350429
v -0.307637 -1.263451 0.318963
v -0.302961 -1.266542 0.287799
v -0.300492 -1.269684 0.258151
v -0.367832 -1.222713 0.429369
v -0.348857 -1.224038 0.404251
v -0.334360 -1.225417 0.376115
v -0.323764 -1.227327 0.345893
v -0.316500 -1.230091 0.314582
v -0.311988 -1.233493 0.283434
v -0.309644 -1.237185 0.253763
v -0.377792 -1.194201 0.422424
v -0.360309 -1.194333 0.398397
v -0.346765 -1.194622 0.371049
v -0.336717 -1.195823 0.341314
v -0.329789 -1.198380 0.310234
v -0.325475 -1.201995 0.279152
v -0.323235 -1.206184 0.249489
v -0.390818 -1.169983 0.415676
v -0.376099 -1.168108 0.393060
v -0.364135 -1.166931 0.366508
v -0.354901 -1.167306 0.337161
v -0.348430 -1.169589 0.306243
v -0.344349 -1.173354 0.275202
v -0.342184 -1.177982 0.245547
v -0.383667 -1.458909 0.419704
v -0.370030 -1.459410 0.400691
v -0.359174 -1.459905 0.378253
v -0.350929 -1.460305 0.353271
v -0.345151 -1.460553 0.326672
v -0.341231 -1.460644 0.299507
v -0.338444 -1.460587 0.272862
v -0.371031 -1.456347 0.425299
v -0.354655 -1.456773 0.404777
v -0.342168 -1.457216 0.381281
v -0.332998 -1.457589 0.355545
v -0.326613 -1.457826 0.328376
v -0.322294 -1.457909 0.300779
v -0.319275 -1.457831 0.273808
v -0.361652 -1.452007 0.431118
v -0.343737 -1.452429 0.409253
v -0.330224 -1.452867 0.384622
v -0.320409 -1.453247 0.357977
v -0.313581 -1.453504 0.330115
v -0.308975 -1.453607 0.302008
v -0.305811 -1.453534 0.274668
v -0.355313 -1.445232 0.436311
v -0.336617 -1.445714 0.413383
v -0.322512 -1.446206 0.387735
v -0.312260 -1.446645 0.360203
v -0.305115 -1.446970 0.331644
v -0.300311 -1.447139 0.303014
v -0.297077 -1.447114 0.275292
v -0.351828 -1.435375 0.440356
v -0.332680 -1.435975 0.416619
v -0.318197 -1.436589 0.390165
v -0.307640 -1.437155 0.361898
v -0.300271 -1.437612 0.332731
v -0.295340 -1.437907 0.303621
v -0.292096 -1.437989 0.275532
v -0.350530 -1.421809 0.443188
v -0.331114 -1.422587 0.418840
v -0.316384 -1.423392 0.391760
v -0.305618 -1.424158 0.362901
v -0.298096 -1.424820 0.333217
v -0.293095 -1.425315 0.303675
v -0.289891 -1.425578 0.275245
v -0.350632 -1.403915 0.444859
v -0.331057 -1.404929 0.420029
v -0.316162 -1.405995 0.392446
v -0.305254 -1.407039 0.363093
v -0.297635 -1.407987 0.332957
v -0.292611 -1.408765 0.303025
v -0.289487 -1.409300 0.274284
v -0.709058 -1.456964 0.101832
v -0.710976 -1.457473 0.124783
v -0.711736 -1.458024 0.145733
v -0.711552 -1.458587 0.165464
v -0.710641 -1.459134 0.184757
v -0.709219 -1.459637 0.204393
v -0.707503 -1.460065 0.225153
v -0.727038 -1.453157 0.101875
v -0.728991 -1.453817 0.124849
v -0.729793 -1.454531 0.145836
v -0.729647 -1.455262 0.165623
v -0.728759 -1.455971 0.184998
v -0.727330 -1.456620 0.204748
v -0.725565 -1.457171 0.225659
v -0.738498 -1.447941 0.101866
v -0.740459 -1.448737 0.124844
v -0.741342 -1.449602 0.145850
v -0.741323 -1.450486 0.165679
v -0.740576 -1.451343 0.185125
v -0.739279 -1.452124 0.204982
v -0.737606 -1.452779 0.226045
v -0.744590 -1.440917 0.101769
v -0.746546 -1.441810 0.124723
v -0.747545 -1.442787 0.145718
v -0.747724 -1.443787 0.165558
v -0.747220 -1.444753 0.185047
v -0.746168 -1.445626 0.204991
v -0.744706 -1.446346 0.226193
v -0.746468 -1.431683 0.101550
v -0.748415 -1.432613 0.124438
v -0.749562 -1.433638 0.145378
v -0.749998 -1.434691 0.165185
v -0.749815 -1.435703 0.184677
v -0.749102 -1.436605 0.204671
v -0.747950 -1.437329 0.225983
v -0.745285 -1.419838 0.101175
v -0.747230 -1.420720 0.123945
v -0.748552 -1.421708 0.144771
v -0.749290 -1.422726 0.164488
v -0.749487 -1.423696 0.183926
v -0.749184 -1.424541 0.203919
v -0.748422 -1.425184 0.225298
v -0.742191 -1.404984 0.100610
v -0.744157 -1.405708 0.123195
v -0.745677 -1.406547 0.143839
v -0.746747 -1.407417 0.163392
v -0.747362 -1.408234 0.182705
v -0.747516 -1.408912 0.202630
v -0.747204 -1.409368 0.224018
v -0.627372 -1.164903 0.100931
v -0.627741 -1.164394 0.114956
v -0.628271 -1.162527 0.128182
v -0.629298 -1.159609 0.141395
v -0.630868 -1.155841 0.155545
v -0.632885 -1.151359 0.171555
v -0.635218 -1.146286 0.190341
v -0.592041 -1.154251 0.105318
v -0.592700 -1.153190 0.116868
v -0.593192 -1.150922 0.128542
v -0.593922 -1.147654 0.140828
v -0.595109 -1.143554 0.154373
v -0.596732 -1.138750 0.169997
v -0.598711 -1.133363 0.188567
v -0.554251 -1.148190 0.108073
v -0.554567 -1.146674 0.118289
v -0.554798 -1.144076 0.128979
v -0.555200 -1.140542 0.140610
v -0.555970 -1.136207 0.153721
v -0.557132 -1.131192 0.169078
v -0.558668 -1.125611 0.187504
v -0.515298 -1.146248 0.109034
v -0.514928 -1.144560 0.118848
v -0.514749 -1.141830 0.129203
v -0.514803 -1.138189 0.140582
v -0.515137 -1.133766 0.153523
v -0.515799 -1.128675 0.168777
v -0.516839 -1.123027 0.187150
v -0.476327 -1.148190 0.108227
v -0.475279 -1.146674 0.118378
v -0.474694 -1.144076 0.129028
v -0.474402 -1.140542 0.140635
v -0.474296 -1.136207 0.153732
v -0.474448 -1.131192 0.169081
v -0.474975 -1.125611 0.187504
v -0.438483 -1.154251 0.105611
v -0.437112 -1.153190 0.117036
v -0.436282 -1.150922 0.128632
v -0.435667 -1.147654 0.140874
v -0.435133 -1.143554 0.154392
v -0.434793 -1.138750 0.170003
v -0.434825 -1.133363 0.188567
v -0.403052 -1.164903 0.101328
v -0.402013 -1.164394 0.115181
v -0.401175 -1.162527 0.128303
v -0.400271 -1.159609 0.141456
v -0.399334 -1.155841 0.155571
v -0.398549 -1.151359 0.171563
v -0.398142 -1.146286 0.190342
v -0.383713 -1.461889 0.101715
v -0.384145 -1.462143 0.124616
v -0.385287 -1.462418 0.145493
v -0.386962 -1.462700 0.165120
v -0.388995 -1.462974 0.184270
v -0.391211 -1.463226 0.203717
v -0.393434 -1.463442 0.224236
v -0.424428 -1.463407 0.101677
v -0.425112 -1.463580 0.124562
v -0.426266 -1.463768 0.145415
v -0.427762 -1.463961 0.165008
v -0.429475 -1.464148 0.184113
v -0.431279 -1.464321 0.203501
v -0.433046 -1.464470 0.223943
v -0.469507 -1.464318 0.101655
v -0.470438 -1.464443 0.124529
v -0.471554 -1.464578 0.145368
v -0.472791 -1.464717 0.164941
v -0.474084 -1.464853 0.184019
v -0.475366 -1.464978 0.203371
v -0.476574 -1.465086 0.223767
v -0.516749 -1.464621 0.101647
v -0.517916 -1.464730 0.124518
v -0.518964 -1.464848 0.145352
v -0.519894 -1.464969 0.164919
v -0.520709 -1.465088 0.183988
v -0.521410 -1.465197 0.203328
v -0.522000 -1.465292 0.223709
v -0.563959 -1.464318 0.101655
v -0.565342 -1.464443 0.124529
v -0.566303 -1.464578 0.145368
v -0.566912 -1.464717 0.164941
v -0.567236 -1.464853 0.184019
v -0.567344 -1.464978 0.203371
v -0.567307 -1.465086 0.223767
v -0.608936 -1.463407 0.101677
v -0.610511 -1.463580 0.124562
v -0.611385 -1.463768 0.145415
v -0.611689 -1.463961 0.165008
v -0.611552 -1.464148 0.184113
v -0.611104 -1.464321 0.203501
v -0.610476 -1.464470 0.223943
v -0.649484 -1.461889 0.101715
v -0.651215 -1.462143 0.124616
v -0.652017 -1.462418 0.145493
v -0.652067 -1.462700 0.165120
v -0.651544 -1.462974 0.184270
v -0.650626 -1.463226 0.203717
v -0.649491 -1.463442 0.224236
v -0.734586 -1.364854 0.098799
v -0.736680 -1.364859 0.120776
v -0.738645 -1.364986 0.140791
v -0.740407 -1.365141 0.159744
v -0.741887 -1.365230 0.178538
v -0.743010 -1.365162 0.198075
v -0.743699 -1.364844 0.219255
v -0.730563 -1.340059 0.097647
v -0.732704 -1.339550 0.119196
v -0.734854 -1.339164 0.138757
v -0.736914 -1.338797 0.157268
v -0.738785 -1.338346 0.175666
v -0.740365 -1.337721 0.194882
v -0.741556 -1.336834 0.215846
v -0.725610 -1.313216 0.096494
v -0.727695 -1.312174 0.117540
v -0.729929 -1.311266 0.136560
v -0.732196 -1.310356 0.154543
v -0.734379 -1.309321 0.172470
v -0.736357 -1.308076 0.191300
v -0.738013 -1.306547 0.211992
v -0.719063 -1.285205 0.095468
v -0.720915 -1.283684 0.115943
v -0.723074 -1.282318 0.134343
v -0.725409 -1.280917 0.151719
v -0.727789 -1.279311 0.169110
v -0.730076 -1.277430 0.187507
v -0.732132 -1.275222 0.207887
v -0.710189 -1.256918 0.094700
v -0.711576 -1.255067 0.114544
v -0.713463 -1.253384 0.132247
v -0.715697 -1.251596 0.148945
v -0.718131 -1.249480 0.165750
v -0.720609 -1.246985 0.183679
v -0.722975 -1.244101 0.203725
v -0.697976 -1.229291 0.094326
v -0.698678 -1.227468 0.113494
v -0.700135 -1.225682 0.130424
v -0.702130 -1.223599 0.146376
v -0.704489 -1.221028 0.162553
v -0.707036 -1.217958 0.179995
v -0.709600 -1.214425 0.199699
v -0.681195 -1.203400 0.094588
v -0.681133 -1.202148 0.112991
v -0.682093 -1.200475 0.129033
v -0.683766 -1.198154 0.144167
v -0.685940 -1.195166 0.159684
v -0.688433 -1.191567 0.176633
v -0.691067 -1.187437 0.196003
vn -0.9848 0.1544 -0.0800
vn -0.9841 0.1604 -0.0761
vn -0.9831 0.1518 -0.1022
vn -0.9832 0.1460 -0.1096
vn -0.9795 0.1886 -0.0703
vn -0.9799 0.1762 -0.0936
vn -0.9698 0.2366 -0.0601
vn -0.9728 0.2170 -0.0814
vn -0.9515 0.3049 -0.0416
vn -0.9602 0.2724 -0.0627
vn -0.9186 0.3950 -0.0090
vn -0.9390 0.3421 -0.0349
vn -0.8595 0.5094 0.0431
vn -0.9042 0.4271 -0.0001
vn -0.9784 0.1388 -0.1532
vn -0.9778 0.1320 -0.1625
vn -0.9766 0.1606 -0.1433
vn -0.9719 0.1954 -0.1309
vn -0.9637 0.2411 -0.1145
vn -0.9501 0.2973 -0.0943
vn -0.9267 0.3686 -0.0732
vn -0.9654 0.1231 -0.2301
vn -0.9641 0.1140 -0.2399
vn -0.9648 0.1435 -0.2203
vn -0.9622 0.1743 -0.2094
vn -0.9568 0.2144 -0.1966
vn -0.9468 0.2646 -0.1830
vn -0.9282 0.3306 -0.1709
vn -0.9362 0.1058 -0.3351
vn -0.9341 0.0935 -0.3444
vn -0.9367 0.1264 -0.3266
vn -0.9353 0.1555 -0.3179
vn -0.9312 0.1934 -0.3089
vn -0.9227 0.2420 -0.3002
vn -0.9054 0.3073 -0.2930
vn -0.8787 0.0878 -0.4691
vn -0.8760 0.0723 -0.4769
vn -0.8799 0.1098 -0.4622
vn -0.8792 0.1390 -0.4557
vn -0.8755 0.1769 -0.4496
vn -0.8670 0.2265 -0.4438
vn -0.8495 0.2934 -0.4384
vn -0.7773 0.0699 -0.6252
vn -0.7745 0.0523 -0.6305
vn -0.7789 0.0932 -0.6202
vn -0.7785 0.1235 -0.6154
vn -0.7750 0.1626 -0.6107
vn -0.7665 0.2141 -0.6055
vn -0.7491 0.2837 -0.5986
vn -0.9821 0.1742 -0.0713
vn -0.9851 0.1558 -0.0734
vn -0.9817 0.1706 -0.0841
vn -0.9838 0.1632 -0.0749
vn -0.9779 0.1957 -0.0738
vn -0.9655 0.2513 -0.0677
vn -0.9415 0.3329 -0.0530
vn -0.8957 0.4441 -0.0231
vn -0.8054 0.5919 0.0306
vn -0.6225 0.7767 0.0959
vn -0.7660 0.6358 0.0949
vn -0.8469 0.5309 0.0303
vn -0.8849 0.4622 -0.0568
vn -0.8929 0.4200 -0.1626
vn -0.8719 0.3963 -0.2876
vn -0.8159 0.3844 -0.4318
vn -0.7164 0.3778 -0.5865
vn -0.5739 0.3700 -0.7306
vn -0.6019 0.2730 -0.7504
vn -0.6168 0.2009 -0.7611
vn -0.6239 0.1477 -0.7674
vn -0.6266 0.1075 -0.7719
vn -0.6268 0.0767 -0.7754
vn -0.6254 0.0531 -0.7785
vn -0.6233 0.0355 -0.7812
vn -0.7708 0.0362 -0.6360
vn -0.6211 0.0200 -0.7835
vn -0.8721 0.0592 -0.4857
vn -0.9308 0.0861 -0.3552
vn -0.9613 0.1134 -0.2512
vn -0.9752 0.1382 -0.1728
vn -0.9804 0.1580 -0.1176
vn -0.4491 0.0237 -0.8932
vn -0.4501 0.0395 -0.8921
vn -0.2864 0.0301 -0.9576
vn -0.2861 0.0163 -0.9581
vn -0.4511 0.0621 -0.8903
vn -0.2870 0.0514 -0.9565
vn -0.4513 0.0925 -0.8876
vn -0.2874 0.0809 -0.9544
vn -0.4497 0.1329 -0.8832
vn -0.2868 0.1208 -0.9503
vn -0.4450 0.1868 -0.8758
vn -0.2844 0.1747 -0.9427
vn -0.4346 0.2603 -0.8622
vn -0.2783 0.2485 -0.9278
vn -0.1388 0.0237 -0.9900
vn -0.1386 0.0110 -0.9903
vn -0.1392 0.0442 -0.9893
vn -0.1395 0.0731 -0.9875
vn -0.1396 0.1124 -0.9838
vn -0.1390 0.1659 -0.9763
vn -0.1368 0.2394 -0.9612
vn 0.0001 0.0193 -0.9998
vn 0.0002 0.0063 -1.0000
vn -0.0002 0.0399 -0.9992
vn -0.0005 0.0687 -0.9976
vn -0.0011 0.1076 -0.9942
vn -0.0019 0.1605 -0.9870
vn -0.0030 0.2332 -0.9724
vn 0.1388 0.0167 -0.9902
vn 0.1389 0.0017 -0.9903
vn 0.1389 0.0384 -0.9896
vn 0.1386 0.0675 -0.9880
vn 0.1377 0.1064 -0.9847
vn 0.1356 0.1585 -0.9780
vn 0.1314 0.2300 -0.9643
vn 0.2863 0.0162 -0.9580
vn 0.2859 -0.0022 -0.9583
vn 0.2868 0.0398 -0.9572
vn 0.2868 0.0700 -0.9554
vn 0.2856 0.1089 -0.9521
vn 0.2822 0.1603 -0.9459
vn 0.2750 0.2300 -0.9335
vn 0.4498 0.0190 -0.8929
vn 0.4482 -0.0036 -0.8939
vn 0.4511 0.0451 -0.8914
vn 0.4513 0.0764 -0.8891
vn 0.4498 0.1154 -0.8857
vn 0.4450 0.1658 -0.8800
vn 0.4348 0.2334 -0.8697
vn -0.4486 0.0111 -0.8937
vn -0.4143 0.3592 -0.8363
vn -0.2660 0.3484 -0.8988
vn -0.1316 0.3393 -0.9314
vn -0.0044 0.3321 -0.9432
vn 0.1239 0.3271 -0.9368
vn 0.2616 0.3245 -0.9090
vn 0.4157 0.3246 -0.8496
vn 0.5829 0.3265 -0.7440
vn 0.6069 0.2393 -0.7579
vn 0.6196 0.1746 -0.7652
vn 0.6257 0.1257 -0.7699
vn 0.6277 0.0871 -0.7736
vn 0.6271 0.0550 -0.7770
vn 0.6248 0.0270 -0.7803
vn 0.6215 0.0008 -0.7834
vn 0.4467 -0.0277 -0.8942
vn 0.6174 -0.0291 -0.7861
vn 0.2859 -0.0198 -0.9581
vn 0.1393 -0.0106 -0.9902
vn 0.0004 -0.0028 -1.0000
vn -0.1388 0.0027 -0.9903
vn -0.2863 0.0066 -0.9581
vn 0.9986 0.0372 0.0383
vn 0.9980 0.0602 0.0177
vn 0.9963 0.0481 0.0718
vn 0.9956 0.0246 0.0907
vn 0.9937 0.1120 -0.0073
vn 0.9938 0.1001 0.0482
vn 0.9807 0.1921 -0.0373
vn 0.9834 0.1806 0.0193
vn 0.9503 0.3028 -0.0725
vn 0.9561 0.2925 -0.0149
vn 0.8887 0.4446 -0.1119
vn 0.8979 0.4369 -0.0539
vn 0.7789 0.6085 -0.1522
vn 0.7905 0.6051 -0.0947
vn 0.9886 0.0384 0.1457
vn 0.9865 0.0146 0.1634
vn 0.9882 0.0904 0.1234
vn 0.9805 0.1714 0.0961
vn 0.9566 0.2844 0.0637
vn 0.9021 0.4307 0.0263
vn 0.7982 0.6022 -0.0144
vn 0.9698 0.0312 0.2420
vn 0.9660 0.0065 0.2584
vn 0.9716 0.0838 0.2215
vn 0.9663 0.1657 0.1968
vn 0.9454 0.2795 0.1677
vn 0.8948 0.4261 0.1334
vn 0.7959 0.5980 0.0940
vn 0.9315 0.0270 0.3627
vn 0.9259 0.0004 0.3777
vn 0.9353 0.0809 0.3444
vn 0.9322 0.1643 0.3226
vn 0.9138 0.2779 0.2962
vn 0.8679 0.4210 0.2636
vn 0.7772 0.5881 0.2236
vn 0.8620 0.0263 0.5063
vn 0.8546 -0.0038 0.5193
vn 0.8675 0.0823 0.4905
vn 0.8663 0.1671 0.4707
vn 0.8513 0.2784 0.4447
vn 0.8134 0.4131 0.4097
vn 0.7371 0.5692 0.3643
vn 0.7486 0.0292 0.6624
vn 0.7400 -0.0057 0.6726
vn 0.7553 0.0874 0.6495
vn 0.7562 0.1727 0.6311
vn 0.7462 0.2798 0.6041
vn 0.7200 0.4024 0.5653
vn 0.6695 0.5392 0.5109
vn 0.9979 0.0600 0.0240
vn 0.9986 0.0525 0.0038
vn 0.9976 0.0430 0.0551
vn 0.9970 0.0745 -0.0193
vn 0.9910 0.1257 -0.0461
vn 0.9757 0.2050 -0.0773
vn 0.9425 0.3144 -0.1133
vn 0.8780 0.4535 -0.1530
vn 0.7664 0.6127 -0.1927
vn 0.6045 0.7641 -0.2251
vn 0.6162 0.7653 -0.1857
vn 0.6278 0.7674 -0.1304
vn 0.6372 0.7689 -0.0526
vn 0.6403 0.7663 0.0534
vn 0.6321 0.7536 0.1805
vn 0.6091 0.7266 0.3179
vn 0.5687 0.6833 0.4580
vn 0.5139 0.6301 0.5821
vn 0.5560 0.5165 0.6512
vn 0.5833 0.3950 0.7098
vn 0.5971 0.2810 0.7513
vn 0.6010 0.1786 0.7791
vn 0.5978 0.0947 0.7960
vn 0.5909 0.0349 0.8060
vn 0.5825 -0.0050 0.8128
vn 0.7312 -0.0226 0.6818
vn 0.5734 -0.0322 0.8186
vn 0.8476 -0.0119 0.5306
vn 0.9209 -0.0014 0.3899
vn 0.9625 0.0085 0.2711
vn 0.9841 0.0185 0.1768
vn 0.9940 0.0295 0.1054
vn 0.4126 -0.0029 0.9109
vn 0.4192 0.0412 0.9070
vn 0.2643 0.0471 0.9633
vn 0.2600 0.0001 0.9656
vn 0.4249 0.1012 0.8995
vn 0.2683 0.1066 0.9574
vn 0.4295 0.1823 0.8845
vn 0.2726 0.1846 0.9443
vn 0.4309 0.2819 0.8572
vn 0.2762 0.2831 0.9185
vn 0.4265 0.3968 0.8128
vn 0.2779 0.4040 0.8715
vn 0.4122 0.5286 0.7420
vn 0.2773 0.5522 0.7862
vn 0.1274 0.0530 0.9904
vn 0.1253 0.0042 0.9921
vn 0.1294 0.1120 0.9853
vn 0.1320 0.1877 0.9733
vn 0.1352 0.2855 0.9488
vn 0.1385 0.4107 0.9012
vn 0.1417 0.5674 0.8112
vn -0.0000 0.0596 0.9982
vn -0.0001 0.0097 1.0000
vn 0.0001 0.1184 0.9930
vn 0.0003 0.1931 0.9812
vn 0.0004 0.2902 0.9570
vn 0.0006 0.4161 0.9093
vn 0.0009 0.5744 0.8186
vn -0.1264 0.0669 0.9897
vn -0.1249 0.0168 0.9920
vn -0.1279 0.1263 0.9837
vn -0.1298 0.2014 0.9709
vn -0.1322 0.2976 0.9455
vn -0.1347 0.4200 0.8975
vn -0.1371 0.5724 0.8084
vn -0.2606 0.0751 0.9625
vn -0.2578 0.0255 0.9659
vn -0.2629 0.1353 0.9553
vn -0.2652 0.2120 0.9406
vn -0.2669 0.3071 0.9135
vn -0.2668 0.4225 0.8662
vn -0.2648 0.5630 0.7829
vn -0.4105 0.0835 0.9080
vn -0.4071 0.0352 0.9127
vn -0.4126 0.1445 0.8994
vn -0.4132 0.2234 0.8828
vn -0.4108 0.3178 0.8545
vn -0.4035 0.4249 0.8103
vn -0.3881 0.5467 0.7420
vn 0.4050 -0.0391 0.9135
vn 0.4052 0.6768 0.6146
vn 0.2795 0.7150 0.6409
vn 0.1448 0.7396 0.6573
vn 0.0011 0.7483 0.6633
vn -0.1396 0.7399 0.6581
vn -0.2661 0.7174 0.6438
vn -0.3807 0.6843 0.6219
vn -0.4781 0.6455 0.5956
vn -0.5180 0.5426 0.6612
vn -0.5459 0.4327 0.7174
vn -0.5635 0.3284 0.7580
vn -0.5732 0.2327 0.7857
vn -0.5765 0.1517 0.8029
vn -0.5757 0.0904 0.8127
vn -0.5725 0.0445 0.8187
vn -0.4021 -0.0093 0.9155
vn -0.5675 0.0058 0.8234
vn -0.2540 -0.0228 0.9669
vn -0.1229 -0.0330 0.9919
vn -0.0002 -0.0398 0.9992
vn 0.1227 -0.0431 0.9915
vn 0.2549 -0.0428 0.9660
vn -0.0323 -0.9995 0.0004
vn -0.0189 -0.9998 -0.0000
vn -0.0188 -0.9998 0.0042
vn -0.0320 -0.9995 0.0052
vn -0.0088 -1.0000 -0.0001
vn -0.0088 -1.0000 0.0036
vn -0.0000 -1.0000 -0.0003
vn -0.0000 -1.0000 0.0034
vn 0.0089 -1.0000 -0.0004
vn 0.0089 -1.0000 0.0035
vn 0.0192 -0.9998 -0.0004
vn 0.0191 -0.9998 0.0039
vn 0.0332 -0.9994 -0.0003
vn 0.0329 -0.9994 0.0049
vn -0.0189 -0.9998 0.0101
vn -0.0321 -0.9994 0.0120
vn -0.0088 -0.9999 0.0091
vn -0.0000 -1.0000 0.0088
vn 0.0089 -0.9999 0.0091
vn 0.0192 -0.9998 0.0100
vn 0.0331 -0.9994 0.0119
vn -0.0192 -0.9996 0.0183
vn -0.0325 -0.9992 0.0213
vn -0.0090 -0.9998 0.0167
vn -0.0000 -0.9999 0.0163
vn 0.0091 -0.9998 0.0168
vn 0.0196 -0.9996 0.0184
vn 0.0335 -0.9992 0.0216
vn -0.0198 -0.9994 0.0291
vn -0.0331 -0.9989 0.0329
vn -0.0094 -0.9996 0.0271
vn -0.0000 -0.9996 0.0266
vn 0.0095 -0.9996 0.0273
vn 0.0201 -0.9994 0.0294
vn 0.0340 -0.9989 0.0336
vn -0.0205 -0.9989 0.0432
vn -0.0336 -0.9983 0.0471
vn -0.0099 -0.9991 0.0414
vn -0.0000 -0.9992 0.0409
vn 0.0100 -0.9991 0.0416
vn 0.0209 -0.9988 0.0438
vn 0.0346 -0.9982 0.0482
vn -0.0217 -0.9978 0.0628
vn -0.0340 -0.9973 0.0649
vn -0.0108 -0.9980 0.0616
vn -0.0000 -0.9981 0.0614
vn 0.0110 -0.9980 0.0621
vn 0.0222 -0.9977 0.0638
vn 0.0350 -0.9972 0.0665
vn -0.0561 -0.9984 -0.0028
vn -0.0331 -0.9994 -0.0031
vn -0.0549 -0.9985 0.0015
vn -0.0194 -0.9998 -0.0028
vn -0.0090 -1.0000 -0.0026
vn -0.0000 -1.0000 -0.0026
vn 0.0091 -1.0000 -0.0029
vn 0.0197 -0.9998 -0.0035
vn 0.0339 -0.9994 -0.0041
vn 0.0584 -0.9983 -0.0044
vn 0.0572 -0.9984 0.0006
vn 0.0569 -0.9984 0.0071
vn 0.0571 -0.9982 0.0160
vn 0.0575 -0.9980 0.0279
vn 0.0577 -0.9974 0.0425
vn 0.0578 -0.9966 0.0595
vn 0.0576 -0.9952 0.0795
vn 0.0543 -0.9935 0.1001
vn 0.0400 -0.9942 0.0994
vn 0.0261 -0.9949 0.0975
vn 0.0132 -0.9953 0.0963
vn 0.0001 -0.9954 0.0957
vn -0.0129 -0.9954 0.0954
vn -0.0255 -0.9951 0.0957
vn -0.0387 -0.9946 0.0967
vn -0.0551 -0.9955 0.0764
vn -0.0521 -0.9939 0.0967
vn -0.0552 -0.9968 0.0572
vn -0.0551 -0.9976 0.0410
vn -0.0549 -0.9981 0.0271
vn -0.0546 -0.9984 0.0159
vn -0.0544 -0.9985 0.0075
vn 0.4348 0.8767 -0.2060
vn 0.2724 0.9380 -0.2141
vn 0.2781 0.9465 -0.1639
vn 0.4438 0.8829 -0.1535
vn 0.1308 0.9680 -0.2141
vn 0.1335 0.9772 -0.1651
vn -0.0000 0.9781 -0.2080
vn 0.0001 0.9873 -0.1591
vn -0.1304 0.9718 -0.1963
vn -0.1326 0.9803 -0.1465
vn -0.2707 0.9461 -0.1781
vn -0.2747 0.9532 -0.1263
vn -0.4303 0.8899 -0.1512
vn -0.4355 0.8950 -0.0967
vn 0.2841 0.9541 -0.0950
vn 0.4522 0.8883 -0.0803
vn 0.1365 0.9857 -0.0990
vn 0.0002 0.9956 -0.0940
vn -0.1349 0.9876 -0.0803
vn -0.2786 0.9587 -0.0575
vn -0.4394 0.8979 -0.0241
vn 0.2901 0.9570 -0.0004
vn 0.4585 0.8885 0.0202
vn 0.1401 0.9901 -0.0088
vn 0.0003 1.0000 -0.0055
vn -0.1377 0.9904 0.0091
vn -0.2821 0.9587 0.0350
vn -0.4406 0.8948 0.0724
vn 0.2941 0.9480 0.1219
vn 0.4588 0.8767 0.1445
vn 0.1437 0.9833 0.1119
vn 0.0005 0.9935 0.1139
vn -0.1404 0.9818 0.1276
vn -0.2837 0.9467 0.1526
vn -0.4364 0.8797 0.1890
vn 0.2936 0.9162 0.2726
vn 0.4496 0.8460 0.2867
vn 0.1464 0.9523 0.2677
vn 0.0007 0.9628 0.2702
vn -0.1421 0.9495 0.2797
vn -0.2812 0.9129 0.2957
vn -0.4242 0.8471 0.3201
vn 0.2870 0.8442 0.4526
vn 0.4260 0.7879 0.4446
vn 0.1468 0.8766 0.4582
vn 0.0010 0.8867 0.4623
vn -0.1417 0.8741 0.4647
vn -0.2735 0.8416 0.4657
vn -0.4003 0.7898 0.4647
vn 0.4260 0.8712 -0.2441
vn 0.2670 0.9303 -0.2515
vn 0.1282 0.9593 -0.2515
vn -0.0001 0.9693 -0.2459
vn -0.1283 0.9634 -0.2352
vn -0.2666 0.9387 -0.2186
vn -0.4246 0.8844 -0.1939
vn -0.6015 0.7829 -0.1587
vn -0.6080 0.7858 -0.1135
vn -0.6130 0.7881 -0.0559
vn -0.6147 0.7885 0.0202
vn -0.6098 0.7835 0.1199
vn -0.5950 0.7683 0.2360
vn -0.5686 0.7400 0.3594
vn -0.5290 0.6968 0.4843
vn 0.0638 -0.9830 0.1721
vn 0.1183 -0.9430 0.3110
vn 0.0727 -0.9453 0.3180
vn 0.0400 -0.9843 0.1717
vn 0.2036 -0.8316 0.5166
vn 0.1254 -0.8357 0.5347
vn 0.2958 -0.6191 0.7275
vn 0.1824 -0.6301 0.7548
vn 0.3559 -0.3731 0.8568
vn 0.2205 -0.3927 0.8928
vn 0.3833 -0.1924 0.9034
vn 0.2392 -0.2120 0.9475
vn 0.3964 -0.0908 0.9136
vn 0.2487 -0.1033 0.9630
vn 0.0349 -0.9473 0.3184
vn 0.0197 -0.9852 0.1705
vn 0.0598 -0.8394 0.5403
vn 0.0867 -0.6377 0.7654
vn 0.1051 -0.4047 0.9084
vn 0.1146 -0.2230 0.9681
vn 0.1195 -0.1094 0.9868
vn 0.0003 -0.9484 0.3172
vn 0.0001 -0.9855 0.1696
vn 0.0003 -0.8417 0.5399
vn -0.0001 -0.6419 0.7668
vn -0.0004 -0.4096 0.9123
vn -0.0004 -0.2260 0.9741
vn -0.0003 -0.1093 0.9940
vn -0.0339 -0.9485 0.3149
vn -0.0192 -0.9855 0.1687
vn -0.0586 -0.8427 0.5351
vn -0.0863 -0.6428 0.7612
vn -0.1056 -0.4077 0.9070
vn -0.1153 -0.2214 0.9683
vn -0.1201 -0.1032 0.9874
vn -0.0703 -0.9478 0.3109
vn -0.0388 -0.9850 0.1681
vn -0.1221 -0.8427 0.5243
vn -0.1801 -0.6409 0.7462
vn -0.2202 -0.3995 0.8899
vn -0.2396 -0.2093 0.9480
vn -0.2488 -0.0910 0.9643
vn -0.1131 -0.9471 0.3002
vn -0.0612 -0.9841 0.1668
vn -0.1961 -0.8431 0.5007
vn -0.2898 -0.6371 0.7142
vn -0.3540 -0.3853 0.8522
vn -0.3829 -0.1898 0.9041
vn -0.3953 -0.0732 0.9156
vn 0.0914 -0.9830 0.1595
vn 0.1701 -0.9437 0.2838
vn 0.2954 -0.8298 0.4734
vn 0.4310 -0.6047 0.6697
vn 0.5152 -0.3451 0.7845
vn 0.5491 -0.1640 0.8195
vn 0.5637 -0.0718 0.8229
vn -0.5608 -0.0509 0.8264
vn -0.5474 -0.1640 0.8206
vn -0.5103 -0.3659 0.7783
vn -0.4183 -0.6325 0.6519
vn -0.2805 -0.8466 0.4523
vn -0.1606 -0.9494 0.2698
vn -0.0869 -0.9845 0.1526
vn 0.1134 -0.9935 0.0044
vn 0.2466 -0.9690 0.0160
vn 0.2484 -0.9681 0.0313
vn 0.1135 -0.9934 0.0137
vn 0.5083 -0.8602 0.0411
vn 0.5106 -0.8572 0.0672
vn 0.8165 -0.5730 0.0712
vn 0.8137 -0.5711 0.1088
vn 0.9709 -0.2243 0.0841
vn 0.9647 -0.2306 0.1275
vn 0.9966 -0.0204 0.0799
vn 0.9915 -0.0329 0.1256
vn 0.9966 0.0449 0.0690
vn 0.9927 0.0308 0.1168
vn 0.2509 -0.9665 0.0541
vn 0.1144 -0.9931 0.0268
vn 0.5123 -0.8520 0.1075
vn 0.8071 -0.5661 0.1675
vn 0.9525 -0.2342 0.1948
vn 0.9799 -0.0430 0.1948
vn 0.9822 0.0190 0.1870
vn 0.2516 -0.9640 0.0860
vn 0.1151 -0.9923 0.0446
vn 0.5072 -0.8461 0.1637
vn 0.7887 -0.5625 0.2481
vn 0.9274 -0.2405 0.2867
vn 0.9559 -0.0549 0.2886
vn 0.9597 0.0070 0.2810
vn 0.2476 -0.9605 0.1269
vn 0.1149 -0.9911 0.0671
vn 0.4880 -0.8407 0.2348
vn 0.7481 -0.5645 0.3489
vn 0.8794 -0.2545 0.4024
vn 0.9103 -0.0724 0.4075
vn 0.9166 -0.0076 0.3998
vn 0.2364 -0.9555 0.1766
vn 0.1133 -0.9891 0.0943
vn 0.4485 -0.8358 0.3167
vn 0.6758 -0.5736 0.4628
vn 0.7972 -0.2788 0.5354
vn 0.8315 -0.0977 0.5468
vn 0.8411 -0.0263 0.5402
vn 0.2125 -0.9490 0.2330
vn 0.1080 -0.9860 0.1274
vn 0.3834 -0.8317 0.4015
vn 0.5672 -0.5884 0.5763
vn 0.6732 -0.3112 0.6708
vn 0.7095 -0.1301 0.6926
vn 0.7225 -0.0488 0.6896
vn 0.1148 -0.9934 -0.0023
vn 0.2474 -0.9689 0.0066
vn 0.5095 -0.8601 0.0273
vn 0.8211 -0.5683 0.0528
vn 0.9756 -0.2106 0.0629
vn 0.9984 -0.0022 0.0560
vn 0.9971 0.0634 0.0417
vn -0.1208 -0.9652 -0.2318
vn -0.1890 -0.9098 -0.3695
vn -0.1229 -0.9132 -0.3885
vn -0.0786 -0.9688 -0.2350
vn -0.2840 -0.7794 -0.5585
vn -0.1858 -0.7782 -0.5999
vn -0.3780 -0.5501 -0.7446
vn -0.2467 -0.5430 -0.8027
vn -0.4316 -0.2940 -0.8528
vn -0.2793 -0.2870 -0.9163
vn -0.4472 -0.1133 -0.8872
vn -0.2875 -0.1100 -0.9514
vn -0.4488 -0.0220 -0.8933
vn -0.2874 -0.0228 -0.9576
vn -0.0609 -0.9162 -0.3960
vn -0.0393 -0.9711 -0.2355
vn -0.0921 -0.7790 -0.6202
vn -0.1216 -0.5404 -0.8326
vn -0.1366 -0.2850 -0.9487
vn -0.1400 -0.1102 -0.9840
vn -0.1395 -0.0248 -0.9899
vn -0.0007 -0.9179 -0.3967
vn -0.0003 -0.9719 -0.2352
vn -0.0011 -0.7820 -0.6233
vn -0.0009 -0.5456 -0.8381
vn -0.0002 -0.2924 -0.9563
vn 0.0003 -0.1177 -0.9931
vn 0.0004 -0.0314 -0.9995
vn 0.0583 -0.9185 -0.3911
vn 0.0381 -0.9715 -0.2341
vn 0.0877 -0.7874 -0.6102
vn 0.1172 -0.5590 -0.8208
vn 0.1344 -0.3098 -0.9412
vn 0.1395 -0.1335 -0.9812
vn 0.1398 -0.0433 -0.9892
vn 0.1166 -0.9177 -0.3798
vn 0.0756 -0.9697 -0.2325
vn 0.1752 -0.7941 -0.5819
vn 0.2349 -0.5783 -0.7813
vn 0.2714 -0.3349 -0.9023
vn 0.2840 -0.1557 -0.9461
vn 0.2861 -0.0592 -0.9564
vn 0.1769 -0.9165 -0.3588
vn 0.1148 -0.9667 -0.2288
vn 0.2637 -0.8018 -0.5363
vn 0.3543 -0.5994 -0.7178
vn 0.4143 -0.3620 -0.8350
vn 0.4382 -0.1793 -0.8808
vn 0.4448 -0.0753 -0.8925
vn -0.1113 -0.9831 -0.1453
vn -0.1633 -0.9637 -0.2112
vn -0.0842 -0.9858 -0.1454
vn -0.2538 -0.9102 -0.3273
vn -0.3817 -0.7836 -0.4902
vn -0.5116 -0.5571 -0.6542
vn -0.5890 -0.2986 -0.7509
vn -0.6141 -0.1128 -0.7811
vn -0.6192 -0.0169 -0.7850
vn 0.6117 -0.0841 -0.7866
vn 0.5984 -0.1954 -0.7770
vn 0.5602 -0.3824 -0.7348
vn 0.4736 -0.6169 -0.6286
vn 0.3500 -0.8107 -0.4694
vn 0.2352 -0.9185 -0.3179
vn 0.1539 -0.9657 -0.2092
vn 0.0812 -0.9860 -0.1460
vn 0.1064 -0.9835 -0.1464
vn 0.0538 -0.9883 -0.1429
vn 0.0273 -0.9896 -0.1411
vn -0.0001 -0.9901 -0.1404
vn -0.0278 -0.9896 -0.1409
vn -0.0553 -0.9882 -0.1426
vn -0.1701 -0.9850 -0.0303
vn -0.3227 -0.9451 -0.0518
vn -0.3275 -0.9425 -0.0662
vn -0.1759 -0.9837 -0.0383
vn -0.5902 -0.8029 -0.0839
vn -0.5860 -0.8030 -0.1091
vn -0.8730 -0.4752 -0.1100
vn -0.8589 -0.4907 -0.1469
vn -0.9882 -0.1054 -0.1111
vn -0.9789 -0.1346 -0.1537
vn -0.9893 0.1065 -0.0999
vn -0.9868 0.0790 -0.1414
vn -0.9804 0.1752 -0.0902
vn -0.9795 0.1553 -0.1280
vn -0.3303 -0.9399 -0.0869
vn -0.1809 -0.9822 -0.0511
vn -0.5774 -0.8038 -0.1429
vn -0.8379 -0.5097 -0.1953
vn -0.9623 -0.1713 -0.2111
vn -0.9788 0.0423 -0.2006
vn -0.9744 0.1266 -0.1856
vn -0.3309 -0.9366 -0.1156
vn -0.1849 -0.9803 -0.0695
vn -0.5647 -0.8038 -0.1875
vn -0.8093 -0.5280 -0.2574
vn -0.9353 -0.2095 -0.2853
vn -0.9602 0.0011 -0.2793
vn -0.9599 0.0925 -0.2647
vn -0.3283 -0.9320 -0.1538
vn -0.1876 -0.9777 -0.0943
vn -0.5451 -0.8017 -0.2451
vn -0.7697 -0.5430 -0.3358
vn -0.8926 -0.2448 -0.3787
vn -0.9242 -0.0398 -0.3798
vn -0.9282 0.0567 -0.3678
vn -0.3200 -0.9253 -0.2033
vn -0.1884 -0.9739 -0.1264
vn -0.5136 -0.7972 -0.3174
vn -0.7121 -0.5537 -0.4317
vn -0.8264 -0.2737 -0.4921
vn -0.8611 -0.0755 -0.5027
vn -0.8683 0.0237 -0.4955
vn -0.2988 -0.9169 -0.2646
vn -0.1844 -0.9684 -0.1677
vn -0.4615 -0.7905 -0.4028
vn -0.6276 -0.5589 -0.5420
vn -0.7268 -0.2926 -0.6214
vn -0.7594 -0.1010 -0.6427
vn -0.7671 -0.0020 -0.6415
vn -0.0898 -0.9958 -0.0159
vn -0.1635 -0.9862 -0.0260
vn -0.0945 -0.9954 -0.0179
vn -0.3154 -0.9480 -0.0423
vn -0.5886 -0.8057 -0.0654
vn -0.8793 -0.4691 -0.0826
vn -0.9926 -0.0902 -0.0816
vn -0.9900 0.1202 -0.0743
vn -0.9804 0.1837 -0.0708
vn -0.1146 -0.9867 -0.1149
vn -0.1126 -0.9899 -0.0858
vn -0.1099 -0.9919 -0.0630
vn -0.1066 -0.9933 -0.0451
vn -0.1029 -0.9942 -0.0318
vn -0.0988 -0.9948 -0.0230
vn -0.1114 -0.9938 -0.0042
vn -0.2312 -0.9729 0.0054
vn -0.2402 -0.9707 0.0004
vn -0.1168 -0.9931 -0.0082
vn -0.4650 -0.8849 0.0275
vn -0.4804 -0.8768 0.0217
vn -0.7677 -0.6383 0.0563
vn -0.7861 -0.6162 0.0491
vn -0.9530 -0.2947 0.0699
vn -0.9631 -0.2622 0.0602
vn -0.9963 -0.0585 0.0630
vn -0.9984 -0.0278 0.0498
vn -0.9983 0.0356 0.0470
vn -0.9978 0.0602 0.0292
vn -0.2519 -0.9677 -0.0055
vn -0.1236 -0.9923 -0.0121
vn -0.5002 -0.8658 0.0126
vn -0.8081 -0.5879 0.0360
vn -0.9737 -0.2233 0.0441
vn -0.9995 0.0072 0.0318
vn -0.9961 0.0880 0.0088
vn -0.2652 -0.9641 -0.0123
vn -0.1313 -0.9912 -0.0157
vn -0.5224 -0.8527 0.0001
vn -0.8309 -0.5561 0.0170
vn -0.9830 -0.1823 0.0220
vn -0.9990 0.0430 0.0100
vn -0.9931 0.1165 -0.0123
vn -0.2793 -0.9600 -0.0197
vn -0.1395 -0.9900 -0.0187
vn -0.5447 -0.8385 -0.0154
vn -0.8516 -0.5242 -0.0068
vn -0.9896 -0.1437 -0.0041
vn -0.9970 0.0759 -0.0134
vn -0.9892 0.1432 -0.0319
vn -0.2931 -0.9557 -0.0275
vn -0.1479 -0.9888 -0.0214
vn -0.5647 -0.8247 -0.0324
vn -0.8676 -0.4961 -0.0330
vn -0.9932 -0.1123 -0.0315
vn -0.9941 0.1023 -0.0360
vn -0.9851 0.1653 -0.0482
vn -0.3054 -0.9516 -0.0350
vn -0.1560 -0.9875 -0.0237
vn -0.5800 -0.8131 -0.0493
vn -0.8773 -0.4764 -0.0587
vn -0.9940 -0.0930 -0.0574
vn -0.9914 0.1182 -0.0559
vn -0.9819 0.1797 -0.0604
vn -0.1078 -0.9942 0.0001
vn -0.0584 -0.9983 -0.0063
vn -0.2256 -0.9742 0.0101
vn -0.4557 -0.8895 0.0322
vn -0.7556 -0.6521 0.0612
vn -0.9453 -0.3172 0.0768
vn -0.9939 -0.0813 0.0741
vn -0.9978 0.0168 0.0635
vn -0.9979 0.0387 0.0511
vn -0.9982 0.0527 0.0285
vn -0.9975 0.0710 0.0056
vn -0.9956 0.0920 -0.0179
vn -0.9927 0.1143 -0.0389
vn -0.9892 0.1359 -0.0550
vn -0.9858 0.1547 -0.0650
vn -0.9833 0.1683 -0.0691
vn -0.0850 -0.9963 -0.0157
vn -0.0800 -0.9967 -0.0156
vn -0.0750 -0.9971 -0.0151
vn -0.0702 -0.9974 -0.0140
vn -0.0657 -0.9978 -0.0121
vn -0.0617 -0.9981 -0.0095
vn 0.1735 -0.9703 -0.1687
vn 0.2758 -0.9253 -0.2601
vn 0.2965 -0.9328 -0.2051
vn 0.1782 -0.9753 -0.1307
vn 0.4208 -0.8194 -0.3891
vn 0.4695 -0.8253 -0.3137
vn 0.5781 -0.6247 -0.5249
vn 0.6578 -0.6204 -0.4270
vn 0.6891 -0.3856 -0.6135
vn 0.7867 -0.3677 -0.4959
vn 0.7392 -0.1925 -0.6453
vn 0.8414 -0.1665 -0.5141
vn 0.7577 -0.0763 -0.6482
vn 0.8600 -0.0492 -0.5079
vn 0.3067 -0.9380 -0.1613
vn 0.1787 -0.9787 -0.1012
vn 0.5025 -0.8272 -0.2514
vn 0.7173 -0.6058 -0.3441
vn 0.8569 -0.3323 -0.3941
vn 0.9088 -0.1222 -0.3990
vn 0.9229 -0.0079 -0.3850
vn 0.3127 -0.9412 -0.1278
vn 0.1778 -0.9809 -0.0787
vn 0.5273 -0.8252 -0.2026
vn 0.7641 -0.5825 -0.2771
vn 0.9072 -0.2841 -0.3101
vn 0.9503 -0.0668 -0.3041
vn 0.9577 0.0405 -0.2849
vn 0.3166 -0.9430 -0.1029
vn 0.1758 -0.9825 -0.0618
vn 0.5482 -0.8199 -0.1654
vn 0.8032 -0.5519 -0.2243
vn 0.9430 -0.2277 -0.2428
vn 0.9734 -0.0072 -0.2289
vn 0.9742 0.0895 -0.2074
vn 0.3189 -0.9440 -0.0850
vn 0.1729 -0.9837 -0.0501
vn 0.5669 -0.8122 -0.1374
vn 0.8364 -0.5166 -0.1830
vn 0.9671 -0.1690 -0.1900
vn 0.9839 0.0496 -0.1716
vn 0.9795 0.1335 -0.1507
vn 0.3196 -0.9448 -0.0725
vn 0.1691 -0.9847 -0.0427
vn 0.5827 -0.8043 -0.1165
vn 0.8630 -0.4820 -0.1512
vn 0.9818 -0.1159 -0.1503
vn 0.9866 0.0970 -0.1312
vn 0.9792 0.1681 -0.1135
vn 0.1098 -0.9870 -0.1175
vn 0.7663 -0.0181 -0.6422
vn 0.8685 0.0062 -0.4956
vn 0.9290 0.0395 -0.3680
vn 0.9611 0.0763 -0.2656
vn 0.9757 0.1118 -0.1882
vn 0.9807 0.1425 -0.1335
vn 0.9811 0.1655 -0.1004
vn 0.9800 0.1784 -0.0879
vn 0.9773 0.1899 -0.0945
vn 0.9859 0.1294 -0.1063
vn 0.9895 -0.0768 -0.1225
vn 0.8811 -0.4555 -0.1272
vn 0.5929 -0.7989 -0.1009
vn 0.3177 -0.9460 -0.0642
vn 0.1643 -0.9856 -0.0387
vn 0.0941 -0.9952 -0.0255
vn 0.0901 -0.9957 -0.0236
vn 0.0978 -0.9947 -0.0304
vn 0.1011 -0.9941 -0.0389
vn 0.1040 -0.9932 -0.0515
vn 0.1064 -0.9920 -0.0684
vn 0.1083 -0.9900 -0.0899
vn -0.0725 -0.9928 -0.0957
vn -0.0459 -0.9948 -0.0909
vn -0.0421 -0.9973 -0.0603
vn -0.0699 -0.9952 -0.0680
vn -0.0227 -0.9958 -0.0881
vn -0.0202 -0.9982 -0.0569
vn -0.0001 -0.9962 -0.0875
vn -0.0000 -0.9984 -0.0562
vn 0.0223 -0.9958 -0.0890
vn 0.0200 -0.9981 -0.0580
vn 0.0450 -0.9947 -0.0924
vn 0.0414 -0.9972 -0.0625
vn 0.0704 -0.9927 -0.0979
vn 0.0682 -0.9951 -0.0712
vn -0.0397 -0.9984 -0.0402
vn -0.0671 -0.9966 -0.0478
vn -0.0187 -0.9992 -0.0366
vn -0.0000 -0.9994 -0.0359
vn 0.0186 -0.9991 -0.0379
vn 0.0392 -0.9983 -0.0427
vn 0.0658 -0.9965 -0.0517
vn -0.0377 -0.9990 -0.0260
vn -0.0643 -0.9974 -0.0327
vn -0.0176 -0.9996 -0.0228
vn -0.0000 -0.9998 -0.0223
vn 0.0175 -0.9996 -0.0242
vn 0.0373 -0.9989 -0.0288
vn 0.0633 -0.9973 -0.0370
vn -0.0358 -0.9992 -0.0161
vn -0.0615 -0.9979 -0.0216
vn -0.0166 -0.9998 -0.0135
vn -0.0000 -0.9999 -0.0131
vn 0.0166 -0.9998 -0.0149
vn 0.0355 -0.9992 -0.0190
vn 0.0608 -0.9978 -0.0263
vn -0.0340 -0.9994 -0.0098
vn -0.0586 -0.9982 -0.0145
vn -0.0158 -0.9998 -0.0076
vn -0.0000 -1.0000 -0.0073
vn 0.0157 -0.9998 -0.0090
vn 0.0339 -0.9993 -0.0128
vn 0.0582 -0.9981 -0.0193
vn -0.0323 -0.9995 -0.0065
vn -0.0557 -0.9984 -0.0107
vn -0.0150 -0.9999 -0.0044
vn -0.0000 -1.0000 -0.0042
vn 0.0149 -0.9999 -0.0058
vn 0.0322 -0.9994 -0.0094
vn 0.0556 -0.9983 -0.0155
vn 0.0529 -0.9985 -0.0144
vn 0.0306 -0.9995 -0.0087
vn 0.0142 -0.9999 -0.0052
vn -0.0000 -1.0000 -0.0037
vn -0.0141 -0.9999 -0.0039
vn -0.0305 -0.9995 -0.0058
vn -0.0528 -0.9986 -0.0096
vn 0.7724 0.0137 -0.6350
vn 0.7769 0.0409 -0.6283
vn 0.8788 0.0595 -0.4735
vn 0.8745 0.0347 -0.4837
vn 0.7797 0.0691 -0.6223
vn 0.8813 0.0860 -0.4647
vn 0.7804 0.1007 -0.6171
vn 0.8818 0.1163 -0.4570
vn 0.7784 0.1380 -0.6125
vn 0.8799 0.1523 -0.4501
vn 0.7720 0.1846 -0.6082
vn 0.8741 0.1966 -0.4442
vn 0.7584 0.2459 -0.6036
vn 0.8614 0.2547 -0.4395
vn 0.9369 0.0807 -0.3402
vn 0.9337 0.0605 -0.3529
vn 0.9384 0.1050 -0.3291
vn 0.9383 0.1347 -0.3185
vn 0.9360 0.1703 -0.3081
vn 0.9303 0.2137 -0.2982
vn 0.9180 0.2702 -0.2903
vn 0.9664 0.1027 -0.2356
vn 0.9645 0.0876 -0.2493
vn 0.9667 0.1257 -0.2228
vn 0.9652 0.1565 -0.2094
vn 0.9615 0.1941 -0.1945
vn 0.9544 0.2391 -0.1790
vn 0.9406 0.2966 -0.1649
vn 0.9795 0.1238 -0.1589
vn 0.9785 0.1131 -0.1724
vn 0.9784 0.1469 -0.1456
vn 0.9748 0.1810 -0.1303
vn 0.9682 0.2240 -0.1114
vn 0.9573 0.2753 -0.0886
vn 0.9386 0.3390 -0.0645
vn 0.9839 0.1422 -0.1079
vn 0.9836 0.1346 -0.1198
vn 0.9814 0.1667 -0.0956
vn 0.9752 0.2062 -0.0802
vn 0.9642 0.2587 -0.0585
vn 0.9457 0.3240 -0.0275
vn 0.9152 0.4028 0.0110
vn 0.9844 0.1561 -0.0817
vn 0.9845 0.1503 -0.0904
vn 0.9805 0.1832 -0.0718
vn 0.9717 0.2292 -0.0580
vn 0.9549 0.2947 -0.0361
vn 0.9246 0.3810 0.0003
vn 0.8692 0.4913 0.0567
vn 0.7326 0.3287 -0.5961
vn 0.8363 0.3336 -0.4352
vn 0.8936 0.3469 -0.2848
vn 0.9142 0.3746 -0.1546
vn 0.9052 0.4226 -0.0446
vn 0.8655 0.4988 0.0460
vn 0.7817 0.6132 0.1137
vn 0.6336 0.7645 0.1190
vn 0.8134 0.5797 0.0479
vn 0.9007 0.4343 -0.0113
vn 0.9442 0.3261 -0.0457
vn 0.9668 0.2473 -0.0646
vn 0.9781 0.1942 -0.0748
vn 0.9832 0.1638 -0.0803
vn 0.9838 0.1583 -0.0840
vn -0.9982 0.0589 0.0102
vn -0.9959 0.0901 -0.0083
vn -0.9942 0.0998 -0.0402
vn -0.9972 0.0721 -0.0177
vn -0.9886 0.1479 -0.0283
vn -0.9859 0.1551 -0.0631
vn -0.9713 0.2320 -0.0517
vn -0.9675 0.2372 -0.0878
vn -0.9356 0.3438 -0.0801
vn -0.9305 0.3475 -0.1159
vn -0.8685 0.4822 -0.1149
vn -0.8621 0.4844 -0.1487
vn -0.7553 0.6367 -0.1552
vn -0.7479 0.6372 -0.1858
vn -0.9914 0.1114 -0.0688
vn -0.9952 0.0876 -0.0442
vn -0.9821 0.1637 -0.0927
vn -0.9629 0.2433 -0.1166
vn -0.9254 0.3517 -0.1415
vn -0.8565 0.4877 -0.1689
vn -0.7418 0.6402 -0.1998
vn -0.9882 0.1246 -0.0895
vn -0.9924 0.1047 -0.0653
vn -0.9784 0.1736 -0.1119
vn -0.9591 0.2502 -0.1321
vn -0.9221 0.3565 -0.1505
vn -0.8540 0.4923 -0.1686
vn -0.7391 0.6465 -0.1891
vn -0.9854 0.1382 -0.0992
vn -0.9894 0.1220 -0.0782
vn -0.9760 0.1836 -0.1173
vn -0.9575 0.2565 -0.1315
vn -0.9222 0.3602 -0.1410
vn -0.8560 0.4958 -0.1462
vn -0.7416 0.6536 -0.1510
vn -0.9838 0.1505 -0.0976
vn -0.9870 0.1378 -0.0823
vn -0.9753 0.1920 -0.1097
vn -0.9584 0.2603 -0.1168
vn -0.9258 0.3596 -0.1169
vn -0.8635 0.4927 -0.1081
vn -0.7508 0.6539 -0.0934
vn -0.9833 0.1595 -0.0873
vn -0.9856 0.1497 -0.0789
vn -0.9761 0.1966 -0.0926
vn -0.9614 0.2591 -0.0926
vn -0.9325 0.3513 -0.0844
vn -0.8765 0.4771 -0.0637
vn -0.7693 0.6382 -0.0305
vn -0.9981 0.0490 0.0383
vn -0.9963 0.0829 0.0244
vn -0.9898 0.1424 0.0079
vn -0.9737 0.2276 -0.0130
vn -0.9394 0.3405 -0.0400
vn -0.8740 0.4802 -0.0746
vn -0.7623 0.6368 -0.1160
vn -0.5942 0.7801 -0.1959
vn -0.5866 0.7785 -0.2233
vn -0.5797 0.7809 -0.2326
vn -0.5751 0.7895 -0.2144
vn -0.5740 0.8022 -0.1643
vn -0.5764 0.8122 -0.0895
vn -0.5850 0.8110 -0.0061
vn -0.3064 0.9448 0.1157
vn -0.3582 0.9331 0.0326
vn -0.3895 0.9203 0.0356
vn -0.3315 0.9361 0.1178
vn -0.3852 0.9210 -0.0574
vn -0.4224 0.9048 -0.0545
vn -0.3861 0.9106 -0.1472
vn -0.4278 0.8920 -0.1464
vn -0.3633 0.9027 -0.2306
vn -0.4069 0.8829 -0.2344
vn -0.3222 0.8967 -0.3036
vn -0.3641 0.8768 -0.3141
vn -0.2684 0.8917 -0.3644
vn -0.3055 0.8720 -0.3826
vn -0.4369 0.8986 0.0417
vn -0.3682 0.9214 0.1240
vn -0.4796 0.8760 -0.0504
vn -0.4920 0.8581 -0.1469
vn -0.4738 0.8465 -0.2428
vn -0.4284 0.8399 -0.3332
vn -0.3620 0.8354 -0.4136
vn -0.4984 0.8657 0.0472
vn -0.4163 0.8998 0.1305
vn -0.5526 0.8321 -0.0474
vn -0.5730 0.8059 -0.1491
vn -0.5579 0.7901 -0.2539
vn -0.5097 0.7826 -0.3574
vn -0.4342 0.7786 -0.4530
vn -0.5763 0.8156 0.0517
vn -0.4796 0.8669 0.1361
vn -0.6394 0.7675 -0.0457
vn -0.6643 0.7318 -0.1523
vn -0.6505 0.7115 -0.2657
vn -0.5995 0.7030 -0.3827
vn -0.5150 0.6997 -0.4953
vn -0.6679 0.7424 0.0524
vn -0.5606 0.8168 0.1364
vn -0.7326 0.6792 -0.0456
vn -0.7556 0.6363 -0.1553
vn -0.7403 0.6131 -0.2756
vn -0.6866 0.6039 -0.4048
vn -0.5946 0.6008 -0.5343
vn -0.7635 0.6442 0.0468
vn -0.6588 0.7421 0.1237
vn -0.8185 0.5725 -0.0484
vn -0.8346 0.5277 -0.1582
vn -0.8164 0.5037 -0.2826
vn -0.7609 0.4935 -0.4213
vn -0.6640 0.4894 -0.5654
vn -0.2212 0.9564 0.1908
vn -0.2913 0.9487 0.1231
vn -0.2365 0.9540 0.1842
vn -0.3438 0.9382 0.0390
vn -0.3711 0.9271 -0.0525
vn -0.3717 0.9172 -0.1436
vn -0.3486 0.9093 -0.2274
vn -0.3075 0.9032 -0.2996
vn -0.2545 0.8981 -0.3587
vn -0.1965 0.8933 -0.4043
vn -0.2085 0.8869 -0.4122
vn -0.2378 0.8670 -0.4378
vn -0.2826 0.8306 -0.4799
vn -0.3403 0.7741 -0.5338
vn -0.4058 0.6955 -0.5930
vn -0.4713 0.5966 -0.6496
vn -0.5293 0.4840 -0.6968
vn -0.5049 0.8434 0.1836
vn -0.4224 0.8839 0.2008
vn -0.3625 0.9099 0.2016
vn -0.3171 0.9278 0.1966
vn -0.2825 0.9401 0.1906
vn -0.2558 0.9488 0.1854
vn -0.1515 0.8824 -0.4455
vn -0.1027 0.8785 -0.4666
vn -0.1147 0.8577 -0.5012
vn -0.1719 0.8621 -0.4767
vn -0.0597 0.8748 -0.4808
vn -0.0641 0.8535 -0.5172
vn -0.0186 0.8708 -0.4912
vn -0.0155 0.8490 -0.5281
vn 0.0251 0.8665 -0.4985
vn 0.0356 0.8443 -0.5347
vn 0.0759 0.8622 -0.5009
vn 0.0945 0.8396 -0.5350
vn 0.1394 0.8585 -0.4935
vn 0.1666 0.8356 -0.5235
vn -0.1341 0.8200 -0.5564
vn -0.2035 0.8252 -0.5270
vn -0.0724 0.8150 -0.5749
vn -0.0133 0.8098 -0.5865
vn 0.0486 0.8043 -0.5922
vn 0.1188 0.7988 -0.5897
vn 0.2036 0.7940 -0.5729
vn -0.1598 0.7622 -0.6274
vn -0.2447 0.7682 -0.5916
vn -0.0839 0.7562 -0.6490
vn -0.0114 0.7500 -0.6613
vn 0.0639 0.7435 -0.6657
vn 0.1483 0.7371 -0.6594
vn 0.2484 0.7313 -0.6352
vn -0.1893 0.6819 -0.7065
vn -0.2918 0.6890 -0.6634
vn -0.0973 0.6749 -0.7315
vn -0.0096 0.6677 -0.7444
vn 0.0807 0.6604 -0.7466
vn 0.1807 0.6534 -0.7352
vn 0.2972 0.6471 -0.7021
vn -0.2191 0.5809 -0.7839
vn -0.3393 0.5892 -0.7333
vn -0.1108 0.5728 -0.8121
vn -0.0078 0.5650 -0.8250
vn 0.0975 0.5576 -0.8244
vn 0.2126 0.5509 -0.8071
vn 0.3445 0.5453 -0.7642
vn -0.2457 0.4656 -0.8502
vn -0.3817 0.4751 -0.7928
vn -0.1228 0.4568 -0.8811
vn -0.0060 0.4490 -0.8935
vn 0.1123 0.4424 -0.8898
vn 0.2404 0.4372 -0.8666
vn 0.3851 0.4338 -0.8145
vn -0.1426 0.8889 -0.4354
vn -0.0973 0.8852 -0.4549
vn -0.0579 0.8817 -0.4683
vn -0.0202 0.8779 -0.4784
vn 0.0200 0.8738 -0.4860
vn 0.0670 0.8695 -0.4894
vn 0.1265 0.8659 -0.4839
vn 0.2028 0.8642 -0.4606
vn 0.2188 0.8566 -0.4672
vn 0.2549 0.8332 -0.4908
vn 0.3050 0.7905 -0.5310
vn 0.3657 0.7266 -0.5816
vn 0.4308 0.6418 -0.6345
vn 0.4924 0.5407 -0.6820
vn 0.5444 0.4318 -0.7191
vn 0.3053 0.8566 -0.4159
vn 0.3825 0.8587 -0.3410
vn 0.4287 0.8335 -0.3485
vn 0.3483 0.8323 -0.4313
vn 0.4375 0.8646 -0.2471
vn 0.4834 0.8393 -0.2488
vn 0.4612 0.8758 -0.1424
vn 0.5042 0.8520 -0.1409
vn 0.4502 0.8921 -0.0374
vn 0.4885 0.8719 -0.0347
vn 0.4073 0.9114 0.0582
vn 0.4397 0.8960 0.0613
vn 0.3403 0.9302 0.1376
vn 0.3660 0.9199 0.1412
vn 0.4957 0.7883 -0.3644
vn 0.4093 0.7882 -0.4595
vn 0.5512 0.7945 -0.2547
vn 0.5684 0.8107 -0.1403
vn 0.5458 0.8374 -0.0305
vn 0.4875 0.8705 0.0674
vn 0.4029 0.9032 0.1483
vn 0.5758 0.7216 -0.3844
vn 0.4828 0.7227 -0.4946
vn 0.6321 0.7290 -0.2628
vn 0.6457 0.7504 -0.1413
vn 0.6161 0.7872 -0.0277
vn 0.5478 0.8335 0.0727
vn 0.4504 0.8792 0.1553
vn 0.6587 0.6350 -0.4037
vn 0.5599 0.6367 -0.5301
vn 0.7157 0.6438 -0.2707
vn 0.7282 0.6703 -0.1432
vn 0.6963 0.7172 -0.0265
vn 0.6220 0.7793 0.0764
vn 0.5121 0.8437 0.1611
vn 0.7337 0.5349 -0.4190
vn 0.6314 0.5361 -0.5603
vn 0.7915 0.5449 -0.2769
vn 0.8059 0.5739 -0.1456
vn 0.7786 0.6269 -0.0277
vn 0.7069 0.7033 0.0754
vn 0.5898 0.7913 0.1609
vn 0.7939 0.4308 -0.4291
vn 0.6901 0.4297 -0.5823
vn 0.8517 0.4423 -0.2811
vn 0.8694 0.4711 -0.1489
vn 0.8511 0.5240 -0.0330
vn 0.7925 0.6061 0.0668
vn 0.6823 0.7162 0.1468
vn 0.2881 0.8644 -0.4121
vn 0.3656 0.8669 -0.3389
vn 0.4212 0.8731 -0.2455
vn 0.4457 0.8841 -0.1408
vn 0.4355 0.8995 -0.0356
vn 0.3938 0.9172 0.0599
vn 0.3284 0.9343 0.1390
vn 0.2506 0.9477 0.1977
vn 0.2603 0.9452 0.1971
vn 0.2789 0.9391 0.2010
vn 0.3049 0.9293 0.2083
vn 0.3387 0.9158 0.2160
vn 0.3829 0.8966 0.2225
vn 0.4411 0.8693 0.2230
vn 0.5207 0.8282 0.2071
vn 0.1828 0.9549 0.2339
vn 0.1172 0.9606 0.2520
vn 0.1234 0.9593 0.2540
vn 0.1946 0.9517 0.2373
vn 0.0613 0.9637 0.2599
vn 0.0630 0.9635 0.2601
vn 0.0101 0.9649 0.2624
vn 0.0079 0.9652 0.2615
vn -0.0413 0.9646 0.2606
vn -0.0473 0.9646 0.2596
vn -0.0977 0.9628 0.2518
vn -0.1075 0.9619 0.2514
vn -0.1629 0.9596 0.2294
vn -0.1771 0.9570 0.2298
vn 0.1326 0.9572 0.2572
vn 0.2111 0.9467 0.2433
vn 0.0663 0.9632 0.2604
vn 0.0061 0.9655 0.2602
vn -0.0541 0.9645 0.2587
vn -0.1195 0.9602 0.2525
vn -0.1955 0.9526 0.2332
vn 0.1450 0.9548 0.2595
vn 0.2328 0.9400 0.2494
vn 0.0714 0.9633 0.2587
vn 0.0045 0.9666 0.2564
vn -0.0621 0.9648 0.2556
vn -0.1343 0.9582 0.2526
vn -0.2188 0.9465 0.2370
vn 0.1607 0.9538 0.2538
vn 0.2608 0.9319 0.2520
vn 0.0778 0.9663 0.2455
vn 0.0031 0.9708 0.2397
vn -0.0711 0.9680 0.2408
vn -0.1521 0.9577 0.2443
vn -0.2483 0.9392 0.2370
vn 0.1800 0.9560 0.2316
vn 0.2968 0.9230 0.2449
vn 0.0851 0.9740 0.2099
vn 0.0018 0.9801 0.1987
vn -0.0807 0.9758 0.2033
vn -0.1732 0.9602 0.2190
vn -0.2858 0.9310 0.2271
vn 0.2007 0.9634 0.1778
vn 0.3442 0.9139 0.2151
vn 0.0925 0.9855 0.1423
vn 0.0008 0.9920 0.1260
vn -0.0900 0.9869 0.1339
vn -0.1956 0.9672 0.1622
vn -0.3347 0.9222 0.1938
vn 0.1763 0.9562 0.2336
vn 0.1142 0.9611 0.2515
vn 0.0615 0.9637 0.2597
vn 0.0133 0.9648 0.2627
vn -0.0351 0.9646 0.2615
vn -0.0881 0.9633 0.2537
vn -0.1499 0.9608 0.2333
vn -0.3750 0.9213 0.1031
vn -0.2124 0.9752 0.0616
vn -0.0968 0.9949 0.0278
vn 0.0001 0.9998 0.0185
vn 0.0979 0.9945 0.0373
vn 0.2156 0.9733 0.0788
vn 0.3814 0.9160 0.1248
vn -0.7261 0.0508 0.6857
vn -0.7282 0.0934 0.6790
vn -0.8405 0.0922 0.5339
vn -0.8397 0.0526 0.5405
vn -0.7271 0.1542 0.6690
vn -0.8379 0.1520 0.5242
vn -0.7196 0.2366 0.6528
vn -0.8278 0.2351 0.5094
vn -0.7023 0.3362 0.6276
vn -0.8047 0.3395 0.4871
vn -0.6716 0.4474 0.5905
vn -0.7616 0.4620 0.4544
vn -0.6212 0.5696 0.5381
vn -0.6865 0.6009 0.4094
vn -0.9125 0.0885 0.3994
vn -0.9126 0.0510 0.4056
vn -0.9090 0.1477 0.3897
vn -0.8976 0.2311 0.3755
vn -0.8711 0.3394 0.3549
vn -0.8199 0.4710 0.3256
vn -0.7301 0.6210 0.2851
vn -0.9549 0.0841 0.2847
vn -0.9556 0.0475 0.2910
vn -0.9508 0.1433 0.2746
vn -0.9386 0.2271 0.2596
vn -0.9106 0.3378 0.2383
vn -0.8549 0.4750 0.2086
vn -0.7567 0.6317 0.1685
vn -0.9781 0.0804 0.1919
vn -0.9791 0.0440 0.1986
vn -0.9735 0.1401 0.1810
vn -0.9604 0.2246 0.1647
vn -0.9310 0.3365 0.1415
vn -0.8724 0.4763 0.1097
vn -0.7689 0.6357 0.0682
vn -0.9898 0.0783 0.1191
vn -0.9910 0.0421 0.1270
vn -0.9845 0.1385 0.1072
vn -0.9705 0.2238 0.0899
vn -0.9394 0.3366 0.0654
vn -0.8782 0.4771 0.0324
vn -0.7711 0.6367 -0.0096
vn -0.9948 0.0788 0.0642
vn -0.9963 0.0433 0.0744
vn -0.9890 0.1391 0.0506
vn -0.9739 0.2247 0.0319
vn -0.9412 0.3379 0.0064
vn -0.8777 0.4784 -0.0274
vn -0.7679 0.6368 -0.0690
vn -0.7224 0.0192 0.6912
vn -0.9961 0.0303 0.0826
vn -0.9908 0.0275 0.1324
vn -0.9789 0.0282 0.2026
vn -0.9551 0.0301 0.2946
vn -0.9117 0.0306 0.4098
vn -0.8376 0.0276 0.5456
vn -0.1018 -0.9875 0.1206
vn -0.1979 -0.9556 0.2181
vn -0.2177 -0.9623 0.1633
vn -0.1062 -0.9904 0.0887
vn -0.3584 -0.8538 0.3775
vn -0.4130 -0.8622 0.2933
vn -0.5446 -0.6284 0.5554
vn -0.6419 -0.6265 0.4421
vn -0.6637 -0.3444 0.6640
vn -0.7826 -0.3268 0.5298
vn -0.7058 -0.1365 0.6952
vn -0.8262 -0.1143 0.5517
vn -0.7175 -0.0285 0.6960
vn -0.8349 -0.0117 0.5502
vn -0.2260 -0.9671 0.1166
vn -0.1073 -0.9922 0.0631
vn -0.4435 -0.8700 0.2153
vn -0.7034 -0.6288 0.3314
vn -0.8600 -0.3178 0.3993
vn -0.9042 -0.1014 0.4150
vn -0.9106 -0.0025 0.4134
vn -0.2283 -0.9704 0.0792
vn -0.1073 -0.9933 0.0423
vn -0.4564 -0.8771 0.1498
vn -0.7350 -0.6357 0.2359
vn -0.9038 -0.3176 0.2870
vn -0.9494 -0.0969 0.2987
vn -0.9548 0.0007 0.2974
vn -0.2272 -0.9725 0.0506
vn -0.1066 -0.9940 0.0259
vn -0.4582 -0.8833 0.0996
vn -0.7472 -0.6448 0.1611
vn -0.9254 -0.3227 0.1986
vn -0.9735 -0.0974 0.2070
vn -0.9787 0.0007 0.2055
vn -0.2251 -0.9739 0.0306
vn -0.1060 -0.9943 0.0140
vn -0.4555 -0.8879 0.0643
vn -0.7498 -0.6528 0.1080
vn -0.9351 -0.3277 0.1347
vn -0.9853 -0.0980 0.1397
vn -0.9906 0.0012 0.1367
vn -0.2240 -0.9744 0.0176
vn -0.1062 -0.9943 0.0057
vn -0.4535 -0.8903 0.0425
vn -0.7508 -0.6562 0.0752
vn -0.9401 -0.3274 0.0946
vn -0.9909 -0.0939 0.0959
vn -0.9959 0.0056 0.0900
vn 0.1585 -0.9867 -0.0363
vn 0.3126 -0.9482 -0.0572
vn 0.3044 -0.9513 -0.0487
vn 0.1517 -0.9879 -0.0333
vn 0.5956 -0.7987 -0.0860
vn 0.5906 -0.8041 -0.0677
vn 0.8903 -0.4432 -0.1046
vn 0.8916 -0.4461 -0.0777
vn 0.9934 -0.0571 -0.0990
vn 0.9958 -0.0563 -0.0723
vn 0.9856 0.1444 -0.0883
vn 0.9873 0.1436 -0.0680
vn 0.9766 0.1979 -0.0844
vn 0.9783 0.1939 -0.0723
vn 0.2940 -0.9550 -0.0387
vn 0.1443 -0.9891 -0.0294
vn 0.5795 -0.8136 -0.0470
vn 0.8862 -0.4608 -0.0475
vn 0.9966 -0.0704 -0.0422
vn 0.9904 0.1306 -0.0442
vn 0.9819 0.1809 -0.0560
vn 0.2824 -0.9589 -0.0281
vn 0.1368 -0.9903 -0.0247
vn 0.5642 -0.8253 -0.0261
vn 0.8754 -0.4830 -0.0174
vn 0.9954 -0.0949 -0.0119
vn 0.9939 0.1089 -0.0188
vn 0.9862 0.1613 -0.0363
vn 0.2708 -0.9625 -0.0178
vn 0.1297 -0.9914 -0.0193
vn 0.5470 -0.8371 -0.0073
vn 0.8609 -0.5086 0.0091
vn 0.9920 -0.1255 0.0155
vn 0.9967 0.0814 0.0056
vn 0.9904 0.1375 -0.0148
vn 0.2604 -0.9655 -0.0084
vn 0.1233 -0.9923 -0.0136
vn 0.5306 -0.8476 0.0078
vn 0.8452 -0.5336 0.0295
vn 0.9868 -0.1579 0.0371
vn 0.9983 0.0516 0.0266
vn 0.9937 0.1118 0.0061
vn 0.2523 -0.9677 -0.0005
vn 0.1182 -0.9930 -0.0079
vn 0.5173 -0.8556 0.0187
vn 0.8310 -0.5546 0.0431
vn 0.9809 -0.1877 0.0519
vn 0.9988 0.0226 0.0426
vn 0.9960 0.0863 0.0245
vn 0.0858 -0.9960 -0.0232
vn 0.9797 0.1809 -0.0861
vn 0.9812 0.1745 -0.0827
vn 0.9841 0.1614 -0.0739
vn 0.9878 0.1438 -0.0595
vn 0.9915 0.1234 -0.0404
vn 0.9946 0.1017 -0.0189
vn 0.9968 0.0801 0.0025
vn 0.0606 -0.9981 -0.0087
vn 0.0638 -0.9979 -0.0127
vn 0.0677 -0.9976 -0.0164
vn 0.0720 -0.9972 -0.0194
vn 0.0766 -0.9968 -0.0214
vn 0.0813 -0.9964 -0.0227
vn 0.3836 0.9235 0.0032
vn 0.2226 0.9741 -0.0399
vn 0.2289 0.9626 -0.1449
vn 0.3866 0.9169 -0.0992
vn 0.1012 0.9914 -0.0829
vn 0.1049 0.9769 -0.1862
vn -0.0003 0.9948 -0.1023
vn -0.0005 0.9790 -0.2041
vn -0.1012 0.9907 -0.0915
vn -0.1055 0.9757 -0.1918
vn -0.2210 0.9737 -0.0556
vn -0.2286 0.9611 -0.1552
vn -0.3800 0.9248 -0.0168
vn -0.3851 0.9159 -0.1129
vn 0.2362 0.9448 -0.2272
vn 0.3914 0.9005 -0.1893
vn 0.1096 0.9594 -0.2598
vn -0.0005 0.9620 -0.2730
vn -0.1105 0.9589 -0.2613
vn -0.2368 0.9440 -0.2299
vn -0.3915 0.8998 -0.1925
vn 0.2430 0.9286 -0.2806
vn 0.3964 0.8824 -0.2536
vn 0.1143 0.9465 -0.3018
vn -0.0005 0.9510 -0.3092
vn -0.1153 0.9473 -0.2990
vn -0.2442 0.9300 -0.2747
vn -0.3977 0.8845 -0.2441
vn 0.2496 0.9197 -0.3032
vn 0.4024 0.8699 -0.2851
vn 0.1188 0.9417 -0.3148
vn -0.0004 0.9484 -0.3170
vn -0.1197 0.9439 -0.3078
vn -0.2510 0.9239 -0.2887
vn -0.4044 0.8760 -0.2630
vn 0.2559 0.9189 -0.3001
vn 0.4097 0.8655 -0.2883
vn 0.1225 0.9444 -0.3052
vn -0.0003 0.9529 -0.3034
vn -0.1233 0.9477 -0.2943
vn -0.2571 0.9255 -0.2781
vn -0.4115 0.8751 -0.2547
vn 0.2616 0.9235 -0.2805
vn 0.4177 0.8669 -0.2720
vn 0.1256 0.9512 -0.2819
vn -0.0002 0.9607 -0.2776
vn -0.1261 0.9552 -0.2679
vn -0.2622 0.9315 -0.2522
vn -0.4183 0.8790 -0.2289
vn 0.5905 0.8069 0.0155
vn 0.5937 0.7639 -0.2529
vn 0.5841 0.7662 -0.2678
vn 0.5771 0.7735 -0.2621
vn 0.5738 0.7868 -0.2276
vn 0.5745 0.8024 -0.1615
vn 0.5790 0.8119 -0.0744
vn -0.0498 -0.9987 -0.0102
vn -0.0288 -0.9996 -0.0066
vn -0.0271 -0.9996 -0.0076
vn -0.0469 -0.9988 -0.0109
vn -0.0133 -0.9999 -0.0048
vn -0.0126 -0.9999 -0.0058
vn -0.0000 -1.0000 -0.0046
vn -0.0000 -1.0000 -0.0056
vn 0.0134 -0.9999 -0.0061
vn 0.0126 -0.9999 -0.0071
vn 0.0289 -0.9995 -0.0094
vn 0.0273 -0.9996 -0.0102
vn 0.0501 -0.9986 -0.0149
vn 0.0473 -0.9988 -0.0153
vn -0.0255 -0.9996 -0.0082
vn -0.0440 -0.9990 -0.0112
vn -0.0118 -0.9999 -0.0065
vn -0.0000 -1.0000 -0.0063
vn 0.0119 -0.9999 -0.0077
vn 0.0257 -0.9996 -0.0106
vn 0.0446 -0.9989 -0.0151
vn -0.0239 -0.9997 -0.0083
vn -0.0412 -0.9991 -0.0109
vn -0.0111 -0.9999 -0.0068
vn -0.0000 -1.0000 -0.0066
vn 0.0112 -0.9999 -0.0078
vn 0.0242 -0.9997 -0.0103
vn 0.0419 -0.9990 -0.0143
vn -0.0225 -0.9997 -0.0077
vn -0.0386 -0.9992 -0.0098
vn -0.0104 -0.9999 -0.0065
vn 0.0105 -0.9999 -0.0073
vn 0.0227 -0.9997 -0.0094
vn 0.0393 -0.9991 -0.0126
vn -0.0212 -0.9998 -0.0065
vn -0.0363 -0.9993 -0.0080
vn -0.0098 -0.9999 -0.0056
vn -0.0000 -1.0000 -0.0054
vn 0.0099 -0.9999 -0.0062
vn 0.0215 -0.9997 -0.0078
vn 0.0371 -0.9993 -0.0102
vn -0.0201 -0.9998 -0.0048
vn -0.0344 -0.9994 -0.0057
vn -0.0094 -0.9999 -0.0043
vn 0.0095 -0.9999 -0.0047
vn 0.0204 -0.9998 -0.0058
vn 0.0352 -0.9994 -0.0073
vn 0.9833 0.1582 -0.0900
vn 0.9820 0.1645 -0.0932
vn 0.9816 0.1591 -0.1054
vn 0.9840 0.1511 -0.0946
vn 0.9756 0.1987 -0.0938
vn 0.9738 0.1969 -0.1133
vn 0.9619 0.2584 -0.0893
vn 0.9580 0.2622 -0.1164
vn 0.9344 0.3479 -0.0765
vn 0.9265 0.3591 -0.1124
vn 0.8803 0.4717 -0.0505
vn 0.8656 0.4908 -0.0990
vn 0.7749 0.6320 -0.0116
vn 0.7538 0.6522 -0.0801
vn 0.9826 0.1491 -0.1109
vn 0.9859 0.1390 -0.0931
vn 0.9736 0.1901 -0.1265
vn 0.9558 0.2596 -0.1383
vn 0.9213 0.3608 -0.1453
vn 0.8561 0.4951 -0.1479
vn 0.7424 0.6530 -0.1500
vn 0.9849 0.1360 -0.1073
vn 0.9888 0.1235 -0.0839
vn 0.9752 0.1797 -0.1295
vn 0.9560 0.2522 -0.1499
vn 0.9194 0.3555 -0.1684
vn 0.8519 0.4896 -0.1861
vn 0.7376 0.6434 -0.2051
vn 0.9882 0.1212 -0.0939
vn 0.9921 0.1061 -0.0673
vn 0.9785 0.1673 -0.1206
vn 0.9589 0.2421 -0.1478
vn 0.9214 0.3468 -0.1756
vn 0.8529 0.4804 -0.2046
vn 0.7387 0.6320 -0.2343
vn 0.9917 0.1058 -0.0726
vn 0.9951 0.0880 -0.0454
vn 0.9829 0.1539 -0.1013
vn 0.9640 0.2306 -0.1322
vn 0.9269 0.3367 -0.1658
vn 0.8587 0.4712 -0.2017
vn 0.7449 0.6234 -0.2375
vn 0.9948 0.0901 -0.0472
vn 0.9973 0.0699 -0.0215
vn 0.9873 0.1400 -0.0756
vn 0.9700 0.2182 -0.1076
vn 0.9344 0.3260 -0.1435
vn 0.8677 0.4624 -0.1826
vn 0.7548 0.6175 -0.2213
vn 0.9848 0.1544 -0.0800
vn 0.9832 0.1460 -0.1096
vn 0.9831 0.1518 -0.1022
vn 0.9841 0.1604 -0.0761
vn 0.9778 0.1320 -0.1625
vn 0.9784 0.1388 -0.1532
vn 0.9641 0.1140 -0.2399
vn 0.9654 0.1231 -0.2301
vn 0.9341 0.0935 -0.3444
vn 0.9362 0.1058 -0.3351
vn 0.8760 0.0723 -0.4769
vn 0.8787 0.0878 -0.4691
vn 0.7745 0.0523 -0.6305
vn 0.7773 0.0699 -0.6252
vn 0.9799 0.1762 -0.0936
vn 0.9795 0.1886 -0.0703
vn 0.9766 0.1606 -0.1433
vn 0.9648 0.1435 -0.2203
vn 0.9367 0.1264 -0.3266
vn 0.8799 0.1098 -0.4622
vn 0.7789 0.0932 -0.6202
vn 0.9728 0.2170 -0.0814
vn 0.9698 0.2366 -0.0601
vn 0.9719 0.1954 -0.1309
vn 0.9622 0.1743 -0.2094
vn 0.9353 0.1555 -0.3179
vn 0.8792 0.1390 -0.4557
vn 0.7785 0.1235 -0.6154
vn 0.9602 0.2724 -0.0627
vn 0.9515 0.3049 -0.0416
vn 0.9637 0.2411 -0.1145
vn 0.9568 0.2144 -0.1966
vn 0.9312 0.1934 -0.3089
vn 0.8755 0.1769 -0.4496
vn 0.7750 0.1626 -0.6107
vn 0.9390 0.3421 -0.0349
vn 0.9186 0.3950 -0.0090
vn 0.9501 0.2973 -0.0943
vn 0.9468 0.2646 -0.1830
vn 0.9227 0.2420 -0.3002
vn 0.8670 0.2265 -0.4438
vn 0.7665 0.2141 -0.6055
vn 0.9042 0.4271 -0.0001
vn 0.8595 0.5094 0.0431
vn 0.9267 0.3686 -0.0732
vn 0.9282 0.3306 -0.1709
vn 0.9054 0.3073 -0.2930
vn 0.8495 0.2934 -0.4384
vn 0.7491 0.2837 -0.5986
vn 0.9821 0.1742 -0.0713
vn 0.9817 0.1706 -0.0841
vn 0.9851 0.1558 -0.0734
vn 0.9804 0.1580 -0.1176
vn 0.9752 0.1382 -0.1728
vn 0.9613 0.1134 -0.2512
vn 0.9308 0.0861 -0.3552
vn 0.8721 0.0592 -0.4857
vn 0.7708 0.0362 -0.6360
vn 0.6211 0.0200 -0.7835
vn 0.6233 0.0355 -0.7812
vn 0.6254 0.0531 -0.7785
vn 0.6268 0.0767 -0.7754
vn 0.6266 0.1075 -0.7719
vn 0.6239 0.1477 -0.7674
vn 0.6168 0.2009 -0.7611
vn 0.6019 0.2730 -0.7504
vn 0.5739 0.3700 -0.7306
vn 0.7164 0.3778 -0.5865
vn 0.8159 0.3844 -0.4318
vn 0.8719 0.3963 -0.2876
vn 0.8929 0.4200 -0.1626
vn 0.8849 0.4622 -0.0568
vn 0.8469 0.5309 0.0303
vn 0.7660 0.6358 0.0949
vn 0.8054 0.5919 0.0306
vn 0.6225 0.7767 0.0959
vn 0.8957 0.4441 -0.0231
vn 0.9415 0.3329 -0.0530
vn 0.9655 0.2513 -0.0677
vn 0.9779 0.1957 -0.0738
vn 0.9838 0.1632 -0.0749
vn 0.4491 0.0237 -0.8932
vn 0.2861 0.0163 -0.9581
vn 0.2864 0.0301 -0.9576
vn 0.4501 0.0395 -0.8921
vn 0.1386 0.0110 -0.9903
vn 0.1388 0.0237 -0.9900
vn -0.0002 0.0063 -1.0000
vn -0.0001 0.0193 -0.9998
vn -0.1389 0.0017 -0.9903
vn -0.1388 0.0167 -0.9902
vn -0.2859 -0.0022 -0.9583
vn -0.2863 0.0162 -0.9580
vn -0.4482 -0.0036 -0.8939
vn -0.4498 0.0190 -0.8929
vn 0.2870 0.0514 -0.9565
vn 0.4511 0.0621 -0.8903
vn 0.1392 0.0442 -0.9893
vn 0.0002 0.0399 -0.9992
vn -0.1389 0.0384 -0.9896
vn -0.2868 0.0398 -0.9572
vn -0.4511 0.0451 -0.8914
vn 0.2874 0.0809 -0.9544
vn 0.4513 0.0925 -0.8876
vn 0.1395 0.0731 -0.9875
vn 0.0005 0.0687 -0.9976
vn -0.1386 0.0675 -0.9880
vn -0.2868 0.0700 -0.9554
vn -0.4513 0.0764 -0.8891
vn 0.2868 0.1208 -0.9503
vn 0.4497 0.1329 -0.8832
vn 0.1396 0.1124 -0.9838
vn 0.0011 0.1076 -0.9942
vn -0.1377 0.1064 -0.9847
vn -0.2856 0.1089 -0.9521
vn -0.4498 0.1154 -0.8857
vn 0.2844 0.1747 -0.9427
vn 0.4450 0.1868 -0.8758
vn 0.1390 0.1659 -0.9763
vn 0.0019 0.1605 -0.9870
vn -0.1356 0.1585 -0.9780
vn -0.2822 0.1603 -0.9459
vn -0.4450 0.1658 -0.8800
vn 0.2783 0.2485 -0.9278
vn 0.4346 0.2603 -0.8622
vn 0.1368 0.2394 -0.9612
vn 0.0030 0.2332 -0.9724
vn -0.1314 0.2300 -0.9643
vn -0.2750 0.2300 -0.9335
vn -0.4348 0.2334 -0.8697
vn 0.4486 0.0111 -0.8937
vn 0.2863 0.0066 -0.9581
vn 0.1388 0.0027 -0.9903
vn -0.0004 -0.0028 -1.0000
vn -0.1393 -0.0106 -0.9902
vn -0.2859 -0.0198 -0.9581
vn -0.4467 -0.0277 -0.8942
vn -0.6174 -0.0291 -0.7861
vn -0.6215 0.0008 -0.7834
vn -0.6248 0.0270 -0.7803
vn -0.6271 0.0550 -0.7770
vn -0.6277 0.0871 -0.7736
vn -0.6257 0.1257 -0.7699
vn -0.6196 0.1746 -0.7652
vn -0.6069 0.2393 -0.7579
vn -0.5829 0.3265 -0.7440
vn -0.4157 0.3246 -0.8496
vn -0.2616 0.3245 -0.9090
vn -0.1239 0.3271 -0.9368
vn 0.0044 0.3321 -0.9432
vn 0.1316 0.3393 -0.9314
vn 0.2660 0.3484 -0.8988
vn 0.4143 0.3592 -0.8363
vn -0.9986 0.0372 0.0383
vn -0.9956 0.0246 0.0907
vn -0.9963 0.0481 0.0718
vn -0.9980 0.0602 0.0177
vn -0.9865 0.0146 0.1634
vn -0.9886 0.0384 0.1457
vn -0.9660 0.0065 0.2584
vn -0.9698 0.0312 0.2420
vn -0.9259 0.0004 0.3777
vn -0.9315 0.0270 0.3627
vn -0.8546 -0.0038 0.5193
vn -0.8620 0.0263 0.5063
vn -0.7400 -0.0057 0.6726
vn -0.7486 0.0292 0.6624
vn -0.9938 0.1001 0.0482
vn -0.9937 0.1120 -0.0073
vn -0.9882 0.0904 0.1234
vn -0.9716 0.0838 0.2215
vn -0.9353 0.0809 0.3444
vn -0.8675 0.0823 0.4905
vn -0.7553 0.0874 0.6495
vn -0.9834 0.1806 0.0193
vn -0.9807 0.1921 -0.0373
vn -0.9805 0.1714 0.0961
vn -0.9663 0.1657 0.1968
vn -0.9322 0.1643 0.3226
vn -0.8663 0.1671 0.4707
vn -0.7562 0.1727 0.6311
vn -0.9561 0.2925 -0.0149
vn -0.9503 0.3028 -0.0725
vn -0.9566 0.2844 0.0637
vn -0.9454 0.2795 0.1677
vn -0.9138 0.2779 0.2962
vn -0.8513 0.2784 0.4447
vn -0.7462 0.2798 0.6041
vn -0.8979 0.4369 -0.0539
vn -0.8887 0.4446 -0.1119
vn -0.9021 0.4307 0.0263
vn -0.8948 0.4261 0.1334
vn -0.8679 0.4210 0.2636
vn -0.8134 0.4131 0.4097
vn -0.7200 0.4024 0.5653
vn -0.7905 0.6051 -0.0947
vn -0.7789 0.6085 -0.1522
vn -0.7982 0.6022 -0.0144
vn -0.7959 0.5980 0.0940
vn -0.7772 0.5881 0.2236
vn -0.7371 0.5692 0.3643
vn -0.6695 0.5392 0.5109
vn -0.9979 0.0600 0.0240
vn -0.9976 0.0430 0.0551
vn -0.9986 0.0525 0.0038
vn -0.9940 0.0295 0.1054
vn -0.9841 0.0185 0.1768
vn -0.9625 0.0085 0.2711
vn -0.9209 -0.0014 0.3899
vn -0.8476 -0.0119 0.5306
vn -0.7312 -0.0226 0.6818
vn -0.5734 -0.0322 0.8186
vn -0.5825 -0.0050 0.8128
vn -0.5909 0.0349 0.8060
vn -0.5978 0.0947 0.7960
vn -0.6010 0.1786 0.7791
vn -0.5971 0.2810 0.7513
vn -0.5833 0.3950 0.7098
vn -0.5560 0.5165 0.6512
vn -0.5139 0.6301 0.5821
vn -0.5687 0.6833 0.4580
vn -0.6091 0.7266 0.3179
vn -0.6321 0.7536 0.1805
vn -0.6403 0.7663 0.0534
vn -0.6372 0.7689 -0.0526
vn -0.6278 0.7674 -0.1304
vn -0.6162 0.7653 -0.1857
vn -0.7664 0.6127 -0.1927
vn -0.6045 0.7641 -0.2251
vn -0.8780 0.4535 -0.1530
vn -0.9425 0.3144 -0.1133
vn -0.9757 0.2050 -0.0773
vn -0.9910 0.1257 -0.0461
vn -0.9970 0.0745 -0.0193
vn -0.4126 -0.0029 0.9109
vn -0.2600 0.0001 0.9656
vn -0.2643 0.0471 0.9633
vn -0.4192 0.0412 0.9070
vn -0.1253 0.0042 0.9921
vn -0.1274 0.0530 0.9904
vn 0.0001 0.0097 1.0000
vn 0.1249 0.0168 0.9920
vn 0.1264 0.0669 0.9897
vn 0.2578 0.0255 0.9659
vn 0.2606 0.0751 0.9625
vn 0.4071 0.0352 0.9127
vn 0.4105 0.0835 0.9080
vn -0.2683 0.1066 0.9574
vn -0.4249 0.1012 0.8995
vn -0.1294 0.1120 0.9853
vn -0.0001 0.1184 0.9930
vn 0.1279 0.1263 0.9837
vn 0.2629 0.1353 0.9553
vn 0.4126 0.1445 0.8994
vn -0.2726 0.1846 0.9443
vn -0.4295 0.1823 0.8845
vn -0.1320 0.1877 0.9733
vn -0.0003 0.1931 0.9812
vn 0.1298 0.2014 0.9709
vn 0.2652 0.2120 0.9406
vn 0.4132 0.2234 0.8828
vn -0.2762 0.2831 0.9185
vn -0.4309 0.2819 0.8572
vn -0.1352 0.2855 0.9488
vn -0.0004 0.2902 0.9570
vn 0.1322 0.2976 0.9455
vn 0.2669 0.3071 0.9135
vn 0.4108 0.3178 0.8545
vn -0.2779 0.4040 0.8715
vn -0.4265 0.3968 0.8128
vn -0.1385 0.4107 0.9012
vn -0.0006 0.4161 0.9093
vn 0.1347 0.4200 0.8975
vn 0.2668 0.4225 0.8662
vn 0.4035 0.4249 0.8103
vn -0.2773 0.5522 0.7862
vn -0.4122 0.5286 0.7420
vn -0.1417 0.5674 0.8112
vn -0.0009 0.5744 0.8186
vn 0.1371 0.5724 0.8084
vn 0.2648 0.5630 0.7829
vn 0.3881 0.5467 0.7420
vn -0.4050 -0.0391 0.9135
vn -0.2549 -0.0428 0.9660
vn -0.1227 -0.0431 0.9915
vn 0.0002 -0.0398 0.9992
vn 0.1229 -0.0330 0.9919
vn 0.2540 -0.0228 0.9669
vn 0.4021 -0.0093 0.9155
vn 0.5675 0.0058 0.8234
vn 0.5725 0.0445 0.8187
vn 0.5757 0.0904 0.8127
vn 0.5765 0.1517 0.8029
vn 0.5732 0.2327 0.7857
vn 0.5635 0.3284 0.7580
vn 0.5459 0.4327 0.7174
vn 0.5180 0.5426 0.6612
vn 0.4781 0.6455 0.5956
vn 0.3807 0.6843 0.6219
vn 0.2661 0.7174 0.6438
vn 0.1396 0.7399 0.6581
vn -0.0011 0.7483 0.6633
vn -0.1448 0.7396 0.6573
vn -0.2795 0.7150 0.6409
vn -0.4052 0.6768 0.6146
vn 0.0323 -0.9995 0.0004
vn 0.0320 -0.9995 0.0052
vn 0.0188 -0.9998 0.0042
vn 0.0189 -0.9998 -0.0000
vn 0.0321 -0.9994 0.0120
vn 0.0189 -0.9998 0.0101
vn 0.0325 -0.9992 0.0213
vn 0.0192 -0.9996 0.0183
vn 0.0331 -0.9989 0.0329
vn 0.0198 -0.9994 0.0291
vn 0.0336 -0.9983 0.0471
vn 0.0205 -0.9989 0.0432
vn 0.0340 -0.9973 0.0649
vn 0.0217 -0.9978 0.0628
vn 0.0088 -1.0000 0.0036
vn 0.0088 -1.0000 -0.0001
vn 0.0088 -0.9999 0.0091
vn 0.0090 -0.9998 0.0167
vn 0.0094 -0.9996 0.0271
vn 0.0099 -0.9991 0.0414
vn 0.0108 -0.9980 0.0616
vn -0.0089 -1.0000 0.0035
vn -0.0089 -1.0000 -0.0004
vn -0.0089 -0.9999 0.0091
vn -0.0091 -0.9998 0.0168
vn -0.0095 -0.9996 0.0273
vn -0.0100 -0.9991 0.0416
vn -0.0110 -0.9980 0.0621
vn -0.0191 -0.9998 0.0039
vn -0.0192 -0.9998 -0.0004
vn -0.0192 -0.9998 0.0100
vn -0.0196 -0.9996 0.0184
vn -0.0201 -0.9994 0.0294
vn -0.0209 -0.9988 0.0438
vn -0.0222 -0.9977 0.0638
vn -0.0329 -0.9994 0.0049
vn -0.0332 -0.9994 -0.0003
vn -0.0331 -0.9994 0.0119
vn -0.0335 -0.9992 0.0216
vn -0.0340 -0.9989 0.0336
vn -0.0346 -0.9982 0.0482
vn -0.0350 -0.9972 0.0665
vn 0.0561 -0.9984 -0.0028
vn 0.0549 -0.9985 0.0015
vn 0.0331 -0.9994 -0.0031
vn 0.0544 -0.9985 0.0075
vn 0.0546 -0.9984 0.0159
vn 0.0549 -0.9981 0.0271
vn 0.0551 -0.9976 0.0410
vn 0.0552 -0.9968 0.0572
vn 0.0551 -0.9955 0.0764
vn 0.0521 -0.9939 0.0967
vn 0.0387 -0.9946 0.0967
vn 0.0255 -0.9951 0.0957
vn 0.0129 -0.9954 0.0954
vn -0.0001 -0.9954 0.0957
vn -0.0132 -0.9953 0.0963
vn -0.0261 -0.9949 0.0975
vn -0.0400 -0.9942 0.0994
vn -0.0543 -0.9935 0.1001
vn -0.0576 -0.9952 0.0795
vn -0.0578 -0.9966 0.0595
vn -0.0577 -0.9974 0.0425
vn -0.0575 -0.9980 0.0279
vn -0.0571 -0.9982 0.0160
vn -0.0569 -0.9984 0.0071
vn -0.0572 -0.9984 0.0006
vn -0.0339 -0.9994 -0.0041
vn -0.0584 -0.9983 -0.0044
vn -0.0197 -0.9998 -0.0035
vn -0.0091 -1.0000 -0.0029
vn 0.0090 -1.0000 -0.0026
vn 0.0194 -0.9998 -0.0028
vn -0.4348 0.8767 -0.2060
vn -0.4438 0.8829 -0.1535
vn -0.2781 0.9465 -0.1639
vn -0.2724 0.9380 -0.2141
vn -0.4522 0.8883 -0.0803
vn -0.2841 0.9541 -0.0950
vn -0.4585 0.8885 0.0202
vn -0.2901 0.9570 -0.0004
vn -0.4588 0.8767 0.1445
vn -0.2941 0.9480 0.1219
vn -0.4496 0.8460 0.2867
vn -0.2936 0.9162 0.2725
vn -0.4260 0.7879 0.4446
vn -0.2870 0.8442 0.4526
vn -0.1335 0.9772 -0.1651
vn -0.1308 0.9680 -0.2141
vn -0.1365 0.9857 -0.0990
vn -0.1401 0.9901 -0.0088
vn -0.1437 0.9833 0.1119
vn -0.1464 0.9523 0.2677
vn -0.1468 0.8766 0.4582
vn -0.0001 0.9873 -0.1591
vn -0.0002 0.9956 -0.0940
vn -0.0003 1.0000 -0.0055
vn -0.0005 0.9935 0.1139
vn -0.0007 0.9628 0.2702
vn -0.0010 0.8867 0.4623
vn 0.1326 0.9803 -0.1465
vn 0.1304 0.9718 -0.1963
vn 0.1349 0.9876 -0.0803
vn 0.1377 0.9904 0.0091
vn 0.1404 0.9818 0.1276
vn 0.1421 0.9495 0.2797
vn 0.1417 0.8741 0.4647
vn 0.2747 0.9532 -0.1263
vn 0.2707 0.9461 -0.1781
vn 0.2786 0.9587 -0.0575
vn 0.2821 0.9587 0.0350
vn 0.2837 0.9467 0.1526
vn 0.2812 0.9129 0.2957
vn 0.2735 0.8416 0.4657
vn 0.4355 0.8950 -0.0967
vn 0.4303 0.8899 -0.1512
vn 0.4394 0.8979 -0.0241
vn 0.4406 0.8948 0.0724
vn 0.4364 0.8797 0.1890
vn 0.4242 0.8471 0.3201
vn 0.4003 0.7898 0.4647
vn -0.4260 0.8712 -0.2441
vn 0.5290 0.6968 0.4843
vn 0.5686 0.7400 0.3594
vn 0.5950 0.7683 0.2360
vn 0.6098 0.7835 0.1199
vn 0.6147 0.7885 0.0202
vn 0.6130 0.7881 -0.0559
vn 0.6080 0.7858 -0.1135
vn 0.4246 0.8844 -0.1939
vn 0.6015 0.7829 -0.1587
vn 0.2666 0.9387 -0.2186
vn 0.1283 0.9634 -0.2352
vn 0.0001 0.9693 -0.2459
vn -0.1282 0.9593 -0.2515
vn -0.2670 0.9303 -0.2515
vn -0.0638 -0.9830 0.1721
vn -0.0400 -0.9843 0.1717
vn -0.0727 -0.9453 0.3180
vn -0.1183 -0.9430 0.3110
vn -0.0197 -0.9852 0.1705
vn -0.0349 -0.9473 0.3184
vn -0.0001 -0.9855 0.1696
vn -0.0003 -0.9484 0.3172
vn 0.0192 -0.9855 0.1687
vn 0.0339 -0.9485 0.3149
vn 0.0388 -0.9850 0.1681
vn 0.0703 -0.9478 0.3109
vn 0.0612 -0.9841 0.1668
vn 0.1131 -0.9471 0.3002
vn -0.1254 -0.8357 0.5347
vn -0.2036 -0.8316 0.5166
vn -0.0598 -0.8394 0.5403
vn -0.0003 -0.8417 0.5399
vn 0.0586 -0.8427 0.5351
vn 0.1221 -0.8427 0.5243
vn 0.1961 -0.8431 0.5007
vn -0.1824 -0.6301 0.7548
vn -0.2958 -0.6191 0.7275
vn -0.0867 -0.6377 0.7654
vn 0.0001 -0.6419 0.7668
vn 0.0863 -0.6428 0.7612
vn 0.1801 -0.6409 0.7462
vn 0.2898 -0.6371 0.7142
vn -0.2205 -0.3927 0.8928
vn -0.3559 -0.3731 0.8568
vn -0.1051 -0.4047 0.9084
vn 0.0004 -0.4096 0.9123
vn 0.1056 -0.4077 0.9070
vn 0.2202 -0.3995 0.8899
vn 0.3540 -0.3853 0.8522
vn -0.2392 -0.2120 0.9475
vn -0.3833 -0.1924 0.9034
vn -0.1146 -0.2230 0.9681
vn 0.0004 -0.2260 0.9741
vn 0.1153 -0.2214 0.9683
vn 0.2396 -0.2093 0.9480
vn 0.3829 -0.1898 0.9041
vn -0.2487 -0.1033 0.9630
vn -0.3964 -0.0908 0.9136
vn -0.1195 -0.1094 0.9868
vn 0.0003 -0.1093 0.9940
vn 0.1201 -0.1032 0.9874
vn 0.2488 -0.0910 0.9643
vn 0.3953 -0.0732 0.9156
vn -0.0914 -0.9830 0.1595
vn 0.0869 -0.9845 0.1526
vn 0.1606 -0.9494 0.2698
vn 0.2805 -0.8466 0.4523
vn 0.4183 -0.6325 0.6519
vn 0.5103 -0.3659 0.7783
vn 0.5474 -0.1640 0.8206
vn 0.5608 -0.0509 0.8264
vn -0.5637 -0.0718 0.8229
vn -0.5491 -0.1640 0.8195
vn -0.5152 -0.3451 0.7845
vn -0.4310 -0.6047 0.6697
vn -0.2954 -0.8298 0.4734
vn -0.1701 -0.9437 0.2838
vn -0.1134 -0.9935 0.0044
vn -0.1135 -0.9934 0.0137
vn -0.2484 -0.9681 0.0313
vn -0.2466 -0.9690 0.0160
vn -0.1144 -0.9931 0.0268
vn -0.2509 -0.9665 0.0541
vn -0.1151 -0.9923 0.0446
vn -0.2516 -0.9640 0.0860
vn -0.1149 -0.9911 0.0671
vn -0.2476 -0.9605 0.1269
vn -0.1133 -0.9891 0.0943
vn -0.2364 -0.9555 0.1766
vn -0.1080 -0.9860 0.1274
vn -0.2125 -0.9490 0.2330
vn -0.5106 -0.8572 0.0672
vn -0.5083 -0.8602 0.0411
vn -0.5123 -0.8520 0.1075
vn -0.5072 -0.8461 0.1637
vn -0.4880 -0.8407 0.2348
vn -0.4485 -0.8358 0.3167
vn -0.3834 -0.8317 0.4015
vn -0.8137 -0.5711 0.1088
vn -0.8165 -0.5730 0.0712
vn -0.8071 -0.5661 0.1675
vn -0.7887 -0.5625 0.2482
vn -0.7481 -0.5645 0.3489
vn -0.6758 -0.5736 0.4628
vn -0.5672 -0.5884 0.5763
vn -0.9647 -0.2306 0.1275
vn -0.9709 -0.2243 0.0841
vn -0.9525 -0.2342 0.1948
vn -0.9274 -0.2405 0.2867
vn -0.8794 -0.2545 0.4024
vn -0.7972 -0.2788 0.5354
vn -0.6732 -0.3112 0.6708
vn -0.9915 -0.0329 0.1256
vn -0.9966 -0.0204 0.0799
vn -0.9799 -0.0430 0.1948
vn -0.9559 -0.0549 0.2886
vn -0.9103 -0.0724 0.4075
vn -0.8315 -0.0977 0.5468
vn -0.7095 -0.1301 0.6926
vn -0.9927 0.0308 0.1168
vn -0.9966 0.0449 0.0690
vn -0.9822 0.0190 0.1870
vn -0.9597 0.0070 0.2810
vn -0.9166 -0.0076 0.3998
vn -0.8411 -0.0263 0.5402
vn -0.7225 -0.0488 0.6896
vn -0.1148 -0.9934 -0.0023
vn -0.9971 0.0634 0.0417
vn -0.9984 -0.0022 0.0560
vn -0.9756 -0.2106 0.0629
vn -0.8211 -0.5683 0.0528
vn -0.5095 -0.8601 0.0273
vn -0.2474 -0.9689 0.0066
vn 0.1208 -0.9652 -0.2318
vn 0.0786 -0.9688 -0.2350
vn 0.1229 -0.9132 -0.3885
vn 0.1890 -0.9098 -0.3695
vn 0.0393 -0.9711 -0.2355
vn 0.0609 -0.9162 -0.3960
vn 0.0003 -0.9719 -0.2352
vn 0.0007 -0.9179 -0.3967
vn -0.0381 -0.9715 -0.2341
vn -0.0583 -0.9185 -0.3911
vn -0.0756 -0.9697 -0.2325
vn -0.1166 -0.9177 -0.3798
vn -0.1148 -0.9667 -0.2288
vn -0.1769 -0.9165 -0.3588
vn 0.1858 -0.7782 -0.5999
vn 0.2840 -0.7794 -0.5585
vn 0.0921 -0.7791 -0.6202
vn 0.0011 -0.7820 -0.6233
vn -0.0877 -0.7874 -0.6102
vn -0.1752 -0.7941 -0.5819
vn -0.2637 -0.8018 -0.5363
vn 0.2467 -0.5430 -0.8027
vn 0.3780 -0.5501 -0.7446
vn 0.1216 -0.5404 -0.8326
vn 0.0009 -0.5456 -0.8381
vn -0.1172 -0.5590 -0.8208
vn -0.2349 -0.5783 -0.7813
vn -0.3543 -0.5994 -0.7178
vn 0.2793 -0.2870 -0.9163
vn 0.4316 -0.2940 -0.8528
vn 0.1366 -0.2850 -0.9487
vn 0.0002 -0.2924 -0.9563
vn -0.1344 -0.3098 -0.9412
vn -0.2714 -0.3349 -0.9023
vn -0.4143 -0.3620 -0.8350
vn 0.2875 -0.1100 -0.9514
vn 0.4472 -0.1133 -0.8872
vn 0.1400 -0.1102 -0.9840
vn -0.0003 -0.1177 -0.9931
vn -0.1395 -0.1335 -0.9812
vn -0.2840 -0.1557 -0.9461
vn -0.4382 -0.1793 -0.8808
vn 0.2874 -0.0228 -0.9576
vn 0.4488 -0.0220 -0.8933
vn 0.1395 -0.0248 -0.9899
vn -0.0004 -0.0314 -0.9995
vn -0.1398 -0.0433 -0.9892
vn -0.2861 -0.0592 -0.9564
vn -0.4448 -0.0753 -0.8925
vn 0.1113 -0.9831 -0.1453
vn 0.0842 -0.9858 -0.1454
vn 0.1633 -0.9637 -0.2112
vn 0.0553 -0.9882 -0.1426
vn 0.0278 -0.9896 -0.1409
vn 0.0001 -0.9901 -0.1404
vn -0.0273 -0.9896 -0.1411
vn -0.0538 -0.9883 -0.1429
vn -0.0812 -0.9860 -0.1460
vn -0.1064 -0.9835 -0.1464
vn -0.1539 -0.9657 -0.2092
vn -0.2352 -0.9185 -0.3179
vn -0.3500 -0.8107 -0.4694
vn -0.4736 -0.6169 -0.6286
vn -0.5602 -0.3824 -0.7348
vn -0.5984 -0.1954 -0.7770
vn -0.6117 -0.0841 -0.7866
vn 0.6192 -0.0169 -0.7850
vn 0.6141 -0.1128 -0.7811
vn 0.5890 -0.2986 -0.7509
vn 0.5116 -0.5571 -0.6542
vn 0.3817 -0.7836 -0.4902
vn 0.2538 -0.9102 -0.3273
vn 0.1701 -0.9850 -0.0303
vn 0.1759 -0.9837 -0.0383
vn 0.3275 -0.9425 -0.0662
vn 0.3227 -0.9451 -0.0518
vn 0.1809 -0.9822 -0.0511
vn 0.3303 -0.9399 -0.0869
vn 0.1849 -0.9803 -0.0695
vn 0.3309 -0.9366 -0.1156
vn 0.1876 -0.9777 -0.0943
vn 0.3283 -0.9319 -0.1538
vn 0.1884 -0.9739 -0.1264
vn 0.3200 -0.9253 -0.2033
vn 0.1844 -0.9684 -0.1677
vn 0.2988 -0.9169 -0.2646
vn 0.5860 -0.8030 -0.1091
vn 0.5902 -0.8029 -0.0839
vn 0.5774 -0.8038 -0.1429
vn 0.5647 -0.8038 -0.1875
vn 0.5451 -0.8017 -0.2451
vn 0.5136 -0.7972 -0.3174
vn 0.4615 -0.7905 -0.4028
vn 0.8589 -0.4907 -0.1469
vn 0.8730 -0.4752 -0.1100
vn 0.8379 -0.5097 -0.1953
vn 0.8093 -0.5280 -0.2574
vn 0.7697 -0.5430 -0.3358
vn 0.7121 -0.5537 -0.4317
vn 0.6276 -0.5589 -0.5420
vn 0.9789 -0.1346 -0.1537
vn 0.9882 -0.1054 -0.1111
vn 0.9623 -0.1713 -0.2111
vn 0.9353 -0.2095 -0.2853
vn 0.8926 -0.2448 -0.3787
vn 0.8264 -0.2737 -0.4921
vn 0.7268 -0.2926 -0.6214
vn 0.9868 0.0790 -0.1414
vn 0.9893 0.1065 -0.0999
vn 0.9788 0.0423 -0.2006
vn 0.9602 0.0011 -0.2793
vn 0.9242 -0.0398 -0.3798
vn 0.8611 -0.0755 -0.5027
vn 0.7594 -0.1010 -0.6427
vn 0.9795 0.1553 -0.1280
vn 0.9804 0.1752 -0.0902
vn 0.9744 0.1266 -0.1856
vn 0.9599 0.0925 -0.2647
vn 0.9282 0.0567 -0.3678
vn 0.8683 0.0237 -0.4955
vn 0.7671 -0.0020 -0.6415
vn 0.0898 -0.9958 -0.0159
vn 0.0945 -0.9954 -0.0179
vn 0.1635 -0.9862 -0.0260
vn 0.0988 -0.9948 -0.0230
vn 0.1029 -0.9942 -0.0318
vn 0.1066 -0.9933 -0.0451
vn 0.1099 -0.9919 -0.0630
vn 0.1126 -0.9899 -0.0858
vn 0.1146 -0.9867 -0.1149
vn 0.9804 0.1837 -0.0708
vn 0.9900 0.1202 -0.0743
vn 0.9926 -0.0902 -0.0816
vn 0.8793 -0.4691 -0.0826
vn 0.5886 -0.8057 -0.0654
vn 0.3154 -0.9480 -0.0423
vn 0.1114 -0.9938 -0.0042
vn 0.1168 -0.9931 -0.0082
vn 0.2402 -0.9707 0.0004
vn 0.2312 -0.9729 0.0054
vn 0.1236 -0.9923 -0.0121
vn 0.2519 -0.9677 -0.0055
vn 0.1313 -0.9912 -0.0157
vn 0.2652 -0.9641 -0.0123
vn 0.1395 -0.9900 -0.0187
vn 0.2793 -0.9600 -0.0197
vn 0.1479 -0.9888 -0.0214
vn 0.2931 -0.9557 -0.0275
vn 0.1560 -0.9875 -0.0237
vn 0.3055 -0.9516 -0.0350
vn 0.4804 -0.8768 0.0217
vn 0.4650 -0.8849 0.0276
vn 0.5002 -0.8658 0.0126
vn 0.5224 -0.8527 0.0001
vn 0.5447 -0.8385 -0.0154
vn 0.5647 -0.8247 -0.0324
vn 0.5800 -0.8131 -0.0493
vn 0.7861 -0.6162 0.0491
vn 0.7677 -0.6383 0.0563
vn 0.8081 -0.5879 0.0360
vn 0.8309 -0.5561 0.0170
vn 0.8516 -0.5242 -0.0068
vn 0.8676 -0.4961 -0.0330
vn 0.8773 -0.4763 -0.0587
vn 0.9631 -0.2622 0.0602
vn 0.9530 -0.2947 0.0699
vn 0.9738 -0.2233 0.0441
vn 0.9830 -0.1823 0.0220
vn 0.9896 -0.1437 -0.0041
vn 0.9932 -0.1123 -0.0315
vn 0.9940 -0.0930 -0.0574
vn 0.9984 -0.0278 0.0498
vn 0.9963 -0.0585 0.0630
vn 0.9995 0.0072 0.0318
vn 0.9990 0.0430 0.0100
vn 0.9970 0.0759 -0.0134
vn 0.9941 0.1022 -0.0360
vn 0.9914 0.1182 -0.0559
vn 0.9978 0.0602 0.0292
vn 0.9983 0.0356 0.0470
vn 0.9961 0.0880 0.0088
vn 0.9931 0.1165 -0.0123
vn 0.9892 0.1432 -0.0319
vn 0.9851 0.1653 -0.0482
vn 0.9819 0.1797 -0.0604
vn 0.0584 -0.9983 -0.0063
vn 0.1078 -0.9942 0.0001
vn 0.0617 -0.9981 -0.0095
vn 0.0657 -0.9978 -0.0121
vn 0.0702 -0.9974 -0.0140
vn 0.0750 -0.9971 -0.0151
vn 0.0800 -0.9967 -0.0156
vn 0.0850 -0.9963 -0.0157
vn 0.9833 0.1683 -0.0691
vn 0.9858 0.1547 -0.0650
vn 0.9892 0.1359 -0.0550
vn 0.9927 0.1143 -0.0389
vn 0.9956 0.0920 -0.0179
vn 0.9975 0.0710 0.0056
vn 0.9982 0.0527 0.0285
vn 0.9978 0.0168 0.0635
vn 0.9979 0.0387 0.0511
vn 0.9939 -0.0812 0.0741
vn 0.9453 -0.3172 0.0768
vn 0.7556 -0.6521 0.0612
vn 0.4557 -0.8895 0.0322
vn 0.2256 -0.9742 0.0101
vn -0.1735 -0.9703 -0.1687
vn -0.1782 -0.9753 -0.1307
vn -0.2965 -0.9328 -0.2051
vn -0.2758 -0.9253 -0.2601
vn -0.1787 -0.9787 -0.1012
vn -0.3067 -0.9380 -0.1613
vn -0.1778 -0.9809 -0.0787
vn -0.3127 -0.9412 -0.1278
vn -0.1758 -0.9825 -0.0618
vn -0.3166 -0.9430 -0.1029
vn -0.1729 -0.9837 -0.0501
vn -0.3189 -0.9440 -0.0850
vn -0.1691 -0.9847 -0.0427
vn -0.3196 -0.9448 -0.0725
vn -0.4695 -0.8253 -0.3137
vn -0.4208 -0.8194 -0.3891
vn -0.5025 -0.8272 -0.2514
vn -0.5273 -0.8252 -0.2026
vn -0.5482 -0.8199 -0.1654
vn -0.5669 -0.8122 -0.1374
vn -0.5827 -0.8043 -0.1165
vn -0.6578 -0.6204 -0.4270
vn -0.5781 -0.6247 -0.5249
vn -0.7173 -0.6058 -0.3441
vn -0.7641 -0.5825 -0.2771
vn -0.8032 -0.5519 -0.2243
vn -0.8364 -0.5166 -0.1830
vn -0.8630 -0.4820 -0.1512
vn -0.7867 -0.3677 -0.4959
vn -0.6891 -0.3856 -0.6135
vn -0.8569 -0.3323 -0.3941
vn -0.9072 -0.2841 -0.3101
vn -0.9430 -0.2277 -0.2428
vn -0.9671 -0.1690 -0.1900
vn -0.9818 -0.1159 -0.1503
vn -0.8414 -0.1665 -0.5141
vn -0.7392 -0.1925 -0.6453
vn -0.9088 -0.1222 -0.3990
vn -0.9503 -0.0668 -0.3041
vn -0.9734 -0.0072 -0.2289
vn -0.9839 0.0496 -0.1716
vn -0.9866 0.0970 -0.1312
vn -0.8600 -0.0492 -0.5079
vn -0.7577 -0.0763 -0.6482
vn -0.9229 -0.0079 -0.3850
vn -0.9577 0.0405 -0.2849
vn -0.9742 0.0895 -0.2074
vn -0.9795 0.1335 -0.1507
vn -0.9792 0.1681 -0.1135
vn -0.1098 -0.9870 -0.1175
vn -0.1083 -0.9900 -0.0899
vn -0.1064 -0.9920 -0.0684
vn -0.1040 -0.9932 -0.0515
vn -0.1011 -0.9941 -0.0389
vn -0.0978 -0.9947 -0.0304
vn -0.0941 -0.9952 -0.0255
vn -0.0901 -0.9957 -0.0236
vn -0.1643 -0.9856 -0.0387
vn -0.3177 -0.9460 -0.0642
vn -0.5929 -0.7990 -0.1009
vn -0.8811 -0.4555 -0.1272
vn -0.9895 -0.0768 -0.1225
vn -0.9859 0.1294 -0.1063
vn -0.9773 0.1899 -0.0945
vn -0.9800 0.1784 -0.0879
vn -0.9811 0.1655 -0.1004
vn -0.9807 0.1425 -0.1335
vn -0.9757 0.1118 -0.1882
vn -0.9611 0.0763 -0.2656
vn -0.9290 0.0395 -0.3680
vn -0.8685 0.0062 -0.4956
vn -0.7663 -0.0181 -0.6422
vn 0.0725 -0.9928 -0.0957
vn 0.0699 -0.9952 -0.0680
vn 0.0421 -0.9973 -0.0603
vn 0.0459 -0.9948 -0.0909
vn 0.0671 -0.9966 -0.0478
vn 0.0397 -0.9984 -0.0402
vn 0.0643 -0.9974 -0.0327
vn 0.0377 -0.9990 -0.0260
vn 0.0615 -0.9979 -0.0216
vn 0.0358 -0.9992 -0.0161
vn 0.0586 -0.9982 -0.0145
vn 0.0340 -0.9994 -0.0098
vn 0.0557 -0.9984 -0.0107
vn 0.0323 -0.9995 -0.0065
vn 0.0202 -0.9982 -0.0569
vn 0.0227 -0.9958 -0.0881
vn 0.0187 -0.9992 -0.0366
vn 0.0176 -0.9996 -0.0228
vn 0.0166 -0.9998 -0.0135
vn 0.0158 -0.9998 -0.0076
vn 0.0150 -0.9999 -0.0044
vn 0.0001 -0.9962 -0.0875
vn -0.0200 -0.9981 -0.0580
vn -0.0223 -0.9958 -0.0890
vn -0.0186 -0.9991 -0.0379
vn -0.0175 -0.9996 -0.0242
vn -0.0166 -0.9998 -0.0149
vn -0.0157 -0.9998 -0.0090
vn -0.0149 -0.9999 -0.0058
vn -0.0414 -0.9972 -0.0625
vn -0.0450 -0.9947 -0.0924
vn -0.0392 -0.9983 -0.0427
vn -0.0373 -0.9989 -0.0288
vn -0.0355 -0.9992 -0.0190
vn -0.0339 -0.9993 -0.0128
vn -0.0322 -0.9994 -0.0094
vn -0.0682 -0.9951 -0.0712
vn -0.0704 -0.9927 -0.0979
vn -0.0658 -0.9965 -0.0517
vn -0.0633 -0.9973 -0.0370
vn -0.0608 -0.9978 -0.0263
vn -0.0582 -0.9981 -0.0193
vn -0.0556 -0.9983 -0.0155
vn 0.0528 -0.9986 -0.0096
vn 0.0305 -0.9995 -0.0058
vn 0.0141 -0.9999 -0.0039
vn -0.0142 -0.9999 -0.0052
vn -0.0306 -0.9995 -0.0087
vn -0.0529 -0.9985 -0.0144
vn -0.7724 0.0137 -0.6350
vn -0.8745 0.0347 -0.4837
vn -0.8788 0.0595 -0.4735
vn -0.7769 0.0409 -0.6283
vn -0.9337 0.0605 -0.3529
vn -0.9369 0.0807 -0.3402
vn -0.9645 0.0876 -0.2493
vn -0.9664 0.1027 -0.2356
vn -0.9785 0.1131 -0.1724
vn -0.9795 0.1238 -0.1589
vn -0.9836 0.1346 -0.1198
vn -0.9839 0.1422 -0.1079
vn -0.9845 0.1503 -0.0904
vn -0.9844 0.1561 -0.0817
vn -0.8813 0.0860 -0.4647
vn -0.7797 0.0691 -0.6223
vn -0.9384 0.1050 -0.3291
vn -0.9667 0.1257 -0.2228
vn -0.9784 0.1469 -0.1456
vn -0.9814 0.1667 -0.0956
vn -0.9805 0.1832 -0.0718
vn -0.8818 0.1163 -0.4570
vn -0.7804 0.1007 -0.6171
vn -0.9383 0.1347 -0.3185
vn -0.9652 0.1565 -0.2094
vn -0.9748 0.1810 -0.1303
vn -0.9752 0.2062 -0.0802
vn -0.9717 0.2292 -0.0580
vn -0.8799 0.1523 -0.4501
vn -0.7784 0.1380 -0.6125
vn -0.9360 0.1703 -0.3081
vn -0.9615 0.1941 -0.1945
vn -0.9682 0.2240 -0.1114
vn -0.9642 0.2587 -0.0585
vn -0.9549 0.2947 -0.0361
vn -0.8741 0.1966 -0.4442
vn -0.7720 0.1846 -0.6082
vn -0.9303 0.2137 -0.2982
vn -0.9544 0.2391 -0.1790
vn -0.9573 0.2753 -0.0886
vn -0.9457 0.3240 -0.0275
vn -0.9246 0.3810 0.0003
vn -0.8614 0.2547 -0.4395
vn -0.7584 0.2459 -0.6036
vn -0.9180 0.2702 -0.2903
vn -0.9406 0.2966 -0.1649
vn -0.9386 0.3390 -0.0645
vn -0.9152 0.4028 0.0110
vn -0.8692 0.4913 0.0567
vn -0.9838 0.1583 -0.0840
vn -0.9832 0.1638 -0.0803
vn -0.9781 0.1942 -0.0748
vn -0.9668 0.2473 -0.0646
vn -0.9442 0.3261 -0.0457
vn -0.9007 0.4343 -0.0113
vn -0.8134 0.5797 0.0479
vn -0.6336 0.7645 0.1190
vn -0.7817 0.6132 0.1137
vn -0.8655 0.4988 0.0460
vn -0.9052 0.4226 -0.0446
vn -0.9142 0.3746 -0.1546
vn -0.8936 0.3469 -0.2848
vn -0.8363 0.3336 -0.4352
vn -0.7326 0.3287 -0.5961
vn 0.9982 0.0589 0.0102
vn 0.9972 0.0721 -0.0177
vn 0.9942 0.0998 -0.0402
vn 0.9959 0.0901 -0.0083
vn 0.9952 0.0876 -0.0442
vn 0.9914 0.1114 -0.0689
vn 0.9924 0.1047 -0.0653
vn 0.9882 0.1246 -0.0895
vn 0.9894 0.1220 -0.0782
vn 0.9854 0.1382 -0.0992
vn 0.9870 0.1378 -0.0823
vn 0.9838 0.1505 -0.0976
vn 0.9856 0.1497 -0.0789
vn 0.9833 0.1595 -0.0873
vn 0.9859 0.1551 -0.0631
vn 0.9886 0.1479 -0.0283
vn 0.9821 0.1637 -0.0927
vn 0.9784 0.1736 -0.1119
vn 0.9760 0.1836 -0.1173
vn 0.9753 0.1920 -0.1097
vn 0.9761 0.1966 -0.0926
vn 0.9675 0.2372 -0.0878
vn 0.9713 0.2320 -0.0517
vn 0.9629 0.2433 -0.1166
vn 0.9591 0.2502 -0.1321
vn 0.9575 0.2565 -0.1315
vn 0.9584 0.2603 -0.1168
vn 0.9614 0.2591 -0.0926
vn 0.9305 0.3475 -0.1159
vn 0.9356 0.3438 -0.0801
vn 0.9254 0.3517 -0.1415
vn 0.9221 0.3565 -0.1505
vn 0.9222 0.3602 -0.1410
vn 0.9258 0.3596 -0.1169
vn 0.9325 0.3513 -0.0844
vn 0.8621 0.4844 -0.1487
vn 0.8685 0.4822 -0.1149
vn 0.8565 0.4877 -0.1689
vn 0.8540 0.4923 -0.1686
vn 0.8560 0.4958 -0.1462
vn 0.8635 0.4927 -0.1081
vn 0.8765 0.4771 -0.0637
vn 0.7479 0.6372 -0.1858
vn 0.7553 0.6367 -0.1552
vn 0.7418 0.6402 -0.1998
vn 0.7391 0.6465 -0.1891
vn 0.7416 0.6536 -0.1510
vn 0.7508 0.6539 -0.0934
vn 0.7693 0.6382 -0.0305
vn 0.9981 0.0490 0.0383
vn 0.5850 0.8110 -0.0061
vn 0.5764 0.8122 -0.0895
vn 0.5740 0.8022 -0.1643
vn 0.5751 0.7895 -0.2144
vn 0.5797 0.7809 -0.2326
vn 0.5866 0.7785 -0.2233
vn 0.5942 0.7801 -0.1959
vn 0.7623 0.6368 -0.1160
vn 0.8740 0.4802 -0.0746
vn 0.9394 0.3405 -0.0400
vn 0.9737 0.2276 -0.0130
vn 0.9898 0.1424 0.0079
vn 0.9963 0.0829 0.0244
vn 0.3064 0.9448 0.1157
vn 0.3315 0.9361 0.1178
vn 0.3895 0.9204 0.0356
vn 0.3582 0.9331 0.0326
vn 0.3682 0.9214 0.1240
vn 0.4368 0.8986 0.0417
vn 0.4163 0.8998 0.1305
vn 0.4984 0.8657 0.0473
vn 0.4796 0.8669 0.1361
vn 0.5763 0.8156 0.0517
vn 0.5605 0.8168 0.1364
vn 0.6679 0.7424 0.0524
vn 0.6588 0.7421 0.1237
vn 0.7635 0.6442 0.0468
vn 0.4224 0.9048 -0.0545
vn 0.3852 0.9210 -0.0574
vn 0.4796 0.8760 -0.0504
vn 0.5526 0.8321 -0.0474
vn 0.6394 0.7675 -0.0457
vn 0.7326 0.6791 -0.0456
vn 0.8185 0.5725 -0.0484
vn 0.4278 0.8920 -0.1464
vn 0.3861 0.9106 -0.1472
vn 0.4920 0.8581 -0.1469
vn 0.5730 0.8059 -0.1491
vn 0.6643 0.7318 -0.1523
vn 0.7556 0.6363 -0.1553
vn 0.8346 0.5277 -0.1582
vn 0.4069 0.8829 -0.2344
vn 0.3633 0.9027 -0.2306
vn 0.4738 0.8465 -0.2428
vn 0.5579 0.7901 -0.2539
vn 0.6505 0.7115 -0.2657
vn 0.7403 0.6131 -0.2756
vn 0.8164 0.5037 -0.2826
vn 0.3641 0.8768 -0.3141
vn 0.3222 0.8967 -0.3036
vn 0.4284 0.8399 -0.3332
vn 0.5097 0.7826 -0.3574
vn 0.5995 0.7030 -0.3827
vn 0.6866 0.6039 -0.4048
vn 0.7609 0.4935 -0.4213
vn 0.3055 0.8720 -0.3826
vn 0.2684 0.8917 -0.3644
vn 0.3620 0.8354 -0.4136
vn 0.4342 0.7786 -0.4530
vn 0.5150 0.6997 -0.4953
vn 0.5946 0.6008 -0.5343
vn 0.6640 0.4894 -0.5654
vn 0.2212 0.9564 0.1908
vn 0.2365 0.9540 0.1842
vn 0.2913 0.9487 0.1231
vn 0.2558 0.9488 0.1854
vn 0.2825 0.9401 0.1906
vn 0.3171 0.9278 0.1966
vn 0.3625 0.9099 0.2016
vn 0.4224 0.8839 0.2008
vn 0.5049 0.8434 0.1836
vn 0.5293 0.4840 -0.6968
vn 0.4713 0.5966 -0.6496
vn 0.4058 0.6955 -0.5930
vn 0.3403 0.7741 -0.5338
vn 0.2826 0.8306 -0.4799
vn 0.2378 0.8670 -0.4378
vn 0.2085 0.8869 -0.4122
vn 0.2545 0.8981 -0.3587
vn 0.1965 0.8933 -0.4043
vn 0.3075 0.9032 -0.2996
vn 0.3486 0.9093 -0.2274
vn 0.3717 0.9172 -0.1436
vn 0.3711 0.9271 -0.0525
vn 0.3438 0.9382 0.0390
vn 0.1515 0.8824 -0.4455
vn 0.1719 0.8621 -0.4767
vn 0.1147 0.8577 -0.5012
vn 0.1027 0.8785 -0.4666
vn 0.2035 0.8252 -0.5270
vn 0.1341 0.8200 -0.5564
vn 0.2447 0.7682 -0.5916
vn 0.1598 0.7622 -0.6274
vn 0.2918 0.6890 -0.6634
vn 0.1893 0.6819 -0.7065
vn 0.3393 0.5892 -0.7333
vn 0.2191 0.5809 -0.7839
vn 0.3817 0.4751 -0.7928
vn 0.2457 0.4656 -0.8502
vn 0.0641 0.8535 -0.5172
vn 0.0597 0.8748 -0.4808
vn 0.0724 0.8150 -0.5749
vn 0.0839 0.7562 -0.6490
vn 0.0973 0.6749 -0.7315
vn 0.1108 0.5728 -0.8121
vn 0.1228 0.4568 -0.8811
vn 0.0155 0.8490 -0.5281
vn 0.0186 0.8708 -0.4912
vn 0.0133 0.8098 -0.5865
vn 0.0114 0.7500 -0.6614
vn 0.0096 0.6677 -0.7444
vn 0.0078 0.5650 -0.8250
vn 0.0060 0.4490 -0.8935
vn -0.0356 0.8443 -0.5347
vn -0.0251 0.8665 -0.4985
vn -0.0486 0.8043 -0.5922
vn -0.0639 0.7435 -0.6657
vn -0.0807 0.6604 -0.7466
vn -0.0975 0.5576 -0.8244
vn -0.1123 0.4424 -0.8898
vn -0.0945 0.8396 -0.5350
vn -0.0759 0.8622 -0.5009
vn -0.1188 0.7988 -0.5897
vn -0.1483 0.7371 -0.6594
vn -0.1807 0.6534 -0.7352
vn -0.2126 0.5509 -0.8071
vn -0.2404 0.4372 -0.8666
vn -0.1666 0.8356 -0.5235
vn -0.1394 0.8585 -0.4935
vn -0.2036 0.7940 -0.5729
vn -0.2484 0.7313 -0.6352
vn -0.2972 0.6471 -0.7021
vn -0.3445 0.5453 -0.7642
vn -0.3851 0.4338 -0.8145
vn 0.1426 0.8889 -0.4354
vn -0.5444 0.4318 -0.7191
vn -0.4924 0.5407 -0.6820
vn -0.4308 0.6418 -0.6345
vn -0.3657 0.7266 -0.5816
vn -0.3050 0.7905 -0.5310
vn -0.2549 0.8332 -0.4908
vn -0.2188 0.8566 -0.4672
vn -0.1265 0.8659 -0.4839
vn -0.2028 0.8642 -0.4606
vn -0.0670 0.8695 -0.4894
vn -0.0200 0.8738 -0.4860
vn 0.0202 0.8779 -0.4784
vn 0.0579 0.8817 -0.4683
vn 0.0973 0.8852 -0.4549
vn -0.3053 0.8566 -0.4159
vn -0.3483 0.8323 -0.4313
vn -0.4287 0.8335 -0.3485
vn -0.3825 0.8587 -0.3410
vn -0.4093 0.7882 -0.4595
vn -0.4957 0.7883 -0.3644
vn -0.4828 0.7227 -0.4946
vn -0.5758 0.7216 -0.3844
vn -0.5599 0.6367 -0.5301
vn -0.6587 0.6350 -0.4037
vn -0.6314 0.5361 -0.5603
vn -0.7337 0.5349 -0.4190
vn -0.6901 0.4297 -0.5823
vn -0.7939 0.4308 -0.4291
vn -0.4834 0.8393 -0.2488
vn -0.4375 0.8646 -0.2471
vn -0.5512 0.7945 -0.2547
vn -0.6321 0.7290 -0.2628
vn -0.7157 0.6438 -0.2707
vn -0.7915 0.5449 -0.2769
vn -0.8517 0.4423 -0.2811
vn -0.5042 0.8520 -0.1409
vn -0.4612 0.8758 -0.1424
vn -0.5684 0.8107 -0.1403
vn -0.6457 0.7504 -0.1413
vn -0.7282 0.6703 -0.1432
vn -0.8059 0.5739 -0.1456
vn -0.8694 0.4711 -0.1489
vn -0.4885 0.8719 -0.0347
vn -0.4502 0.8921 -0.0374
vn -0.5457 0.8374 -0.0305
vn -0.6161 0.7872 -0.0277
vn -0.6963 0.7173 -0.0265
vn -0.7786 0.6269 -0.0277
vn -0.8511 0.5240 -0.0330
vn -0.4397 0.8960 0.0613
vn -0.4073 0.9114 0.0582
vn -0.4875 0.8705 0.0674
vn -0.5478 0.8335 0.0727
vn -0.6220 0.7793 0.0764
vn -0.7069 0.7033 0.0754
vn -0.7925 0.6061 0.0668
vn -0.3660 0.9199 0.1412
vn -0.3403 0.9302 0.1376
vn -0.4029 0.9032 0.1483
vn -0.4504 0.8792 0.1553
vn -0.5121 0.8437 0.1611
vn -0.5898 0.7913 0.1609
vn -0.6823 0.7162 0.1468
vn -0.2881 0.8644 -0.4121
vn -0.5207 0.8282 0.2071
vn -0.4411 0.8693 0.2230
vn -0.3829 0.8966 0.2225
vn -0.3387 0.9158 0.2160
vn -0.3049 0.9293 0.2083
vn -0.2789 0.9391 0.2010
vn -0.2603 0.9452 0.1971
vn -0.3284 0.9343 0.1390
vn -0.2506 0.9477 0.1977
vn -0.3938 0.9172 0.0599
vn -0.4355 0.8995 -0.0356
vn -0.4457 0.8841 -0.1408
vn -0.4212 0.8731 -0.2455
vn -0.3656 0.8669 -0.3389
vn -0.1828 0.9549 0.2339
vn -0.1946 0.9517 0.2373
vn -0.1234 0.9593 0.2540
vn -0.1172 0.9606 0.2520
vn -0.2111 0.9467 0.2433
vn -0.1326 0.9572 0.2572
vn -0.2328 0.9400 0.2494
vn -0.1450 0.9548 0.2595
vn -0.2608 0.9319 0.2520
vn -0.1607 0.9538 0.2538
vn -0.2968 0.9230 0.2449
vn -0.1800 0.9560 0.2316
vn -0.3442 0.9139 0.2151
vn -0.2007 0.9634 0.1778
vn -0.0630 0.9635 0.2601
vn -0.0613 0.9637 0.2599
vn -0.0663 0.9632 0.2604
vn -0.0714 0.9633 0.2587
vn -0.0778 0.9663 0.2455
vn -0.0851 0.9740 0.2099
vn -0.0925 0.9855 0.1423
vn -0.0079 0.9652 0.2615
vn -0.0101 0.9649 0.2624
vn -0.0061 0.9655 0.2602
vn -0.0045 0.9666 0.2564
vn -0.0031 0.9708 0.2397
vn -0.0018 0.9801 0.1987
vn -0.0008 0.9920 0.1260
vn 0.0473 0.9646 0.2596
vn 0.0413 0.9646 0.2606
vn 0.0541 0.9645 0.2587
vn 0.0621 0.9648 0.2556
vn 0.0711 0.9680 0.2408
vn 0.0807 0.9758 0.2033
vn 0.0900 0.9869 0.1339
vn 0.1075 0.9619 0.2514
vn 0.0977 0.9628 0.2518
vn 0.1195 0.9602 0.2525
vn 0.1343 0.9582 0.2526
vn 0.1521 0.9577 0.2443
vn 0.1732 0.9602 0.2190
vn 0.1956 0.9672 0.1622
vn 0.1771 0.9570 0.2298
vn 0.1629 0.9596 0.2294
vn 0.1955 0.9526 0.2332
vn 0.2188 0.9465 0.2370
vn 0.2483 0.9392 0.2370
vn 0.2858 0.9310 0.2271
vn 0.3347 0.9222 0.1938
vn -0.1763 0.9562 0.2336
vn -0.3814 0.9160 0.1248
vn -0.2156 0.9733 0.0788
vn -0.0979 0.9945 0.0373
vn -0.0001 0.9998 0.0185
vn 0.0968 0.9949 0.0278
vn 0.2124 0.9752 0.0616
vn 0.3750 0.9213 0.1031
vn 0.1499 0.9608 0.2333
vn 0.0881 0.9633 0.2537
vn 0.0351 0.9646 0.2615
vn -0.0133 0.9648 0.2627
vn -0.0615 0.9637 0.2597
vn -0.1142 0.9611 0.2515
vn 0.7261 0.0508 0.6857
vn 0.8397 0.0526 0.5405
vn 0.8405 0.0922 0.5339
vn 0.7282 0.0934 0.6790
vn 0.9126 0.0510 0.4056
vn 0.9125 0.0885 0.3994
vn 0.9556 0.0475 0.2910
vn 0.9549 0.0841 0.2847
vn 0.9791 0.0440 0.1986
vn 0.9781 0.0804 0.1919
vn 0.9910 0.0421 0.1270
vn 0.9898 0.0783 0.1191
vn 0.9963 0.0433 0.0744
vn 0.9948 0.0788 0.0642
vn 0.8379 0.1520 0.5242
vn 0.7271 0.1542 0.6690
vn 0.9090 0.1477 0.3897
vn 0.9508 0.1433 0.2746
vn 0.9735 0.1401 0.1810
vn 0.9845 0.1385 0.1072
vn 0.9890 0.1391 0.0506
vn 0.8278 0.2351 0.5094
vn 0.7196 0.2366 0.6528
vn 0.8976 0.2311 0.3755
vn 0.9386 0.2271 0.2596
vn 0.9604 0.2246 0.1647
vn 0.9705 0.2238 0.0899
vn 0.9739 0.2247 0.0319
vn 0.8047 0.3395 0.4871
vn 0.7023 0.3362 0.6276
vn 0.8711 0.3394 0.3549
vn 0.9106 0.3378 0.2383
vn 0.9310 0.3365 0.1415
vn 0.9394 0.3366 0.0655
vn 0.9412 0.3379 0.0064
vn 0.7616 0.4620 0.4544
vn 0.6716 0.4474 0.5905
vn 0.8199 0.4710 0.3256
vn 0.8549 0.4750 0.2086
vn 0.8724 0.4763 0.1097
vn 0.8782 0.4771 0.0324
vn 0.8777 0.4784 -0.0273
vn 0.6865 0.6009 0.4094
vn 0.6212 0.5696 0.5381
vn 0.7301 0.6210 0.2851
vn 0.7567 0.6317 0.1685
vn 0.7689 0.6357 0.0682
vn 0.7711 0.6367 -0.0096
vn 0.7679 0.6368 -0.0690
vn 0.7224 0.0192 0.6912
vn 0.8376 0.0275 0.5456
vn 0.9117 0.0306 0.4098
vn 0.9551 0.0301 0.2946
vn 0.9789 0.0282 0.2026
vn 0.9908 0.0275 0.1324
vn 0.9961 0.0303 0.0826
vn 0.1018 -0.9875 0.1206
vn 0.1062 -0.9904 0.0887
vn 0.2177 -0.9623 0.1633
vn 0.1979 -0.9556 0.2181
vn 0.1073 -0.9922 0.0631
vn 0.2260 -0.9671 0.1166
vn 0.1073 -0.9933 0.0423
vn 0.2283 -0.9704 0.0792
vn 0.1066 -0.9940 0.0259
vn 0.2272 -0.9725 0.0506
vn 0.1060 -0.9943 0.0140
vn 0.2251 -0.9739 0.0306
vn 0.1062 -0.9943 0.0057
vn 0.2240 -0.9744 0.0176
vn 0.4130 -0.8622 0.2933
vn 0.3584 -0.8538 0.3775
vn 0.4435 -0.8700 0.2153
vn 0.4564 -0.8771 0.1498
vn 0.4582 -0.8833 0.0996
vn 0.4555 -0.8879 0.0643
vn 0.4535 -0.8903 0.0425
vn 0.6419 -0.6265 0.4421
vn 0.5446 -0.6284 0.5554
vn 0.7034 -0.6288 0.3314
vn 0.7350 -0.6357 0.2359
vn 0.7472 -0.6448 0.1611
vn 0.7498 -0.6528 0.1080
vn 0.7508 -0.6562 0.0752
vn 0.7826 -0.3268 0.5298
vn 0.6637 -0.3444 0.6640
vn 0.8600 -0.3178 0.3993
vn 0.9038 -0.3176 0.2870
vn 0.9254 -0.3227 0.1986
vn 0.9351 -0.3277 0.1347
vn 0.9401 -0.3274 0.0946
vn 0.8262 -0.1143 0.5517
vn 0.7058 -0.1365 0.6952
vn 0.9042 -0.1014 0.4150
vn 0.9494 -0.0969 0.2987
vn 0.9735 -0.0974 0.2070
vn 0.9853 -0.0980 0.1397
vn 0.9909 -0.0939 0.0959
vn 0.8349 -0.0117 0.5502
vn 0.7175 -0.0285 0.6960
vn 0.9106 -0.0025 0.4134
vn 0.9548 0.0007 0.2974
vn 0.9787 0.0007 0.2055
vn 0.9906 0.0012 0.1367
vn 0.9959 0.0056 0.0900
vn -0.1585 -0.9867 -0.0363
vn -0.1517 -0.9879 -0.0333
vn -0.3044 -0.9513 -0.0487
vn -0.3126 -0.9482 -0.0572
vn -0.1443 -0.9891 -0.0294
vn -0.2940 -0.9550 -0.0387
vn -0.1368 -0.9903 -0.0247
vn -0.2824 -0.9589 -0.0281
vn -0.1297 -0.9914 -0.0193
vn -0.2708 -0.9625 -0.0178
vn -0.1233 -0.9923 -0.0136
vn -0.2604 -0.9655 -0.0084
vn -0.1182 -0.9930 -0.0079
vn -0.2523 -0.9677 -0.0005
vn -0.5906 -0.8041 -0.0677
vn -0.5956 -0.7987 -0.0860
vn -0.5795 -0.8136 -0.0470
vn -0.5642 -0.8253 -0.0261
vn -0.5470 -0.8371 -0.0073
vn -0.5306 -0.8476 0.0078
vn -0.5173 -0.8556 0.0187
vn -0.8916 -0.4461 -0.0777
vn -0.8903 -0.4432 -0.1046
vn -0.8862 -0.4608 -0.0475
vn -0.8754 -0.4830 -0.0174
vn -0.8609 -0.5086 0.0091
vn -0.8452 -0.5336 0.0295
vn -0.8310 -0.5546 0.0431
vn -0.9958 -0.0563 -0.0723
vn -0.9934 -0.0571 -0.0990
vn -0.9966 -0.0704 -0.0423
vn -0.9954 -0.0949 -0.0119
vn -0.9920 -0.1255 0.0155
vn -0.9868 -0.1579 0.0371
vn -0.9809 -0.1877 0.0519
vn -0.9873 0.1436 -0.0680
vn -0.9856 0.1444 -0.0883
vn -0.9904 0.1306 -0.0442
vn -0.9939 0.1089 -0.0188
vn -0.9967 0.0814 0.0056
vn -0.9983 0.0516 0.0266
vn -0.9988 0.0226 0.0426
vn -0.9783 0.1939 -0.0723
vn -0.9766 0.1979 -0.0844
vn -0.9819 0.1809 -0.0560
vn -0.9862 0.1613 -0.0363
vn -0.9904 0.1375 -0.0148
vn -0.9937 0.1118 0.0061
vn -0.9960 0.0863 0.0245
vn -0.0858 -0.9960 -0.0232
vn -0.0813 -0.9964 -0.0227
vn -0.0766 -0.9968 -0.0214
vn -0.0720 -0.9972 -0.0194
vn -0.0677 -0.9976 -0.0164
vn -0.0638 -0.9979 -0.0127
vn -0.0606 -0.9981 -0.0087
vn -0.9968 0.0801 0.0025
vn -0.9946 0.1017 -0.0189
vn -0.9915 0.1234 -0.0404
vn -0.9878 0.1438 -0.0595
vn -0.9841 0.1614 -0.0739
vn -0.9812 0.1745 -0.0827
vn -0.9797 0.1809 -0.0861
vn -0.3836 0.9235 0.0032
vn -0.3866 0.9169 -0.0992
vn -0.2289 0.9626 -0.1449
vn -0.2226 0.9741 -0.0399
vn -0.3914 0.9005 -0.1893
vn -0.2362 0.9448 -0.2272
vn -0.3964 0.8824 -0.2535
vn -0.2430 0.9286 -0.2806
vn -0.4024 0.8699 -0.2851
vn -0.2496 0.9197 -0.3032
vn -0.4097 0.8655 -0.2883
vn -0.2559 0.9189 -0.3001
vn -0.4177 0.8669 -0.2720
vn -0.2616 0.9235 -0.2805
vn -0.1049 0.9769 -0.1862
vn -0.1012 0.9914 -0.0829
vn -0.1096 0.9594 -0.2598
vn -0.1143 0.9465 -0.3018
vn -0.1188 0.9417 -0.3148
vn -0.1225 0.9444 -0.3052
vn -0.1256 0.9512 -0.2819
vn 0.0005 0.9790 -0.2041
vn 0.0003 0.9948 -0.1023
vn 0.0005 0.9620 -0.2730
vn 0.0005 0.9510 -0.3092
vn 0.0004 0.9484 -0.3170
vn 0.0003 0.9529 -0.3034
vn 0.0002 0.9607 -0.2776
vn 0.1055 0.9757 -0.1918
vn 0.1012 0.9907 -0.0915
vn 0.1105 0.9589 -0.2613
vn 0.1153 0.9473 -0.2990
vn 0.1197 0.9439 -0.3078
vn 0.1233 0.9477 -0.2943
vn 0.1261 0.9552 -0.2679
vn 0.2286 0.9611 -0.1552
vn 0.2210 0.9737 -0.0556
vn 0.2368 0.9440 -0.2299
vn 0.2442 0.9300 -0.2747
vn 0.2510 0.9239 -0.2887
vn 0.2571 0.9255 -0.2781
vn 0.2622 0.9315 -0.2522
vn 0.3851 0.9159 -0.1129
vn 0.3800 0.9248 -0.0168
vn 0.3915 0.8998 -0.1925
vn 0.3977 0.8845 -0.2441
vn 0.4044 0.8760 -0.2630
vn 0.4115 0.8751 -0.2547
vn 0.4183 0.8790 -0.2289
vn -0.5905 0.8069 0.0155
vn -0.5790 0.8119 -0.0744
vn -0.5745 0.8024 -0.1615
vn -0.5738 0.7868 -0.2276
vn -0.5771 0.7735 -0.2621
vn -0.5841 0.7662 -0.2678
vn -0.5937 0.7639 -0.2529
vn 0.0498 -0.9987 -0.0102
vn 0.0469 -0.9988 -0.0109
vn 0.0271 -0.9996 -0.0076
vn 0.0288 -0.9996 -0.0066
vn 0.0440 -0.9990 -0.0112
vn 0.0255 -0.9996 -0.0082
vn 0.0412 -0.9991 -0.0109
vn 0.0239 -0.9997 -0.0083
vn 0.0386 -0.9992 -0.0098
vn 0.0225 -0.9997 -0.0077
vn 0.0363 -0.9993 -0.0080
vn 0.0212 -0.9998 -0.0065
vn 0.0344 -0.9994 -0.0057
vn 0.0201 -0.9998 -0.0048
vn 0.0126 -0.9999 -0.0058
vn 0.0133 -0.9999 -0.0048
vn 0.0118 -0.9999 -0.0065
vn 0.0111 -0.9999 -0.0068
vn 0.0104 -0.9999 -0.0065
vn 0.0098 -0.9999 -0.0056
vn 0.0094 -0.9999 -0.0043
vn -0.0126 -0.9999 -0.0071
vn -0.0134 -0.9999 -0.0061
vn -0.0119 -0.9999 -0.0077
vn -0.0112 -0.9999 -0.0078
vn -0.0105 -0.9999 -0.0073
vn -0.0099 -0.9999 -0.0062
vn -0.0095 -0.9999 -0.0047
vn -0.0273 -0.9996 -0.0102
vn -0.0289 -0.9995 -0.0094
vn -0.0257 -0.9996 -0.0106
vn -0.0242 -0.9997 -0.0103
vn -0.0227 -0.9997 -0.0094
vn -0.0215 -0.9997 -0.0078
vn -0.0204 -0.9998 -0.0058
vn -0.0473 -0.9988 -0.0153
vn -0.0501 -0.9986 -0.0149
vn -0.0446 -0.9989 -0.0151
vn -0.0419 -0.9990 -0.0143
vn -0.0393 -0.9991 -0.0126
vn -0.0371 -0.9993 -0.0102
vn -0.0352 -0.9994 -0.0073
vn -0.9833 0.1582 -0.0900
vn -0.9840 0.1511 -0.0946
vn -0.9816 0.1591 -0.1054
vn -0.9820 0.1645 -0.0932
vn -0.9859 0.1390 -0.0931
vn -0.9826 0.1491 -0.1109
vn -0.9888 0.1235 -0.0839
vn -0.9849 0.1360 -0.1073
vn -0.9921 0.1061 -0.0673
vn -0.9882 0.1212 -0.0939
vn -0.9951 0.0880 -0.0454
vn -0.9917 0.1058 -0.0726
vn -0.9973 0.0699 -0.0214
vn -0.9948 0.0901 -0.0472
vn -0.9738 0.1969 -0.1133
vn -0.9756 0.1987 -0.0938
vn -0.9736 0.1901 -0.1265
vn -0.9752 0.1797 -0.1295
vn -0.9785 0.1673 -0.1206
vn -0.9829 0.1539 -0.1013
vn -0.9873 0.1400 -0.0756
vn -0.9580 0.2622 -0.1164
vn -0.9619 0.2584 -0.0893
vn -0.9558 0.2596 -0.1383
vn -0.9560 0.2522 -0.1499
vn -0.9589 0.2421 -0.1478
vn -0.9640 0.2306 -0.1322
vn -0.9700 0.2182 -0.1076
vn -0.9265 0.3591 -0.1124
vn -0.9344 0.3479 -0.0765
vn -0.9213 0.3607 -0.1453
vn -0.9194 0.3555 -0.1684
vn -0.9214 0.3468 -0.1756
vn -0.9269 0.3367 -0.1658
vn -0.9344 0.3260 -0.1435
vn -0.8656 0.4908 -0.0990
vn -0.8803 0.4717 -0.0505
vn -0.8562 0.4951 -0.1479
vn -0.8519 0.4896 -0.1861
vn -0.8529 0.4804 -0.2046
vn -0.8587 0.4712 -0.2017
vn -0.8677 0.4624 -0.1826
vn -0.7538 0.6522 -0.0801
vn -0.7749 0.6320 -0.0116
vn -0.7424 0.6530 -0.1500
vn -0.7376 0.6434 -0.2051
vn -0.7387 0.6320 -0.2343
vn -0.7449 0.6234 -0.2375
vn -0.7548 0.6175 -0.2213
vt 0.451214 0.172433
vt 0.471021 0.172330
vt 0.471021 0.181926
vt 0.451214 0.182012
vt 0.493145 0.172051
vt 0.493145 0.181689
vt 0.517200 0.171508
vt 0.517200 0.181230
vt 0.542798 0.170596
vt 0.542798 0.180480
vt 0.569556 0.169146
vt 0.569555 0.179412
vt 0.597085 0.167001
vt 0.597085 0.178037
vt 0.471021 0.192964
vt 0.451214 0.193041
vt 0.493145 0.192756
vt 0.517200 0.192350
vt 0.542799 0.191700
vt 0.569556 0.190841
vt 0.597085 0.189831
vt 0.471021 0.205585
vt 0.451214 0.205671
vt 0.493145 0.205353
vt 0.517200 0.204902
vt 0.542798 0.204181
vt 0.569556 0.203241
vt 0.597085 0.202154
vt 0.471021 0.219934
vt 0.451214 0.220055
vt 0.493145 0.219606
vt 0.517200 0.218968
vt 0.542799 0.217945
vt 0.569556 0.216587
vt 0.597085 0.214980
vt 0.471021 0.236181
vt 0.451214 0.236350
vt 0.493145 0.235721
vt 0.517200 0.234825
vt 0.542798 0.233364
vt 0.569556 0.231270
vt 0.597085 0.228555
vt 0.471021 0.254500
vt 0.451214 0.254712
vt 0.493145 0.253923
vt 0.517200 0.252801
vt 0.542799 0.250916
vt 0.569556 0.247916
vt 0.597085 0.243472
vt 0.434109 0.164167
vt 0.451214 0.164151
vt 0.434109 0.172448
vt 0.471021 0.164040
vt 0.493145 0.163739
vt 0.517200 0.163152
vt 0.542799 0.162153
vt 0.569556 0.160488
vt 0.597085 0.157745
vt 0.625000 0.151989
vt 0.625000 0.164240
vt 0.625000 0.176491
vt 0.625000 0.188743
vt 0.625000 0.200994
vt 0.625000 0.213246
vt 0.625000 0.225497
vt 0.625000 0.237749
vt 0.625000 0.250000
vt 0.597085 0.261973
vt 0.569556 0.267679
vt 0.542798 0.271143
vt 0.517200 0.273221
vt 0.493145 0.274441
vt 0.471021 0.275068
vt 0.451214 0.275298
vt 0.434109 0.254742
vt 0.434109 0.275331
vt 0.434109 0.236374
vt 0.434109 0.220072
vt 0.434109 0.205683
vt 0.434109 0.193052
vt 0.434109 0.182025
vt 0.451214 0.298141
vt 0.471021 0.297929
vt 0.471021 0.322610
vt 0.451214 0.322768
vt 0.493145 0.297357
vt 0.493145 0.322179
vt 0.517200 0.296241
vt 0.517200 0.321340
vt 0.542798 0.294367
vt 0.542798 0.319969
vt 0.569556 0.291382
vt 0.569555 0.317992
vt 0.597085 0.286955
vt 0.597085 0.315413
vt 0.471021 0.348502
vt 0.451214 0.348586
vt 0.493145 0.348272
vt 0.517200 0.347824
vt 0.542799 0.347105
vt 0.569556 0.346143
vt 0.597085 0.344995
vt 0.471021 0.375000
vt 0.451214 0.375000
vt 0.493145 0.375000
vt 0.517200 0.375000
vt 0.542798 0.375000
vt 0.569556 0.375000
vt 0.597085 0.375000
vt 0.471020 0.401498
vt 0.451213 0.401414
vt 0.493141 0.401728
vt 0.517191 0.402177
vt 0.542782 0.402895
vt 0.569537 0.403857
vt 0.597072 0.405005
vt 0.471012 0.427391
vt 0.451212 0.427232
vt 0.493115 0.427821
vt 0.517128 0.428660
vt 0.542670 0.430031
vt 0.569403 0.432008
vt 0.596985 0.434587
vt 0.470991 0.452071
vt 0.451210 0.451860
vt 0.493043 0.452643
vt 0.516958 0.453759
vt 0.542357 0.455633
vt 0.568985 0.458619
vt 0.596627 0.463047
vt 0.434109 0.298171
vt 0.625000 0.281250
vt 0.625000 0.312500
vt 0.625000 0.343750
vt 0.625000 0.375000
vt 0.625000 0.406250
vt 0.625000 0.437500
vt 0.625000 0.468750
vt 0.625000 0.500000
vt 0.595024 0.488045
vt 0.567879 0.482328
vt 0.541712 0.478858
vt 0.516627 0.476780
vt 0.492904 0.475559
vt 0.470950 0.474932
vt 0.451205 0.474702
vt 0.434109 0.451829
vt 0.434109 0.474669
vt 0.434109 0.427209
vt 0.434109 0.401401
vt 0.434109 0.375000
vt 0.434109 0.348599
vt 0.434109 0.322791
vt 0.451222 0.650275
vt 0.471089 0.650274
vt 0.471088 0.662208
vt 0.451222 0.662214
vt 0.493375 0.650272
vt 0.493370 0.662192
vt 0.517743 0.650268
vt 0.517733 0.662162
vt 0.543860 0.650262
vt 0.543842 0.662113
vt 0.571391 0.650255
vt 0.571362 0.662055
vt 0.600001 0.650248
vt 0.599964 0.661997
vt 0.471084 0.675809
vt 0.451221 0.675829
vt 0.493359 0.675756
vt 0.517706 0.675652
vt 0.543791 0.675488
vt 0.571285 0.675291
vt 0.599865 0.675094
vt 0.471078 0.691113
vt 0.451221 0.691159
vt 0.493337 0.690986
vt 0.517654 0.690739
vt 0.543691 0.690352
vt 0.571134 0.689885
vt 0.599672 0.689418
vt 0.471068 0.708157
vt 0.451219 0.708246
vt 0.493302 0.707918
vt 0.517572 0.707451
vt 0.543535 0.706716
vt 0.570891 0.705805
vt 0.599351 0.704860
vt 0.471055 0.726996
vt 0.451218 0.727130
vt 0.493260 0.726632
vt 0.517472 0.725922
vt 0.543341 0.724778
vt 0.570558 0.723214
vt 0.598849 0.721370
vt 0.471043 0.747685
vt 0.451216 0.747856
vt 0.493218 0.747220
vt 0.517373 0.746313
vt 0.543140 0.744801
vt 0.570165 0.742446
vt 0.598145 0.739134
vt 0.434109 0.639971
vt 0.451222 0.639971
vt 0.434109 0.650275
vt 0.471089 0.639971
vt 0.493375 0.639971
vt 0.517745 0.639971
vt 0.543863 0.639971
vt 0.571395 0.639971
vt 0.600006 0.639971
vt 0.629360 0.639971
vt 0.629355 0.650242
vt 0.629315 0.661948
vt 0.629207 0.674931
vt 0.628997 0.689031
vt 0.628640 0.704069
vt 0.628049 0.719785
vt 0.627082 0.735802
vt 0.625000 0.750000
vt 0.597436 0.759783
vt 0.569828 0.764329
vt 0.542972 0.767107
vt 0.517290 0.768785
vt 0.493183 0.769772
vt 0.471033 0.770279
vt 0.451215 0.770466
vt 0.434109 0.747881
vt 0.434109 0.770492
vt 0.434109 0.727150
vt 0.434109 0.708258
vt 0.434109 0.691166
vt 0.434109 0.675832
vt 0.434109 0.662215
vt 0.451175 0.794954
vt 0.470995 0.794782
vt 0.470776 0.820992
vt 0.450899 0.821126
vt 0.493141 0.794317
vt 0.492988 0.820627
vt 0.517227 0.793411
vt 0.517125 0.819918
vt 0.542864 0.791889
vt 0.542783 0.818760
vt 0.569646 0.789469
vt 0.569569 0.817096
vt 0.597159 0.785882
vt 0.597099 0.814936
vt 0.470189 0.848652
vt 0.450150 0.848740
vt 0.492598 0.848413
vt 0.516912 0.847946
vt 0.542679 0.847198
vt 0.569522 0.846204
vt 0.597082 0.845025
vt 0.469048 0.877508
vt 0.448693 0.877555
vt 0.491848 0.877382
vt 0.516513 0.877135
vt 0.542509 0.876741
vt 0.569470 0.876227
vt 0.597074 0.875634
vt 0.467186 0.907308
vt 0.446247 0.907328
vt 0.490646 0.907255
vt 0.515881 0.907151
vt 0.542242 0.906985
vt 0.569391 0.906768
vt 0.597064 0.906517
vt 0.464511 0.937814
vt 0.442351 0.937819
vt 0.489047 0.937798
vt 0.515055 0.937767
vt 0.541894 0.937718
vt 0.569287 0.937653
vt 0.597051 0.937579
vt 0.461038 0.968789
vt 0.436578 0.968790
vt 0.487151 0.968787
vt 0.514100 0.968783
vt 0.541491 0.968777
vt 0.569168 0.968769
vt 0.597036 0.968760
vt 0.434066 0.794978
vt 0.625000 0.781250
vt 0.625000 0.812500
vt 0.625000 0.843750
vt 0.625000 0.875000
vt 0.625000 0.906250
vt 0.625000 0.937500
vt 0.625000 0.968750
vt 0.625000 1.000000
vt 0.597020 1.000000
vt 0.569041 1.000000
vt 0.541061 1.000000
vt 0.513081 1.000000
vt 0.485102 1.000000
vt 0.457122 1.000000
vt 0.429142 1.000000
vt 0.416735 0.968790
vt 0.401163 1.000000
vt 0.424156 0.937820
vt 0.428661 0.907331
vt 0.431363 0.877562
vt 0.432950 0.848753
vt 0.433765 0.821145
vt 0.156177 0.642676
vt 0.186919 0.645657
vt 0.186929 0.658532
vt 0.156179 0.656738
vt 0.216788 0.647670
vt 0.216824 0.659914
vt 0.245349 0.648933
vt 0.245434 0.660876
vt 0.272165 0.649686
vt 0.272326 0.661466
vt 0.296796 0.650073
vt 0.297041 0.661774
vt 0.318802 0.650218
vt 0.319115 0.661901
vt 0.186958 0.672634
vt 0.156182 0.671655
vt 0.216921 0.673460
vt 0.245665 0.674081
vt 0.272762 0.674471
vt 0.297704 0.674690
vt 0.319962 0.674817
vt 0.187014 0.687496
vt 0.156189 0.687003
vt 0.217111 0.687923
vt 0.246114 0.688250
vt 0.273611 0.688461
vt 0.298996 0.688613
vt 0.321612 0.688779
vt 0.187104 0.702788
vt 0.156200 0.702580
vt 0.217413 0.702968
vt 0.246830 0.703106
vt 0.274972 0.703204
vt 0.301104 0.703333
vt 0.324381 0.703582
vt 0.187221 0.718366
vt 0.156215 0.718304
vt 0.217807 0.718419
vt 0.247766 0.718460
vt 0.276783 0.718500
vt 0.304133 0.718612
vt 0.328787 0.718933
vt 0.187356 0.734135
vt 0.156232 0.734127
vt 0.218263 0.734142
vt 0.248846 0.734147
vt 0.278929 0.734159
vt 0.308066 0.734226
vt 0.335317 0.734502
vt 0.125000 0.622954
vt 0.156177 0.630997
vt 0.125000 0.638835
vt 0.186917 0.634831
vt 0.216783 0.637157
vt 0.245337 0.638553
vt 0.272142 0.639373
vt 0.296761 0.639794
vt 0.318758 0.639949
vt 0.337694 0.639971
vt 0.337742 0.650242
vt 0.338082 0.661948
vt 0.339005 0.674931
vt 0.340803 0.689031
vt 0.343857 0.704069
vt 0.348915 0.719785
vt 0.357191 0.735802
vt 0.375000 0.750000
vt 0.343750 0.750000
vt 0.312500 0.750000
vt 0.281250 0.750000
vt 0.250000 0.750000
vt 0.218750 0.750000
vt 0.187500 0.750000
vt 0.156250 0.750000
vt 0.125000 0.734119
vt 0.125000 0.750000
vt 0.125000 0.718239
vt 0.125000 0.702358
vt 0.125000 0.686477
vt 0.125000 0.670596
vt 0.125000 0.654716
vt 0.659166 0.650218
vt 0.689335 0.650073
vt 0.689307 0.661774
vt 0.659129 0.661901
vt 0.719812 0.649686
vt 0.719793 0.661466
vt 0.750544 0.648933
vt 0.750534 0.660875
vt 0.781480 0.647669
vt 0.781475 0.659914
vt 0.812568 0.645657
vt 0.812567 0.658532
vt 0.843759 0.642676
vt 0.843758 0.656738
vt 0.689229 0.674690
vt 0.659030 0.674816
vt 0.719742 0.674471
vt 0.750507 0.674081
vt 0.781464 0.673460
vt 0.812563 0.672634
vt 0.843758 0.671655
vt 0.689079 0.688613
vt 0.658838 0.688779
vt 0.719643 0.688461
vt 0.750454 0.688250
vt 0.781442 0.687923
vt 0.812557 0.687496
vt 0.843757 0.687003
vt 0.688832 0.703333
vt 0.658514 0.703582
vt 0.719484 0.703204
vt 0.750371 0.703106
vt 0.781406 0.702968
vt 0.812546 0.702788
vt 0.843756 0.702580
vt 0.688478 0.718612
vt 0.657999 0.718933
vt 0.719272 0.718500
vt 0.750261 0.718460
vt 0.781360 0.718419
vt 0.812533 0.718366
vt 0.843754 0.718304
vt 0.688018 0.734226
vt 0.657236 0.734502
vt 0.719021 0.734159
vt 0.750135 0.734147
vt 0.781307 0.734142
vt 0.812517 0.734135
vt 0.843752 0.734127
vt 0.659171 0.639949
vt 0.689340 0.639794
vt 0.719815 0.639373
vt 0.750545 0.638553
vt 0.781480 0.637157
vt 0.812568 0.634831
vt 0.843759 0.630997
vt 0.875000 0.622954
vt 0.875000 0.638835
vt 0.875000 0.654716
vt 0.875000 0.670596
vt 0.875000 0.686477
vt 0.875000 0.702358
vt 0.875000 0.718239
vt 0.875000 0.734119
vt 0.875000 0.750000
vt 0.843750 0.750000
vt 0.812500 0.750000
vt 0.781250 0.750000
vt 0.750000 0.750000
vt 0.718750 0.750000
vt 0.687500 0.750000
vt 0.656250 0.750000
vt 0.377698 0.785882
vt 0.381272 0.789469
vt 0.381838 0.817096
vt 0.378198 0.814936
vt 0.385944 0.791889
vt 0.386338 0.818760
vt 0.391861 0.793411
vt 0.392017 0.819918
vt 0.399237 0.794317
vt 0.399192 0.820627
vt 0.408449 0.794782
vt 0.408262 0.820992
vt 0.419919 0.794954
vt 0.419647 0.821126
vt 0.381994 0.846204
vt 0.378313 0.845025
vt 0.386404 0.847199
vt 0.391898 0.847946
vt 0.398843 0.848413
vt 0.407687 0.848652
vt 0.418900 0.848740
vt 0.381970 0.876228
vt 0.378324 0.875634
vt 0.386259 0.876741
vt 0.391513 0.877135
vt 0.398098 0.877382
vt 0.406548 0.877508
vt 0.417443 0.877555
vt 0.381891 0.906768
vt 0.378314 0.906517
vt 0.385992 0.906985
vt 0.390881 0.907151
vt 0.396896 0.907255
vt 0.404686 0.907308
vt 0.414997 0.907328
vt 0.381787 0.937654
vt 0.378301 0.937579
vt 0.385644 0.937718
vt 0.390055 0.937767
vt 0.395297 0.937798
vt 0.402011 0.937814
vt 0.411101 0.937819
vt 0.381668 0.968769
vt 0.378286 0.968760
vt 0.385241 0.968777
vt 0.389100 0.968783
vt 0.393401 0.968787
vt 0.398538 0.968789
vt 0.405328 0.968790
vt 0.375332 0.759783
vt 0.375000 0.781250
vt 0.379724 0.764329
vt 0.385067 0.767107
vt 0.391422 0.768785
vt 0.399067 0.769772
vt 0.408424 0.770279
vt 0.419951 0.770466
vt 0.397892 1.000000
vt 0.394622 1.000000
vt 0.391352 1.000000
vt 0.388081 1.000000
vt 0.384811 1.000000
vt 0.381541 1.000000
vt 0.378270 1.000000
vt 0.375000 0.968750
vt 0.375000 1.000000
vt 0.375000 0.937500
vt 0.375000 0.906250
vt 0.375000 0.875000
vt 0.375000 0.843750
vt 0.375000 0.812500
vt 0.353387 0.650248
vt 0.366352 0.650255
vt 0.366596 0.662055
vt 0.353699 0.661996
vt 0.377463 0.650262
vt 0.377624 0.662113
vt 0.387548 0.650268
vt 0.387634 0.662162
vt 0.397433 0.650272
vt 0.397469 0.662192
vt 0.407940 0.650274
vt 0.407950 0.662208
vt 0.419891 0.650275
vt 0.419892 0.662214
vt 0.367260 0.675291
vt 0.354546 0.675094
vt 0.378060 0.675488
vt 0.387864 0.675652
vt 0.397566 0.675756
vt 0.407979 0.675809
vt 0.419896 0.675829
vt 0.368551 0.689885
vt 0.356196 0.689418
vt 0.378910 0.690352
vt 0.388314 0.690739
vt 0.397756 0.690986
vt 0.408035 0.691113
vt 0.419903 0.691159
vt 0.370634 0.705805
vt 0.358949 0.704859
vt 0.380249 0.706716
vt 0.389018 0.707451
vt 0.398053 0.707918
vt 0.408123 0.708157
vt 0.419914 0.708246
vt 0.373482 0.723214
vt 0.363237 0.721370
vt 0.381906 0.724778
vt 0.389868 0.725922
vt 0.398412 0.726632
vt 0.408230 0.726996
vt 0.419927 0.727131
vt 0.376840 0.742446
vt 0.369265 0.739134
vt 0.383628 0.744801
vt 0.390718 0.746313
vt 0.398770 0.747220
vt 0.408336 0.747685
vt 0.419940 0.747856
vt 0.353342 0.639971
vt 0.366317 0.639971
vt 0.377440 0.639971
vt 0.387536 0.639971
vt 0.397428 0.639971
vt 0.407938 0.639971
vt 0.419891 0.639971
vt 0.378335 0.286955
vt 0.382056 0.291382
vt 0.382055 0.317992
vt 0.378335 0.315413
vt 0.386548 0.294367
vt 0.386548 0.319969
vt 0.392200 0.296241
vt 0.392200 0.321340
vt 0.399395 0.297357
vt 0.399395 0.322179
vt 0.408521 0.297929
vt 0.408521 0.322609
vt 0.419964 0.298140
vt 0.419964 0.322768
vt 0.382056 0.346143
vt 0.378335 0.344995
vt 0.386548 0.347105
vt 0.392200 0.347823
vt 0.399395 0.348272
vt 0.408521 0.348502
vt 0.419964 0.348586
vt 0.382055 0.375000
vt 0.378335 0.375000
vt 0.386548 0.375000
vt 0.392200 0.375000
vt 0.399395 0.375000
vt 0.408521 0.375000
vt 0.419964 0.375000
vt 0.382030 0.403857
vt 0.378318 0.405005
vt 0.386527 0.402895
vt 0.392187 0.402176
vt 0.399390 0.401728
vt 0.408520 0.401498
vt 0.419963 0.401414
vt 0.381849 0.432008
vt 0.378200 0.434587
vt 0.386374 0.430031
vt 0.392103 0.428660
vt 0.399354 0.427821
vt 0.408509 0.427391
vt 0.419962 0.427232
vt 0.381274 0.458614
vt 0.377698 0.463036
vt 0.385949 0.455632
vt 0.391872 0.453759
vt 0.399257 0.452643
vt 0.408480 0.452071
vt 0.419958 0.451860
vt 0.375000 0.250000
vt 0.378335 0.261973
vt 0.375000 0.281250
vt 0.382055 0.267679
vt 0.386548 0.271143
vt 0.392200 0.273221
vt 0.399395 0.274441
vt 0.408521 0.275068
vt 0.419964 0.275298
vt 0.419951 0.474702
vt 0.408424 0.474932
vt 0.399067 0.475559
vt 0.391422 0.476780
vt 0.385067 0.478853
vt 0.379724 0.482288
vt 0.375332 0.487907
vt 0.375000 0.468750
vt 0.375000 0.500000
vt 0.375000 0.437500
vt 0.375000 0.406250
vt 0.375000 0.375000
vt 0.375000 0.343750
vt 0.375000 0.312500
vt 0.378335 0.167001
vt 0.382056 0.169146
vt 0.382055 0.179412
vt 0.378335 0.178037
vt 0.386548 0.170596
vt 0.386548 0.180480
vt 0.392200 0.171508
vt 0.392200 0.181230
vt 0.399395 0.172051
vt 0.399395 0.181689
vt 0.408521 0.172330
vt 0.408521 0.181926
vt 0.419964 0.172433
vt 0.419964 0.182013
vt 0.382056 0.190841
vt 0.378335 0.189831
vt 0.386548 0.191700
vt 0.392200 0.192350
vt 0.399395 0.192756
vt 0.408521 0.192964
vt 0.419964 0.193041
vt 0.382055 0.203241
vt 0.378335 0.202154
vt 0.386548 0.204181
vt 0.392200 0.204902
vt 0.399395 0.205353
vt 0.408521 0.205585
vt 0.419964 0.205671
vt 0.382056 0.216587
vt 0.378335 0.214980
vt 0.386548 0.217945
vt 0.392200 0.218968
vt 0.399395 0.219606
vt 0.408521 0.219934
vt 0.419964 0.220055
vt 0.382055 0.231270
vt 0.378335 0.228555
vt 0.386548 0.233364
vt 0.392200 0.234825
vt 0.399395 0.235721
vt 0.408521 0.236181
vt 0.419964 0.236350
vt 0.382056 0.247916
vt 0.378335 0.243472
vt 0.386548 0.250916
vt 0.392200 0.252801
vt 0.399395 0.253923
vt 0.408521 0.254500
vt 0.419964 0.254712
vt 0.375000 0.151989
vt 0.378335 0.157745
vt 0.375000 0.164240
vt 0.382055 0.160488
vt 0.386548 0.162153
vt 0.392200 0.163152
vt 0.399395 0.163739
vt 0.408521 0.164040
vt 0.419964 0.164151
vt 0.375000 0.237749
vt 0.375000 0.225497
vt 0.375000 0.213246
vt 0.375000 0.200994
vt 0.375000 0.188743
vt 0.375000 0.176491
vt 0.378335 0.126329
vt 0.382056 0.123353
vt 0.382055 0.129556
vt 0.378335 0.131306
vt 0.386548 0.121345
vt 0.386548 0.128213
vt 0.392200 0.120085
vt 0.392200 0.127280
vt 0.399395 0.119335
vt 0.399395 0.126709
vt 0.408521 0.118950
vt 0.408521 0.126416
vt 0.419964 0.118808
vt 0.419964 0.126308
vt 0.382056 0.134669
vt 0.378335 0.135500
vt 0.386548 0.133972
vt 0.392200 0.133450
vt 0.399395 0.133125
vt 0.408521 0.132957
vt 0.419964 0.132896
vt 0.382055 0.139227
vt 0.378335 0.139368
vt 0.386548 0.139106
vt 0.392200 0.139013
vt 0.399395 0.138955
vt 0.408521 0.138925
vt 0.419964 0.138914
vt 0.382056 0.143663
vt 0.378335 0.143171
vt 0.386548 0.144074
vt 0.392200 0.144381
vt 0.399395 0.144572
vt 0.408521 0.144670
vt 0.419964 0.144706
vt 0.382055 0.148357
vt 0.378335 0.147135
vt 0.386548 0.149292
vt 0.392200 0.149940
vt 0.399395 0.150336
vt 0.408521 0.150539
vt 0.419964 0.150614
vt 0.382056 0.153737
vt 0.378335 0.151611
vt 0.386548 0.155171
vt 0.392200 0.156070
vt 0.399395 0.156605
vt 0.408521 0.156880
vt 0.419964 0.156981
vt 0.375000 0.127046
vt 0.378335 0.119003
vt 0.375000 0.130164
vt 0.382055 0.115169
vt 0.386548 0.112843
vt 0.392200 0.111447
vt 0.399395 0.110627
vt 0.408521 0.110206
vt 0.419964 0.110051
vt 0.434109 0.110029
vt 0.434109 0.118787
vt 0.434109 0.126293
vt 0.434109 0.132887
vt 0.434109 0.138912
vt 0.434109 0.144711
vt 0.434109 0.150625
vt 0.434109 0.156996
vt 0.375000 0.148871
vt 0.375000 0.145753
vt 0.375000 0.142635
vt 0.375000 0.139517
vt 0.375000 0.136399
vt 0.375000 0.133282
vt 0.369266 0.506070
vt 0.376840 0.501976
vt 0.373482 0.518491
vt 0.363237 0.520771
vt 0.383628 0.499065
vt 0.381906 0.516557
vt 0.390718 0.497195
vt 0.389868 0.515143
vt 0.398770 0.496075
vt 0.398412 0.514266
vt 0.408336 0.495500
vt 0.408230 0.513816
vt 0.419940 0.495288
vt 0.419927 0.513650
vt 0.370634 0.532960
vt 0.358949 0.534129
vt 0.380249 0.531835
vt 0.389018 0.530925
vt 0.398053 0.530349
vt 0.408123 0.530052
vt 0.419914 0.529943
vt 0.368551 0.545900
vt 0.356196 0.546477
vt 0.378910 0.545323
vt 0.388314 0.544845
vt 0.397756 0.544540
vt 0.408035 0.544383
vt 0.419903 0.544325
vt 0.367260 0.557616
vt 0.354546 0.557860
vt 0.378060 0.557373
vt 0.387864 0.557171
vt 0.397566 0.557042
vt 0.407979 0.556976
vt 0.419896 0.556952
vt 0.366596 0.568173
vt 0.353699 0.568245
vt 0.377624 0.568101
vt 0.387634 0.568041
vt 0.397469 0.568003
vt 0.407950 0.567983
vt 0.419892 0.567976
vt 0.366352 0.577577
vt 0.353387 0.577586
vt 0.377463 0.577568
vt 0.387548 0.577560
vt 0.397433 0.577556
vt 0.407940 0.577553
vt 0.419891 0.577552
vt 0.357191 0.510189
vt 0.434109 0.495258
vt 0.434109 0.513626
vt 0.434109 0.529928
vt 0.434109 0.544317
vt 0.434109 0.556948
vt 0.434109 0.567975
vt 0.434109 0.577552
vt 0.434109 0.585833
vt 0.419891 0.585833
vt 0.407938 0.585833
vt 0.397428 0.585833
vt 0.387536 0.585833
vt 0.377440 0.585833
vt 0.366317 0.585833
vt 0.353342 0.585833
vt 0.337742 0.577593
vt 0.337694 0.585833
vt 0.338082 0.568305
vt 0.339005 0.558061
vt 0.340803 0.546956
vt 0.343857 0.535106
vt 0.348915 0.522729
vt 0.156232 0.512246
vt 0.187356 0.512240
vt 0.187221 0.524412
vt 0.156215 0.524456
vt 0.218263 0.512235
vt 0.217807 0.524374
vt 0.248846 0.512232
vt 0.247766 0.524344
vt 0.278929 0.512218
vt 0.276783 0.524308
vt 0.308066 0.512136
vt 0.304133 0.524176
vt 0.335317 0.511795
vt 0.328787 0.523782
vt 0.187104 0.536447
vt 0.156200 0.536595
vt 0.217413 0.536318
vt 0.246830 0.536219
vt 0.274972 0.536142
vt 0.301104 0.536007
vt 0.324381 0.535707
vt 0.187014 0.548276
vt 0.156189 0.548629
vt 0.217111 0.547971
vt 0.246114 0.547737
vt 0.273611 0.547582
vt 0.298996 0.547449
vt 0.321612 0.547265
vt 0.186958 0.559799
vt 0.156182 0.560500
vt 0.216921 0.559208
vt 0.245665 0.558764
vt 0.272762 0.558483
vt 0.297704 0.558316
vt 0.319962 0.558198
vt 0.186929 0.570777
vt 0.156179 0.572061
vt 0.216824 0.569789
vt 0.245434 0.569100
vt 0.272326 0.568678
vt 0.297041 0.568454
vt 0.319115 0.568355
vt 0.186919 0.580878
vt 0.156177 0.583012
vt 0.216788 0.579438
vt 0.245349 0.578533
vt 0.272165 0.577995
vt 0.296796 0.577717
vt 0.318802 0.577613
vt 0.125000 0.500000
vt 0.156250 0.500000
vt 0.125000 0.512251
vt 0.187500 0.500000
vt 0.218750 0.500000
vt 0.250000 0.500000
vt 0.281250 0.500000
vt 0.312500 0.500000
vt 0.343750 0.500000
vt 0.318758 0.585849
vt 0.296761 0.585960
vt 0.272142 0.586261
vt 0.245337 0.586848
vt 0.216783 0.587847
vt 0.186917 0.589512
vt 0.156177 0.592255
vt 0.125000 0.585760
vt 0.125000 0.598011
vt 0.125000 0.573509
vt 0.125000 0.561257
vt 0.125000 0.549006
vt 0.125000 0.536754
vt 0.125000 0.524503
vt 0.451197 0.495288
vt 0.470886 0.495500
vt 0.470818 0.513816
vt 0.451188 0.513650
vt 0.492689 0.496075
vt 0.492459 0.514268
vt 0.516119 0.497196
vt 0.515573 0.515149
vt 0.540683 0.499080
vt 0.539574 0.516588
vt 0.565867 0.502094
vt 0.563687 0.518671
vt 0.591008 0.506573
vt 0.587000 0.521401
vt 0.470767 0.530055
vt 0.451182 0.529944
vt 0.492286 0.530356
vt 0.515163 0.530944
vt 0.538762 0.531884
vt 0.562209 0.533136
vt 0.584562 0.534621
vt 0.470754 0.544388
vt 0.451180 0.544326
vt 0.492245 0.544558
vt 0.515065 0.544888
vt 0.538570 0.545408
vt 0.561868 0.546055
vt 0.584010 0.546742
vt 0.470795 0.556986
vt 0.451185 0.556953
vt 0.492383 0.557076
vt 0.515394 0.557252
vt 0.539200 0.557519
vt 0.562886 0.557798
vt 0.585447 0.557979
vt 0.470873 0.567999
vt 0.451195 0.567978
vt 0.492645 0.568055
vt 0.516014 0.568164
vt 0.540421 0.568324
vt 0.565059 0.568450
vt 0.588914 0.568402
vt 0.470962 0.577573
vt 0.451206 0.577555
vt 0.492947 0.577622
vt 0.516729 0.577718
vt 0.541874 0.577863
vt 0.567921 0.578008
vt 0.594175 0.578019
vt 0.614537 0.512286
vt 0.608235 0.524505
vt 0.604832 0.536224
vt 0.604047 0.547381
vt 0.605806 0.557938
vt 0.610404 0.567900
vt 0.618429 0.577318
vt 0.632853 0.586917
vt 0.599254 0.586643
vt 0.570393 0.586381
vt 0.543123 0.586164
vt 0.517343 0.586005
vt 0.493206 0.585906
vt 0.471039 0.585855
vt 0.451216 0.585836
vt 0.451214 0.118808
vt 0.471021 0.118950
vt 0.471021 0.126416
vt 0.451214 0.126308
vt 0.493145 0.119335
vt 0.493145 0.126709
vt 0.517200 0.120085
vt 0.517200 0.127280
vt 0.542798 0.121345
vt 0.542798 0.128213
vt 0.569556 0.123353
vt 0.569555 0.129556
vt 0.597085 0.126329
vt 0.597085 0.131306
vt 0.471021 0.132957
vt 0.451214 0.132896
vt 0.493145 0.133125
vt 0.517200 0.133450
vt 0.542799 0.133972
vt 0.569556 0.134669
vt 0.597085 0.135500
vt 0.471021 0.138925
vt 0.451214 0.138914
vt 0.493145 0.138955
vt 0.517200 0.139013
vt 0.542798 0.139106
vt 0.569556 0.139227
vt 0.597085 0.139368
vt 0.471021 0.144670
vt 0.451214 0.144706
vt 0.493145 0.144572
vt 0.517200 0.144381
vt 0.542799 0.144074
vt 0.569556 0.143663
vt 0.597085 0.143171
vt 0.471021 0.150539
vt 0.451214 0.150614
vt 0.493145 0.150336
vt 0.517200 0.149940
vt 0.542798 0.149292
vt 0.569556 0.148357
vt 0.597085 0.147135
vt 0.471021 0.156880
vt 0.451214 0.156981
vt 0.493145 0.156605
vt 0.517200 0.156070
vt 0.542799 0.155171
vt 0.569556 0.153737
vt 0.597085 0.151611
vt 0.451214 0.110051
vt 0.471021 0.110206
vt 0.493145 0.110627
vt 0.517200 0.111447
vt 0.542798 0.112843
vt 0.569556 0.115169
vt 0.597085 0.119003
vt 0.625000 0.127046
vt 0.625000 0.130164
vt 0.625000 0.133282
vt 0.625000 0.136399
vt 0.625000 0.139517
vt 0.625000 0.142635
vt 0.625000 0.145753
vt 0.625000 0.148871
vt 0.816863 0.564395
vt 0.819708 0.559548
vt 0.823881 0.560298
vt 0.819059 0.565285
vt 0.821089 0.554347
vt 0.826408 0.554777
vt 0.821495 0.549006
vt 0.827160 0.549006
vt 0.821089 0.543665
vt 0.826408 0.543234
vt 0.819707 0.538464
vt 0.823881 0.537713
vt 0.816863 0.533617
vt 0.819059 0.532725
vt 0.829089 0.561382
vt 0.823112 0.566786
vt 0.832339 0.555350
vt 0.833323 0.549006
vt 0.832339 0.542662
vt 0.829089 0.536629
vt 0.823112 0.531223
vt 0.835587 0.562887
vt 0.829036 0.568927
vt 0.839154 0.556127
vt 0.840232 0.549006
vt 0.839154 0.541884
vt 0.835587 0.535122
vt 0.829036 0.529078
vt 0.843538 0.564875
vt 0.836878 0.571754
vt 0.847034 0.557149
vt 0.848053 0.549006
vt 0.847034 0.540862
vt 0.843538 0.533133
vt 0.836880 0.526246
vt 0.852933 0.567361
vt 0.847025 0.575440
vt 0.855818 0.558385
vt 0.856621 0.549006
vt 0.855817 0.539626
vt 0.852933 0.530647
vt 0.847036 0.522555
vt 0.863617 0.570309
vt 0.859862 0.580157
vt 0.865245 0.559780
vt 0.865686 0.549006
vt 0.865245 0.538231
vt 0.863617 0.527700
vt 0.859887 0.517839
vt 0.816079 0.568938
vt 0.816079 0.563955
vt 0.810632 0.568242
vt 0.816079 0.558972
vt 0.816079 0.553989
vt 0.816079 0.549006
vt 0.816079 0.544023
vt 0.816079 0.539039
vt 0.816079 0.534056
vt 0.816079 0.529073
vt 0.810632 0.529770
vt 0.810961 0.528695
vt 0.813890 0.526776
vt 0.819001 0.524111
vt 0.826268 0.520669
vt 0.836329 0.516177
vt 0.850425 0.510135
vt 0.875000 0.500000
vt 0.875000 0.512251
vt 0.875000 0.524503
vt 0.875000 0.536754
vt 0.875000 0.549006
vt 0.875000 0.561257
vt 0.875000 0.573509
vt 0.875000 0.585760
vt 0.850105 0.587765
vt 0.875000 0.598011
vt 0.836237 0.581776
vt 0.826256 0.577313
vt 0.819001 0.573886
vt 0.813890 0.571229
vt 0.810960 0.569315
vt 0.798532 0.527736
vt 0.783229 0.526768
vt 0.783933 0.524277
vt 0.798914 0.525946
vt 0.766828 0.526286
vt 0.767341 0.523389
vt 0.750000 0.526142
vt 0.750000 0.523121
vt 0.733172 0.526286
vt 0.732658 0.523389
vt 0.716770 0.526768
vt 0.716058 0.524277
vt 0.701464 0.527736
vt 0.701056 0.525946
vt 0.785608 0.521430
vt 0.801144 0.523541
vt 0.768255 0.520274
vt 0.750000 0.519921
vt 0.731742 0.520274
vt 0.714362 0.521430
vt 0.698754 0.523541
vt 0.788481 0.518127
vt 0.805234 0.520491
vt 0.769738 0.516841
vt 0.750000 0.516452
vt 0.730253 0.516841
vt 0.711447 0.518127
vt 0.694525 0.520491
vt 0.792692 0.514301
vt 0.811230 0.516748
vt 0.771902 0.513023
vt 0.750000 0.512653
vt 0.728082 0.513023
vt 0.707180 0.514301
vt 0.688329 0.516748
vt 0.798254 0.509942
vt 0.819526 0.512141
vt 0.774655 0.508878
vt 0.750000 0.508585
vt 0.725326 0.508878
vt 0.701594 0.509942
vt 0.679904 0.512142
vt 0.805043 0.505102
vt 0.830509 0.506507
vt 0.777841 0.504499
vt 0.750000 0.504337
vt 0.722147 0.504499
vt 0.694857 0.505102
vt 0.669033 0.506509
vt 0.799559 0.529073
vt 0.783039 0.529073
vt 0.766520 0.529073
vt 0.750000 0.529073
vt 0.733480 0.529073
vt 0.716961 0.529073
vt 0.700441 0.529073
vt 0.683921 0.529073
vt 0.689359 0.529770
vt 0.688968 0.528695
vt 0.685869 0.526776
vt 0.680427 0.524111
vt 0.672646 0.520670
vt 0.661994 0.516184
vt 0.647514 0.510153
vt 0.656250 0.500000
vt 0.687500 0.500000
vt 0.718750 0.500000
vt 0.750000 0.500000
vt 0.781250 0.500000
vt 0.812500 0.500000
vt 0.843750 0.500000
vt 0.683121 0.533617
vt 0.680267 0.538463
vt 0.675915 0.537710
vt 0.680806 0.532725
vt 0.678879 0.543663
vt 0.673337 0.543223
vt 0.678472 0.549002
vt 0.672573 0.548979
vt 0.678883 0.554340
vt 0.673366 0.554727
vt 0.680274 0.559538
vt 0.675969 0.560223
vt 0.683130 0.564383
vt 0.680878 0.565188
vt 0.670225 0.536618
vt 0.676433 0.531221
vt 0.666803 0.542624
vt 0.665777 0.548917
vt 0.666899 0.555182
vt 0.670407 0.561126
vt 0.676674 0.566460
vt 0.662786 0.535096
vt 0.669884 0.529075
vt 0.658810 0.541796
vt 0.657634 0.548795
vt 0.659040 0.555728
vt 0.663216 0.562281
vt 0.670456 0.568153
vt 0.653238 0.533086
vt 0.661005 0.526242
vt 0.648930 0.540691
vt 0.647718 0.548595
vt 0.649365 0.556369
vt 0.654065 0.563680
vt 0.662127 0.570213
vt 0.641199 0.530587
vt 0.649276 0.522565
vt 0.636836 0.539349
vt 0.635692 0.548302
vt 0.637510 0.557024
vt 0.642546 0.565224
vt 0.651250 0.572597
vt 0.626298 0.527657
vt 0.634036 0.517884
vt 0.622232 0.537832
vt 0.621240 0.547902
vt 0.623116 0.557590
vt 0.628197 0.566747
vt 0.637155 0.575181
vt 0.683921 0.534056
vt 0.683921 0.539039
vt 0.683921 0.544023
vt 0.683921 0.549006
vt 0.683921 0.553989
vt 0.683921 0.558972
vt 0.683921 0.563955
vt 0.683921 0.568938
vt 0.689369 0.568229
vt 0.689046 0.569210
vt 0.686132 0.570874
vt 0.681052 0.573042
vt 0.673896 0.575633
vt 0.664334 0.578663
vt 0.651728 0.582214
vt 0.701473 0.570263
vt 0.716777 0.571233
vt 0.716114 0.573653
vt 0.701128 0.571966
vt 0.733176 0.571718
vt 0.732695 0.574566
vt 0.750003 0.571865
vt 0.750020 0.574857
vt 0.766829 0.571723
vt 0.767349 0.574604
vt 0.783229 0.571242
vt 0.783935 0.573726
vt 0.798532 0.570275
vt 0.798914 0.572062
vt 0.714552 0.576308
vt 0.698996 0.574132
vt 0.731866 0.577547
vt 0.750066 0.577977
vt 0.768283 0.577678
vt 0.785616 0.576553
vt 0.801145 0.574457
vt 0.711897 0.579237
vt 0.695099 0.576719
vt 0.730549 0.580720
vt 0.750156 0.581292
vt 0.769804 0.581029
vt 0.788501 0.579817
vt 0.805236 0.577490
vt 0.708093 0.582454
vt 0.689490 0.579683
vt 0.728677 0.584119
vt 0.750297 0.584839
vt 0.771996 0.584707
vt 0.792683 0.583570
vt 0.811201 0.581198
vt 0.703392 0.585948
vt 0.682156 0.583043
vt 0.726465 0.587708
vt 0.750461 0.588553
vt 0.774594 0.588618
vt 0.797941 0.587773
vt 0.819267 0.585721
vt 0.698294 0.589698
vt 0.673361 0.586850
vt 0.724218 0.591429
vt 0.750612 0.592342
vt 0.777223 0.592623
vt 0.803739 0.592284
vt 0.829357 0.591118
vt 0.700441 0.568938
vt 0.716961 0.568938
vt 0.733480 0.568938
vt 0.750000 0.568938
vt 0.766520 0.568938
vt 0.783039 0.568938
vt 0.799559 0.568938
vt 0.838840 0.596660
vt 0.808585 0.596659
vt 0.779385 0.596545
vt 0.750716 0.596116
vt 0.722324 0.595225
vt 0.693983 0.593689
vt 0.665274 0.591253
vt 0.436578 0.015848
vt 0.461038 0.015848
vt 0.464511 0.031501
vt 0.442351 0.031496
vt 0.487151 0.015850
vt 0.489047 0.031514
vt 0.514100 0.015853
vt 0.515055 0.031540
vt 0.541491 0.015858
vt 0.541894 0.031581
vt 0.569168 0.015865
vt 0.569287 0.031634
vt 0.597036 0.015873
vt 0.597051 0.031696
vt 0.467186 0.046763
vt 0.446247 0.046747
vt 0.490646 0.046808
vt 0.515881 0.046894
vt 0.542242 0.047032
vt 0.569391 0.047212
vt 0.597064 0.047420
vt 0.469048 0.061440
vt 0.448693 0.061401
vt 0.491848 0.061545
vt 0.516513 0.061750
vt 0.542509 0.062077
vt 0.569470 0.062504
vt 0.597074 0.062997
vt 0.470189 0.075333
vt 0.450150 0.075260
vt 0.492598 0.075532
vt 0.516910 0.075919
vt 0.542676 0.076540
vt 0.569519 0.077366
vt 0.597080 0.078345
vt 0.470774 0.088233
vt 0.450899 0.088121
vt 0.492983 0.088535
vt 0.517114 0.089125
vt 0.542762 0.090086
vt 0.569545 0.091468
vt 0.597083 0.093262
vt 0.470990 0.099928
vt 0.451174 0.099785
vt 0.493125 0.100314
vt 0.517189 0.101067
vt 0.542794 0.102330
vt 0.569554 0.104343
vt 0.597084 0.107324
vt 0.401163 0.000000
vt 0.429142 0.000000
vt 0.416735 0.015847
vt 0.457122 0.000000
vt 0.485102 0.000000
vt 0.513081 0.000000
vt 0.541061 0.000000
vt 0.569041 0.000000
vt 0.597020 0.000000
vt 0.625000 0.000000
vt 0.625000 0.015881
vt 0.625000 0.031761
vt 0.625000 0.047642
vt 0.625000 0.063523
vt 0.625000 0.079404
vt 0.625000 0.095284
vt 0.625000 0.111165
vt 0.434066 0.099765
vt 0.433765 0.088105
vt 0.432950 0.075249
vt 0.431363 0.061396
vt 0.428661 0.046745
vt 0.424156 0.031496
vt 0.378286 0.015873
vt 0.381668 0.015865
vt 0.381787 0.031634
vt 0.378301 0.031696
vt 0.385241 0.015858
vt 0.385644 0.031581
vt 0.389100 0.015853
vt 0.390055 0.031540
vt 0.393401 0.015850
vt 0.395297 0.031514
vt 0.398538 0.015848
vt 0.402011 0.031501
vt 0.405328 0.015848
vt 0.411101 0.031496
vt 0.381891 0.047212
vt 0.378314 0.047420
vt 0.385992 0.047032
vt 0.390881 0.046894
vt 0.396896 0.046808
vt 0.404686 0.046763
vt 0.414997 0.046747
vt 0.381970 0.062504
vt 0.378324 0.062997
vt 0.386259 0.062077
vt 0.391513 0.061750
vt 0.398098 0.061545
vt 0.406548 0.061440
vt 0.417443 0.061401
vt 0.382019 0.077366
vt 0.378330 0.078345
vt 0.386426 0.076540
vt 0.391910 0.075919
vt 0.398848 0.075532
vt 0.407689 0.075333
vt 0.418900 0.075260
vt 0.382045 0.091468
vt 0.378333 0.093262
vt 0.386512 0.090086
vt 0.392114 0.089125
vt 0.399233 0.088535
vt 0.408274 0.088233
vt 0.419649 0.088121
vt 0.382054 0.104343
vt 0.378335 0.107324
vt 0.386544 0.102330
vt 0.392189 0.101067
vt 0.399375 0.100314
vt 0.408490 0.099928
vt 0.419924 0.099785
vt 0.375000 0.000000
vt 0.378270 0.000000
vt 0.375000 0.015881
vt 0.381541 0.000000
vt 0.384811 0.000000
vt 0.388081 0.000000
vt 0.391352 0.000000
vt 0.394622 0.000000
vt 0.397892 0.000000
vt 0.375000 0.111165
vt 0.375000 0.095284
vt 0.375000 0.079404
vt 0.375000 0.063523
vt 0.375000 0.047642
vt 0.375000 0.031761
vt 0.353342 0.593004
vt 0.366317 0.593004
vt 0.366317 0.599375
vt 0.353342 0.599375
vt 0.377440 0.593004
vt 0.377440 0.599375
vt 0.387536 0.593004
vt 0.387536 0.599375
vt 0.397428 0.593004
vt 0.397428 0.599375
vt 0.407938 0.593004
vt 0.407938 0.599375
vt 0.419891 0.593004
vt 0.419891 0.599375
vt 0.366317 0.605289
vt 0.353342 0.605289
vt 0.377440 0.605289
vt 0.387536 0.605289
vt 0.397428 0.605289
vt 0.407938 0.605289
vt 0.419891 0.605289
vt 0.366317 0.611088
vt 0.353342 0.611088
vt 0.377441 0.611088
vt 0.387536 0.611088
vt 0.397428 0.611088
vt 0.407938 0.611088
vt 0.419891 0.611088
vt 0.366317 0.617113
vt 0.353342 0.617113
vt 0.377440 0.617113
vt 0.387536 0.617113
vt 0.397428 0.617113
vt 0.407938 0.617113
vt 0.419891 0.617113
vt 0.366317 0.623707
vt 0.353342 0.623707
vt 0.377441 0.623707
vt 0.387536 0.623707
vt 0.397428 0.623707
vt 0.407938 0.623707
vt 0.419891 0.623707
vt 0.366317 0.631213
vt 0.353342 0.631213
vt 0.377441 0.631213
vt 0.387536 0.631213
vt 0.397428 0.631213
vt 0.407938 0.631213
vt 0.419891 0.631213
vt 0.337694 0.593004
vt 0.434109 0.593004
vt 0.434108 0.599375
vt 0.434109 0.605289
vt 0.434109 0.611088
vt 0.434109 0.617113
vt 0.434109 0.623707
vt 0.434109 0.631213
vt 0.337694 0.631213
vt 0.337694 0.623707
vt 0.337694 0.617113
vt 0.337694 0.611088
vt 0.337694 0.605289
vt 0.337694 0.599375
vt 0.661554 0.596315
vt 0.691455 0.597906
vt 0.690276 0.602319
vt 0.660247 0.601437
vt 0.721092 0.599071
vt 0.720411 0.603060
vt 0.750747 0.599825
vt 0.750722 0.603595
vt 0.780689 0.600262
vt 0.781300 0.603913
vt 0.811213 0.600522
vt 0.812220 0.604082
vt 0.842626 0.600766
vt 0.843507 0.604180
vt 0.689745 0.606930
vt 0.659674 0.606485
vt 0.720079 0.607323
vt 0.750668 0.607593
vt 0.781500 0.607694
vt 0.812537 0.607658
vt 0.843729 0.607533
vt 0.689528 0.611887
vt 0.659412 0.611696
vt 0.719938 0.612005
vt 0.750611 0.611987
vt 0.781508 0.611787
vt 0.812576 0.611436
vt 0.843760 0.610985
vt 0.689419 0.617385
vt 0.659273 0.617362
vt 0.719867 0.617280
vt 0.750573 0.616972
vt 0.781492 0.616405
vt 0.812572 0.615611
vt 0.843759 0.614649
vt 0.689363 0.623685
vt 0.659201 0.623768
vt 0.719830 0.623411
vt 0.750553 0.622845
vt 0.781483 0.621899
vt 0.812569 0.620527
vt 0.843759 0.618738
vt 0.689342 0.631063
vt 0.659175 0.631202
vt 0.719817 0.630680
vt 0.750546 0.629931
vt 0.781480 0.628669
vt 0.812568 0.626658
vt 0.843759 0.623677
vt 0.631167 0.594711
vt 0.875000 0.601129
vt 0.875000 0.604247
vt 0.875000 0.607365
vt 0.875000 0.610483
vt 0.875000 0.613601
vt 0.875000 0.616718
vt 0.875000 0.619836
vt 0.629365 0.631219
vt 0.629393 0.623759
vt 0.629471 0.617286
vt 0.629623 0.611499
vt 0.629886 0.606076
vt 0.630353 0.600636
vt 0.156177 0.598389
vt 0.186917 0.596263
vt 0.186917 0.601643
vt 0.156177 0.602865
vt 0.216783 0.594829
vt 0.216783 0.600708
vt 0.245337 0.593930
vt 0.245337 0.600061
vt 0.272142 0.593395
vt 0.272142 0.599664
vt 0.296761 0.593120
vt 0.296761 0.599461
vt 0.318758 0.593019
vt 0.318758 0.599386
vt 0.186917 0.606337
vt 0.156177 0.606829
vt 0.216783 0.605926
vt 0.245337 0.605619
vt 0.272142 0.605429
vt 0.296761 0.605331
vt 0.318758 0.605294
vt 0.186917 0.610773
vt 0.156177 0.610632
vt 0.216783 0.610894
vt 0.245337 0.610987
vt 0.272142 0.611045
vt 0.296761 0.611075
vt 0.318758 0.611086
vt 0.186917 0.615331
vt 0.156177 0.614500
vt 0.216783 0.616028
vt 0.245337 0.616550
vt 0.272142 0.616875
vt 0.296761 0.617043
vt 0.318758 0.617104
vt 0.186917 0.620444
vt 0.156177 0.618694
vt 0.216783 0.621787
vt 0.245337 0.622720
vt 0.272142 0.623291
vt 0.296761 0.623584
vt 0.318758 0.623692
vt 0.186917 0.626647
vt 0.156177 0.623671
vt 0.216783 0.628655
vt 0.245337 0.629915
vt 0.272142 0.630665
vt 0.296761 0.631051
vt 0.318758 0.631193
vt 0.125000 0.601129
vt 0.125000 0.619836
vt 0.125000 0.616718
vt 0.125000 0.613601
vt 0.125000 0.610483
vt 0.125000 0.607365
vt 0.125000 0.604247
vt 0.451221 0.593007
vt 0.471084 0.593024
vt 0.471102 0.599391
vt 0.451224 0.599377
vt 0.493358 0.593071
vt 0.493420 0.599427
vt 0.517705 0.593162
vt 0.517850 0.599499
vt 0.543824 0.593313
vt 0.544076 0.599618
vt 0.571564 0.593543
vt 0.571809 0.599809
vt 0.600804 0.593910
vt 0.600727 0.600113
vt 0.471103 0.605299
vt 0.451224 0.605291
vt 0.493423 0.605323
vt 0.517858 0.605370
vt 0.544079 0.605449
vt 0.571735 0.605578
vt 0.600464 0.605777
vt 0.471097 0.611093
vt 0.451223 0.611088
vt 0.493403 0.611106
vt 0.517810 0.611131
vt 0.543987 0.611172
vt 0.571583 0.611241
vt 0.600246 0.611346
vt 0.471093 0.617115
vt 0.451222 0.617113
vt 0.493387 0.617121
vt 0.517772 0.617131
vt 0.543915 0.617149
vt 0.571475 0.617178
vt 0.600107 0.617222
vt 0.471090 0.623708
vt 0.451222 0.623707
vt 0.493379 0.623710
vt 0.517753 0.623713
vt 0.543878 0.623718
vt 0.571419 0.623727
vt 0.600036 0.623740
vt 0.471089 0.631213
vt 0.451222 0.631213
vt 0.493376 0.631213
vt 0.517746 0.631213
vt 0.543865 0.631214
vt 0.571398 0.631215
vt 0.600010 0.631217
vt 0.451214 0.172433
vt 0.451214 0.182012
vt 0.471021 0.172330
vt 0.471021 0.192964
vt 0.451214 0.205671
vt 0.471021 0.205585
vt 0.451214 0.220055
vt 0.451214 0.236350
vt 0.471021 0.236181
vt 0.451214 0.254712
vt 0.471021 0.254500
vt 0.493145 0.172051
vt 0.493145 0.205353
vt 0.493145 0.219606
vt 0.493145 0.253923
vt 0.517200 0.171508
vt 0.517200 0.192350
vt 0.517200 0.204902
vt 0.517200 0.234825
vt 0.542799 0.180480
vt 0.542799 0.204181
vt 0.542798 0.217945
vt 0.542799 0.233364
vt 0.542798 0.250916
vt 0.569555 0.179412
vt 0.569556 0.169146
vt 0.569555 0.190841
vt 0.569556 0.203241
vt 0.569555 0.216587
vt 0.569556 0.247916
vt 0.597085 0.167001
vt 0.597085 0.189831
vt 0.597085 0.202154
vt 0.597085 0.214980
vt 0.597085 0.228555
vt 0.597085 0.243472
vt 0.434109 0.164167
vt 0.434109 0.172448
vt 0.434109 0.182025
vt 0.434109 0.193052
vt 0.434109 0.205683
vt 0.434109 0.220072
vt 0.434109 0.236374
vt 0.434109 0.254742
vt 0.434109 0.275331
vt 0.451214 0.275298
vt 0.471021 0.275068
vt 0.517200 0.273220
vt 0.542799 0.271143
vt 0.597085 0.261973
vt 0.597085 0.157745
vt 0.569556 0.160488
vt 0.493145 0.163739
vt 0.471021 0.164040
vt 0.451214 0.298140
vt 0.451214 0.322768
vt 0.471021 0.322610
vt 0.471021 0.297929
vt 0.451214 0.348587
vt 0.471021 0.348502
vt 0.451214 0.375000
vt 0.451213 0.401413
vt 0.471020 0.401498
vt 0.451212 0.427232
vt 0.471012 0.427391
vt 0.451210 0.451860
vt 0.470991 0.452071
vt 0.493145 0.322179
vt 0.493145 0.297357
vt 0.493145 0.375000
vt 0.493141 0.401728
vt 0.493043 0.452643
vt 0.517200 0.321340
vt 0.517200 0.296241
vt 0.517200 0.347824
vt 0.517200 0.375000
vt 0.517128 0.428660
vt 0.516958 0.453759
vt 0.542799 0.319969
vt 0.542798 0.294367
vt 0.542799 0.347105
vt 0.542799 0.375000
vt 0.542782 0.402895
vt 0.542670 0.430031
vt 0.542357 0.455633
vt 0.569555 0.317992
vt 0.569555 0.346143
vt 0.569556 0.375000
vt 0.569537 0.403857
vt 0.569403 0.432008
vt 0.568985 0.458619
vt 0.597085 0.286955
vt 0.597072 0.405005
vt 0.596627 0.463047
vt 0.434109 0.298171
vt 0.434109 0.322791
vt 0.434109 0.348599
vt 0.434109 0.375000
vt 0.434109 0.427209
vt 0.434109 0.451829
vt 0.451205 0.474702
vt 0.470950 0.474932
vt 0.492904 0.475559
vt 0.541712 0.478858
vt 0.567879 0.482328
vt 0.595024 0.488045
vt 0.451222 0.650275
vt 0.451222 0.662214
vt 0.471088 0.662208
vt 0.471089 0.650274
vt 0.451221 0.675829
vt 0.471084 0.675809
vt 0.471078 0.691113
vt 0.451219 0.708246
vt 0.471068 0.708157
vt 0.471055 0.726996
vt 0.451216 0.747856
vt 0.471043 0.747685
vt 0.493370 0.662192
vt 0.493375 0.650272
vt 0.493337 0.690986
vt 0.493302 0.707918
vt 0.493260 0.726632
vt 0.493218 0.747220
vt 0.517733 0.662162
vt 0.517743 0.650268
vt 0.517706 0.675651
vt 0.517572 0.707451
vt 0.517373 0.746313
vt 0.543842 0.662113
vt 0.543860 0.650262
vt 0.543791 0.675488
vt 0.543691 0.690352
vt 0.543341 0.724778
vt 0.543140 0.744801
vt 0.571362 0.662055
vt 0.571391 0.650255
vt 0.571285 0.675291
vt 0.571134 0.689885
vt 0.570891 0.705805
vt 0.599964 0.661996
vt 0.599865 0.675094
vt 0.599672 0.689418
vt 0.599351 0.704859
vt 0.598849 0.721370
vt 0.434109 0.639971
vt 0.434109 0.650275
vt 0.434109 0.662215
vt 0.434109 0.675832
vt 0.434109 0.691166
vt 0.434109 0.708258
vt 0.434109 0.727150
vt 0.434109 0.747881
vt 0.451215 0.770466
vt 0.471033 0.770279
vt 0.493183 0.769772
vt 0.542972 0.767107
vt 0.569828 0.764329
vt 0.628049 0.719785
vt 0.629207 0.674931
vt 0.629315 0.661948
vt 0.629355 0.650242
vt 0.600006 0.639971
vt 0.571395 0.639971
vt 0.543863 0.639971
vt 0.517745 0.639971
vt 0.471089 0.639971
vt 0.450899 0.821126
vt 0.470995 0.794782
vt 0.450150 0.848741
vt 0.470189 0.848652
vt 0.448693 0.877555
vt 0.446247 0.907328
vt 0.467186 0.907308
vt 0.442351 0.937819
vt 0.492988 0.820628
vt 0.493141 0.794317
vt 0.492598 0.848413
vt 0.491848 0.877382
vt 0.490646 0.907255
vt 0.489047 0.937798
vt 0.487151 0.968787
vt 0.517125 0.819918
vt 0.517227 0.793411
vt 0.516912 0.847946
vt 0.516513 0.877135
vt 0.515881 0.907151
vt 0.515055 0.937767
vt 0.514100 0.968783
vt 0.542783 0.818760
vt 0.542864 0.791889
vt 0.542679 0.847198
vt 0.542509 0.876741
vt 0.542242 0.906985
vt 0.541491 0.968777
vt 0.569569 0.817096
vt 0.569646 0.789469
vt 0.569522 0.846204
vt 0.569470 0.876227
vt 0.569391 0.906768
vt 0.597159 0.785882
vt 0.597082 0.845025
vt 0.597064 0.906517
vt 0.597036 0.968760
vt 0.434066 0.794978
vt 0.433765 0.821145
vt 0.432950 0.848753
vt 0.424156 0.937820
vt 0.416735 0.968790
vt 0.156177 0.642676
vt 0.186919 0.645658
vt 0.156182 0.671655
vt 0.156189 0.687003
vt 0.187014 0.687496
vt 0.156215 0.718304
vt 0.187221 0.718366
vt 0.156232 0.734128
vt 0.187356 0.734135
vt 0.216824 0.659914
vt 0.216788 0.647669
vt 0.217111 0.687923
vt 0.217413 0.702968
vt 0.217807 0.718419
vt 0.218263 0.734142
vt 0.245349 0.648933
vt 0.245665 0.674081
vt 0.246114 0.688250
vt 0.246830 0.703106
vt 0.247766 0.718460
vt 0.248846 0.734147
vt 0.272165 0.649686
vt 0.272762 0.674471
vt 0.274972 0.703204
vt 0.276783 0.718500
vt 0.297041 0.661774
vt 0.296796 0.650073
vt 0.297704 0.674690
vt 0.298996 0.688613
vt 0.304133 0.718612
vt 0.308066 0.734226
vt 0.319114 0.661901
vt 0.318802 0.650218
vt 0.324381 0.703582
vt 0.328787 0.718933
vt 0.335317 0.734502
vt 0.156177 0.630997
vt 0.348915 0.719785
vt 0.340803 0.689031
vt 0.339005 0.674931
vt 0.338082 0.661948
vt 0.296761 0.639794
vt 0.272142 0.639373
vt 0.216783 0.637157
vt 0.659166 0.650218
vt 0.659129 0.661901
vt 0.689307 0.661774
vt 0.689336 0.650073
vt 0.659031 0.674816
vt 0.689229 0.674690
vt 0.658838 0.688779
vt 0.688832 0.703332
vt 0.657999 0.718933
vt 0.688478 0.718612
vt 0.688018 0.734226
vt 0.719793 0.661466
vt 0.719812 0.649686
vt 0.719742 0.674471
vt 0.719643 0.688461
vt 0.719484 0.703204
vt 0.719272 0.718500
vt 0.719021 0.734160
vt 0.750534 0.660875
vt 0.750544 0.648933
vt 0.750507 0.674081
vt 0.750454 0.688250
vt 0.750261 0.718460
vt 0.750135 0.734147
vt 0.781475 0.659914
vt 0.781479 0.647670
vt 0.781464 0.673460
vt 0.781406 0.702968
vt 0.781360 0.718419
vt 0.781307 0.734142
vt 0.812567 0.658532
vt 0.812563 0.672634
vt 0.812557 0.687496
vt 0.812546 0.702788
vt 0.812533 0.718366
vt 0.812517 0.734135
vt 0.843759 0.642676
vt 0.843758 0.671655
vt 0.843757 0.687003
vt 0.843756 0.702580
vt 0.843754 0.718304
vt 0.843752 0.734128
vt 0.843759 0.630997
vt 0.812568 0.634831
vt 0.781480 0.637157
vt 0.750545 0.638553
vt 0.689340 0.639794
vt 0.378198 0.814936
vt 0.381838 0.817096
vt 0.381272 0.789469
vt 0.378313 0.845025
vt 0.381994 0.846204
vt 0.378324 0.875634
vt 0.381970 0.876227
vt 0.378314 0.906517
vt 0.381891 0.906768
vt 0.378301 0.937579
vt 0.381787 0.937653
vt 0.378286 0.968760
vt 0.386338 0.818760
vt 0.385944 0.791889
vt 0.386259 0.876741
vt 0.385992 0.906985
vt 0.385644 0.937718
vt 0.385241 0.968777
vt 0.391861 0.793411
vt 0.390055 0.937767
vt 0.389100 0.968783
vt 0.399192 0.820627
vt 0.399237 0.794317
vt 0.398843 0.848413
vt 0.398098 0.877381
vt 0.396896 0.907255
vt 0.395297 0.937798
vt 0.393401 0.968787
vt 0.408262 0.820992
vt 0.408449 0.794782
vt 0.407687 0.848652
vt 0.406548 0.877508
vt 0.404686 0.907308
vt 0.402011 0.937814
vt 0.398538 0.968789
vt 0.419647 0.821126
vt 0.419919 0.794954
vt 0.418900 0.848741
vt 0.417443 0.877555
vt 0.414997 0.907328
vt 0.411101 0.937819
vt 0.405328 0.968790
vt 0.375332 0.759783
vt 0.419951 0.770466
vt 0.408424 0.770279
vt 0.399067 0.769772
vt 0.385067 0.767107
vt 0.379724 0.764329
vt 0.353387 0.650248
vt 0.353699 0.661996
vt 0.366596 0.662055
vt 0.366352 0.650255
vt 0.354546 0.675094
vt 0.356196 0.689418
vt 0.368551 0.689885
vt 0.370634 0.705805
vt 0.363237 0.721370
vt 0.373482 0.723214
vt 0.369265 0.739134
vt 0.376840 0.742446
vt 0.377624 0.662113
vt 0.378060 0.675488
vt 0.378910 0.690352
vt 0.380249 0.706716
vt 0.381906 0.724778
vt 0.383628 0.744801
vt 0.387548 0.650268
vt 0.387864 0.675651
vt 0.388314 0.690739
vt 0.389018 0.707451
vt 0.390718 0.746313
vt 0.397469 0.662192
vt 0.397433 0.650272
vt 0.398053 0.707918
vt 0.398412 0.726632
vt 0.398770 0.747220
vt 0.407950 0.662208
vt 0.407940 0.650274
vt 0.407979 0.675809
vt 0.408035 0.691113
vt 0.408123 0.708157
vt 0.408230 0.726996
vt 0.408336 0.747685
vt 0.419892 0.662214
vt 0.419891 0.650275
vt 0.419903 0.691159
vt 0.419914 0.708246
vt 0.419927 0.727130
vt 0.419940 0.747856
vt 0.353342 0.639971
vt 0.419891 0.639971
vt 0.407938 0.639971
vt 0.377441 0.639971
vt 0.366317 0.639971
vt 0.378335 0.286955
vt 0.378335 0.315413
vt 0.382055 0.317992
vt 0.382056 0.291382
vt 0.378335 0.344995
vt 0.382056 0.346143
vt 0.378335 0.375000
vt 0.382056 0.375000
vt 0.378318 0.405005
vt 0.382030 0.403857
vt 0.378200 0.434587
vt 0.381849 0.432008
vt 0.377698 0.463036
vt 0.386548 0.319969
vt 0.386548 0.294367
vt 0.386548 0.375000
vt 0.386527 0.402895
vt 0.386374 0.430031
vt 0.385949 0.455632
vt 0.392200 0.321340
vt 0.392200 0.296241
vt 0.392200 0.347823
vt 0.392188 0.402177
vt 0.391872 0.453759
vt 0.399395 0.322179
vt 0.399395 0.375000
vt 0.399390 0.401728
vt 0.399354 0.427821
vt 0.399257 0.452643
vt 0.408521 0.322610
vt 0.408521 0.297929
vt 0.408521 0.348502
vt 0.408521 0.375000
vt 0.408520 0.401498
vt 0.408509 0.427391
vt 0.408480 0.452071
vt 0.419964 0.322768
vt 0.419964 0.348586
vt 0.419964 0.375000
vt 0.419963 0.401414
vt 0.419962 0.427232
vt 0.419958 0.451860
vt 0.378335 0.261973
vt 0.375332 0.487907
vt 0.379724 0.482288
vt 0.385067 0.478853
vt 0.391422 0.476780
vt 0.399067 0.475559
vt 0.408424 0.474932
vt 0.419951 0.474702
vt 0.419964 0.275298
vt 0.408521 0.275068
vt 0.399395 0.274441
vt 0.386548 0.271143
vt 0.378335 0.167001
vt 0.378335 0.178037
vt 0.382056 0.169146
vt 0.378335 0.189831
vt 0.382056 0.190841
vt 0.378335 0.202154
vt 0.382056 0.203241
vt 0.378335 0.214981
vt 0.382056 0.216587
vt 0.378335 0.228555
vt 0.382056 0.231270
vt 0.378335 0.243472
vt 0.382056 0.247916
vt 0.386548 0.180480
vt 0.386548 0.170596
vt 0.386548 0.204181
vt 0.386548 0.217945
vt 0.386548 0.233364
vt 0.386548 0.250916
vt 0.392200 0.181230
vt 0.392200 0.171508
vt 0.392200 0.192350
vt 0.392200 0.218968
vt 0.392200 0.234825
vt 0.392200 0.252801
vt 0.399395 0.181689
vt 0.408521 0.181926
vt 0.408521 0.172330
vt 0.408521 0.192964
vt 0.408521 0.205585
vt 0.408521 0.219934
vt 0.408521 0.236181
vt 0.408521 0.254500
vt 0.419964 0.182013
vt 0.419964 0.172433
vt 0.419964 0.193041
vt 0.419964 0.205671
vt 0.419964 0.236350
vt 0.419964 0.254712
vt 0.378335 0.157745
vt 0.419964 0.164151
vt 0.408521 0.164040
vt 0.399395 0.163739
vt 0.386548 0.162153
vt 0.378335 0.126329
vt 0.378335 0.131306
vt 0.382056 0.123353
vt 0.378335 0.135500
vt 0.382056 0.134669
vt 0.378335 0.139368
vt 0.382056 0.139227
vt 0.378335 0.143171
vt 0.382056 0.143663
vt 0.378335 0.147135
vt 0.382056 0.148357
vt 0.378335 0.151611
vt 0.382056 0.153737
vt 0.386548 0.128213
vt 0.386548 0.144074
vt 0.386548 0.149292
vt 0.386548 0.155171
vt 0.392200 0.127280
vt 0.392200 0.120085
vt 0.392200 0.133450
vt 0.392200 0.139013
vt 0.392200 0.144381
vt 0.392200 0.149940
vt 0.392200 0.156070
vt 0.399395 0.126709
vt 0.399395 0.138955
vt 0.399395 0.144572
vt 0.399395 0.150336
vt 0.408521 0.126416
vt 0.408521 0.118950
vt 0.408521 0.132957
vt 0.408521 0.138925
vt 0.408521 0.144670
vt 0.408521 0.150539
vt 0.408521 0.156880
vt 0.419964 0.118808
vt 0.419964 0.138914
vt 0.419964 0.144706
vt 0.419964 0.150614
vt 0.419964 0.156981
vt 0.378335 0.119003
vt 0.434109 0.156996
vt 0.434109 0.150625
vt 0.434109 0.144711
vt 0.434109 0.138912
vt 0.434109 0.132887
vt 0.434109 0.126293
vt 0.434109 0.118787
vt 0.419964 0.110051
vt 0.434109 0.110029
vt 0.408521 0.110206
vt 0.399395 0.110627
vt 0.386548 0.112843
vt 0.382055 0.115169
vt 0.369265 0.506070
vt 0.363237 0.520771
vt 0.373482 0.518491
vt 0.376840 0.501976
vt 0.358949 0.534129
vt 0.356196 0.546477
vt 0.368551 0.545900
vt 0.354546 0.557860
vt 0.367260 0.557616
vt 0.353699 0.568245
vt 0.366596 0.568173
vt 0.353387 0.577586
vt 0.366352 0.577577
vt 0.381906 0.516557
vt 0.383628 0.499065
vt 0.380249 0.531835
vt 0.378910 0.545323
vt 0.377624 0.568101
vt 0.377463 0.577568
vt 0.389868 0.515143
vt 0.390718 0.497195
vt 0.389018 0.530925
vt 0.388314 0.544845
vt 0.387864 0.557171
vt 0.387549 0.577560
vt 0.398412 0.514266
vt 0.398770 0.496075
vt 0.398053 0.530349
vt 0.397756 0.544540
vt 0.397566 0.557042
vt 0.397433 0.577556
vt 0.408230 0.513816
vt 0.408336 0.495500
vt 0.408123 0.530052
vt 0.408035 0.544383
vt 0.407950 0.567983
vt 0.407940 0.577553
vt 0.419927 0.513650
vt 0.419940 0.495288
vt 0.419914 0.529943
vt 0.419903 0.544325
vt 0.419896 0.556952
vt 0.419892 0.567976
vt 0.419891 0.577552
vt 0.357191 0.510189
vt 0.348915 0.522729
vt 0.340803 0.546956
vt 0.339005 0.558061
vt 0.338082 0.568305
vt 0.337694 0.585833
vt 0.353342 0.585833
vt 0.366317 0.585833
vt 0.377440 0.585833
vt 0.397428 0.585833
vt 0.407938 0.585833
vt 0.434109 0.585833
vt 0.434109 0.577552
vt 0.434109 0.567975
vt 0.434109 0.556948
vt 0.434109 0.529928
vt 0.434109 0.513626
vt 0.434109 0.495258
vt 0.156215 0.524456
vt 0.187356 0.512240
vt 0.156189 0.548629
vt 0.187014 0.548276
vt 0.186958 0.559799
vt 0.156179 0.572061
vt 0.186929 0.570777
vt 0.156177 0.583012
vt 0.217807 0.524374
vt 0.218263 0.512235
vt 0.217413 0.536318
vt 0.217111 0.547971
vt 0.216921 0.559208
vt 0.216824 0.569789
vt 0.216788 0.579438
vt 0.248846 0.512232
vt 0.246830 0.536219
vt 0.245665 0.558764
vt 0.245434 0.569100
vt 0.245349 0.578533
vt 0.278929 0.512218
vt 0.274972 0.536142
vt 0.272762 0.558483
vt 0.272326 0.568678
vt 0.272165 0.577994
vt 0.304133 0.524176
vt 0.308066 0.512136
vt 0.301104 0.536007
vt 0.298996 0.547449
vt 0.297041 0.568454
vt 0.296796 0.577717
vt 0.324381 0.535707
vt 0.321612 0.547265
vt 0.319962 0.558197
vt 0.319114 0.568354
vt 0.186917 0.589512
vt 0.216783 0.587847
vt 0.318758 0.585849
vt 0.451197 0.495288
vt 0.451188 0.513650
vt 0.470818 0.513816
vt 0.470886 0.495500
vt 0.470767 0.530055
vt 0.451180 0.544326
vt 0.451185 0.556953
vt 0.451195 0.567978
vt 0.470873 0.567999
vt 0.451206 0.577555
vt 0.470962 0.577573
vt 0.492459 0.514268
vt 0.492690 0.496075
vt 0.492245 0.544558
vt 0.492645 0.568055
vt 0.492947 0.577622
vt 0.515573 0.515148
vt 0.515163 0.530944
vt 0.516729 0.577718
vt 0.539574 0.516588
vt 0.540683 0.499080
vt 0.538570 0.545408
vt 0.540421 0.568324
vt 0.541874 0.577863
vt 0.565867 0.502094
vt 0.562209 0.533136
vt 0.562886 0.557798
vt 0.567921 0.578008
vt 0.587000 0.521401
vt 0.584562 0.534620
vt 0.585447 0.557979
vt 0.588914 0.568402
vt 0.594175 0.578018
vt 0.451216 0.585836
vt 0.493206 0.585906
vt 0.517343 0.586005
vt 0.570393 0.586381
vt 0.599254 0.586643
vt 0.632853 0.586917
vt 0.618429 0.577318
vt 0.610404 0.567900
vt 0.605806 0.557938
vt 0.604832 0.536224
vt 0.608235 0.524505
vt 0.451214 0.118808
vt 0.451214 0.126308
vt 0.471021 0.126416
vt 0.471021 0.118950
vt 0.471021 0.132957
vt 0.451214 0.138914
vt 0.451214 0.144706
vt 0.471021 0.144670
vt 0.451214 0.156981
vt 0.471021 0.156880
vt 0.493145 0.126709
vt 0.493145 0.119335
vt 0.493145 0.138955
vt 0.493145 0.144572
vt 0.493145 0.150336
vt 0.493145 0.156605
vt 0.517200 0.127280
vt 0.517200 0.120085
vt 0.517200 0.133450
vt 0.517200 0.139013
vt 0.517200 0.144381
vt 0.517200 0.149940
vt 0.542799 0.128213
vt 0.542798 0.121345
vt 0.542798 0.133972
vt 0.542799 0.139106
vt 0.542798 0.144074
vt 0.542799 0.149292
vt 0.542798 0.155171
vt 0.569556 0.123353
vt 0.569555 0.134669
vt 0.569555 0.139227
vt 0.569555 0.143663
vt 0.597085 0.126329
vt 0.597085 0.135500
vt 0.597085 0.139368
vt 0.597085 0.143171
vt 0.597085 0.147135
vt 0.451214 0.110051
vt 0.597085 0.119003
vt 0.569556 0.115169
vt 0.542799 0.112843
vt 0.517200 0.111447
vt 0.493145 0.110627
vt 0.471021 0.110206
vt 0.816863 0.564395
vt 0.819059 0.565285
vt 0.823881 0.560298
vt 0.819707 0.559548
vt 0.823112 0.566786
vt 0.829089 0.561382
vt 0.829036 0.568927
vt 0.835587 0.562887
vt 0.836878 0.571754
vt 0.843538 0.564875
vt 0.847025 0.575440
vt 0.852933 0.567361
vt 0.863617 0.570309
vt 0.826408 0.554777
vt 0.832339 0.555350
vt 0.839154 0.556127
vt 0.847034 0.557149
vt 0.827160 0.549006
vt 0.821495 0.549006
vt 0.833323 0.549006
vt 0.840232 0.549006
vt 0.848053 0.549006
vt 0.826408 0.543235
vt 0.821089 0.543665
vt 0.832339 0.542662
vt 0.847034 0.540862
vt 0.855818 0.539626
vt 0.865245 0.538231
vt 0.823881 0.537713
vt 0.829089 0.536629
vt 0.835587 0.535122
vt 0.843538 0.533133
vt 0.852933 0.530647
vt 0.819059 0.532725
vt 0.816863 0.533617
vt 0.829036 0.529078
vt 0.836880 0.526246
vt 0.847036 0.522555
vt 0.810632 0.568242
vt 0.810960 0.569315
vt 0.813890 0.571229
vt 0.819001 0.573886
vt 0.826256 0.577313
vt 0.850425 0.510135
vt 0.826268 0.520669
vt 0.819001 0.524111
vt 0.810961 0.528695
vt 0.798914 0.525946
vt 0.783933 0.524277
vt 0.783229 0.526768
vt 0.805234 0.520491
vt 0.811230 0.516748
vt 0.798254 0.509942
vt 0.830508 0.506507
vt 0.767341 0.523389
vt 0.766828 0.526286
vt 0.768255 0.520274
vt 0.769738 0.516841
vt 0.771902 0.513023
vt 0.774655 0.508878
vt 0.777841 0.504499
vt 0.750000 0.523121
vt 0.750000 0.516452
vt 0.750000 0.512653
vt 0.750000 0.508585
vt 0.750000 0.504337
vt 0.732658 0.523389
vt 0.733172 0.526286
vt 0.731742 0.520274
vt 0.730253 0.516841
vt 0.728082 0.513023
vt 0.722147 0.504499
vt 0.716770 0.526768
vt 0.714362 0.521430
vt 0.707180 0.514301
vt 0.701594 0.509942
vt 0.701056 0.525946
vt 0.701464 0.527736
vt 0.698754 0.523541
vt 0.694525 0.520491
vt 0.688329 0.516748
vt 0.679904 0.512142
vt 0.669034 0.506509
vt 0.661994 0.516184
vt 0.672646 0.520670
vt 0.683121 0.533617
vt 0.680806 0.532725
vt 0.675915 0.537710
vt 0.676433 0.531221
vt 0.653238 0.533086
vt 0.649276 0.522565
vt 0.641199 0.530587
vt 0.634036 0.517884
vt 0.626298 0.527657
vt 0.666802 0.542624
vt 0.648929 0.540691
vt 0.636836 0.539349
vt 0.622232 0.537832
vt 0.672573 0.548979
vt 0.678472 0.549002
vt 0.665777 0.548917
vt 0.635692 0.548302
vt 0.621240 0.547902
vt 0.673366 0.554727
vt 0.678883 0.554340
vt 0.666899 0.555182
vt 0.659040 0.555728
vt 0.649365 0.556369
vt 0.637510 0.557024
vt 0.623116 0.557590
vt 0.675969 0.560222
vt 0.680274 0.559538
vt 0.670407 0.561126
vt 0.663216 0.562281
vt 0.654065 0.563680
vt 0.642546 0.565224
vt 0.628197 0.566747
vt 0.680878 0.565188
vt 0.683130 0.564382
vt 0.670456 0.568153
vt 0.662127 0.570213
vt 0.651250 0.572597
vt 0.637155 0.575181
vt 0.651728 0.582214
vt 0.664334 0.578663
vt 0.673896 0.575633
vt 0.681052 0.573043
vt 0.686132 0.570874
vt 0.689046 0.569210
vt 0.701128 0.571966
vt 0.716114 0.573653
vt 0.716777 0.571233
vt 0.714552 0.576308
vt 0.695099 0.576719
vt 0.711897 0.579237
vt 0.689490 0.579683
vt 0.682156 0.583043
vt 0.703392 0.585948
vt 0.673361 0.586850
vt 0.698294 0.589698
vt 0.731866 0.577547
vt 0.728677 0.584119
vt 0.726465 0.587708
vt 0.724218 0.591429
vt 0.750020 0.574857
vt 0.750003 0.571865
vt 0.750066 0.577977
vt 0.750156 0.581292
vt 0.750297 0.584839
vt 0.750461 0.588553
vt 0.767349 0.574604
vt 0.766829 0.571723
vt 0.769804 0.581029
vt 0.771996 0.584707
vt 0.774594 0.588618
vt 0.783229 0.571242
vt 0.785616 0.576553
vt 0.792682 0.583570
vt 0.797941 0.587773
vt 0.803739 0.592284
vt 0.798914 0.572062
vt 0.805236 0.577490
vt 0.811201 0.581198
vt 0.819267 0.585721
vt 0.665274 0.591253
vt 0.693983 0.593689
vt 0.722324 0.595225
vt 0.779385 0.596545
vt 0.808585 0.596659
vt 0.464511 0.031501
vt 0.467186 0.046763
vt 0.448693 0.061401
vt 0.469048 0.061440
vt 0.450150 0.075260
vt 0.470189 0.075333
vt 0.450899 0.088121
vt 0.470774 0.088233
vt 0.470990 0.099928
vt 0.489047 0.031514
vt 0.487151 0.015850
vt 0.490646 0.046808
vt 0.491847 0.061545
vt 0.492598 0.075532
vt 0.493125 0.100314
vt 0.515055 0.031540
vt 0.515881 0.046894
vt 0.516513 0.061750
vt 0.516910 0.075919
vt 0.517114 0.089125
vt 0.517189 0.101067
vt 0.541491 0.015858
vt 0.542509 0.062077
vt 0.542676 0.076540
vt 0.542762 0.090086
vt 0.542794 0.102330
vt 0.569287 0.031634
vt 0.569168 0.015865
vt 0.569391 0.047212
vt 0.569470 0.062504
vt 0.569519 0.077366
vt 0.569545 0.091468
vt 0.569554 0.104343
vt 0.597064 0.047420
vt 0.597080 0.078345
vt 0.597083 0.093262
vt 0.416735 0.015847
vt 0.424156 0.031496
vt 0.428661 0.046745
vt 0.431363 0.061396
vt 0.433765 0.088105
vt 0.378286 0.015873
vt 0.378301 0.031696
vt 0.381668 0.015865
vt 0.378314 0.047420
vt 0.381891 0.047212
vt 0.378324 0.062997
vt 0.378330 0.078345
vt 0.382019 0.077366
vt 0.378333 0.093262
vt 0.385644 0.031581
vt 0.385241 0.015858
vt 0.385992 0.047032
vt 0.386259 0.062077
vt 0.386426 0.076540
vt 0.386512 0.090086
vt 0.386544 0.102330
vt 0.389100 0.015853
vt 0.391513 0.061750
vt 0.391910 0.075919
vt 0.392114 0.089125
vt 0.395297 0.031514
vt 0.393401 0.015850
vt 0.396896 0.046808
vt 0.398097 0.061545
vt 0.398848 0.075532
vt 0.399233 0.088535
vt 0.402011 0.031501
vt 0.398538 0.015848
vt 0.404686 0.046764
vt 0.406548 0.061440
vt 0.407689 0.075333
vt 0.408274 0.088233
vt 0.408490 0.099928
vt 0.405328 0.015848
vt 0.417443 0.061401
vt 0.418900 0.075260
vt 0.419648 0.088121
vt 0.419924 0.099785
vt 0.353342 0.593004
vt 0.353342 0.599375
vt 0.366317 0.599375
vt 0.353343 0.605289
vt 0.366317 0.611088
vt 0.353343 0.617113
vt 0.366317 0.617113
vt 0.353342 0.623707
vt 0.366317 0.623707
vt 0.377440 0.599375
vt 0.377440 0.593004
vt 0.377440 0.605289
vt 0.377441 0.611088
vt 0.377440 0.617113
vt 0.377440 0.631213
vt 0.387536 0.605289
vt 0.387536 0.611088
vt 0.387536 0.617113
vt 0.387536 0.623707
vt 0.387536 0.631213
vt 0.397428 0.599375
vt 0.397428 0.593004
vt 0.397428 0.605289
vt 0.397428 0.617113
vt 0.397428 0.623707
vt 0.407938 0.593004
vt 0.407938 0.611088
vt 0.407938 0.623707
vt 0.407938 0.631213
vt 0.419891 0.599375
vt 0.419891 0.593004
vt 0.419891 0.611088
vt 0.419891 0.617113
vt 0.337694 0.593004
vt 0.337694 0.599375
vt 0.337694 0.605289
vt 0.337694 0.611088
vt 0.337694 0.631213
vt 0.434109 0.631213
vt 0.434109 0.623707
vt 0.434109 0.611088
vt 0.434109 0.605289
vt 0.434109 0.599375
vt 0.434109 0.593004
vt 0.690276 0.602319
vt 0.659674 0.606485
vt 0.689745 0.606930
vt 0.689528 0.611887
vt 0.659273 0.617361
vt 0.689419 0.617385
vt 0.659201 0.623768
vt 0.689363 0.623685
vt 0.720411 0.603060
vt 0.721092 0.599071
vt 0.720079 0.607323
vt 0.719938 0.612005
vt 0.719867 0.617280
vt 0.719830 0.623411
vt 0.750747 0.599825
vt 0.750668 0.607593
vt 0.750611 0.611987
vt 0.750573 0.616972
vt 0.750553 0.622845
vt 0.750546 0.629931
vt 0.781300 0.603913
vt 0.780689 0.600262
vt 0.781500 0.607694
vt 0.781492 0.616405
vt 0.781483 0.621899
vt 0.781480 0.628669
vt 0.812220 0.604082
vt 0.812537 0.607658
vt 0.812572 0.615611
vt 0.812569 0.620527
vt 0.843729 0.607533
vt 0.843760 0.610985
vt 0.843759 0.614649
vt 0.843759 0.618738
vt 0.843759 0.623676
vt 0.631167 0.594711
vt 0.630353 0.600636
vt 0.629886 0.606076
vt 0.629623 0.611499
vt 0.629471 0.617286
vt 0.629393 0.623759
vt 0.629364 0.631219
vt 0.186917 0.596263
vt 0.156177 0.606829
vt 0.186917 0.610773
vt 0.156177 0.614500
vt 0.216783 0.600708
vt 0.216783 0.594829
vt 0.216783 0.610894
vt 0.216783 0.616028
vt 0.245337 0.600060
vt 0.245337 0.593930
vt 0.245337 0.616550
vt 0.245337 0.622720
vt 0.245337 0.629915
vt 0.272142 0.599665
vt 0.272142 0.593395
vt 0.272142 0.605428
vt 0.272142 0.611045
vt 0.272142 0.616875
vt 0.296761 0.599461
vt 0.296761 0.593120
vt 0.296761 0.605330
vt 0.296761 0.617043
vt 0.296761 0.631051
vt 0.318758 0.599386
vt 0.318758 0.593019
vt 0.318758 0.617104
vt 0.318758 0.623692
vt 0.318758 0.631193
vt 0.451221 0.593007
vt 0.451224 0.599377
vt 0.471102 0.599391
vt 0.471084 0.593024
vt 0.451224 0.605290
vt 0.471103 0.605299
vt 0.451223 0.611088
vt 0.471097 0.611093
vt 0.451222 0.617113
vt 0.471093 0.617115
vt 0.451222 0.623707
vt 0.451222 0.631213
vt 0.471089 0.631213
vt 0.493420 0.599427
vt 0.493423 0.605323
vt 0.493403 0.611106
vt 0.493387 0.617121
vt 0.493379 0.623710
vt 0.517850 0.599499
vt 0.517705 0.593162
vt 0.517810 0.611131
vt 0.517772 0.617131
vt 0.517753 0.623713
vt 0.543824 0.593313
vt 0.544079 0.605449
vt 0.543915 0.617149
vt 0.543879 0.623718
vt 0.543865 0.631214
vt 0.571475 0.617178
vt 0.571398 0.631215
vt 0.600727 0.600113
vt 0.600804 0.593910
vt 0.600464 0.605777
vt 0.600107 0.617222
vt 0.600010 0.631217
s 1
usemtl Zapatos
f 2967/2250/2124 2968/2251/2125 2975/2252/2126 2974/2253/2127
f 2968/2251/2125 2969/2254/2128 2976/2255/2129 2975/2252/2126
f 2969/2254/2128 2970/2256/2130 2977/2257/2131 2976/2255/2129
f 2970/2256/2130 2971/2258/2132 2978/2259/2133 2977/2257/2131
f 2971/2258/2132 2972/2260/2134 2979/2261/2135 2978/2259/2133
f 2972/2260/2134 2973/2262/2136 2980/2263/2137 2979/2261/2135
f 2974/2253/2127 2975/2252/2126 2982/2264/2138 2981/2265/2139
f 2975/2252/2126 2976/2255/2129 2983/2266/2140 2982/2264/2138
f 2976/2255/2129 2977/2257/2131 2984/2267/2141 2983/2266/2140
f 2977/2257/2131 2978/2259/2133 2985/2268/2142 2984/2267/2141
f 2978/2259/2133 2979/2261/2135 2986/2269/2143 2985/2268/2142
f 2979/2261/2135 2980/2263/2137 2987/2270/2144 2986/2269/2143
f 2981/2265/2139 2982/2264/2138 2989/2271/2145 2988/2272/2146
f 2982/2264/2138 2983/2266/2140 2990/2273/2147 2989/2271/2145
f 2983/2266/2140 2984/2267/2141 2991/2274/2148 2990/2273/2147
f 2984/2267/2141 2985/2268/2142 2992/2275/2149 2991/2274/2148
f 2985/2268/2142 2986/2269/2143 2993/2276/2150 2992/2275/2149
f 2986/2269/2143 2987/2270/2144 2994/2277/2151 2993/2276/2150
f 2988/2272/2146 2989/2271/2145 2996/2278/2152 2995/2279/2153
f 2989/2271/2145 2990/2273/2147 2997/2280/2154 2996/2278/2152
f 2990/2273/2147 2991/2274/2148 2998/2281/2155 2997/2280/2154
f 2991/2274/2148 2992/2275/2149 2999/2282/2156 2998/2281/2155
f 2992/2275/2149 2993/2276/2150 3000/2283/2157 2999/2282/2156
f 2993/2276/2150 2994/2277/2151 3001/2284/2158 3000/2283/2157
f 2995/2279/2153 2996/2278/2152 3003/2285/2159 3002/2286/2160
f 2996/2278/2152 2997/2280/2154 3004/2287/2161 3003/2285/2159
f 2997/2280/2154 2998/2281/2155 3005/2288/2162 3004/2287/2161
f 2998/2281/2155 2999/2282/2156 3006/2289/2163 3005/2288/2162
f 2999/2282/2156 3000/2283/2157 3007/2290/2164 3006/2289/2163
f 3000/2283/2157 3001/2284/2158 3008/2291/2165 3007/2290/2164
f 3002/2286/2160 3003/2285/2159 3010/2292/2166 3009/2293/2167
f 3003/2285/2159 3004/2287/2161 3011/2294/2168 3010/2292/2166
f 3004/2287/2161 3005/2288/2162 3012/2295/2169 3011/2294/2168
f 3005/2288/2162 3006/2289/2163 3013/2296/2170 3012/2295/2169
f 3006/2289/2163 3007/2290/2164 3014/2297/2171 3013/2296/2170
f 3007/2290/2164 3008/2291/2165 3015/2298/2172 3014/2297/2171
f 2200/2299/2173 2462/2300/2174 2967/2250/2124 2372/2301/2175
f 2462/2300/2174 2461/2302/2176 2968/2251/2125 2967/2250/2124
f 2461/2302/2176 2460/2303/2177 2969/2254/2128 2968/2251/2125
f 2460/2303/2177 2459/2304/2178 2970/2256/2130 2969/2254/2128
f 2459/2304/2178 2458/2305/2179 2971/2258/2132 2970/2256/2130
f 2458/2305/2179 2457/2306/2180 2972/2260/2134 2971/2258/2132
f 2457/2306/2180 2456/2307/2181 2973/2262/2136 2972/2260/2134
f 2456/2307/2181 2201/2308/2182 2253/2309/2183 2973/2262/2136
f 2973/2262/2136 2253/2309/2183 2254/2310/2184 2980/2263/2137
f 2980/2263/2137 2254/2310/2184 2255/2311/2185 2987/2270/2144
f 2987/2270/2144 2255/2311/2185 2256/2312/2186 2994/2277/2151
f 2994/2277/2151 2256/2312/2186 2257/2313/2187 3001/2284/2158
f 3001/2284/2158 2257/2313/2187 2258/2314/2188 3008/2291/2165
f 3008/2291/2165 2258/2314/2188 2259/2315/2189 3015/2298/2172
f 3015/2298/2172 2259/2315/2189 2202/2316/2190 2330/2317/2191
f 3014/2297/2171 3015/2298/2172 2330/2317/2191 2331/2318/2192
f 3013/2296/2170 3014/2297/2171 2331/2318/2192 2332/2319/2193
f 3012/2295/2169 3013/2296/2170 2332/2319/2193 2333/2320/2194
f 3011/2294/2168 3012/2295/2169 2333/2320/2194 2334/2321/2195
f 3010/2292/2166 3011/2294/2168 2334/2321/2195 2335/2322/2196
f 3009/2293/2167 3010/2292/2166 2335/2322/2196 2336/2323/2197
f 2378/2324/2198 3009/2293/2167 2336/2323/2197 2192/2325/2199
f 2377/2326/2200 3002/2286/2160 3009/2293/2167 2378/2324/2198
f 2376/2327/2201 2995/2279/2153 3002/2286/2160 2377/2326/2200
f 2375/2328/2202 2988/2272/2146 2995/2279/2153 2376/2327/2201
f 2374/2329/2203 2981/2265/2139 2988/2272/2146 2375/2328/2202
f 2373/2330/2204 2974/2253/2127 2981/2265/2139 2374/2329/2203
f 2372/2301/2175 2967/2250/2124 2974/2253/2127 2373/2330/2204
f 3016/2331/2205 3017/2332/2206 3024/2333/2207 3023/2334/2208
f 3017/2332/2206 3018/2335/2209 3025/2336/2210 3024/2333/2207
f 3018/2335/2209 3019/2337/2211 3026/2338/2212 3025/2336/2210
f 3019/2337/2211 3020/2339/2213 3027/2340/2214 3026/2338/2212
f 3020/2339/2213 3021/2341/2215 3028/2342/2216 3027/2340/2214
f 3021/2341/2215 3022/2343/2217 3029/2344/2218 3028/2342/2216
f 3023/2334/2208 3024/2333/2207 3031/2345/2219 3030/2346/2220
f 3024/2333/2207 3025/2336/2210 3032/2347/2221 3031/2345/2219
f 3025/2336/2210 3026/2338/2212 3033/2348/2222 3032/2347/2221
f 3026/2338/2212 3027/2340/2214 3034/2349/2223 3033/2348/2222
f 3027/2340/2214 3028/2342/2216 3035/2350/2224 3034/2349/2223
f 3028/2342/2216 3029/2344/2218 3036/2351/2225 3035/2350/2224
f 3030/2346/2220 3031/2345/2219 3038/2352/2226 3037/2353/2227
f 3031/2345/2219 3032/2347/2221 3039/2354/2228 3038/2352/2226
f 3032/2347/2221 3033/2348/2222 3040/2355/2229 3039/2354/2228
f 3033/2348/2222 3034/2349/2223 3041/2356/2230 3040/2355/2229
f 3034/2349/2223 3035/2350/2224 3042/2357/2231 3041/2356/2230
f 3035/2350/2224 3036/2351/2225 3043/2358/2232 3042/2357/2231
f 3037/2353/2227 3038/2352/2226 3045/2359/2233 3044/2360/2234
f 3038/2352/2226 3039/2354/2228 3046/2361/2235 3045/2359/2233
f 3039/2354/2228 3040/2355/2229 3047/2362/2236 3046/2361/2235
f 3040/2355/2229 3041/2356/2230 3048/2363/2237 3047/2362/2236
f 3041/2356/2230 3042/2357/2231 3049/2364/2238 3048/2363/2237
f 3042/2357/2231 3043/2358/2232 3050/2365/2239 3049/2364/2238
f 3044/2360/2234 3045/2359/2233 3052/2366/2240 3051/2367/2241
f 3045/2359/2233 3046/2361/2235 3053/2368/2242 3052/2366/2240
f 3046/2361/2235 3047/2362/2236 3054/2369/2243 3053/2368/2242
f 3047/2362/2236 3048/2363/2237 3055/2370/2244 3054/2369/2243
f 3048/2363/2237 3049/2364/2238 3056/2371/2245 3055/2370/2244
f 3049/2364/2238 3050/2365/2239 3057/2372/2246 3056/2371/2245
f 3051/2367/2241 3052/2366/2240 3059/2373/2247 3058/2374/2248
f 3052/2366/2240 3053/2368/2242 3060/2375/2249 3059/2373/2247
f 3053/2368/2242 3054/2369/2243 3061/2376/2250 3060/2375/2249
f 3054/2369/2243 3055/2370/2244 3062/2377/2251 3061/2376/2250
f 3055/2370/2244 3056/2371/2245 3063/2378/2252 3062/2377/2251
f 3056/2371/2245 3057/2372/2246 3064/2379/2253 3063/2378/2252
f 2192/2325/2199 2336/2323/2197 3016/2331/2205 2365/2380/2254
f 2336/2323/2197 2335/2322/2196 3017/2332/2206 3016/2331/2205
f 2335/2322/2196 2334/2321/2195 3018/2335/2209 3017/2332/2206
f 2334/2321/2195 2333/2320/2194 3019/2337/2211 3018/2335/2209
f 2333/2320/2194 2332/2319/2193 3020/2339/2213 3019/2337/2211
f 2332/2319/2193 2331/2318/2192 3021/2341/2215 3020/2339/2213
f 2331/2318/2192 2330/2317/2191 3022/2343/2217 3021/2341/2215
f 2330/2317/2191 2202/2316/2190 2274/2381/2255 3022/2343/2217
f 3022/2343/2217 2274/2381/2255 2275/2382/2256 3029/2344/2218
f 3029/2344/2218 2275/2382/2256 2276/2383/2257 3036/2351/2225
f 3036/2351/2225 2276/2383/2257 2277/2384/2258 3043/2358/2232
f 3043/2358/2232 2277/2384/2258 2278/2385/2259 3050/2365/2239
f 3050/2365/2239 2278/2385/2259 2279/2386/2260 3057/2372/2246
f 3057/2372/2246 2279/2386/2260 2280/2387/2261 3064/2379/2253
f 3064/2379/2253 2280/2387/2261 2203/2388/2262 2337/2389/2263
f 3063/2378/2252 3064/2379/2253 2337/2389/2263 2338/2390/2264
f 3062/2377/2251 3063/2378/2252 2338/2390/2264 2339/2391/2265
f 3061/2376/2250 3062/2377/2251 2339/2391/2265 2340/2392/2266
f 3060/2375/2249 3061/2376/2250 2340/2392/2266 2341/2393/2267
f 3059/2373/2247 3060/2375/2249 2341/2393/2267 2342/2394/2268
f 3058/2374/2248 3059/2373/2247 2342/2394/2268 2343/2395/2269
f 2371/2396/2270 3058/2374/2248 2343/2395/2269 2193/2397/2271
f 2370/2398/2272 3051/2367/2241 3058/2374/2248 2371/2396/2270
f 2369/2399/2273 3044/2360/2234 3051/2367/2241 2370/2398/2272
f 2368/2400/2274 3037/2353/2227 3044/2360/2234 2369/2399/2273
f 2367/2401/2275 3030/2346/2220 3037/2353/2227 2368/2400/2274
f 2366/2402/2276 3023/2334/2208 3030/2346/2220 2367/2401/2275
f 2365/2380/2254 3016/2331/2205 3023/2334/2208 2366/2402/2276
f 3065/2403/2277 3066/2404/2278 3073/2405/2279 3072/2406/2280
f 3066/2404/2278 3067/2407/2281 3074/2408/2282 3073/2405/2279
f 3067/2407/2281 3068/2409/2283 3075/2410/2284 3074/2408/2282
f 3068/2409/2283 3069/2411/2285 3076/2412/2286 3075/2410/2284
f 3069/2411/2285 3070/2413/2287 3077/2414/2288 3076/2412/2286
f 3070/2413/2287 3071/2415/2289 3078/2416/2290 3077/2414/2288
f 3072/2406/2280 3073/2405/2279 3080/2417/2291 3079/2418/2292
f 3073/2405/2279 3074/2408/2282 3081/2419/2293 3080/2417/2291
f 3074/2408/2282 3075/2410/2284 3082/2420/2294 3081/2419/2293
f 3075/2410/2284 3076/2412/2286 3083/2421/2295 3082/2420/2294
f 3076/2412/2286 3077/2414/2288 3084/2422/2296 3083/2421/2295
f 3077/2414/2288 3078/2416/2290 3085/2423/2297 3084/2422/2296
f 3079/2418/2292 3080/2417/2291 3087/2424/2298 3086/2425/2299
f 3080/2417/2291 3081/2419/2293 3088/2426/2300 3087/2424/2298
f 3081/2419/2293 3082/2420/2294 3089/2427/2301 3088/2426/2300
f 3082/2420/2294 3083/2421/2295 3090/2428/2302 3089/2427/2301
f 3083/2421/2295 3084/2422/2296 3091/2429/2303 3090/2428/2302
f 3084/2422/2296 3085/2423/2297 3092/2430/2304 3091/2429/2303
f 3086/2425/2299 3087/2424/2298 3094/2431/2305 3093/2432/2306
f 3087/2424/2298 3088/2426/2300 3095/2433/2307 3094/2431/2305
f 3088/2426/2300 3089/2427/2301 3096/2434/2308 3095/2433/2307
f 3089/2427/2301 3090/2428/2302 3097/2435/2309 3096/2434/2308
f 3090/2428/2302 3091/2429/2303 3098/2436/2310 3097/2435/2309
f 3091/2429/2303 3092/2430/2304 3099/2437/2311 3098/2436/2310
f 3093/2432/2306 3094/2431/2305 3101/2438/2312 3100/2439/2313
f 3094/2431/2305 3095/2433/2307 3102/2440/2314 3101/2438/2312
f 3095/2433/2307 3096/2434/2308 3103/2441/2315 3102/2440/2314
f 3096/2434/2308 3097/2435/2309 3104/2442/2316 3103/2441/2315
f 3097/2435/2309 3098/2436/2310 3105/2443/2317 3104/2442/2316
f 3098/2436/2310 3099/2437/2311 3106/2444/2318 3105/2443/2317
f 3100/2439/2313 3101/2438/2312 3108/2445/2319 3107/2446/2320
f 3101/2438/2312 3102/2440/2314 3109/2447/2321 3108/2445/2319
f 3102/2440/2314 3103/2441/2315 3110/2448/2322 3109/2447/2321
f 3103/2441/2315 3104/2442/2316 3111/2449/2323 3110/2448/2322
f 3104/2442/2316 3105/2443/2317 3112/2450/2324 3111/2449/2323
f 3105/2443/2317 3106/2444/2318 3113/2451/2325 3112/2450/2324
f 2207/2452/2326 2602/2453/2327 3065/2403/2277 2358/2454/2328
f 2602/2453/2327 2601/2455/2329 3066/2404/2278 3065/2403/2277
f 2601/2455/2329 2600/2456/2330 3067/2407/2281 3066/2404/2278
f 2600/2456/2330 2599/2457/2331 3068/2409/2283 3067/2407/2281
f 2599/2457/2331 2598/2458/2332 3069/2411/2285 3068/2409/2283
f 2598/2458/2332 2597/2459/2333 3070/2413/2287 3069/2411/2285
f 2597/2459/2333 2596/2460/2334 3071/2415/2289 3070/2413/2287
f 2596/2460/2334 2206/2461/2335 2295/2462/2336 3071/2415/2289
f 3071/2415/2289 2295/2462/2336 2296/2463/2337 3078/2416/2290
f 3078/2416/2290 2296/2463/2337 2297/2464/2338 3085/2423/2297
f 3085/2423/2297 2297/2464/2338 2298/2465/2339 3092/2430/2304
f 3092/2430/2304 2298/2465/2339 2299/2466/2340 3099/2437/2311
f 3099/2437/2311 2299/2466/2340 2300/2467/2341 3106/2444/2318
f 3106/2444/2318 2300/2467/2341 2301/2468/2342 3113/2451/2325
f 3113/2451/2325 2301/2468/2342 2188/2469/2343 2344/2470/2344
f 3112/2450/2324 3113/2451/2325 2344/2470/2344 2345/2471/2345
f 3111/2449/2323 3112/2450/2324 2345/2471/2345 2346/2472/2346
f 3110/2448/2322 3111/2449/2323 2346/2472/2346 2347/2473/2347
f 3109/2447/2321 3110/2448/2322 2347/2473/2347 2348/2474/2348
f 3108/2445/2319 3109/2447/2321 2348/2474/2348 2349/2475/2349
f 3107/2446/2320 3108/2445/2319 2349/2475/2349 2350/2476/2350
f 2364/2477/2351 3107/2446/2320 2350/2476/2350 2194/2478/2352
f 2363/2479/2353 3100/2439/2313 3107/2446/2320 2364/2477/2351
f 2362/2480/2354 3093/2432/2306 3100/2439/2313 2363/2479/2353
f 2361/2481/2355 3086/2425/2299 3093/2432/2306 2362/2480/2354
f 2360/2482/2356 3079/2418/2292 3086/2425/2299 2361/2481/2355
f 2359/2483/2357 3072/2406/2280 3079/2418/2292 2360/2482/2356
f 2358/2454/2328 3065/2403/2277 3072/2406/2280 2359/2483/2357
f 3114/2484/2358 3115/2485/2359 3122/2486/2360 3121/2487/2361
f 3115/2485/2359 3116/2488/2362 3123/2489/2363 3122/2486/2360
f 3116/2488/2362 3117/2490/2364 3124/2491/2365 3123/2489/2363
f 3117/2490/2364 3118/2492/2366 3125/2493/2367 3124/2491/2365
f 3118/2492/2366 3119/2494/2368 3126/2495/2369 3125/2493/2367
f 3119/2494/2368 3120/2496/2370 3127/2497/2371 3126/2495/2369
f 3121/2487/2361 3122/2486/2360 3129/2498/2372 3128/2499/2373
f 3122/2486/2360 3123/2489/2363 3130/2500/2374 3129/2498/2372
f 3123/2489/2363 3124/2491/2365 3131/2501/2375 3130/2500/2374
f 3124/2491/2365 3125/2493/2367 3132/2502/2376 3131/2501/2375
f 3125/2493/2367 3126/2495/2369 3133/2503/2377 3132/2502/2376
f 3126/2495/2369 3127/2497/2371 3134/2504/2378 3133/2503/2377
f 3128/2499/2373 3129/2498/2372 3136/2505/2379 3135/2506/2380
f 3129/2498/2372 3130/2500/2374 3137/2507/2381 3136/2505/2379
f 3130/2500/2374 3131/2501/2375 3138/2508/2382 3137/2507/2381
f 3131/2501/2375 3132/2502/2376 3139/2509/2383 3138/2508/2382
f 3132/2502/2376 3133/2503/2377 3140/2510/2384 3139/2509/2383
f 3133/2503/2377 3134/2504/2378 3141/2511/2385 3140/2510/2384
f 3135/2506/2380 3136/2505/2379 3143/2512/2386 3142/2513/2387
f 3136/2505/2379 3137/2507/2381 3144/2514/2388 3143/2512/2386
f 3137/2507/2381 3138/2508/2382 3145/2515/2389 3144/2514/2388
f 3138/2508/2382 3139/2509/2383 3146/2516/2390 3145/2515/2389
f 3139/2509/2383 3140/2510/2384 3147/2517/2391 3146/2516/2390
f 3140/2510/2384 3141/2511/2385 3148/2518/2392 3147/2517/2391
f 3142/2513/2387 3143/2512/2386 3150/2519/2393 3149/2520/2394
f 3143/2512/2386 3144/2514/2388 3151/2521/2395 3150/2519/2393
f 3144/2514/2388 3145/2515/2389 3152/2522/2396 3151/2521/2395
f 3145/2515/2389 3146/2516/2390 3153/2523/2397 3152/2522/2396
f 3146/2516/2390 3147/2517/2391 3154/2524/2398 3153/2523/2397
f 3147/2517/2391 3148/2518/2392 3155/2525/2399 3154/2524/2398
f 3149/2520/2394 3150/2519/2393 3157/2526/2400 3156/2527/2401
f 3150/2519/2393 3151/2521/2395 3158/2528/2402 3157/2526/2400
f 3151/2521/2395 3152/2522/2396 3159/2529/2403 3158/2528/2402
f 3152/2522/2396 3153/2523/2397 3160/2530/2404 3159/2529/2403
f 3153/2523/2397 3154/2524/2398 3161/2531/2405 3160/2530/2404
f 3154/2524/2398 3155/2525/2399 3162/2532/2406 3161/2531/2405
f 2194/2478/2352 2350/2476/2350 3114/2484/2358 2351/2533/2407
f 2350/2476/2350 2349/2475/2349 3115/2485/2359 3114/2484/2358
f 2349/2475/2349 2348/2474/2348 3116/2488/2362 3115/2485/2359
f 2348/2474/2348 2347/2473/2347 3117/2490/2364 3116/2488/2362
f 2347/2473/2347 2346/2472/2346 3118/2492/2366 3117/2490/2364
f 2346/2472/2346 2345/2471/2345 3119/2494/2368 3118/2492/2366
f 2345/2471/2345 2344/2470/2344 3120/2496/2370 3119/2494/2368
f 2344/2470/2344 2188/2469/2343 2316/2534/2408 3120/2496/2370
f 3120/2496/2370 2316/2534/2408 2317/2535/2409 3127/2497/2371
f 3127/2497/2371 2317/2535/2409 2318/2536/2410 3134/2504/2378
f 3134/2504/2378 2318/2536/2410 2319/2537/2411 3141/2511/2385
f 3141/2511/2385 2319/2537/2411 2320/2538/2412 3148/2518/2392
f 3148/2518/2392 2320/2538/2412 2321/2539/2413 3155/2525/2399
f 3155/2525/2399 2321/2539/2413 2322/2540/2414 3162/2532/2406
f 3162/2532/2406 2322/2540/2414 2184/2541/2415 2252/2542/2416
f 3161/2531/2405 3162/2532/2406 2252/2542/2416 2251/2543/2417
f 3160/2530/2404 3161/2531/2405 2251/2543/2417 2250/2544/2418
f 3159/2529/2403 3160/2530/2404 2250/2544/2418 2249/2545/2419
f 3158/2528/2402 3159/2529/2403 2249/2545/2419 2248/2546/2420
f 3157/2526/2400 3158/2528/2402 2248/2546/2420 2247/2547/2421
f 3156/2527/2401 3157/2526/2400 2247/2547/2421 2246/2548/2422
f 2357/2549/2423 3156/2527/2401 2246/2548/2422 2191/2550/2424
f 2356/2551/2425 3149/2520/2394 3156/2527/2401 2357/2549/2423
f 2355/2552/2426 3142/2513/2387 3149/2520/2394 2356/2551/2425
f 2354/2553/2427 3135/2506/2380 3142/2513/2387 2355/2552/2426
f 2353/2554/2428 3128/2499/2373 3135/2506/2380 2354/2553/2427
f 2352/2555/2429 3121/2487/2361 3128/2499/2373 2353/2554/2428
f 2351/2533/2407 3114/2484/2358 3121/2487/2361 2352/2555/2429
f 3163/2556/2430 3164/2557/2431 3171/2558/2432 3170/2559/2433
f 3164/2557/2431 3165/2560/2434 3172/2561/2435 3171/2558/2432
f 3165/2560/2434 3166/2562/2436 3173/2563/2437 3172/2561/2435
f 3166/2562/2436 3167/2564/2438 3174/2565/2439 3173/2563/2437
f 3167/2564/2438 3168/2566/2440 3175/2567/2441 3174/2565/2439
f 3168/2566/2440 3169/2568/2442 3176/2569/2443 3175/2567/2441
f 3170/2559/2433 3171/2558/2432 3178/2570/2444 3177/2571/2445
f 3171/2558/2432 3172/2561/2435 3179/2572/2446 3178/2570/2444
f 3172/2561/2435 3173/2563/2437 3180/2573/2447 3179/2572/2446
f 3173/2563/2437 3174/2565/2439 3181/2574/2448 3180/2573/2447
f 3174/2565/2439 3175/2567/2441 3182/2575/2449 3181/2574/2448
f 3175/2567/2441 3176/2569/2443 3183/2576/2450 3182/2575/2449
f 3177/2571/2445 3178/2570/2444 3185/2577/2451 3184/2578/2452
f 3178/2570/2444 3179/2572/2446 3186/2579/2453 3185/2577/2451
f 3179/2572/2446 3180/2573/2447 3187/2580/2454 3186/2579/2453
f 3180/2573/2447 3181/2574/2448 3188/2581/2455 3187/2580/2454
f 3181/2574/2448 3182/2575/2449 3189/2582/2456 3188/2581/2455
f 3182/2575/2449 3183/2576/2450 3190/2583/2457 3189/2582/2456
f 3184/2578/2452 3185/2577/2451 3192/2584/2458 3191/2585/2459
f 3185/2577/2451 3186/2579/2453 3193/2586/2460 3192/2584/2458
f 3186/2579/2453 3187/2580/2454 3194/2587/2461 3193/2586/2460
f 3187/2580/2454 3188/2581/2455 3195/2588/2462 3194/2587/2461
f 3188/2581/2455 3189/2582/2456 3196/2589/2463 3195/2588/2462
f 3189/2582/2456 3190/2583/2457 3197/2590/2464 3196/2589/2463
f 3191/2585/2459 3192/2584/2458 3199/2591/2465 3198/2592/2466
f 3192/2584/2458 3193/2586/2460 3200/2593/2467 3199/2591/2465
f 3193/2586/2460 3194/2587/2461 3201/2594/2468 3200/2593/2467
f 3194/2587/2461 3195/2588/2462 3202/2595/2469 3201/2594/2468
f 3195/2588/2462 3196/2589/2463 3203/2596/2470 3202/2595/2469
f 3196/2589/2463 3197/2590/2464 3204/2597/2471 3203/2596/2470
f 3198/2592/2466 3199/2591/2465 3206/2598/2472 3205/2599/2473
f 3199/2591/2465 3200/2593/2467 3207/2600/2474 3206/2598/2472
f 3200/2593/2467 3201/2594/2468 3208/2601/2475 3207/2600/2474
f 3201/2594/2468 3202/2595/2469 3209/2602/2476 3208/2601/2475
f 3202/2595/2469 3203/2596/2470 3210/2603/2477 3209/2602/2476
f 3203/2596/2470 3204/2597/2471 3211/2604/2478 3210/2603/2477
f 2205/2605/2479 2595/2606/2480 3163/2556/2430 2239/2607/2481
f 2595/2606/2480 2594/2608/2482 3164/2557/2431 3163/2556/2430
f 2594/2608/2482 2593/2609/2483 3165/2560/2434 3164/2557/2431
f 2593/2609/2483 2592/2610/2484 3166/2562/2436 3165/2560/2434
f 2592/2610/2484 2591/2611/2485 3167/2564/2438 3166/2562/2436
f 2591/2611/2485 2590/2612/2486 3168/2566/2440 3167/2564/2438
f 2590/2612/2486 2589/2613/2487 3169/2568/2442 3168/2566/2440
f 2589/2613/2487 2209/2614/2488 2553/2615/2489 3169/2568/2442
f 3169/2568/2442 2553/2615/2489 2552/2616/2490 3176/2569/2443
f 3176/2569/2443 2552/2616/2490 2551/2617/2491 3183/2576/2450
f 3183/2576/2450 2551/2617/2491 2550/2618/2492 3190/2583/2457
f 3190/2583/2457 2550/2618/2492 2549/2619/2493 3197/2590/2464
f 3197/2590/2464 2549/2619/2493 2548/2620/2494 3204/2597/2471
f 3204/2597/2471 2548/2620/2494 2547/2621/2495 3211/2604/2478
f 3211/2604/2478 2547/2621/2495 2187/2622/2496 2315/2623/2497
f 3210/2603/2477 3211/2604/2478 2315/2623/2497 2314/2624/2498
f 3209/2602/2476 3210/2603/2477 2314/2624/2498 2313/2625/2499
f 3208/2601/2475 3209/2602/2476 2313/2625/2499 2312/2626/2500
f 3207/2600/2474 3208/2601/2475 2312/2626/2500 2311/2627/2501
f 3206/2598/2472 3207/2600/2474 2311/2627/2501 2310/2628/2502
f 3205/2599/2473 3206/2598/2472 2310/2628/2502 2309/2629/2503
f 2245/2630/2504 3205/2599/2473 2309/2629/2503 2183/2631/2505
f 2244/2632/2506 3198/2592/2466 3205/2599/2473 2245/2630/2504
f 2243/2633/2507 3191/2585/2459 3198/2592/2466 2244/2632/2506
f 2242/2634/2508 3184/2578/2452 3191/2585/2459 2243/2633/2507
f 2241/2635/2509 3177/2571/2445 3184/2578/2452 2242/2634/2508
f 2240/2636/2510 3170/2559/2433 3177/2571/2445 2241/2635/2509
f 2239/2607/2481 3163/2556/2430 3170/2559/2433 2240/2636/2510
f 3212/2637/2511 3213/2638/2512 3220/2639/2513 3219/2640/2514
f 3213/2638/2512 3214/2641/2515 3221/2642/2516 3220/2639/2513
f 3214/2641/2515 3215/2643/2517 3222/2644/2518 3221/2642/2516
f 3215/2643/2517 3216/2645/2519 3223/2646/2520 3222/2644/2518
f 3216/2645/2519 3217/2647/2521 3224/2648/2522 3223/2646/2520
f 3217/2647/2521 3218/2649/2523 3225/2650/2524 3224/2648/2522
f 3219/2640/2514 3220/2639/2513 3227/2651/2525 3226/2652/2526
f 3220/2639/2513 3221/2642/2516 3228/2653/2527 3227/2651/2525
f 3221/2642/2516 3222/2644/2518 3229/2654/2528 3228/2653/2527
f 3222/2644/2518 3223/2646/2520 3230/2655/2529 3229/2654/2528
f 3223/2646/2520 3224/2648/2522 3231/2656/2530 3230/2655/2529
f 3224/2648/2522 3225/2650/2524 3232/2657/2531 3231/2656/2530
f 3226/2652/2526 3227/2651/2525 3234/2658/2532 3233/2659/2533
f 3227/2651/2525 3228/2653/2527 3235/2660/2534 3234/2658/2532
f 3228/2653/2527 3229/2654/2528 3236/2661/2535 3235/2660/2534
f 3229/2654/2528 3230/2655/2529 3237/2662/2536 3236/2661/2535
f 3230/2655/2529 3231/2656/2530 3238/2663/2537 3237/2662/2536
f 3231/2656/2530 3232/2657/2531 3239/2664/2538 3238/2663/2537
f 3233/2659/2533 3234/2658/2532 3241/2665/2539 3240/2666/2540
f 3234/2658/2532 3235/2660/2534 3242/2667/2541 3241/2665/2539
f 3235/2660/2534 3236/2661/2535 3243/2668/2542 3242/2667/2541
f 3236/2661/2535 3237/2662/2536 3244/2669/2543 3243/2668/2542
f 3237/2662/2536 3238/2663/2537 3245/2670/2544 3244/2669/2543
f 3238/2663/2537 3239/2664/2538 3246/2671/2545 3245/2670/2544
f 3240/2666/2540 3241/2665/2539 3248/2672/2546 3247/2673/2547
f 3241/2665/2539 3242/2667/2541 3249/2674/2548 3248/2672/2546
f 3242/2667/2541 3243/2668/2542 3250/2675/2549 3249/2674/2548
f 3243/2668/2542 3244/2669/2543 3251/2676/2550 3250/2675/2549
f 3244/2669/2543 3245/2670/2544 3252/2677/2551 3251/2676/2550
f 3245/2670/2544 3246/2671/2545 3253/2678/2552 3252/2677/2551
f 3247/2673/2547 3248/2672/2546 3255/2679/2553 3254/2680/2554
f 3248/2672/2546 3249/2674/2548 3256/2681/2555 3255/2679/2553
f 3249/2674/2548 3250/2675/2549 3257/2682/2556 3256/2681/2555
f 3250/2675/2549 3251/2676/2550 3258/2683/2557 3257/2682/2556
f 3251/2676/2550 3252/2677/2551 3259/2684/2558 3258/2683/2557
f 3252/2677/2551 3253/2678/2552 3260/2685/2559 3259/2684/2558
f 2206/2461/2335 2588/2686/2560 3212/2637/2511 2295/2462/2336
f 2588/2686/2560 2587/2687/2561 3213/2638/2512 3212/2637/2511
f 2587/2687/2561 2586/2688/2562 3214/2641/2515 3213/2638/2512
f 2586/2688/2562 2585/2689/2563 3215/2643/2517 3214/2641/2515
f 2585/2689/2563 2584/2690/2564 3216/2645/2519 3215/2643/2517
f 2584/2690/2564 2583/2691/2565 3217/2647/2521 3216/2645/2519
f 2583/2691/2565 2582/2692/2566 3218/2649/2523 3217/2647/2521
f 2582/2692/2566 2208/2693/2567 2546/2694/2568 3218/2649/2523
f 3218/2649/2523 2546/2694/2568 2545/2695/2569 3225/2650/2524
f 3225/2650/2524 2545/2695/2569 2544/2696/2570 3232/2657/2531
f 3232/2657/2531 2544/2696/2570 2543/2697/2571 3239/2664/2538
f 3239/2664/2538 2543/2697/2571 2542/2698/2572 3246/2671/2545
f 3246/2671/2545 2542/2698/2572 2541/2699/2573 3253/2678/2552
f 3253/2678/2552 2541/2699/2573 2540/2700/2574 3260/2685/2559
f 3260/2685/2559 2540/2700/2574 2184/2701/2415 2322/2702/2414
f 3259/2684/2558 3260/2685/2559 2322/2702/2414 2321/2703/2413
f 3258/2683/2557 3259/2684/2558 2321/2703/2413 2320/2704/2412
f 3257/2682/2556 3258/2683/2557 2320/2704/2412 2319/2705/2411
f 3256/2681/2555 3257/2682/2556 2319/2705/2411 2318/2706/2410
f 3255/2679/2553 3256/2681/2555 2318/2706/2410 2317/2707/2409
f 3254/2680/2554 3255/2679/2553 2317/2707/2409 2316/2708/2408
f 2301/2468/2342 3254/2680/2554 2316/2708/2408 2188/2469/2343
f 2300/2467/2341 3247/2673/2547 3254/2680/2554 2301/2468/2342
f 2299/2466/2340 3240/2666/2540 3247/2673/2547 2300/2467/2341
f 2298/2465/2339 3233/2659/2533 3240/2666/2540 2299/2466/2340
f 2297/2464/2338 3226/2652/2526 3233/2659/2533 2298/2465/2339
f 2296/2463/2337 3219/2640/2514 3226/2652/2526 2297/2464/2338
f 2295/2462/2336 3212/2637/2511 3219/2640/2514 2296/2463/2337
f 3261/2709/2575 3262/2710/2576 3269/2711/2577 3268/2712/2578
f 3262/2710/2576 3263/2713/2579 3270/2714/2580 3269/2711/2577
f 3263/2713/2579 3264/2715/2581 3271/2716/2582 3270/2714/2580
f 3264/2715/2581 3265/2717/2583 3272/2718/2584 3271/2716/2582
f 3265/2717/2583 3266/2719/2585 3273/2720/2586 3272/2718/2584
f 3266/2719/2585 3267/2721/2587 3274/2722/2588 3273/2720/2586
f 3268/2712/2578 3269/2711/2577 3276/2723/2589 3275/2724/2590
f 3269/2711/2577 3270/2714/2580 3277/2725/2591 3276/2723/2589
f 3270/2714/2580 3271/2716/2582 3278/2726/2592 3277/2725/2591
f 3271/2716/2582 3272/2718/2584 3279/2727/2593 3278/2726/2592
f 3272/2718/2584 3273/2720/2586 3280/2728/2594 3279/2727/2593
f 3273/2720/2586 3274/2722/2588 3281/2729/2595 3280/2728/2594
f 3275/2724/2590 3276/2723/2589 3283/2730/2596 3282/2731/2597
f 3276/2723/2589 3277/2725/2591 3284/2732/2598 3283/2730/2596
f 3277/2725/2591 3278/2726/2592 3285/2733/2599 3284/2732/2598
f 3278/2726/2592 3279/2727/2593 3286/2734/2600 3285/2733/2599
f 3279/2727/2593 3280/2728/2594 3287/2735/2601 3286/2734/2600
f 3280/2728/2594 3281/2729/2595 3288/2736/2602 3287/2735/2601
f 3282/2731/2597 3283/2730/2596 3290/2737/2603 3289/2738/2604
f 3283/2730/2596 3284/2732/2598 3291/2739/2605 3290/2737/2603
f 3284/2732/2598 3285/2733/2599 3292/2740/2606 3291/2739/2605
f 3285/2733/2599 3286/2734/2600 3293/2741/2607 3292/2740/2606
f 3286/2734/2600 3287/2735/2601 3294/2742/2608 3293/2741/2607
f 3287/2735/2601 3288/2736/2602 3295/2743/2609 3294/2742/2608
f 3289/2738/2604 3290/2737/2603 3297/2744/2610 3296/2745/2611
f 3290/2737/2603 3291/2739/2605 3298/2746/2612 3297/2744/2610
f 3291/2739/2605 3292/2740/2606 3299/2747/2613 3298/2746/2612
f 3292/2740/2606 3293/2741/2607 3300/2748/2614 3299/2747/2613
f 3293/2741/2607 3294/2742/2608 3301/2749/2615 3300/2748/2614
f 3294/2742/2608 3295/2743/2609 3302/2750/2616 3301/2749/2615
f 3296/2745/2611 3297/2744/2610 3304/2751/2617 3303/2752/2618
f 3297/2744/2610 3298/2746/2612 3305/2753/2619 3304/2751/2617
f 3298/2746/2612 3299/2747/2613 3306/2754/2620 3305/2753/2619
f 3299/2747/2613 3300/2748/2614 3307/2755/2621 3306/2754/2620
f 3300/2748/2614 3301/2749/2615 3308/2756/2622 3307/2755/2621
f 3301/2749/2615 3302/2750/2616 3309/2757/2623 3308/2756/2622
f 2187/2622/2496 2308/2758/2624 3261/2709/2575 2315/2759/2497
f 2308/2758/2624 2307/2760/2625 3262/2710/2576 3261/2709/2575
f 2307/2760/2625 2306/2761/2626 3263/2713/2579 3262/2710/2576
f 2306/2761/2626 2305/2762/2627 3264/2715/2581 3263/2713/2579
f 2305/2762/2627 2304/2763/2628 3265/2717/2583 3264/2715/2581
f 2304/2763/2628 2303/2764/2629 3266/2719/2585 3265/2717/2583
f 2303/2764/2629 2302/2765/2630 3267/2721/2587 3266/2719/2585
f 2302/2765/2630 2194/2478/2352 2351/2533/2407 3267/2721/2587
f 3267/2721/2587 2351/2533/2407 2352/2555/2429 3274/2722/2588
f 3274/2722/2588 2352/2555/2429 2353/2554/2428 3281/2729/2595
f 3281/2729/2595 2353/2554/2428 2354/2553/2427 3288/2736/2602
f 3288/2736/2602 2354/2553/2427 2355/2552/2426 3295/2743/2609
f 3295/2743/2609 2355/2552/2426 2356/2551/2425 3302/2750/2616
f 3302/2750/2616 2356/2551/2425 2357/2549/2423 3309/2757/2623
f 3309/2757/2623 2357/2549/2423 2191/2550/2424 2329/2766/2631
f 3308/2756/2622 3309/2757/2623 2329/2766/2631 2328/2767/2632
f 3307/2755/2621 3308/2756/2622 2328/2767/2632 2327/2768/2633
f 3306/2754/2620 3307/2755/2621 2327/2768/2633 2326/2769/2634
f 3305/2753/2619 3306/2754/2620 2326/2769/2634 2325/2770/2635
f 3304/2751/2617 3305/2753/2619 2325/2770/2635 2324/2771/2636
f 3303/2752/2618 3304/2751/2617 2324/2771/2636 2323/2772/2637
f 2309/2773/2503 3303/2752/2618 2323/2772/2637 2183/2774/2505
f 2310/2775/2502 3296/2745/2611 3303/2752/2618 2309/2773/2503
f 2311/2776/2501 3289/2738/2604 3296/2745/2611 2310/2775/2502
f 2312/2777/2500 3282/2731/2597 3289/2738/2604 2311/2776/2501
f 2313/2778/2499 3275/2724/2590 3282/2731/2597 2312/2777/2500
f 2314/2779/2498 3268/2712/2578 3275/2724/2590 2313/2778/2499
f 2315/2759/2497 3261/2709/2575 3268/2712/2578 2314/2779/2498
f 3310/2780/2638 3311/2781/2639 3318/2782/2640 3317/2783/2641
f 3311/2781/2639 3312/2784/2642 3319/2785/2643 3318/2782/2640
f 3312/2784/2642 3313/2786/2644 3320/2787/2645 3319/2785/2643
f 3313/2786/2644 3314/2788/2646 3321/2789/2647 3320/2787/2645
f 3314/2788/2646 3315/2790/2648 3322/2791/2649 3321/2789/2647
f 3315/2790/2648 3316/2792/2650 3323/2793/2651 3322/2791/2649
f 3317/2783/2641 3318/2782/2640 3325/2794/2652 3324/2795/2653
f 3318/2782/2640 3319/2785/2643 3326/2796/2654 3325/2794/2652
f 3319/2785/2643 3320/2787/2645 3327/2797/2655 3326/2796/2654
f 3320/2787/2645 3321/2789/2647 3328/2798/2656 3327/2797/2655
f 3321/2789/2647 3322/2791/2649 3329/2799/2657 3328/2798/2656
f 3322/2791/2649 3323/2793/2651 3330/2800/2658 3329/2799/2657
f 3324/2795/2653 3325/2794/2652 3332/2801/2659 3331/2802/2660
f 3325/2794/2652 3326/2796/2654 3333/2803/2661 3332/2801/2659
f 3326/2796/2654 3327/2797/2655 3334/2804/2662 3333/2803/2661
f 3327/2797/2655 3328/2798/2656 3335/2805/2663 3334/2804/2662
f 3328/2798/2656 3329/2799/2657 3336/2806/2664 3335/2805/2663
f 3329/2799/2657 3330/2800/2658 3337/2807/2665 3336/2806/2664
f 3331/2802/2660 3332/2801/2659 3339/2808/2666 3338/2809/2667
f 3332/2801/2659 3333/2803/2661 3340/2810/2668 3339/2808/2666
f 3333/2803/2661 3334/2804/2662 3341/2811/2669 3340/2810/2668
f 3334/2804/2662 3335/2805/2663 3342/2812/2670 3341/2811/2669
f 3335/2805/2663 3336/2806/2664 3343/2813/2671 3342/2812/2670
f 3336/2806/2664 3337/2807/2665 3344/2814/2672 3343/2813/2671
f 3338/2809/2667 3339/2808/2666 3346/2815/2673 3345/2816/2674
f 3339/2808/2666 3340/2810/2668 3347/2817/2675 3346/2815/2673
f 3340/2810/2668 3341/2811/2669 3348/2818/2676 3347/2817/2675
f 3341/2811/2669 3342/2812/2670 3349/2819/2677 3348/2818/2676
f 3342/2812/2670 3343/2813/2671 3350/2820/2678 3349/2819/2677
f 3343/2813/2671 3344/2814/2672 3351/2821/2679 3350/2820/2678
f 3345/2816/2674 3346/2815/2673 3353/2822/2680 3352/2823/2681
f 3346/2815/2673 3347/2817/2675 3354/2824/2682 3353/2822/2680
f 3347/2817/2675 3348/2818/2676 3355/2825/2683 3354/2824/2682
f 3348/2818/2676 3349/2819/2677 3356/2826/2684 3355/2825/2683
f 3349/2819/2677 3350/2820/2678 3357/2827/2685 3356/2826/2684
f 3350/2820/2678 3351/2821/2679 3358/2828/2686 3357/2827/2685
f 2209/2614/2488 2581/2829/2687 3310/2780/2638 2553/2615/2489
f 2581/2829/2687 2580/2830/2688 3311/2781/2639 3310/2780/2638
f 2580/2830/2688 2579/2831/2689 3312/2784/2642 3311/2781/2639
f 2579/2831/2689 2578/2832/2690 3313/2786/2644 3312/2784/2642
f 2578/2832/2690 2577/2833/2691 3314/2788/2646 3313/2786/2644
f 2577/2833/2691 2576/2834/2692 3315/2790/2648 3314/2788/2646
f 2576/2834/2692 2575/2835/2693 3316/2792/2650 3315/2790/2648
f 2575/2835/2693 2207/2452/2326 2358/2454/2328 3316/2792/2650
f 3316/2792/2650 2358/2454/2328 2359/2483/2357 3323/2793/2651
f 3323/2793/2651 2359/2483/2357 2360/2482/2356 3330/2800/2658
f 3330/2800/2658 2360/2482/2356 2361/2481/2355 3337/2807/2665
f 3337/2807/2665 2361/2481/2355 2362/2480/2354 3344/2814/2672
f 3344/2814/2672 2362/2480/2354 2363/2479/2353 3351/2821/2679
f 3351/2821/2679 2363/2479/2353 2364/2477/2351 3358/2828/2686
f 3358/2828/2686 2364/2477/2351 2194/2478/2352 2302/2765/2630
f 3357/2827/2685 3358/2828/2686 2302/2765/2630 2303/2764/2629
f 3356/2826/2684 3357/2827/2685 2303/2764/2629 2304/2763/2628
f 3355/2825/2683 3356/2826/2684 2304/2763/2628 2305/2762/2627
f 3354/2824/2682 3355/2825/2683 2305/2762/2627 2306/2761/2626
f 3353/2822/2680 3354/2824/2682 2306/2761/2626 2307/2760/2625
f 3352/2823/2681 3353/2822/2680 2307/2760/2625 2308/2758/2624
f 2547/2621/2495 3352/2823/2681 2308/2758/2624 2187/2622/2496
f 2548/2620/2494 3345/2816/2674 3352/2823/2681 2547/2621/2495
f 2549/2619/2493 3338/2809/2667 3345/2816/2674 2548/2620/2494
f 2550/2618/2492 3331/2802/2660 3338/2809/2667 2549/2619/2493
f 2551/2617/2491 3324/2795/2653 3331/2802/2660 2550/2618/2492
f 2552/2616/2490 3317/2783/2641 3324/2795/2653 2551/2617/2491
f 2553/2615/2489 3310/2780/2638 3317/2783/2641 2552/2616/2490
f 3359/2836/2694 3360/2837/2695 3367/2838/2696 3366/2839/2697
f 3360/2837/2695 3361/2840/2698 3368/2841/2699 3367/2838/2696
f 3361/2840/2698 3362/2842/2700 3369/2843/2701 3368/2841/2699
f 3362/2842/2700 3363/2844/2702 3370/2845/2703 3369/2843/2701
f 3363/2844/2702 3364/2846/2704 3371/2847/2705 3370/2845/2703
f 3364/2846/2704 3365/2848/2706 3372/2849/2707 3371/2847/2705
f 3366/2839/2697 3367/2838/2696 3374/2850/2708 3373/2851/2709
f 3367/2838/2696 3368/2841/2699 3375/2852/2710 3374/2850/2708
f 3368/2841/2699 3369/2843/2701 3376/2853/2711 3375/2852/2710
f 3369/2843/2701 3370/2845/2703 3377/2854/2712 3376/2853/2711
f 3370/2845/2703 3371/2847/2705 3378/2855/2713 3377/2854/2712
f 3371/2847/2705 3372/2849/2707 3379/2856/2714 3378/2855/2713
f 3373/2851/2709 3374/2850/2708 3381/2857/2715 3380/2858/2716
f 3374/2850/2708 3375/2852/2710 3382/2859/2717 3381/2857/2715
f 3375/2852/2710 3376/2853/2711 3383/2860/2718 3382/2859/2717
f 3376/2853/2711 3377/2854/2712 3384/2861/2719 3383/2860/2718
f 3377/2854/2712 3378/2855/2713 3385/2862/2720 3384/2861/2719
f 3378/2855/2713 3379/2856/2714 3386/2863/2721 3385/2862/2720
f 3380/2858/2716 3381/2857/2715 3388/2864/2722 3387/2865/2723
f 3381/2857/2715 3382/2859/2717 3389/2866/2724 3388/2864/2722
f 3382/2859/2717 3383/2860/2718 3390/2867/2725 3389/2866/2724
f 3383/2860/2718 3384/2861/2719 3391/2868/2726 3390/2867/2725
f 3384/2861/2719 3385/2862/2720 3392/2869/2727 3391/2868/2726
f 3385/2862/2720 3386/2863/2721 3393/2870/2728 3392/2869/2727
f 3387/2865/2723 3388/2864/2722 3395/2871/2729 3394/2872/2730
f 3388/2864/2722 3389/2866/2724 3396/2873/2731 3395/2871/2729
f 3389/2866/2724 3390/2867/2725 3397/2874/2732 3396/2873/2731
f 3390/2867/2725 3391/2868/2726 3398/2875/2733 3397/2874/2732
f 3391/2868/2726 3392/2869/2727 3399/2876/2734 3398/2875/2733
f 3392/2869/2727 3393/2870/2728 3400/2877/2735 3399/2876/2734
f 3394/2872/2730 3395/2871/2729 3402/2878/2736 3401/2879/2737
f 3395/2871/2729 3396/2873/2731 3403/2880/2738 3402/2878/2736
f 3396/2873/2731 3397/2874/2732 3404/2881/2739 3403/2880/2738
f 3397/2874/2732 3398/2875/2733 3405/2882/2740 3404/2881/2739
f 3398/2875/2733 3399/2876/2734 3406/2883/2741 3405/2882/2740
f 3399/2876/2734 3400/2877/2735 3407/2884/2742 3406/2883/2741
f 2185/2885/2743 2266/2886/2744 3359/2836/2694 2273/2887/2745
f 2266/2886/2744 2265/2888/2746 3360/2837/2695 3359/2836/2694
f 2265/2888/2746 2264/2889/2747 3361/2840/2698 3360/2837/2695
f 2264/2889/2747 2263/2890/2748 3362/2842/2700 3361/2840/2698
f 2263/2890/2748 2262/2891/2749 3363/2844/2702 3362/2842/2700
f 2262/2891/2749 2261/2892/2750 3364/2846/2704 3363/2844/2702
f 2261/2892/2750 2260/2893/2751 3365/2848/2706 3364/2846/2704
f 2260/2893/2751 2192/2325/2199 2365/2380/2254 3365/2848/2706
f 3365/2848/2706 2365/2380/2254 2366/2402/2276 3372/2849/2707
f 3372/2849/2707 2366/2402/2276 2367/2401/2275 3379/2856/2714
f 3379/2856/2714 2367/2401/2275 2368/2400/2274 3386/2863/2721
f 3386/2863/2721 2368/2400/2274 2369/2399/2273 3393/2870/2728
f 3393/2870/2728 2369/2399/2273 2370/2398/2272 3400/2877/2735
f 3400/2877/2735 2370/2398/2272 2371/2396/2270 3407/2884/2742
f 3407/2884/2742 2371/2396/2270 2193/2397/2271 2281/2894/2752
f 3406/2883/2741 3407/2884/2742 2281/2894/2752 2282/2895/2753
f 3405/2882/2740 3406/2883/2741 2282/2895/2753 2283/2896/2754
f 3404/2881/2739 3405/2882/2740 2283/2896/2754 2284/2897/2755
f 3403/2880/2738 3404/2881/2739 2284/2897/2755 2285/2898/2756
f 3402/2878/2736 3403/2880/2738 2285/2898/2756 2286/2899/2757
f 3401/2879/2737 3402/2878/2736 2286/2899/2757 2287/2900/2758
f 2267/2901/2759 3401/2879/2737 2287/2900/2758 2189/2902/2760
f 2268/2903/2761 3394/2872/2730 3401/2879/2737 2267/2901/2759
f 2269/2904/2762 3387/2865/2723 3394/2872/2730 2268/2903/2761
f 2270/2905/2763 3380/2858/2716 3387/2865/2723 2269/2904/2762
f 2271/2906/2764 3373/2851/2709 3380/2858/2716 2270/2905/2763
f 2272/2907/2765 3366/2839/2697 3373/2851/2709 2271/2906/2764
f 2273/2887/2745 3359/2836/2694 3366/2839/2697 2272/2907/2765
f 3408/2908/2766 3409/2909/2767 3416/2910/2768 3415/2911/2769
f 3409/2909/2767 3410/2912/2770 3417/2913/2771 3416/2910/2768
f 3410/2912/2770 3411/2914/2772 3418/2915/2773 3417/2913/2771
f 3411/2914/2772 3412/2916/2774 3419/2917/2775 3418/2915/2773
f 3412/2916/2774 3413/2918/2776 3420/2919/2777 3419/2917/2775
f 3413/2918/2776 3414/2920/2778 3421/2921/2779 3420/2919/2777
f 3415/2911/2769 3416/2910/2768 3423/2922/2780 3422/2923/2781
f 3416/2910/2768 3417/2913/2771 3424/2924/2782 3423/2922/2780
f 3417/2913/2771 3418/2915/2773 3425/2925/2783 3424/2924/2782
f 3418/2915/2773 3419/2917/2775 3426/2926/2784 3425/2925/2783
f 3419/2917/2775 3420/2919/2777 3427/2927/2785 3426/2926/2784
f 3420/2919/2777 3421/2921/2779 3428/2928/2786 3427/2927/2785
f 3422/2923/2781 3423/2922/2780 3430/2929/2787 3429/2930/2788
f 3423/2922/2780 3424/2924/2782 3431/2931/2789 3430/2929/2787
f 3424/2924/2782 3425/2925/2783 3432/2932/2790 3431/2931/2789
f 3425/2925/2783 3426/2926/2784 3433/2933/2791 3432/2932/2790
f 3426/2926/2784 3427/2927/2785 3434/2934/2792 3433/2933/2791
f 3427/2927/2785 3428/2928/2786 3435/2935/2793 3434/2934/2792
f 3429/2930/2788 3430/2929/2787 3437/2936/2794 3436/2937/2795
f 3430/2929/2787 3431/2931/2789 3438/2938/2796 3437/2936/2794
f 3431/2931/2789 3432/2932/2790 3439/2939/2797 3438/2938/2796
f 3432/2932/2790 3433/2933/2791 3440/2940/2798 3439/2939/2797
f 3433/2933/2791 3434/2934/2792 3441/2941/2799 3440/2940/2798
f 3434/2934/2792 3435/2935/2793 3442/2942/2800 3441/2941/2799
f 3436/2937/2795 3437/2936/2794 3444/2943/2801 3443/2944/2802
f 3437/2936/2794 3438/2938/2796 3445/2945/2803 3444/2943/2801
f 3438/2938/2796 3439/2939/2797 3446/2946/2804 3445/2945/2803
f 3439/2939/2797 3440/2940/2798 3447/2947/2805 3446/2946/2804
f 3440/2940/2798 3441/2941/2799 3448/2948/2806 3447/2947/2805
f 3441/2941/2799 3442/2942/2800 3449/2949/2807 3448/2948/2806
f 3443/2944/2802 3444/2943/2801 3451/2950/2808 3450/2951/2809
f 3444/2943/2801 3445/2945/2803 3452/2952/2810 3451/2950/2808
f 3445/2945/2803 3446/2946/2804 3453/2953/2811 3452/2952/2810
f 3446/2946/2804 3447/2947/2805 3454/2954/2812 3453/2953/2811
f 3447/2947/2805 3448/2948/2806 3455/2955/2813 3454/2954/2812
f 3448/2948/2806 3449/2949/2807 3456/2956/2814 3455/2955/2813
f 2195/2957/2815 2427/2958/2816 3408/2908/2766 2385/2959/2817
f 2427/2958/2816 2426/2960/2818 3409/2909/2767 3408/2908/2766
f 2426/2960/2818 2425/2961/2819 3410/2912/2770 3409/2909/2767
f 2425/2961/2819 2424/2962/2820 3411/2914/2772 3410/2912/2770
f 2424/2962/2820 2423/2963/2821 3412/2916/2774 3411/2914/2772
f 2423/2963/2821 2422/2964/2822 3413/2918/2776 3412/2916/2774
f 2422/2964/2822 2421/2965/2823 3414/2920/2778 3413/2918/2776
f 2421/2965/2823 2200/2299/2173 2372/2301/2175 3414/2920/2778
f 3414/2920/2778 2372/2301/2175 2373/2330/2204 3421/2921/2779
f 3421/2921/2779 2373/2330/2204 2374/2329/2203 3428/2928/2786
f 3428/2928/2786 2374/2329/2203 2375/2328/2202 3435/2935/2793
f 3435/2935/2793 2375/2328/2202 2376/2327/2201 3442/2942/2800
f 3442/2942/2800 2376/2327/2201 2377/2326/2200 3449/2949/2807
f 3449/2949/2807 2377/2326/2200 2378/2324/2198 3456/2956/2814
f 3456/2956/2814 2378/2324/2198 2192/2325/2199 2260/2893/2751
f 3455/2955/2813 3456/2956/2814 2260/2893/2751 2261/2892/2750
f 3454/2954/2812 3455/2955/2813 2261/2892/2750 2262/2891/2749
f 3453/2953/2811 3454/2954/2812 2262/2891/2749 2263/2890/2748
f 3452/2952/2810 3453/2953/2811 2263/2890/2748 2264/2889/2747
f 3451/2950/2808 3452/2952/2810 2264/2889/2747 2265/2888/2746
f 3450/2951/2809 3451/2950/2808 2265/2888/2746 2266/2886/2744
f 2379/2966/2824 3450/2951/2809 2266/2886/2744 2185/2885/2743
f 2380/2967/2825 3443/2944/2802 3450/2951/2809 2379/2966/2824
f 2381/2968/2826 3436/2937/2795 3443/2944/2802 2380/2967/2825
f 2382/2969/2827 3429/2930/2788 3436/2937/2795 2381/2968/2826
f 2383/2970/2828 3422/2923/2781 3429/2930/2788 2382/2969/2827
f 2384/2971/2829 3415/2911/2769 3422/2923/2781 2383/2970/2828
f 2385/2959/2817 3408/2908/2766 3415/2911/2769 2384/2971/2829
f 3457/2972/2830 3458/2973/2831 3465/2974/2832 3464/2975/2833
f 3458/2973/2831 3459/2976/2834 3466/2977/2835 3465/2974/2832
f 3459/2976/2834 3460/2978/2836 3467/2979/2837 3466/2977/2835
f 3460/2978/2836 3461/2980/2838 3468/2981/2839 3467/2979/2837
f 3461/2980/2838 3462/2982/2840 3469/2983/2841 3468/2981/2839
f 3462/2982/2840 3463/2984/2842 3470/2985/2843 3469/2983/2841
f 3464/2975/2833 3465/2974/2832 3472/2986/2844 3471/2987/2845
f 3465/2974/2832 3466/2977/2835 3473/2988/2846 3472/2986/2844
f 3466/2977/2835 3467/2979/2837 3474/2989/2847 3473/2988/2846
f 3467/2979/2837 3468/2981/2839 3475/2990/2848 3474/2989/2847
f 3468/2981/2839 3469/2983/2841 3476/2991/2849 3475/2990/2848
f 3469/2983/2841 3470/2985/2843 3477/2992/2850 3476/2991/2849
f 3471/2987/2845 3472/2986/2844 3479/2993/2851 3478/2994/2852
f 3472/2986/2844 3473/2988/2846 3480/2995/2853 3479/2993/2851
f 3473/2988/2846 3474/2989/2847 3481/2996/2854 3480/2995/2853
f 3474/2989/2847 3475/2990/2848 3482/2997/2855 3481/2996/2854
f 3475/2990/2848 3476/2991/2849 3483/2998/2856 3482/2997/2855
f 3476/2991/2849 3477/2992/2850 3484/2999/2857 3483/2998/2856
f 3478/2994/2852 3479/2993/2851 3486/3000/2858 3485/3001/2859
f 3479/2993/2851 3480/2995/2853 3487/3002/2860 3486/3000/2858
f 3480/2995/2853 3481/2996/2854 3488/3003/2861 3487/3002/2860
f 3481/2996/2854 3482/2997/2855 3489/3004/2862 3488/3003/2861
f 3482/2997/2855 3483/2998/2856 3490/3005/2863 3489/3004/2862
f 3483/2998/2856 3484/2999/2857 3491/3006/2864 3490/3005/2863
f 3485/3001/2859 3486/3000/2858 3493/3007/2865 3492/3008/2866
f 3486/3000/2858 3487/3002/2860 3494/3009/2867 3493/3007/2865
f 3487/3002/2860 3488/3003/2861 3495/3010/2868 3494/3009/2867
f 3488/3003/2861 3489/3004/2862 3496/3011/2869 3495/3010/2868
f 3489/3004/2862 3490/3005/2863 3497/3012/2870 3496/3011/2869
f 3490/3005/2863 3491/3006/2864 3498/3013/2871 3497/3012/2870
f 3492/3008/2866 3493/3007/2865 3500/3014/2872 3499/3015/2873
f 3493/3007/2865 3494/3009/2867 3501/3016/2874 3500/3014/2872
f 3494/3009/2867 3495/3010/2868 3502/3017/2875 3501/3016/2874
f 3495/3010/2868 3496/3011/2869 3503/3018/2876 3502/3017/2875
f 3496/3011/2869 3497/3012/2870 3504/3019/2877 3503/3018/2876
f 3497/3012/2870 3498/3013/2871 3505/3020/2878 3504/3019/2877
f 2205/3021/2479 2574/3022/2879 3457/2972/2830 2525/3023/2880
f 2574/3022/2879 2573/3024/2881 3458/2973/2831 3457/2972/2830
f 2573/3024/2881 2572/3025/2882 3459/2976/2834 3458/2973/2831
f 2572/3025/2882 2571/3026/2883 3460/2978/2836 3459/2976/2834
f 2571/3026/2883 2570/3027/2884 3461/2980/2838 3460/2978/2836
f 2570/3027/2884 2569/3028/2885 3462/2982/2840 3461/2980/2838
f 2569/3028/2885 2568/3029/2886 3463/2984/2842 3462/2982/2840
f 2568/3029/2886 2210/3030/2887 2414/3031/2888 3463/2984/2842
f 3463/2984/2842 2414/3031/2888 2415/3032/2889 3470/2985/2843
f 3470/2985/2843 2415/3032/2889 2416/3033/2890 3477/2992/2850
f 3477/2992/2850 2416/3033/2890 2417/3034/2891 3484/2999/2857
f 3484/2999/2857 2417/3034/2891 2418/3035/2892 3491/3006/2864
f 3491/3006/2864 2418/3035/2892 2419/3036/2893 3498/3013/2871
f 3498/3013/2871 2419/3036/2893 2420/3037/2894 3505/3020/2878
f 3505/3020/2878 2420/3037/2894 2200/2299/2173 2421/2965/2823
f 3504/3019/2877 3505/3020/2878 2421/2965/2823 2422/2964/2822
f 3503/3018/2876 3504/3019/2877 2422/2964/2822 2423/2963/2821
f 3502/3017/2875 3503/3018/2876 2423/2963/2821 2424/2962/2820
f 3501/3016/2874 3502/3017/2875 2424/2962/2820 2425/2961/2819
f 3500/3014/2872 3501/3016/2874 2425/2961/2819 2426/2960/2818
f 3499/3015/2873 3500/3014/2872 2426/2960/2818 2427/2958/2816
f 2519/3038/2895 3499/3015/2873 2427/2958/2816 2195/2957/2815
f 2520/3039/2896 3492/3008/2866 3499/3015/2873 2519/3038/2895
f 2521/3040/2897 3485/3001/2859 3492/3008/2866 2520/3039/2896
f 2522/3041/2898 3478/2994/2852 3485/3001/2859 2521/3040/2897
f 2523/3042/2899 3471/2987/2845 3478/2994/2852 2522/3041/2898
f 2524/3043/2900 3464/2975/2833 3471/2987/2845 2523/3042/2899
f 2525/3023/2880 3457/2972/2830 3464/2975/2833 2524/3043/2900
f 3506/3044/2901 3507/3045/2902 3514/3046/2903 3513/3047/2904
f 3507/3045/2902 3508/3048/2905 3515/3049/2906 3514/3046/2903
f 3508/3048/2905 3509/3050/2907 3516/3051/2908 3515/3049/2906
f 3509/3050/2907 3510/3052/2909 3517/3053/2910 3516/3051/2908
f 3510/3052/2909 3511/3054/2911 3518/3055/2912 3517/3053/2910
f 3511/3054/2911 3512/3056/2913 3519/3057/2914 3518/3055/2912
f 3513/3047/2904 3514/3046/2903 3521/3058/2915 3520/3059/2916
f 3514/3046/2903 3515/3049/2906 3522/3060/2917 3521/3058/2915
f 3515/3049/2906 3516/3051/2908 3523/3061/2918 3522/3060/2917
f 3516/3051/2908 3517/3053/2910 3524/3062/2919 3523/3061/2918
f 3517/3053/2910 3518/3055/2912 3525/3063/2920 3524/3062/2919
f 3518/3055/2912 3519/3057/2914 3526/3064/2921 3525/3063/2920
f 3520/3059/2916 3521/3058/2915 3528/3065/2922 3527/3066/2923
f 3521/3058/2915 3522/3060/2917 3529/3067/2924 3528/3065/2922
f 3522/3060/2917 3523/3061/2918 3530/3068/2925 3529/3067/2924
f 3523/3061/2918 3524/3062/2919 3531/3069/2926 3530/3068/2925
f 3524/3062/2919 3525/3063/2920 3532/3070/2927 3531/3069/2926
f 3525/3063/2920 3526/3064/2921 3533/3071/2928 3532/3070/2927
f 3527/3066/2923 3528/3065/2922 3535/3072/2929 3534/3073/2930
f 3528/3065/2922 3529/3067/2924 3536/3074/2931 3535/3072/2929
f 3529/3067/2924 3530/3068/2925 3537/3075/2932 3536/3074/2931
f 3530/3068/2925 3531/3069/2926 3538/3076/2933 3537/3075/2932
f 3531/3069/2926 3532/3070/2927 3539/3077/2934 3538/3076/2933
f 3532/3070/2927 3533/3071/2928 3540/3078/2935 3539/3077/2934
f 3534/3073/2930 3535/3072/2929 3542/3079/2936 3541/3080/2937
f 3535/3072/2929 3536/3074/2931 3543/3081/2938 3542/3079/2936
f 3536/3074/2931 3537/3075/2932 3544/3082/2939 3543/3081/2938
f 3537/3075/2932 3538/3076/2933 3545/3083/2940 3544/3082/2939
f 3538/3076/2933 3539/3077/2934 3546/3084/2941 3545/3083/2940
f 3539/3077/2934 3540/3078/2935 3547/3085/2942 3546/3084/2941
f 3541/3080/2937 3542/3079/2936 3549/3086/2943 3548/3087/2944
f 3542/3079/2936 3543/3081/2938 3550/3088/2945 3549/3086/2943
f 3543/3081/2938 3544/3082/2939 3551/3089/2946 3550/3088/2945
f 3544/3082/2939 3545/3083/2940 3552/3090/2947 3551/3089/2946
f 3545/3083/2940 3546/3084/2941 3553/3091/2948 3552/3090/2947
f 3546/3084/2941 3547/3085/2942 3554/3092/2949 3553/3091/2948
f 2189/2902/2760 2287/2900/2758 3506/3044/2901 2294/3093/2950
f 2287/2900/2758 2286/2899/2757 3507/3045/2902 3506/3044/2901
f 2286/2899/2757 2285/2898/2756 3508/3048/2905 3507/3045/2902
f 2285/2898/2756 2284/2897/2755 3509/3050/2907 3508/3048/2905
f 2284/2897/2755 2283/2896/2754 3510/3052/2909 3509/3050/2907
f 2283/2896/2754 2282/2895/2753 3511/3054/2911 3510/3052/2909
f 2282/2895/2753 2281/2894/2752 3512/3056/2913 3511/3054/2911
f 2281/2894/2752 2193/2397/2271 2407/3094/2951 3512/3056/2913
f 3512/3056/2913 2407/3094/2951 2408/3095/2952 3519/3057/2914
f 3519/3057/2914 2408/3095/2952 2409/3096/2953 3526/3064/2921
f 3526/3064/2921 2409/3096/2953 2410/3097/2954 3533/3071/2928
f 3533/3071/2928 2410/3097/2954 2411/3098/2955 3540/3078/2935
f 3540/3078/2935 2411/3098/2955 2412/3099/2956 3547/3085/2942
f 3547/3085/2942 2412/3099/2956 2413/3100/2957 3554/3092/2949
f 3554/3092/2949 2413/3100/2957 2199/3101/2958 2428/3102/2959
f 3553/3091/2948 3554/3092/2949 2428/3102/2959 2429/3103/2960
f 3552/3090/2947 3553/3091/2948 2429/3103/2960 2430/3104/2961
f 3551/3089/2946 3552/3090/2947 2430/3104/2961 2431/3105/2962
f 3550/3088/2945 3551/3089/2946 2431/3105/2962 2432/3106/2963
f 3549/3086/2943 3550/3088/2945 2432/3106/2963 2433/3107/2964
f 3548/3087/2944 3549/3086/2943 2433/3107/2964 2434/3108/2965
f 2288/3109/2966 3548/3087/2944 2434/3108/2965 2197/3110/2967
f 2289/3111/2968 3541/3080/2937 3548/3087/2944 2288/3109/2966
f 2290/3112/2969 3534/3073/2930 3541/3080/2937 2289/3111/2968
f 2291/3113/2970 3527/3066/2923 3534/3073/2930 2290/3112/2969
f 2292/3114/2971 3520/3059/2916 3527/3066/2923 2291/3113/2970
f 2293/3115/2972 3513/3047/2904 3520/3059/2916 2292/3114/2971
f 2294/3093/2950 3506/3044/2901 3513/3047/2904 2293/3115/2972
f 3555/3116/2973 3556/3117/2974 3563/3118/2975 3562/3119/2976
f 3556/3117/2974 3557/3120/2977 3564/3121/2978 3563/3118/2975
f 3557/3120/2977 3558/3122/2979 3565/3123/2980 3564/3121/2978
f 3558/3122/2979 3559/3124/2981 3566/3125/2982 3565/3123/2980
f 3559/3124/2981 3560/3126/2983 3567/3127/2984 3566/3125/2982
f 3560/3126/2983 3561/3128/2985 3568/3129/2986 3567/3127/2984
f 3562/3119/2976 3563/3118/2975 3570/3130/2987 3569/3131/2988
f 3563/3118/2975 3564/3121/2978 3571/3132/2989 3570/3130/2987
f 3564/3121/2978 3565/3123/2980 3572/3133/2990 3571/3132/2989
f 3565/3123/2980 3566/3125/2982 3573/3134/2991 3572/3133/2990
f 3566/3125/2982 3567/3127/2984 3574/3135/2992 3573/3134/2991
f 3567/3127/2984 3568/3129/2986 3575/3136/2993 3574/3135/2992
f 3569/3131/2988 3570/3130/2987 3577/3137/2994 3576/3138/2995
f 3570/3130/2987 3571/3132/2989 3578/3139/2996 3577/3137/2994
f 3571/3132/2989 3572/3133/2990 3579/3140/2997 3578/3139/2996
f 3572/3133/2990 3573/3134/2991 3580/3141/2998 3579/3140/2997
f 3573/3134/2991 3574/3135/2992 3581/3142/2999 3580/3141/2998
f 3574/3135/2992 3575/3136/2993 3582/3143/3000 3581/3142/2999
f 3576/3138/2995 3577/3137/2994 3584/3144/3001 3583/3145/3002
f 3577/3137/2994 3578/3139/2996 3585/3146/3003 3584/3144/3001
f 3578/3139/2996 3579/3140/2997 3586/3147/3004 3585/3146/3003
f 3579/3140/2997 3580/3141/2998 3587/3148/3005 3586/3147/3004
f 3580/3141/2998 3581/3142/2999 3588/3149/3006 3587/3148/3005
f 3581/3142/2999 3582/3143/3000 3589/3150/3007 3588/3149/3006
f 3583/3145/3002 3584/3144/3001 3591/3151/3008 3590/3152/3009
f 3584/3144/3001 3585/3146/3003 3592/3153/3010 3591/3151/3008
f 3585/3146/3003 3586/3147/3004 3593/3154/3011 3592/3153/3010
f 3586/3147/3004 3587/3148/3005 3594/3155/3012 3593/3154/3011
f 3587/3148/3005 3588/3149/3006 3595/3156/3013 3594/3155/3012
f 3588/3149/3006 3589/3150/3007 3596/3157/3014 3595/3156/3013
f 3590/3152/3009 3591/3151/3008 3598/3158/3015 3597/3159/3016
f 3591/3151/3008 3592/3153/3010 3599/3160/3017 3598/3158/3015
f 3592/3153/3010 3593/3154/3011 3600/3161/3018 3599/3160/3017
f 3593/3154/3011 3594/3155/3012 3601/3162/3019 3600/3161/3018
f 3594/3155/3012 3595/3156/3013 3602/3163/3020 3601/3162/3019
f 3595/3156/3013 3596/3157/3014 3603/3164/3021 3602/3163/3020
f 2185/3165/2743 2273/3166/2745 3555/3116/2973 2379/3167/2824
f 2273/3166/2745 2272/3168/2765 3556/3117/2974 3555/3116/2973
f 2272/3168/2765 2271/3169/2764 3557/3120/2977 3556/3117/2974
f 2271/3169/2764 2270/3170/2763 3558/3122/2979 3557/3120/2977
f 2270/3170/2763 2269/3171/2762 3559/3124/2981 3558/3122/2979
f 2269/3171/2762 2268/3172/2761 3560/3126/2983 3559/3124/2981
f 2268/3172/2761 2267/3173/2759 3561/3128/2985 3560/3126/2983
f 2267/3173/2759 2189/2902/2760 2294/3093/2950 3561/3128/2985
f 3561/3128/2985 2294/3093/2950 2293/3115/2972 3568/3129/2986
f 3568/3129/2986 2293/3115/2972 2292/3114/2971 3575/3136/2993
f 3575/3136/2993 2292/3114/2971 2291/3113/2970 3582/3143/3000
f 3582/3143/3000 2291/3113/2970 2290/3112/2969 3589/3150/3007
f 3589/3150/3007 2290/3112/2969 2289/3111/2968 3596/3157/3014
f 3596/3157/3014 2289/3111/2968 2288/3109/2966 3603/3164/3021
f 3603/3164/3021 2288/3109/2966 2197/3110/2967 2442/3174/3022
f 3602/3163/3020 3603/3164/3021 2442/3174/3022 2443/3175/3023
f 3601/3162/3019 3602/3163/3020 2443/3175/3023 2444/3176/3024
f 3600/3161/3018 3601/3162/3019 2444/3176/3024 2445/3177/3025
f 3599/3160/3017 3600/3161/3018 2445/3177/3025 2446/3178/3026
f 3598/3158/3015 3599/3160/3017 2446/3178/3026 2447/3179/3027
f 3597/3159/3016 3598/3158/3015 2447/3179/3027 2448/3180/3028
f 2385/3181/2817 3597/3159/3016 2448/3180/3028 2195/3182/2815
f 2384/3183/2829 3590/3152/3009 3597/3159/3016 2385/3181/2817
f 2383/3184/2828 3583/3145/3002 3590/3152/3009 2384/3183/2829
f 2382/3185/2827 3576/3138/2995 3583/3145/3002 2383/3184/2828
f 2381/3186/2826 3569/3131/2988 3576/3138/2995 2382/3185/2827
f 2380/3187/2825 3562/3119/2976 3569/3131/2988 2381/3186/2826
f 2379/3167/2824 3555/3116/2973 3562/3119/2976 2380/3187/2825
f 3604/3188/3029 3605/3189/3030 3612/3190/3031 3611/3191/3032
f 3605/3189/3030 3606/3192/3033 3613/3193/3034 3612/3190/3031
f 3606/3192/3033 3607/3194/3035 3614/3195/3036 3613/3193/3034
f 3607/3194/3035 3608/3196/3037 3615/3197/3038 3614/3195/3036
f 3608/3196/3037 3609/3198/3039 3616/3199/3040 3615/3197/3038
f 3609/3198/3039 3610/3200/3041 3617/3201/3042 3616/3199/3040
f 3611/3191/3032 3612/3190/3031 3619/3202/3043 3618/3203/3044
f 3612/3190/3031 3613/3193/3034 3620/3204/3045 3619/3202/3043
f 3613/3193/3034 3614/3195/3036 3621/3205/3046 3620/3204/3045
f 3614/3195/3036 3615/3197/3038 3622/3206/3047 3621/3205/3046
f 3615/3197/3038 3616/3199/3040 3623/3207/3048 3622/3206/3047
f 3616/3199/3040 3617/3201/3042 3624/3208/3049 3623/3207/3048
f 3618/3203/3044 3619/3202/3043 3626/3209/3050 3625/3210/3051
f 3619/3202/3043 3620/3204/3045 3627/3211/3052 3626/3209/3050
f 3620/3204/3045 3621/3205/3046 3628/3212/3053 3627/3211/3052
f 3621/3205/3046 3622/3206/3047 3629/3213/3054 3628/3212/3053
f 3622/3206/3047 3623/3207/3048 3630/3214/3055 3629/3213/3054
f 3623/3207/3048 3624/3208/3049 3631/3215/3056 3630/3214/3055
f 3625/3210/3051 3626/3209/3050 3633/3216/3057 3632/3217/3058
f 3626/3209/3050 3627/3211/3052 3634/3218/3059 3633/3216/3057
f 3627/3211/3052 3628/3212/3053 3635/3219/3060 3634/3218/3059
f 3628/3212/3053 3629/3213/3054 3636/3220/3061 3635/3219/3060
f 3629/3213/3054 3630/3214/3055 3637/3221/3062 3636/3220/3061
f 3630/3214/3055 3631/3215/3056 3638/3222/3063 3637/3221/3062
f 3632/3217/3058 3633/3216/3057 3640/3223/3064 3639/3224/3065
f 3633/3216/3057 3634/3218/3059 3641/3225/3066 3640/3223/3064
f 3634/3218/3059 3635/3219/3060 3642/3226/3067 3641/3225/3066
f 3635/3219/3060 3636/3220/3061 3643/3227/3068 3642/3226/3067
f 3636/3220/3061 3637/3221/3062 3644/3228/3069 3643/3227/3068
f 3637/3221/3062 3638/3222/3063 3645/3229/3070 3644/3228/3069
f 3639/3224/3065 3640/3223/3064 3647/3230/3071 3646/3231/3072
f 3640/3223/3064 3641/3225/3066 3648/3232/3073 3647/3230/3071
f 3641/3225/3066 3642/3226/3067 3649/3233/3074 3648/3232/3073
f 3642/3226/3067 3643/3227/3068 3650/3234/3075 3649/3233/3074
f 3643/3227/3068 3644/3228/3069 3651/3235/3076 3650/3234/3075
f 3644/3228/3069 3645/3229/3070 3652/3236/3077 3651/3235/3076
f 2193/2397/2271 2343/2395/2269 3604/3188/3029 2407/3094/2951
f 2343/2395/2269 2342/2394/2268 3605/3189/3030 3604/3188/3029
f 2342/2394/2268 2341/2393/2267 3606/3192/3033 3605/3189/3030
f 2341/2393/2267 2340/2392/2266 3607/3194/3035 3606/3192/3033
f 2340/2392/2266 2339/2391/2265 3608/3196/3037 3607/3194/3035
f 2339/2391/2265 2338/2390/2264 3609/3198/3039 3608/3196/3037
f 2338/2390/2264 2337/2389/2263 3610/3200/3041 3609/3198/3039
f 2337/2389/2263 2203/2388/2262 2400/3237/3078 3610/3200/3041
f 3610/3200/3041 2400/3237/3078 2401/3238/3079 3617/3201/3042
f 3617/3201/3042 2401/3238/3079 2402/3239/3080 3624/3208/3049
f 3624/3208/3049 2402/3239/3080 2403/3240/3081 3631/3215/3056
f 3631/3215/3056 2403/3240/3081 2404/3241/3082 3638/3222/3063
f 3638/3222/3063 2404/3241/3082 2405/3242/3083 3645/3229/3070
f 3645/3229/3070 2405/3242/3083 2406/3243/3084 3652/3236/3077
f 3652/3236/3077 2406/3243/3084 2204/3244/3085 2449/3245/3086
f 3651/3235/3076 3652/3236/3077 2449/3245/3086 2450/3246/3087
f 3650/3234/3075 3651/3235/3076 2450/3246/3087 2451/3247/3088
f 3649/3233/3074 3650/3234/3075 2451/3247/3088 2452/3248/3089
f 3648/3232/3073 3649/3233/3074 2452/3248/3089 2453/3249/3090
f 3647/3230/3071 3648/3232/3073 2453/3249/3090 2454/3250/3091
f 3646/3231/3072 3647/3230/3071 2454/3250/3091 2455/3251/3092
f 2413/3100/2957 3646/3231/3072 2455/3251/3092 2199/3101/2958
f 2412/3099/2956 3639/3224/3065 3646/3231/3072 2413/3100/2957
f 2411/3098/2955 3632/3217/3058 3639/3224/3065 2412/3099/2956
f 2410/3097/2954 3625/3210/3051 3632/3217/3058 2411/3098/2955
f 2409/3096/2953 3618/3203/3044 3625/3210/3051 2410/3097/2954
f 2408/3095/2952 3611/3191/3032 3618/3203/3044 2409/3096/2953
f 2407/3094/2951 3604/3188/3029 3611/3191/3032 2408/3095/2952
f 3653/3252/3093 3654/3253/3094 3661/3254/3095 3660/3255/3096
f 3654/3253/3094 3655/3256/3097 3662/3257/3098 3661/3254/3095
f 3655/3256/3097 3656/3258/3099 3663/3259/3100 3662/3257/3098
f 3656/3258/3099 3657/3260/3101 3664/3261/3102 3663/3259/3100
f 3657/3260/3101 3658/3262/3103 3665/3263/3104 3664/3261/3102
f 3658/3262/3103 3659/3264/3105 3666/3265/3106 3665/3263/3104
f 3660/3255/3096 3661/3254/3095 3668/3266/3107 3667/3267/3108
f 3661/3254/3095 3662/3257/3098 3669/3268/3109 3668/3266/3107
f 3662/3257/3098 3663/3259/3100 3670/3269/3110 3669/3268/3109
f 3663/3259/3100 3664/3261/3102 3671/3270/3111 3670/3269/3110
f 3664/3261/3102 3665/3263/3104 3672/3271/3112 3671/3270/3111
f 3665/3263/3104 3666/3265/3106 3673/3272/3113 3672/3271/3112
f 3667/3267/3108 3668/3266/3107 3675/3273/3114 3674/3274/3115
f 3668/3266/3107 3669/3268/3109 3676/3275/3116 3675/3273/3114
f 3669/3268/3109 3670/3269/3110 3677/3276/3117 3676/3275/3116
f 3670/3269/3110 3671/3270/3111 3678/3277/3118 3677/3276/3117
f 3671/3270/3111 3672/3271/3112 3679/3278/3119 3678/3277/3118
f 3672/3271/3112 3673/3272/3113 3680/3279/3120 3679/3278/3119
f 3674/3274/3115 3675/3273/3114 3682/3280/3121 3681/3281/3122
f 3675/3273/3114 3676/3275/3116 3683/3282/3123 3682/3280/3121
f 3676/3275/3116 3677/3276/3117 3684/3283/3124 3683/3282/3123
f 3677/3276/3117 3678/3277/3118 3685/3284/3125 3684/3283/3124
f 3678/3277/3118 3679/3278/3119 3686/3285/3126 3685/3284/3125
f 3679/3278/3119 3680/3279/3120 3687/3286/3127 3686/3285/3126
f 3681/3281/3122 3682/3280/3121 3689/3287/3128 3688/3288/3129
f 3682/3280/3121 3683/3282/3123 3690/3289/3130 3689/3287/3128
f 3683/3282/3123 3684/3283/3124 3691/3290/3131 3690/3289/3130
f 3684/3283/3124 3685/3284/3125 3692/3291/3132 3691/3290/3131
f 3685/3284/3125 3686/3285/3126 3693/3292/3133 3692/3291/3132
f 3686/3285/3126 3687/3286/3127 3694/3293/3134 3693/3292/3133
f 3688/3288/3129 3689/3287/3128 3696/3294/3135 3695/3295/3136
f 3689/3287/3128 3690/3289/3130 3697/3296/3137 3696/3294/3135
f 3690/3289/3130 3691/3290/3131 3698/3297/3138 3697/3296/3137
f 3691/3290/3131 3692/3291/3132 3699/3298/3139 3698/3297/3138
f 3692/3291/3132 3693/3292/3133 3700/3299/3140 3699/3298/3139
f 3693/3292/3133 3694/3293/3134 3701/3300/3141 3700/3299/3140
f 2210/3030/2887 2567/3301/3142 3653/3252/3093 2414/3031/2888
f 2567/3301/3142 2566/3302/3143 3654/3253/3094 3653/3252/3093
f 2566/3302/3143 2565/3303/3144 3655/3256/3097 3654/3253/3094
f 2565/3303/3144 2564/3304/3145 3656/3258/3099 3655/3256/3097
f 2564/3304/3145 2563/3305/3146 3657/3260/3101 3656/3258/3099
f 2563/3305/3146 2562/3306/3147 3658/3262/3103 3657/3260/3101
f 2562/3306/3147 2561/3307/3148 3659/3264/3105 3658/3262/3103
f 2561/3307/3148 2208/3308/2567 2386/3309/3149 3659/3264/3105
f 3659/3264/3105 2386/3309/3149 2387/3310/3150 3666/3265/3106
f 3666/3265/3106 2387/3310/3150 2388/3311/3151 3673/3272/3113
f 3673/3272/3113 2388/3311/3151 2389/3312/3152 3680/3279/3120
f 3680/3279/3120 2389/3312/3152 2390/3313/3153 3687/3286/3127
f 3687/3286/3127 2390/3313/3153 2391/3314/3154 3694/3293/3134
f 3694/3293/3134 2391/3314/3154 2392/3315/3155 3701/3300/3141
f 3701/3300/3141 2392/3315/3155 2201/2308/2182 2456/2307/2181
f 3700/3299/3140 3701/3300/3141 2456/2307/2181 2457/2306/2180
f 3699/3298/3139 3700/3299/3140 2457/2306/2180 2458/2305/2179
f 3698/3297/3138 3699/3298/3139 2458/2305/2179 2459/2304/2178
f 3697/3296/3137 3698/3297/3138 2459/2304/2178 2460/2303/2177
f 3696/3294/3135 3697/3296/3137 2460/2303/2177 2461/2302/2176
f 3695/3295/3136 3696/3294/3135 2461/2302/2176 2462/2300/2174
f 2420/3037/2894 3695/3295/3136 2462/2300/2174 2200/2299/2173
f 2419/3036/2893 3688/3288/3129 3695/3295/3136 2420/3037/2894
f 2418/3035/2892 3681/3281/3122 3688/3288/3129 2419/3036/2893
f 2417/3034/2891 3674/3274/3115 3681/3281/3122 2418/3035/2892
f 2416/3033/2890 3667/3267/3108 3674/3274/3115 2417/3034/2891
f 2415/3032/2889 3660/3255/3096 3667/3267/3108 2416/3033/2890
f 2414/3031/2888 3653/3252/3093 3660/3255/3096 2415/3032/2889
f 3702/3316/3156 3703/3317/3157 3710/3318/3158 3709/3319/3159
f 3703/3317/3157 3704/3320/3160 3711/3321/3161 3710/3318/3158
f 3704/3320/3160 3705/3322/3162 3712/3323/3163 3711/3321/3161
f 3705/3322/3162 3706/3324/3164 3713/3325/3165 3712/3323/3163
f 3706/3324/3164 3707/3326/3166 3714/3327/3167 3713/3325/3165
f 3707/3326/3166 3708/3328/3168 3715/3329/3169 3714/3327/3167
f 3709/3319/3159 3710/3318/3158 3717/3330/3170 3716/3331/3171
f 3710/3318/3158 3711/3321/3161 3718/3332/3172 3717/3330/3170
f 3711/3321/3161 3712/3323/3163 3719/3333/3173 3718/3332/3172
f 3712/3323/3163 3713/3325/3165 3720/3334/3174 3719/3333/3173
f 3713/3325/3165 3714/3327/3167 3721/3335/3175 3720/3334/3174
f 3714/3327/3167 3715/3329/3169 3722/3336/3176 3721/3335/3175
f 3716/3331/3171 3717/3330/3170 3724/3337/3177 3723/3338/3178
f 3717/3330/3170 3718/3332/3172 3725/3339/3179 3724/3337/3177
f 3718/3332/3172 3719/3333/3173 3726/3340/3180 3725/3339/3179
f 3719/3333/3173 3720/3334/3174 3727/3341/3181 3726/3340/3180
f 3720/3334/3174 3721/3335/3175 3728/3342/3182 3727/3341/3181
f 3721/3335/3175 3722/3336/3176 3729/3343/3183 3728/3342/3182
f 3723/3338/3178 3724/3337/3177 3731/3344/3184 3730/3345/3185
f 3724/3337/3177 3725/3339/3179 3732/3346/3186 3731/3344/3184
f 3725/3339/3179 3726/3340/3180 3733/3347/3187 3732/3346/3186
f 3726/3340/3180 3727/3341/3181 3734/3348/3188 3733/3347/3187
f 3727/3341/3181 3728/3342/3182 3735/3349/3189 3734/3348/3188
f 3728/3342/3182 3729/3343/3183 3736/3350/3190 3735/3349/3189
f 3730/3345/3185 3731/3344/3184 3738/3351/3191 3737/3352/3192
f 3731/3344/3184 3732/3346/3186 3739/3353/3193 3738/3351/3191
f 3732/3346/3186 3733/3347/3187 3740/3354/3194 3739/3353/3193
f 3733/3347/3187 3734/3348/3188 3741/3355/3195 3740/3354/3194
f 3734/3348/3188 3735/3349/3189 3742/3356/3196 3741/3355/3195
f 3735/3349/3189 3736/3350/3190 3743/3357/3197 3742/3356/3196
f 3737/3352/3192 3738/3351/3191 3745/3358/3198 3744/3359/3199
f 3738/3351/3191 3739/3353/3193 3746/3360/3200 3745/3358/3198
f 3739/3353/3193 3740/3354/3194 3747/3361/3201 3746/3360/3200
f 3740/3354/3194 3741/3355/3195 3748/3362/3202 3747/3361/3201
f 3741/3355/3195 3742/3356/3196 3749/3363/3203 3748/3362/3202
f 3742/3356/3196 3743/3357/3197 3750/3364/3204 3749/3363/3203
f 2196/3365/3205 2463/3366/3206 3702/3316/3156 2497/3367/3207
f 2463/3366/3206 2464/3368/3208 3703/3317/3157 3702/3316/3156
f 2464/3368/3208 2465/3369/3209 3704/3320/3160 3703/3317/3157
f 2465/3369/3209 2466/3370/3210 3705/3322/3162 3704/3320/3160
f 2466/3370/3210 2467/3371/3211 3706/3324/3164 3705/3322/3162
f 2467/3371/3211 2468/3372/3212 3707/3326/3166 3706/3324/3164
f 2468/3372/3212 2469/3373/3213 3708/3328/3168 3707/3326/3166
f 2469/3373/3213 2186/3374/3214 2498/3375/3215 3708/3328/3168
f 3708/3328/3168 2498/3375/3215 2499/3376/3216 3715/3329/3169
f 3715/3329/3169 2499/3376/3216 2500/3377/3217 3722/3336/3176
f 3722/3336/3176 2500/3377/3217 2501/3378/3218 3729/3343/3183
f 3729/3343/3183 2501/3378/3218 2502/3379/3219 3736/3350/3190
f 3736/3350/3190 2502/3379/3219 2503/3380/3220 3743/3357/3197
f 3743/3357/3197 2503/3380/3220 2504/3381/3221 3750/3364/3204
f 3750/3364/3204 2504/3381/3221 2202/3382/2190 2259/3383/2189
f 3749/3363/3203 3750/3364/3204 2259/3383/2189 2258/3384/2188
f 3748/3362/3202 3749/3363/3203 2258/3384/2188 2257/3385/2187
f 3747/3361/3201 3748/3362/3202 2257/3385/2187 2256/3386/2186
f 3746/3360/3200 3747/3361/3201 2256/3386/2186 2255/3387/2185
f 3745/3358/3198 3746/3360/3200 2255/3387/2185 2254/3388/2184
f 3744/3359/3199 3745/3358/3198 2254/3388/2184 2253/3389/2183
f 2491/3390/3222 3744/3359/3199 2253/3389/2183 2201/3391/2182
f 2492/3392/3223 3737/3352/3192 3744/3359/3199 2491/3390/3222
f 2493/3393/3224 3730/3345/3185 3737/3352/3192 2492/3392/3223
f 2494/3394/3225 3723/3338/3178 3730/3345/3185 2493/3393/3224
f 2495/3395/3226 3716/3331/3171 3723/3338/3178 2494/3394/3225
f 2496/3396/3227 3709/3319/3159 3716/3331/3171 2495/3395/3226
f 2497/3367/3207 3702/3316/3156 3709/3319/3159 2496/3396/3227
f 3751/3397/3228 3752/3398/3229 3759/3399/3230 3758/3400/3231
f 3752/3398/3229 3753/3401/3232 3760/3402/3233 3759/3399/3230
f 3753/3401/3232 3754/3403/3234 3761/3404/3235 3760/3402/3233
f 3754/3403/3234 3755/3405/3236 3762/3406/3237 3761/3404/3235
f 3755/3405/3236 3756/3407/3238 3763/3408/3239 3762/3406/3237
f 3756/3407/3238 3757/3409/3240 3764/3410/3241 3763/3408/3239
f 3758/3400/3231 3759/3399/3230 3766/3411/3242 3765/3412/3243
f 3759/3399/3230 3760/3402/3233 3767/3413/3244 3766/3411/3242
f 3760/3402/3233 3761/3404/3235 3768/3414/3245 3767/3413/3244
f 3761/3404/3235 3762/3406/3237 3769/3415/3246 3768/3414/3245
f 3762/3406/3237 3763/3408/3239 3770/3416/3247 3769/3415/3246
f 3763/3408/3239 3764/3410/3241 3771/3417/3248 3770/3416/3247
f 3765/3412/3243 3766/3411/3242 3773/3418/3249 3772/3419/3250
f 3766/3411/3242 3767/3413/3244 3774/3420/3251 3773/3418/3249
f 3767/3413/3244 3768/3414/3245 3775/3421/3252 3774/3420/3251
f 3768/3414/3245 3769/3415/3246 3776/3422/3253 3775/3421/3252
f 3769/3415/3246 3770/3416/3247 3777/3423/3254 3776/3422/3253
f 3770/3416/3247 3771/3417/3248 3778/3424/3255 3777/3423/3254
f 3772/3419/3250 3773/3418/3249 3780/3425/3256 3779/3426/3257
f 3773/3418/3249 3774/3420/3251 3781/3427/3258 3780/3425/3256
f 3774/3420/3251 3775/3421/3252 3782/3428/3259 3781/3427/3258
f 3775/3421/3252 3776/3422/3253 3783/3429/3260 3782/3428/3259
f 3776/3422/3253 3777/3423/3254 3784/3430/3261 3783/3429/3260
f 3777/3423/3254 3778/3424/3255 3785/3431/3262 3784/3430/3261
f 3779/3426/3257 3780/3425/3256 3787/3432/3263 3786/3433/3264
f 3780/3425/3256 3781/3427/3258 3788/3434/3265 3787/3432/3263
f 3781/3427/3258 3782/3428/3259 3789/3435/3266 3788/3434/3265
f 3782/3428/3259 3783/3429/3260 3790/3436/3267 3789/3435/3266
f 3783/3429/3260 3784/3430/3261 3791/3437/3268 3790/3436/3267
f 3784/3430/3261 3785/3431/3262 3792/3438/3269 3791/3437/3268
f 3786/3433/3264 3787/3432/3263 3794/3439/3270 3793/3440/3271
f 3787/3432/3263 3788/3434/3265 3795/3441/3272 3794/3439/3270
f 3788/3434/3265 3789/3435/3266 3796/3442/3273 3795/3441/3272
f 3789/3435/3266 3790/3436/3267 3797/3443/3274 3796/3442/3273
f 3790/3436/3267 3791/3437/3268 3798/3444/3275 3797/3443/3274
f 3791/3437/3268 3792/3438/3269 3799/3445/3276 3798/3444/3275
f 2186/3374/3214 2470/3446/3277 3751/3397/3228 2498/3375/3215
f 2470/3446/3277 2471/3447/3278 3752/3398/3229 3751/3397/3228
f 2471/3447/3278 2472/3448/3279 3753/3401/3232 3752/3398/3229
f 2472/3448/3279 2473/3449/3280 3754/3403/3234 3753/3401/3232
f 2473/3449/3280 2474/3450/3281 3755/3405/3236 3754/3403/3234
f 2474/3450/3281 2475/3451/3282 3756/3407/3238 3755/3405/3236
f 2475/3451/3282 2476/3452/3283 3757/3409/3240 3756/3407/3238
f 2476/3452/3283 2190/3453/3284 2505/3454/3285 3757/3409/3240
f 3757/3409/3240 2505/3454/3285 2506/3455/3286 3764/3410/3241
f 3764/3410/3241 2506/3455/3286 2507/3456/3287 3771/3417/3248
f 3771/3417/3248 2507/3456/3287 2508/3457/3288 3778/3424/3255
f 3778/3424/3255 2508/3457/3288 2509/3458/3289 3785/3431/3262
f 3785/3431/3262 2509/3458/3289 2510/3459/3290 3792/3438/3269
f 3792/3438/3269 2510/3459/3290 2511/3460/3291 3799/3445/3276
f 3799/3445/3276 2511/3460/3291 2203/2388/2262 2280/3461/2261
f 3798/3444/3275 3799/3445/3276 2280/3461/2261 2279/3462/2260
f 3797/3443/3274 3798/3444/3275 2279/3462/2260 2278/3463/2259
f 3796/3442/3273 3797/3443/3274 2278/3463/2259 2277/3464/2258
f 3795/3441/3272 3796/3442/3273 2277/3464/2258 2276/3465/2257
f 3794/3439/3270 3795/3441/3272 2276/3465/2257 2275/3466/2256
f 3793/3440/3271 3794/3439/3270 2275/3466/2256 2274/3467/2255
f 2504/3381/3221 3793/3440/3271 2274/3467/2255 2202/3382/2190
f 2503/3380/3220 3786/3433/3264 3793/3440/3271 2504/3381/3221
f 2502/3379/3219 3779/3426/3257 3786/3433/3264 2503/3380/3220
f 2501/3378/3218 3772/3419/3250 3779/3426/3257 2502/3379/3219
f 2500/3377/3217 3765/3412/3243 3772/3419/3250 2501/3378/3218
f 2499/3376/3216 3758/3400/3231 3765/3412/3243 2500/3377/3217
f 2498/3375/3215 3751/3397/3228 3758/3400/3231 2499/3376/3216
f 3800/3468/3292 3801/3469/3293 3808/3470/3294 3807/3471/3295
f 3801/3469/3293 3802/3472/3296 3809/3473/3297 3808/3470/3294
f 3802/3472/3296 3803/3474/3298 3810/3475/3299 3809/3473/3297
f 3803/3474/3298 3804/3476/3300 3811/3477/3301 3810/3475/3299
f 3804/3476/3300 3805/3478/3302 3812/3479/3303 3811/3477/3301
f 3805/3478/3302 3806/3480/3304 3813/3481/3305 3812/3479/3303
f 3807/3471/3295 3808/3470/3294 3815/3482/3306 3814/3483/3307
f 3808/3470/3294 3809/3473/3297 3816/3484/3308 3815/3482/3306
f 3809/3473/3297 3810/3475/3299 3817/3485/3309 3816/3484/3308
f 3810/3475/3299 3811/3477/3301 3818/3486/3310 3817/3485/3309
f 3811/3477/3301 3812/3479/3303 3819/3487/3311 3818/3486/3310
f 3812/3479/3303 3813/3481/3305 3820/3488/3312 3819/3487/3311
f 3814/3483/3307 3815/3482/3306 3822/3489/3313 3821/3490/3314
f 3815/3482/3306 3816/3484/3308 3823/3491/3315 3822/3489/3313
f 3816/3484/3308 3817/3485/3309 3824/3492/3316 3823/3491/3315
f 3817/3485/3309 3818/3486/3310 3825/3493/3317 3824/3492/3316
f 3818/3486/3310 3819/3487/3311 3826/3494/3318 3825/3493/3317
f 3819/3487/3311 3820/3488/3312 3827/3495/3319 3826/3494/3318
f 3821/3490/3314 3822/3489/3313 3829/3496/3320 3828/3497/3321
f 3822/3489/3313 3823/3491/3315 3830/3498/3322 3829/3496/3320
f 3823/3491/3315 3824/3492/3316 3831/3499/3323 3830/3498/3322
f 3824/3492/3316 3825/3493/3317 3832/3500/3324 3831/3499/3323
f 3825/3493/3317 3826/3494/3318 3833/3501/3325 3832/3500/3324
f 3826/3494/3318 3827/3495/3319 3834/3502/3326 3833/3501/3325
f 3828/3497/3321 3829/3496/3320 3836/3503/3327 3835/3504/3328
f 3829/3496/3320 3830/3498/3322 3837/3505/3329 3836/3503/3327
f 3830/3498/3322 3831/3499/3323 3838/3506/3330 3837/3505/3329
f 3831/3499/3323 3832/3500/3324 3839/3507/3331 3838/3506/3330
f 3832/3500/3324 3833/3501/3325 3840/3508/3332 3839/3507/3331
f 3833/3501/3325 3834/3502/3326 3841/3509/3333 3840/3508/3332
f 3835/3504/3328 3836/3503/3327 3843/3510/3334 3842/3511/3335
f 3836/3503/3327 3837/3505/3329 3844/3512/3336 3843/3510/3334
f 3837/3505/3329 3838/3506/3330 3845/3513/3337 3844/3512/3336
f 3838/3506/3330 3839/3507/3331 3846/3514/3338 3845/3513/3337
f 3839/3507/3331 3840/3508/3332 3847/3515/3339 3846/3514/3338
f 3840/3508/3332 3841/3509/3333 3848/3516/3340 3847/3515/3339
f 2190/3453/3284 2477/3517/3341 3800/3468/3292 2505/3454/3285
f 2477/3517/3341 2478/3518/3342 3801/3469/3293 3800/3468/3292
f 2478/3518/3342 2479/3519/3343 3802/3472/3296 3801/3469/3293
f 2479/3519/3343 2480/3520/3344 3803/3474/3298 3802/3472/3296
f 2480/3520/3344 2481/3521/3345 3804/3476/3300 3803/3474/3298
f 2481/3521/3345 2482/3522/3346 3805/3478/3302 3804/3476/3300
f 2482/3522/3346 2483/3523/3347 3806/3480/3304 3805/3478/3302
f 2483/3523/3347 2198/3524/3348 2512/3525/3349 3806/3480/3304
f 3806/3480/3304 2512/3525/3349 2513/3526/3350 3813/3481/3305
f 3813/3481/3305 2513/3526/3350 2514/3527/3351 3820/3488/3312
f 3820/3488/3312 2514/3527/3351 2515/3528/3352 3827/3495/3319
f 3827/3495/3319 2515/3528/3352 2516/3529/3353 3834/3502/3326
f 3834/3502/3326 2516/3529/3353 2517/3530/3354 3841/3509/3333
f 3841/3509/3333 2517/3530/3354 2518/3531/3355 3848/3516/3340
f 3848/3516/3340 2518/3531/3355 2204/3244/3085 2406/3243/3084
f 3847/3515/3339 3848/3516/3340 2406/3243/3084 2405/3242/3083
f 3846/3514/3338 3847/3515/3339 2405/3242/3083 2404/3241/3082
f 3845/3513/3337 3846/3514/3338 2404/3241/3082 2403/3240/3081
f 3844/3512/3336 3845/3513/3337 2403/3240/3081 2402/3239/3080
f 3843/3510/3334 3844/3512/3336 2402/3239/3080 2401/3238/3079
f 3842/3511/3335 3843/3510/3334 2401/3238/3079 2400/3237/3078
f 2511/3460/3291 3842/3511/3335 2400/3237/3078 2203/2388/2262
f 2510/3459/3290 3835/3504/3328 3842/3511/3335 2511/3460/3291
f 2509/3458/3289 3828/3497/3321 3835/3504/3328 2510/3459/3290
f 2508/3457/3288 3821/3490/3314 3828/3497/3321 2509/3458/3289
f 2507/3456/3287 3814/3483/3307 3821/3490/3314 2508/3457/3288
f 2506/3455/3286 3807/3471/3295 3814/3483/3307 2507/3456/3287
f 2505/3454/3285 3800/3468/3292 3807/3471/3295 2506/3455/3286
f 3849/3532/3356 3850/3533/3357 3857/3534/3358 3856/3535/3359
f 3850/3533/3357 3851/3536/3360 3858/3537/3361 3857/3534/3358
f 3851/3536/3360 3852/3538/3362 3859/3539/3363 3858/3537/3361
f 3852/3538/3362 3853/3540/3364 3860/3541/3365 3859/3539/3363
f 3853/3540/3364 3854/3542/3366 3861/3543/3367 3860/3541/3365
f 3854/3542/3366 3855/3544/3368 3862/3545/3369 3861/3543/3367
f 3856/3535/3359 3857/3534/3358 3864/3546/3370 3863/3547/3371
f 3857/3534/3358 3858/3537/3361 3865/3548/3372 3864/3546/3370
f 3858/3537/3361 3859/3539/3363 3866/3549/3373 3865/3548/3372
f 3859/3539/3363 3860/3541/3365 3867/3550/3374 3866/3549/3373
f 3860/3541/3365 3861/3543/3367 3868/3551/3375 3867/3550/3374
f 3861/3543/3367 3862/3545/3369 3869/3552/3376 3868/3551/3375
f 3863/3547/3371 3864/3546/3370 3871/3553/3377 3870/3554/3378
f 3864/3546/3370 3865/3548/3372 3872/3555/3379 3871/3553/3377
f 3865/3548/3372 3866/3549/3373 3873/3556/3380 3872/3555/3379
f 3866/3549/3373 3867/3550/3374 3874/3557/3381 3873/3556/3380
f 3867/3550/3374 3868/3551/3375 3875/3558/3382 3874/3557/3381
f 3868/3551/3375 3869/3552/3376 3876/3559/3383 3875/3558/3382
f 3870/3554/3378 3871/3553/3377 3878/3560/3384 3877/3561/3385
f 3871/3553/3377 3872/3555/3379 3879/3562/3386 3878/3560/3384
f 3872/3555/3379 3873/3556/3380 3880/3563/3387 3879/3562/3386
f 3873/3556/3380 3874/3557/3381 3881/3564/3388 3880/3563/3387
f 3874/3557/3381 3875/3558/3382 3882/3565/3389 3881/3564/3388
f 3875/3558/3382 3876/3559/3383 3883/3566/3390 3882/3565/3389
f 3877/3561/3385 3878/3560/3384 3885/3567/3391 3884/3568/3392
f 3878/3560/3384 3879/3562/3386 3886/3569/3393 3885/3567/3391
f 3879/3562/3386 3880/3563/3387 3887/3570/3394 3886/3569/3393
f 3880/3563/3387 3881/3564/3388 3888/3571/3395 3887/3570/3394
f 3881/3564/3388 3882/3565/3389 3889/3572/3396 3888/3571/3395
f 3882/3565/3389 3883/3566/3390 3890/3573/3397 3889/3572/3396
f 3884/3568/3392 3885/3567/3391 3892/3574/3398 3891/3575/3399
f 3885/3567/3391 3886/3569/3393 3893/3576/3400 3892/3574/3398
f 3886/3569/3393 3887/3570/3394 3894/3577/3401 3893/3576/3400
f 3887/3570/3394 3888/3571/3395 3895/3578/3402 3894/3577/3401
f 3888/3571/3395 3889/3572/3396 3896/3579/3403 3895/3578/3402
f 3889/3572/3396 3890/3573/3397 3897/3580/3404 3896/3579/3403
f 2198/3524/3348 2490/3581/3405 3849/3532/3356 2512/3525/3349
f 2490/3581/3405 2489/3582/3406 3850/3533/3357 3849/3532/3356
f 2489/3582/3406 2488/3583/3407 3851/3536/3360 3850/3533/3357
f 2488/3583/3407 2487/3584/3408 3852/3538/3362 3851/3536/3360
f 2487/3584/3408 2486/3585/3409 3853/3540/3364 3852/3538/3362
f 2486/3585/3409 2485/3586/3410 3854/3542/3366 3853/3540/3364
f 2485/3586/3410 2484/3587/3411 3855/3544/3368 3854/3542/3366
f 2484/3587/3411 2196/3365/3205 2497/3367/3207 3855/3544/3368
f 3855/3544/3368 2497/3367/3207 2496/3396/3227 3862/3545/3369
f 3862/3545/3369 2496/3396/3227 2495/3395/3226 3869/3552/3376
f 3869/3552/3376 2495/3395/3226 2494/3394/3225 3876/3559/3383
f 3876/3559/3383 2494/3394/3225 2493/3393/3224 3883/3566/3390
f 3883/3566/3390 2493/3393/3224 2492/3392/3223 3890/3573/3397
f 3890/3573/3397 2492/3392/3223 2491/3390/3222 3897/3580/3404
f 3897/3580/3404 2491/3390/3222 2201/3391/2182 2435/3588/3412
f 3896/3579/3403 3897/3580/3404 2435/3588/3412 2436/3589/3413
f 3895/3578/3402 3896/3579/3403 2436/3589/3413 2437/3590/3414
f 3894/3577/3401 3895/3578/3402 2437/3590/3414 2438/3591/3415
f 3893/3576/3400 3894/3577/3401 2438/3591/3415 2439/3592/3416
f 3892/3574/3398 3893/3576/3400 2439/3592/3416 2440/3593/3417
f 3891/3575/3399 3892/3574/3398 2440/3593/3417 2441/3594/3418
f 2518/3531/3355 3891/3575/3399 2441/3594/3418 2204/3244/3085
f 2517/3530/3354 3884/3568/3392 3891/3575/3399 2518/3531/3355
f 2516/3529/3353 3877/3561/3385 3884/3568/3392 2517/3530/3354
f 2515/3528/3352 3870/3554/3378 3877/3561/3385 2516/3529/3353
f 2514/3527/3351 3863/3547/3371 3870/3554/3378 2515/3528/3352
f 2513/3526/3350 3856/3535/3359 3863/3547/3371 2514/3527/3351
f 2512/3525/3349 3849/3532/3356 3856/3535/3359 2513/3526/3350
f 3898/3595/3419 3899/3596/3420 3906/3597/3421 3905/3598/3422
f 3899/3596/3420 3900/3599/3423 3907/3600/3424 3906/3597/3421
f 3900/3599/3423 3901/3601/3425 3908/3602/3426 3907/3600/3424
f 3901/3601/3425 3902/3603/3427 3909/3604/3428 3908/3602/3426
f 3902/3603/3427 3903/3605/3429 3910/3606/3430 3909/3604/3428
f 3903/3605/3429 3904/3607/3431 3911/3608/3432 3910/3606/3430
f 3905/3598/3422 3906/3597/3421 3913/3609/3433 3912/3610/3434
f 3906/3597/3421 3907/3600/3424 3914/3611/3435 3913/3609/3433
f 3907/3600/3424 3908/3602/3426 3915/3612/3436 3914/3611/3435
f 3908/3602/3426 3909/3604/3428 3916/3613/3437 3915/3612/3436
f 3909/3604/3428 3910/3606/3430 3917/3614/3438 3916/3613/3437
f 3910/3606/3430 3911/3608/3432 3918/3615/3439 3917/3614/3438
f 3912/3610/3434 3913/3609/3433 3920/3616/3440 3919/3617/3441
f 3913/3609/3433 3914/3611/3435 3921/3618/3442 3920/3616/3440
f 3914/3611/3435 3915/3612/3436 3922/3619/3443 3921/3618/3442
f 3915/3612/3436 3916/3613/3437 3923/3620/3444 3922/3619/3443
f 3916/3613/3437 3917/3614/3438 3924/3621/3445 3923/3620/3444
f 3917/3614/3438 3918/3615/3439 3925/3622/3446 3924/3621/3445
f 3919/3617/3441 3920/3616/3440 3927/3623/3447 3926/3624/3448
f 3920/3616/3440 3921/3618/3442 3928/3625/3449 3927/3623/3447
f 3921/3618/3442 3922/3619/3443 3929/3626/3450 3928/3625/3449
f 3922/3619/3443 3923/3620/3444 3930/3627/3451 3929/3626/3450
f 3923/3620/3444 3924/3621/3445 3931/3628/3452 3930/3627/3451
f 3924/3621/3445 3925/3622/3446 3932/3629/3453 3931/3628/3452
f 3926/3624/3448 3927/3623/3447 3934/3630/3454 3933/3631/3455
f 3927/3623/3447 3928/3625/3449 3935/3632/3456 3934/3630/3454
f 3928/3625/3449 3929/3626/3450 3936/3633/3457 3935/3632/3456
f 3929/3626/3450 3930/3627/3451 3937/3634/3458 3936/3633/3457
f 3930/3627/3451 3931/3628/3452 3938/3635/3459 3937/3634/3458
f 3931/3628/3452 3932/3629/3453 3939/3636/3460 3938/3635/3459
f 3933/3631/3455 3934/3630/3454 3941/3637/3461 3940/3638/3462
f 3934/3630/3454 3935/3632/3456 3942/3639/3463 3941/3637/3461
f 3935/3632/3456 3936/3633/3457 3943/3640/3464 3942/3639/3463
f 3936/3633/3457 3937/3634/3458 3944/3641/3465 3943/3640/3464
f 3937/3634/3458 3938/3635/3459 3945/3642/3466 3944/3641/3465
f 3938/3635/3459 3939/3636/3460 3946/3643/3467 3945/3642/3466
f 2191/3644/2424 2246/3645/2422 3898/3595/3419 2554/3646/3468
f 2246/3645/2422 2247/3647/2421 3899/3596/3420 3898/3595/3419
f 2247/3647/2421 2248/3648/2420 3900/3599/3423 3899/3596/3420
f 2248/3648/2420 2249/3649/2419 3901/3601/3425 3900/3599/3423
f 2249/3649/2419 2250/3650/2418 3902/3603/3427 3901/3601/3425
f 2250/3650/2418 2251/3651/2417 3903/3605/3429 3902/3603/3427
f 2251/3651/2417 2252/3652/2416 3904/3607/3431 3903/3605/3429
f 2252/3652/2416 2184/3653/2415 2540/3654/2574 3904/3607/3431
f 3904/3607/3431 2540/3654/2574 2541/3655/2573 3911/3608/3432
f 3911/3608/3432 2541/3655/2573 2542/3656/2572 3918/3615/3439
f 3918/3615/3439 2542/3656/2572 2543/3657/2571 3925/3622/3446
f 3925/3622/3446 2543/3657/2571 2544/3658/2570 3932/3629/3453
f 3932/3629/3453 2544/3658/2570 2545/3659/2569 3939/3636/3460
f 3939/3636/3460 2545/3659/2569 2546/3660/2568 3946/3643/3467
f 3946/3643/3467 2546/3660/2568 2208/3308/2567 2561/3307/3148
f 3945/3642/3466 3946/3643/3467 2561/3307/3148 2562/3306/3147
f 3944/3641/3465 3945/3642/3466 2562/3306/3147 2563/3305/3146
f 3943/3640/3464 3944/3641/3465 2563/3305/3146 2564/3304/3145
f 3942/3639/3463 3943/3640/3464 2564/3304/3145 2565/3303/3144
f 3941/3637/3461 3942/3639/3463 2565/3303/3144 2566/3302/3143
f 3940/3638/3462 3941/3637/3461 2566/3302/3143 2567/3301/3142
f 2560/3661/3469 3940/3638/3462 2567/3301/3142 2210/3030/2887
f 2559/3662/3470 3933/3631/3455 3940/3638/3462 2560/3661/3469
f 2558/3663/3471 3926/3624/3448 3933/3631/3455 2559/3662/3470
f 2557/3664/3472 3919/3617/3441 3926/3624/3448 2558/3663/3471
f 2556/3665/3473 3912/3610/3434 3919/3617/3441 2557/3664/3472
f 2555/3666/3474 3905/3598/3422 3912/3610/3434 2556/3665/3473
f 2554/3646/3468 3898/3595/3419 3905/3598/3422 2555/3666/3474
f 3947/3667/3475 3948/3668/3476 3955/3669/3477 3954/3670/3478
f 3948/3668/3476 3949/3671/3479 3956/3672/3480 3955/3669/3477
f 3949/3671/3479 3950/3673/3481 3957/3674/3482 3956/3672/3480
f 3950/3673/3481 3951/3675/3483 3958/3676/3484 3957/3674/3482
f 3951/3675/3483 3952/3677/3485 3959/3678/3486 3958/3676/3484
f 3952/3677/3485 3953/3679/3487 3960/3680/3488 3959/3678/3486
f 3954/3670/3478 3955/3669/3477 3962/3681/3489 3961/3682/3490
f 3955/3669/3477 3956/3672/3480 3963/3683/3491 3962/3681/3489
f 3956/3672/3480 3957/3674/3482 3964/3684/3492 3963/3683/3491
f 3957/3674/3482 3958/3676/3484 3965/3685/3493 3964/3684/3492
f 3958/3676/3484 3959/3678/3486 3966/3686/3494 3965/3685/3493
f 3959/3678/3486 3960/3680/3488 3967/3687/3495 3966/3686/3494
f 3961/3682/3490 3962/3681/3489 3969/3688/3496 3968/3689/3497
f 3962/3681/3489 3963/3683/3491 3970/3690/3498 3969/3688/3496
f 3963/3683/3491 3964/3684/3492 3971/3691/3499 3970/3690/3498
f 3964/3684/3492 3965/3685/3493 3972/3692/3500 3971/3691/3499
f 3965/3685/3493 3966/3686/3494 3973/3693/3501 3972/3692/3500
f 3966/3686/3494 3967/3687/3495 3974/3694/3502 3973/3693/3501
f 3968/3689/3497 3969/3688/3496 3976/3695/3503 3975/3696/3504
f 3969/3688/3496 3970/3690/3498 3977/3697/3505 3976/3695/3503
f 3970/3690/3498 3971/3691/3499 3978/3698/3506 3977/3697/3505
f 3971/3691/3499 3972/3692/3500 3979/3699/3507 3978/3698/3506
f 3972/3692/3500 3973/3693/3501 3980/3700/3508 3979/3699/3507
f 3973/3693/3501 3974/3694/3502 3981/3701/3509 3980/3700/3508
f 3975/3696/3504 3976/3695/3503 3983/3702/3510 3982/3703/3511
f 3976/3695/3503 3977/3697/3505 3984/3704/3512 3983/3702/3510
f 3977/3697/3505 3978/3698/3506 3985/3705/3513 3984/3704/3512
f 3978/3698/3506 3979/3699/3507 3986/3706/3514 3985/3705/3513
f 3979/3699/3507 3980/3700/3508 3987/3707/3515 3986/3706/3514
f 3980/3700/3508 3981/3701/3509 3988/3708/3516 3987/3707/3515
f 3982/3703/3511 3983/3702/3510 3990/3709/3517 3989/3710/3518
f 3983/3702/3510 3984/3704/3512 3991/3711/3519 3990/3709/3517
f 3984/3704/3512 3985/3705/3513 3992/3712/3520 3991/3711/3519
f 3985/3705/3513 3986/3706/3514 3993/3713/3521 3992/3712/3520
f 3986/3706/3514 3987/3707/3515 3994/3714/3522 3993/3713/3521
f 3987/3707/3515 3988/3708/3516 3995/3715/3523 3994/3714/3522
f 2183/3716/2505 2323/3717/2637 3947/3667/3475 2245/3718/2504
f 2323/3717/2637 2324/3719/2636 3948/3668/3476 3947/3667/3475
f 2324/3719/2636 2325/3720/2635 3949/3671/3479 3948/3668/3476
f 2325/3720/2635 2326/3721/2634 3950/3673/3481 3949/3671/3479
f 2326/3721/2634 2327/3722/2633 3951/3675/3483 3950/3673/3481
f 2327/3722/2633 2328/3723/2632 3952/3677/3485 3951/3675/3483
f 2328/3723/2632 2329/3724/2631 3953/3679/3487 3952/3677/3485
f 2329/3724/2631 2191/3644/2424 2554/3646/3468 3953/3679/3487
f 3953/3679/3487 2554/3646/3468 2555/3666/3474 3960/3680/3488
f 3960/3680/3488 2555/3666/3474 2556/3665/3473 3967/3687/3495
f 3967/3687/3495 2556/3665/3473 2557/3664/3472 3974/3694/3502
f 3974/3694/3502 2557/3664/3472 2558/3663/3471 3981/3701/3509
f 3981/3701/3509 2558/3663/3471 2559/3662/3470 3988/3708/3516
f 3988/3708/3516 2559/3662/3470 2560/3661/3469 3995/3715/3523
f 3995/3715/3523 2560/3661/3469 2210/3030/2887 2568/3029/2886
f 3994/3714/3522 3995/3715/3523 2568/3029/2886 2569/3028/2885
f 3993/3713/3521 3994/3714/3522 2569/3028/2885 2570/3027/2884
f 3992/3712/3520 3993/3713/3521 2570/3027/2884 2571/3026/2883
f 3991/3711/3519 3992/3712/3520 2571/3026/2883 2572/3025/2882
f 3990/3709/3517 3991/3711/3519 2572/3025/2882 2573/3024/2881
f 3989/3710/3518 3990/3709/3517 2573/3024/2881 2574/3022/2879
f 2239/3725/2481 3989/3710/3518 2574/3022/2879 2205/3021/2479
f 2240/3726/2510 3982/3703/3511 3989/3710/3518 2239/3725/2481
f 2241/3727/2509 3975/3696/3504 3982/3703/3511 2240/3726/2510
f 2242/3728/2508 3968/3689/3497 3975/3696/3504 2241/3727/2509
f 2243/3729/2507 3961/3682/3490 3968/3689/3497 2242/3728/2508
f 2244/3730/2506 3954/3670/3478 3961/3682/3490 2243/3729/2507
f 2245/3718/2504 3947/3667/3475 3954/3670/3478 2244/3730/2506
f 3996/3731/3524 3997/3732/3525 4004/3733/3526 4003/3734/3527
f 3997/3732/3525 3998/3735/3528 4005/3736/3529 4004/3733/3526
f 3998/3735/3528 3999/3737/3530 4006/3738/3531 4005/3736/3529
f 3999/3737/3530 4000/3739/3532 4007/3740/3533 4006/3738/3531
f 4000/3739/3532 4001/3741/3534 4008/3742/3535 4007/3740/3533
f 4001/3741/3534 4002/3743/3536 4009/3744/3537 4008/3742/3535
f 4003/3734/3527 4004/3733/3526 4011/3745/3538 4010/3746/3539
f 4004/3733/3526 4005/3736/3529 4012/3747/3540 4011/3745/3538
f 4005/3736/3529 4006/3738/3531 4013/3748/3541 4012/3747/3540
f 4006/3738/3531 4007/3740/3533 4014/3749/3542 4013/3748/3541
f 4007/3740/3533 4008/3742/3535 4015/3750/3543 4014/3749/3542
f 4008/3742/3535 4009/3744/3537 4016/3751/3544 4015/3750/3543
f 4010/3746/3539 4011/3745/3538 4018/3752/3545 4017/3753/3546
f 4011/3745/3538 4012/3747/3540 4019/3754/3547 4018/3752/3545
f 4012/3747/3540 4013/3748/3541 4020/3755/3548 4019/3754/3547
f 4013/3748/3541 4014/3749/3542 4021/3756/3549 4020/3755/3548
f 4014/3749/3542 4015/3750/3543 4022/3757/3550 4021/3756/3549
f 4015/3750/3543 4016/3751/3544 4023/3758/3551 4022/3757/3550
f 4017/3753/3546 4018/3752/3545 4025/3759/3552 4024/3760/3553
f 4018/3752/3545 4019/3754/3547 4026/3761/3554 4025/3759/3552
f 4019/3754/3547 4020/3755/3548 4027/3762/3555 4026/3761/3554
f 4020/3755/3548 4021/3756/3549 4028/3763/3556 4027/3762/3555
f 4021/3756/3549 4022/3757/3550 4029/3764/3557 4028/3763/3556
f 4022/3757/3550 4023/3758/3551 4030/3765/3558 4029/3764/3557
f 4024/3760/3553 4025/3759/3552 4032/3766/3559 4031/3767/3560
f 4025/3759/3552 4026/3761/3554 4033/3768/3561 4032/3766/3559
f 4026/3761/3554 4027/3762/3555 4034/3769/3562 4033/3768/3561
f 4027/3762/3555 4028/3763/3556 4035/3770/3563 4034/3769/3562
f 4028/3763/3556 4029/3764/3557 4036/3771/3564 4035/3770/3563
f 4029/3764/3557 4030/3765/3558 4037/3772/3565 4036/3771/3564
f 4031/3767/3560 4032/3766/3559 4039/3773/3566 4038/3774/3567
f 4032/3766/3559 4033/3768/3561 4040/3775/3568 4039/3773/3566
f 4033/3768/3561 4034/3769/3562 4041/3776/3569 4040/3775/3568
f 4034/3769/3562 4035/3770/3563 4042/3777/3570 4041/3776/3569
f 4035/3770/3563 4036/3771/3564 4043/3778/3571 4042/3777/3570
f 4036/3771/3564 4037/3772/3565 4044/3779/3572 4043/3778/3571
f 2197/3110/2967 2434/3108/2965 3996/3731/3524 2399/3780/3573
f 2434/3108/2965 2433/3107/2964 3997/3732/3525 3996/3731/3524
f 2433/3107/2964 2432/3106/2963 3998/3735/3528 3997/3732/3525
f 2432/3106/2963 2431/3105/2962 3999/3737/3530 3998/3735/3528
f 2431/3105/2962 2430/3104/2961 4000/3739/3532 3999/3737/3530
f 2430/3104/2961 2429/3103/2960 4001/3741/3534 4000/3739/3532
f 2429/3103/2960 2428/3102/2959 4002/3743/3536 4001/3741/3534
f 2428/3102/2959 2199/3101/2958 2533/3781/3574 4002/3743/3536
f 4002/3743/3536 2533/3781/3574 2534/3782/3575 4009/3744/3537
f 4009/3744/3537 2534/3782/3575 2535/3783/3576 4016/3751/3544
f 4016/3751/3544 2535/3783/3576 2536/3784/3577 4023/3758/3551
f 4023/3758/3551 2536/3784/3577 2537/3785/3578 4030/3765/3558
f 4030/3765/3558 2537/3785/3578 2538/3786/3579 4037/3772/3565
f 4037/3772/3565 2538/3786/3579 2539/3787/3580 4044/3779/3572
f 4044/3779/3572 2539/3787/3580 2207/2452/2326 2575/2835/2693
f 4043/3778/3571 4044/3779/3572 2575/2835/2693 2576/2834/2692
f 4042/3777/3570 4043/3778/3571 2576/2834/2692 2577/2833/2691
f 4041/3776/3569 4042/3777/3570 2577/2833/2691 2578/2832/2690
f 4040/3775/3568 4041/3776/3569 2578/2832/2690 2579/2831/2689
f 4039/3773/3566 4040/3775/3568 2579/2831/2689 2580/2830/2688
f 4038/3774/3567 4039/3773/3566 2580/2830/2688 2581/2829/2687
f 2393/3788/3581 4038/3774/3567 2581/2829/2687 2209/2614/2488
f 2394/3789/3582 4031/3767/3560 4038/3774/3567 2393/3788/3581
f 2395/3790/3583 4024/3760/3553 4031/3767/3560 2394/3789/3582
f 2396/3791/3584 4017/3753/3546 4024/3760/3553 2395/3790/3583
f 2397/3792/3585 4010/3746/3539 4017/3753/3546 2396/3791/3584
f 2398/3793/3586 4003/3734/3527 4010/3746/3539 2397/3792/3585
f 2399/3780/3573 3996/3731/3524 4003/3734/3527 2398/3793/3586
f 4045/3794/3587 4046/3795/3588 4053/3796/3589 4052/3797/3590
f 4046/3795/3588 4047/3798/3591 4054/3799/3592 4053/3796/3589
f 4047/3798/3591 4048/3800/3593 4055/3801/3594 4054/3799/3592
f 4048/3800/3593 4049/3802/3595 4056/3803/3596 4055/3801/3594
f 4049/3802/3595 4050/3804/3597 4057/3805/3598 4056/3803/3596
f 4050/3804/3597 4051/3806/3599 4058/3807/3600 4057/3805/3598
f 4052/3797/3590 4053/3796/3589 4060/3808/3601 4059/3809/3602
f 4053/3796/3589 4054/3799/3592 4061/3810/3603 4060/3808/3601
f 4054/3799/3592 4055/3801/3594 4062/3811/3604 4061/3810/3603
f 4055/3801/3594 4056/3803/3596 4063/3812/3605 4062/3811/3604
f 4056/3803/3596 4057/3805/3598 4064/3813/3606 4063/3812/3605
f 4057/3805/3598 4058/3807/3600 4065/3814/3607 4064/3813/3606
f 4059/3809/3602 4060/3808/3601 4067/3815/3608 4066/3816/3609
f 4060/3808/3601 4061/3810/3603 4068/3817/3610 4067/3815/3608
f 4061/3810/3603 4062/3811/3604 4069/3818/3611 4068/3817/3610
f 4062/3811/3604 4063/3812/3605 4070/3819/3612 4069/3818/3611
f 4063/3812/3605 4064/3813/3606 4071/3820/3613 4070/3819/3612
f 4064/3813/3606 4065/3814/3607 4072/3821/3614 4071/3820/3613
f 4066/3816/3609 4067/3815/3608 4074/3822/3615 4073/3823/3616
f 4067/3815/3608 4068/3817/3610 4075/3824/3617 4074/3822/3615
f 4068/3817/3610 4069/3818/3611 4076/3825/3618 4075/3824/3617
f 4069/3818/3611 4070/3819/3612 4077/3826/3619 4076/3825/3618
f 4070/3819/3612 4071/3820/3613 4078/3827/3620 4077/3826/3619
f 4071/3820/3613 4072/3821/3614 4079/3828/3621 4078/3827/3620
f 4073/3823/3616 4074/3822/3615 4081/3829/3622 4080/3830/3623
f 4074/3822/3615 4075/3824/3617 4082/3831/3624 4081/3829/3622
f 4075/3824/3617 4076/3825/3618 4083/3832/3625 4082/3831/3624
f 4076/3825/3618 4077/3826/3619 4084/3833/3626 4083/3832/3625
f 4077/3826/3619 4078/3827/3620 4085/3834/3627 4084/3833/3626
f 4078/3827/3620 4079/3828/3621 4086/3835/3628 4085/3834/3627
f 4080/3830/3623 4081/3829/3622 4088/3836/3629 4087/3837/3630
f 4081/3829/3622 4082/3831/3624 4089/3838/3631 4088/3836/3629
f 4082/3831/3624 4083/3832/3625 4090/3839/3632 4089/3838/3631
f 4083/3832/3625 4084/3833/3626 4091/3840/3633 4090/3839/3632
f 4084/3833/3626 4085/3834/3627 4092/3841/3634 4091/3840/3633
f 4085/3834/3627 4086/3835/3628 4093/3842/3635 4092/3841/3634
f 2204/3244/3085 2441/3594/3418 4045/3794/3587 2526/3843/3636
f 2441/3594/3418 2440/3593/3417 4046/3795/3588 4045/3794/3587
f 2440/3593/3417 2439/3592/3416 4047/3798/3591 4046/3795/3588
f 2439/3592/3416 2438/3591/3415 4048/3800/3593 4047/3798/3591
f 2438/3591/3415 2437/3590/3414 4049/3802/3595 4048/3800/3593
f 2437/3590/3414 2436/3589/3413 4050/3804/3597 4049/3802/3595
f 2436/3589/3413 2435/3588/3412 4051/3806/3599 4050/3804/3597
f 2435/3588/3412 2201/3391/2182 2392/3844/3155 4051/3806/3599
f 4051/3806/3599 2392/3844/3155 2391/3845/3154 4058/3807/3600
f 4058/3807/3600 2391/3845/3154 2390/3846/3153 4065/3814/3607
f 4065/3814/3607 2390/3846/3153 2389/3847/3152 4072/3821/3614
f 4072/3821/3614 2389/3847/3152 2388/3848/3151 4079/3828/3621
f 4079/3828/3621 2388/3848/3151 2387/3849/3150 4086/3835/3628
f 4086/3835/3628 2387/3849/3150 2386/3850/3149 4093/3842/3635
f 4093/3842/3635 2386/3850/3149 2208/2693/2567 2582/2692/2566
f 4092/3841/3634 4093/3842/3635 2582/2692/2566 2583/2691/2565
f 4091/3840/3633 4092/3841/3634 2583/2691/2565 2584/2690/2564
f 4090/3839/3632 4091/3840/3633 2584/2690/2564 2585/2689/2563
f 4089/3838/3631 4090/3839/3632 2585/2689/2563 2586/2688/2562
f 4088/3836/3629 4089/3838/3631 2586/2688/2562 2587/2687/2561
f 4087/3837/3630 4088/3836/3629 2587/2687/2561 2588/2686/2560
f 2532/3851/3637 4087/3837/3630 2588/2686/2560 2206/2461/2335
f 2531/3852/3638 4080/3830/3623 4087/3837/3630 2532/3851/3637
f 2530/3853/3639 4073/3823/3616 4080/3830/3623 2531/3852/3638
f 2529/3854/3640 4066/3816/3609 4073/3823/3616 2530/3853/3639
f 2528/3855/3641 4059/3809/3602 4066/3816/3609 2529/3854/3640
f 2527/3856/3642 4052/3797/3590 4059/3809/3602 2528/3855/3641
f 2526/3843/3636 4045/3794/3587 4052/3797/3590 2527/3856/3642
f 4094/3857/3643 4095/3858/3644 4102/3859/3645 4101/3860/3646
f 4095/3858/3644 4096/3861/3647 4103/3862/3648 4102/3859/3645
f 4096/3861/3647 4097/3863/3649 4104/3864/3650 4103/3862/3648
f 4097/3863/3649 4098/3865/3651 4105/3866/3652 4104/3864/3650
f 4098/3865/3651 4099/3867/3653 4106/3868/3654 4105/3866/3652
f 4099/3867/3653 4100/3869/3655 4107/3870/3656 4106/3868/3654
f 4101/3860/3646 4102/3859/3645 4109/3871/3657 4108/3872/3658
f 4102/3859/3645 4103/3862/3648 4110/3873/3659 4109/3871/3657
f 4103/3862/3648 4104/3864/3650 4111/3874/3660 4110/3873/3659
f 4104/3864/3650 4105/3866/3652 4112/3875/3661 4111/3874/3660
f 4105/3866/3652 4106/3868/3654 4113/3876/3662 4112/3875/3661
f 4106/3868/3654 4107/3870/3656 4114/3877/3663 4113/3876/3662
f 4108/3872/3658 4109/3871/3657 4116/3878/3664 4115/3879/3665
f 4109/3871/3657 4110/3873/3659 4117/3880/3666 4116/3878/3664
f 4110/3873/3659 4111/3874/3660 4118/3881/3667 4117/3880/3666
f 4111/3874/3660 4112/3875/3661 4119/3882/3668 4118/3881/3667
f 4112/3875/3661 4113/3876/3662 4120/3883/3669 4119/3882/3668
f 4113/3876/3662 4114/3877/3663 4121/3884/3670 4120/3883/3669
f 4115/3879/3665 4116/3878/3664 4123/3885/3671 4122/3886/3672
f 4116/3878/3664 4117/3880/3666 4124/3887/3673 4123/3885/3671
f 4117/3880/3666 4118/3881/3667 4125/3888/3660 4124/3887/3673
f 4118/3881/3667 4119/3882/3668 4126/3889/3674 4125/3888/3660
f 4119/3882/3668 4120/3883/3669 4127/3890/3675 4126/3889/3674
f 4120/3883/3669 4121/3884/3670 4128/3891/3676 4127/3890/3675
f 4122/3886/3672 4123/3885/3671 4130/3892/3677 4129/3893/3678
f 4123/3885/3671 4124/3887/3673 4131/3894/3679 4130/3892/3677
f 4124/3887/3673 4125/3888/3660 4132/3895/3680 4131/3894/3679
f 4125/3888/3660 4126/3889/3674 4133/3896/3681 4132/3895/3680
f 4126/3889/3674 4127/3890/3675 4134/3897/3682 4133/3896/3681
f 4127/3890/3675 4128/3891/3676 4135/3898/3683 4134/3897/3682
f 4129/3893/3678 4130/3892/3677 4137/3899/3684 4136/3900/3685
f 4130/3892/3677 4131/3894/3679 4138/3901/3686 4137/3899/3684
f 4131/3894/3679 4132/3895/3680 4139/3902/3018 4138/3901/3686
f 4132/3895/3680 4133/3896/3681 4140/3903/3687 4139/3902/3018
f 4133/3896/3681 4134/3897/3682 4141/3904/3688 4140/3903/3687
f 4134/3897/3682 4135/3898/3683 4142/3905/3689 4141/3904/3688
f 2195/3182/2815 2448/3180/3028 4094/3857/3643 2519/3906/2895
f 2448/3180/3028 2447/3179/3027 4095/3858/3644 4094/3857/3643
f 2447/3179/3027 2446/3178/3026 4096/3861/3647 4095/3858/3644
f 2446/3178/3026 2445/3177/3025 4097/3863/3649 4096/3861/3647
f 2445/3177/3025 2444/3176/3024 4098/3865/3651 4097/3863/3649
f 2444/3176/3024 2443/3175/3023 4099/3867/3653 4098/3865/3651
f 2443/3175/3023 2442/3174/3022 4100/3869/3655 4099/3867/3653
f 2442/3174/3022 2197/3110/2967 2399/3780/3573 4100/3869/3655
f 4100/3869/3655 2399/3780/3573 2398/3793/3586 4107/3870/3656
f 4107/3870/3656 2398/3793/3586 2397/3792/3585 4114/3877/3663
f 4114/3877/3663 2397/3792/3585 2396/3791/3584 4121/3884/3670
f 4121/3884/3670 2396/3791/3584 2395/3790/3583 4128/3891/3676
f 4128/3891/3676 2395/3790/3583 2394/3789/3582 4135/3898/3683
f 4135/3898/3683 2394/3789/3582 2393/3788/3581 4142/3905/3689
f 4142/3905/3689 2393/3788/3581 2209/2614/2488 2589/2613/2487
f 4141/3904/3688 4142/3905/3689 2589/2613/2487 2590/2612/2486
f 4140/3903/3687 4141/3904/3688 2590/2612/2486 2591/2611/2485
f 4139/3902/3018 4140/3903/3687 2591/2611/2485 2592/2610/2484
f 4138/3901/3686 4139/3902/3018 2592/2610/2484 2593/2609/2483
f 4137/3899/3684 4138/3901/3686 2593/2609/2483 2594/2608/2482
f 4136/3900/3685 4137/3899/3684 2594/2608/2482 2595/2606/2480
f 2525/3907/2880 4136/3900/3685 2595/2606/2480 2205/2605/2479
f 2524/3908/2900 4129/3893/3678 4136/3900/3685 2525/3907/2880
f 2523/3909/2899 4122/3886/3672 4129/3893/3678 2524/3908/2900
f 2522/3910/2898 4115/3879/3665 4122/3886/3672 2523/3909/2899
f 2521/3911/2897 4108/3872/3658 4115/3879/3665 2522/3910/2898
f 2520/3912/2896 4101/3860/3646 4108/3872/3658 2521/3911/2897
f 2519/3906/2895 4094/3857/3643 4101/3860/3646 2520/3912/2896
f 4143/3913/3690 4144/3914/3691 4151/3915/3692 4150/3916/3693
f 4144/3914/3691 4145/3917/3694 4152/3918/3695 4151/3915/3692
f 4145/3917/3694 4146/3919/3696 4153/3920/3697 4152/3918/3695
f 4146/3919/3696 4147/3921/3698 4154/3922/3699 4153/3920/3697
f 4147/3921/3698 4148/3923/3700 4155/3924/3701 4154/3922/3699
f 4148/3923/3700 4149/3925/3702 4156/3926/3703 4155/3924/3701
f 4150/3916/3693 4151/3915/3692 4158/3927/3704 4157/3928/3705
f 4151/3915/3692 4152/3918/3695 4159/3929/3706 4158/3927/3704
f 4152/3918/3695 4153/3920/3697 4160/3930/3707 4159/3929/3706
f 4153/3920/3697 4154/3922/3699 4161/3931/3708 4160/3930/3707
f 4154/3922/3699 4155/3924/3701 4162/3932/3709 4161/3931/3708
f 4155/3924/3701 4156/3926/3703 4163/3933/3710 4162/3932/3709
f 4157/3928/3705 4158/3927/3704 4165/3934/3711 4164/3935/3712
f 4158/3927/3704 4159/3929/3706 4166/3936/3713 4165/3934/3711
f 4159/3929/3706 4160/3930/3707 4167/3937/3714 4166/3936/3713
f 4160/3930/3707 4161/3931/3708 4168/3938/3715 4167/3937/3714
f 4161/3931/3708 4162/3932/3709 4169/3939/3716 4168/3938/3715
f 4162/3932/3709 4163/3933/3710 4170/3940/3717 4169/3939/3716
f 4164/3935/3712 4165/3934/3711 4172/3941/3718 4171/3942/3719
f 4165/3934/3711 4166/3936/3713 4173/3943/3720 4172/3941/3718
f 4166/3936/3713 4167/3937/3714 4174/3944/3721 4173/3943/3720
f 4167/3937/3714 4168/3938/3715 4175/3945/3722 4174/3944/3721
f 4168/3938/3715 4169/3939/3716 4176/3946/3723 4175/3945/3722
f 4169/3939/3716 4170/3940/3717 4177/3947/3724 4176/3946/3723
f 4171/3942/3719 4172/3941/3718 4179/3948/3725 4178/3949/3726
f 4172/3941/3718 4173/3943/3720 4180/3950/3727 4179/3948/3725
f 4173/3943/3720 4174/3944/3721 4181/3951/3728 4180/3950/3727
f 4174/3944/3721 4175/3945/3722 4182/3952/3729 4181/3951/3728
f 4175/3945/3722 4176/3946/3723 4183/3953/3730 4182/3952/3729
f 4176/3946/3723 4177/3947/3724 4184/3954/3731 4183/3953/3730
f 4178/3949/3726 4179/3948/3725 4186/3955/3732 4185/3956/3733
f 4179/3948/3725 4180/3950/3727 4187/3957/3734 4186/3955/3732
f 4180/3950/3727 4181/3951/3728 4188/3958/3735 4187/3957/3734
f 4181/3951/3728 4182/3952/3729 4189/3959/3736 4188/3958/3735
f 4182/3952/3729 4183/3953/3730 4190/3960/3737 4189/3959/3736
f 4183/3953/3730 4184/3954/3731 4191/3961/3738 4190/3960/3737
f 2199/3101/2958 2455/3251/3092 4143/3913/3690 2533/3781/3574
f 2455/3251/3092 2454/3250/3091 4144/3914/3691 4143/3913/3690
f 2454/3250/3091 2453/3249/3090 4145/3917/3694 4144/3914/3691
f 2453/3249/3090 2452/3248/3089 4146/3919/3696 4145/3917/3694
f 2452/3248/3089 2451/3247/3088 4147/3921/3698 4146/3919/3696
f 2451/3247/3088 2450/3246/3087 4148/3923/3700 4147/3921/3698
f 2450/3246/3087 2449/3245/3086 4149/3925/3702 4148/3923/3700
f 2449/3245/3086 2204/3244/3085 2526/3843/3636 4149/3925/3702
f 4149/3925/3702 2526/3843/3636 2527/3856/3642 4156/3926/3703
f 4156/3926/3703 2527/3856/3642 2528/3855/3641 4163/3933/3710
f 4163/3933/3710 2528/3855/3641 2529/3854/3640 4170/3940/3717
f 4170/3940/3717 2529/3854/3640 2530/3853/3639 4177/3947/3724
f 4177/3947/3724 2530/3853/3639 2531/3852/3638 4184/3954/3731
f 4184/3954/3731 2531/3852/3638 2532/3851/3637 4191/3961/3738
f 4191/3961/3738 2532/3851/3637 2206/2461/2335 2596/2460/2334
f 4190/3960/3737 4191/3961/3738 2596/2460/2334 2597/2459/2333
f 4189/3959/3736 4190/3960/3737 2597/2459/2333 2598/2458/2332
f 4188/3958/3735 4189/3959/3736 2598/2458/2332 2599/2457/2331
f 4187/3957/3734 4188/3958/3735 2599/2457/2331 2600/2456/2330
f 4186/3955/3732 4187/3957/3734 2600/2456/2330 2601/2455/2329
f 4185/3956/3733 4186/3955/3732 2601/2455/2329 2602/2453/2327
f 2539/3787/3580 4185/3956/3733 2602/2453/2327 2207/2452/2326
f 2538/3786/3579 4178/3949/3726 4185/3956/3733 2539/3787/3580
f 2537/3785/3578 4171/3942/3719 4178/3949/3726 2538/3786/3579
f 2536/3784/3577 4164/3935/3712 4171/3942/3719 2537/3785/3578
f 2535/3783/3576 4157/3928/3705 4164/3935/3712 2536/3784/3577
f 2534/3782/3575 4150/3916/3693 4157/3928/3705 2535/3783/3576
f 2533/3781/3574 4143/3913/3690 4150/3916/3693 2534/3782/3575
f 4192/3962/3739 4193/3963/3740 4200/2252/3741 4199/3964/3742
f 4193/3963/3740 4194/2265/3743 4201/3965/3744 4200/2252/3741
f 4194/2265/3743 4195/3966/3745 4202/3967/3746 4201/3965/3744
f 4195/3966/3745 4196/3968/3747 4203/2278/3748 4202/3967/3746
f 4196/3968/3747 4197/3969/3749 4204/3970/3750 4203/2278/3748
f 4197/3969/3749 4198/3971/3751 4205/3972/3752 4204/3970/3750
f 4199/3964/3742 4200/2252/3741 4207/2255/3753 4206/3973/3754
f 4200/2252/3741 4201/3965/3744 4208/2266/3755 4207/2255/3753
f 4201/3965/3744 4202/3967/3746 4209/3974/3756 4208/2266/3755
f 4202/3967/3746 4203/2278/3748 4210/3975/3757 4209/3974/3756
f 4203/2278/3748 4204/3970/3750 4211/2287/3758 4210/3975/3757
f 4204/3970/3750 4205/3972/3752 4212/3976/3759 4211/2287/3758
f 4206/3973/3754 4207/2255/3753 4214/2257/3760 4213/3977/3761
f 4207/2255/3753 4208/2266/3755 4215/3978/3762 4214/2257/3760
f 4208/2266/3755 4209/3974/3756 4216/3979/3763 4215/3978/3762
f 4209/3974/3756 4210/3975/3757 4217/2281/3764 4216/3979/3763
f 4210/3975/3757 4211/2287/3758 4218/3980/3765 4217/2281/3764
f 4211/2287/3758 4212/3976/3759 4219/2295/3766 4218/3980/3765
f 4213/3977/3761 4214/2257/3760 4221/3981/3767 4220/2258/3768
f 4214/2257/3760 4215/3978/3762 4222/2268/3769 4221/3981/3767
f 4215/3978/3762 4216/3979/3763 4223/3982/3770 4222/2268/3769
f 4216/3979/3763 4217/2281/3764 4224/3983/3771 4223/3982/3770
f 4217/2281/3764 4218/3980/3765 4225/3984/3772 4224/3983/3771
f 4218/3980/3765 4219/2295/3766 4226/3985/3773 4225/3984/3772
f 4220/2258/3768 4221/3981/3767 4228/3986/3774 4227/3987/3775
f 4221/3981/3767 4222/2268/3769 4229/3988/3776 4228/3986/3774
f 4222/2268/3769 4223/3982/3770 4230/3989/3777 4229/3988/3776
f 4223/3982/3770 4224/3983/3771 4231/3990/3778 4230/3989/3777
f 4224/3983/3771 4225/3984/3772 4232/2290/3779 4231/3990/3778
f 4225/3984/3772 4226/3985/3773 4233/3991/3780 4232/2290/3779
f 4227/3987/3775 4228/3986/3774 4235/2263/3781 4234/3992/3782
f 4228/3986/3774 4229/3988/3776 4236/3993/3783 4235/2263/3781
f 4229/3988/3776 4230/3989/3777 4237/3994/3784 4236/3993/3783
f 4230/3989/3777 4231/3990/3778 4238/3995/3785 4237/3994/3784
f 4231/3990/3778 4232/2290/3779 4239/3996/3786 4238/3995/3785
f 4232/2290/3779 4233/3991/3780 4240/3997/3787 4239/3996/3786
f 2228/3998/3788 2736/3999/3789 4192/3962/3739 2826/2300/3790
f 2736/3999/3789 2737/4000/3791 4193/3963/3740 4192/3962/3739
f 2737/4000/3791 2738/4001/3792 4194/2265/3743 4193/3963/3740
f 2738/4001/3792 2739/4002/3793 4195/3966/3745 4194/2265/3743
f 2739/4002/3793 2740/4003/3794 4196/3968/3747 4195/3966/3745
f 2740/4003/3794 2741/4004/3795 4197/3969/3749 4196/3968/3747
f 2741/4004/3795 2742/4005/3796 4198/3971/3751 4197/3969/3749
f 2742/4005/3796 2220/4006/3797 2700/4007/3798 4198/3971/3751
f 4198/3971/3751 2700/4007/3798 2699/4008/3799 4205/3972/3752
f 4205/3972/3752 2699/4008/3799 2698/2321/3800 4212/3976/3759
f 4212/3976/3759 2698/2321/3800 2697/4009/3801 4219/2295/3766
f 4219/2295/3766 2697/4009/3801 2696/4010/3802 4226/3985/3773
f 4226/3985/3773 2696/4010/3802 2695/2318/3803 4233/3991/3780
f 4233/3991/3780 2695/2318/3803 2694/4011/3804 4240/3997/3787
f 4240/3997/3787 2694/4011/3804 2230/2316/3805 2623/2315/3806
f 4239/3996/3786 4240/3997/3787 2623/2315/3806 2622/2314/3807
f 4238/3995/3785 4239/3996/3786 2622/2314/3807 2621/2313/3808
f 4237/3994/3784 4238/3995/3785 2621/2313/3808 2620/2312/3809
f 4236/3993/3783 4237/3994/3784 2620/2312/3809 2619/2311/3810
f 4235/2263/3781 4236/3993/3783 2619/2311/3810 2618/2310/3811
f 4234/3992/3782 4235/2263/3781 2618/2310/3811 2617/2309/3812
f 2820/4012/3813 4234/3992/3782 2617/2309/3812 2229/2308/3814
f 2821/4013/3815 4227/3987/3775 4234/3992/3782 2820/4012/3813
f 2822/2305/3816 4220/2258/3768 4227/3987/3775 2821/4013/3815
f 2823/2304/3817 4213/3977/3761 4220/2258/3768 2822/2305/3816
f 2824/4014/3818 4206/3973/3754 4213/3977/3761 2823/2304/3817
f 2825/4015/3819 4199/3964/3742 4206/3973/3754 2824/4014/3818
f 2826/2300/3790 4192/3962/3739 4199/3964/3742 2825/4015/3819
f 4241/4016/3820 4242/4017/3821 4249/4018/3822 4248/4019/3823
f 4242/4017/3821 4243/4020/3824 4250/4021/3825 4249/4018/3822
f 4243/4020/3824 4244/4022/3826 4251/2352/3827 4250/4021/3825
f 4244/4022/3826 4245/4023/3828 4252/4024/3829 4251/2352/3827
f 4245/4023/3828 4246/4025/3830 4253/4026/3831 4252/4024/3829
f 4246/4025/3830 4247/4027/3832 4254/4028/3833 4253/4026/3831
f 4248/4019/3823 4249/4018/3822 4256/4029/3834 4255/4030/3835
f 4249/4018/3822 4250/4021/3825 4257/2347/3836 4256/4029/3834
f 4250/4021/3825 4251/2352/3827 4258/4031/3837 4257/2347/3836
f 4251/2352/3827 4252/4024/3829 4259/4032/3838 4258/4031/3837
f 4252/4024/3829 4253/4026/3831 4260/2368/3839 4259/4032/3838
f 4253/4026/3831 4254/4028/3833 4261/4033/3840 4260/2368/3839
f 4255/4030/3835 4256/4029/3834 4263/4034/3841 4262/4035/3842
f 4256/4029/3834 4257/2347/3836 4264/4036/3843 4263/4034/3841
f 4257/2347/3836 4258/4031/3837 4265/4037/3844 4264/4036/3843
f 4258/4031/3837 4259/4032/3838 4266/2362/3845 4265/4037/3844
f 4259/4032/3838 4260/2368/3839 4267/4038/3846 4266/2362/3845
f 4260/2368/3839 4261/4033/3840 4268/4039/3847 4267/4038/3846
f 4262/4035/3842 4263/4034/3841 4270/4040/3848 4269/4041/3849
f 4263/4034/3841 4264/4036/3843 4271/4042/3850 4270/4040/3848
f 4264/4036/3843 4265/4037/3844 4272/4043/3851 4271/4042/3850
f 4265/4037/3844 4266/2362/3845 4273/4044/3852 4272/4043/3851
f 4266/2362/3845 4267/4038/3846 4274/4045/3853 4273/4044/3852
f 4267/4038/3846 4268/4039/3847 4275/4046/3854 4274/4045/3853
f 4269/4041/3849 4270/4040/3848 4277/4047/3855 4276/2341/3856
f 4270/4040/3848 4271/4042/3850 4278/4048/3857 4277/4047/3855
f 4271/4042/3850 4272/4043/3851 4279/4049/3858 4278/4048/3857
f 4272/4043/3851 4273/4044/3852 4280/4050/3859 4279/4049/3858
f 4273/4044/3852 4274/4045/3853 4281/4051/3860 4280/4050/3859
f 4274/4045/3853 4275/4046/3854 4282/4052/3861 4281/4051/3860
f 4276/2341/3856 4277/4047/3855 4284/2344/3862 4283/4053/3863
f 4277/4047/3855 4278/4048/3857 4285/2351/3864 4284/2344/3862
f 4278/4048/3857 4279/4049/3858 4286/2358/3865 4285/2351/3864
f 4279/4049/3858 4280/4050/3859 4287/4054/3866 4286/2358/3865
f 4280/4050/3859 4281/4051/3860 4288/2372/3867 4287/4054/3866
f 4281/4051/3860 4282/4052/3861 4289/4055/3868 4288/2372/3867
f 2220/4006/3797 2729/4056/3869 4241/4016/3820 2700/4007/3798
f 2729/4056/3869 2730/4057/3870 4242/4017/3821 4241/4016/3820
f 2730/4057/3870 2731/4058/3871 4243/4020/3824 4242/4017/3821
f 2731/4058/3871 2732/4059/3872 4244/4022/3826 4243/4020/3824
f 2732/4059/3872 2733/2399/3873 4245/4023/3828 4244/4022/3826
f 2733/2399/3873 2734/4060/3874 4246/4025/3830 4245/4023/3828
f 2734/4060/3874 2735/4061/3875 4247/4027/3832 4246/4025/3830
f 2735/4061/3875 2221/2397/3876 2707/4062/3877 4247/4027/3832
f 4247/4027/3832 2707/4062/3877 2706/4063/3878 4254/4028/3833
f 4254/4028/3833 2706/4063/3878 2705/4064/3879 4261/4033/3840
f 4261/4033/3840 2705/4064/3879 2704/2392/3880 4268/4039/3847
f 4268/4039/3847 2704/2392/3880 2703/4065/3881 4275/4046/3854
f 4275/4046/3854 2703/4065/3881 2702/4066/3882 4282/4052/3861
f 4282/4052/3861 2702/4066/3882 2701/4067/3883 4289/4055/3868
f 4289/4055/3868 2701/4067/3883 2231/2388/3884 2644/2387/3885
f 4288/2372/3867 4289/4055/3868 2644/2387/3885 2643/2386/3886
f 4287/4054/3866 4288/2372/3867 2643/2386/3886 2642/2385/3887
f 4286/2358/3865 4287/4054/3866 2642/2385/3887 2641/2384/3888
f 4285/2351/3864 4286/2358/3865 2641/2384/3888 2640/2383/3889
f 4284/2344/3862 4285/2351/3864 2640/2383/3889 2639/2382/3890
f 4283/4053/3863 4284/2344/3862 2639/2382/3890 2638/2381/3891
f 2694/4011/3804 4283/4053/3863 2638/2381/3891 2230/2316/3805
f 2695/2318/3803 4276/2341/3856 4283/4053/3863 2694/4011/3804
f 2696/4010/3802 4269/4041/3849 4276/2341/3856 2695/2318/3803
f 2697/4009/3801 4262/4035/3842 4269/4041/3849 2696/4010/3802
f 2698/2321/3800 4255/4030/3835 4262/4035/3842 2697/4009/3801
f 2699/4008/3799 4248/4019/3823 4255/4030/3835 2698/2321/3800
f 2700/4007/3798 4241/4016/3820 4248/4019/3823 2699/4008/3799
f 4290/4068/3892 4291/4069/3893 4298/4070/3894 4297/4071/3895
f 4291/4069/3893 4292/4072/3896 4299/4073/3897 4298/4070/3894
f 4292/4072/3896 4293/2425/3898 4300/4074/3899 4299/4073/3897
f 4293/2425/3898 4294/4075/3900 4301/4076/3901 4300/4074/3899
f 4294/4075/3900 4295/2439/3902 4302/4077/3903 4301/4076/3901
f 4295/2439/3902 4296/4078/3904 4303/4079/3905 4302/4077/3903
f 4297/4071/3895 4298/4070/3894 4305/4080/3906 4304/4081/3907
f 4298/4070/3894 4299/4073/3897 4306/2419/3908 4305/4080/3906
f 4299/4073/3897 4300/4074/3899 4307/4082/3909 4306/2419/3908
f 4300/4074/3899 4301/4076/3901 4308/4083/3910 4307/4082/3909
f 4301/4076/3901 4302/4077/3903 4309/4084/3911 4308/4083/3910
f 4302/4077/3903 4303/4079/3905 4310/4085/3912 4309/4084/3911
f 4304/4081/3907 4305/4080/3906 4312/4086/3913 4311/4087/3914
f 4305/4080/3906 4306/2419/3908 4313/4088/3915 4312/4086/3913
f 4306/2419/3908 4307/4082/3909 4314/2427/3916 4313/4088/3915
f 4307/4082/3909 4308/4083/3910 4315/4089/3917 4314/2427/3916
f 4308/4083/3910 4309/4084/3911 4316/2441/3918 4315/4089/3917
f 4309/4084/3911 4310/4085/3912 4317/4090/3919 4316/2441/3918
f 4311/4087/3914 4312/4086/3913 4319/4091/3920 4318/4092/3921
f 4312/4086/3913 4313/4088/3915 4320/4093/3922 4319/4091/3920
f 4313/4088/3915 4314/2427/3916 4321/4094/3923 4320/4093/3922
f 4314/2427/3916 4315/4089/3917 4322/2435/3924 4321/4094/3923
f 4315/4089/3917 4316/2441/3918 4323/4095/3925 4322/2435/3924
f 4316/2441/3918 4317/4090/3919 4324/4096/3926 4323/4095/3925
f 4318/4092/3921 4319/4091/3920 4326/4097/3927 4325/4098/3928
f 4319/4091/3920 4320/4093/3922 4327/4099/3929 4326/4097/3927
f 4320/4093/3922 4321/4094/3923 4328/4100/3930 4327/4099/3929
f 4321/4094/3923 4322/2435/3924 4329/4101/3931 4328/4100/3930
f 4322/2435/3924 4323/4095/3925 4330/2443/3932 4329/4101/3931
f 4323/4095/3925 4324/4096/3926 4331/2450/3933 4330/2443/3932
f 4325/4098/3928 4326/4097/3927 4333/4102/3934 4332/2415/3935
f 4326/4097/3927 4327/4099/3929 4334/4103/3936 4333/4102/3934
f 4327/4099/3929 4328/4100/3930 4335/4104/3937 4334/4103/3936
f 4328/4100/3930 4329/4101/3931 4336/4105/3938 4335/4104/3937
f 4329/4101/3931 4330/2443/3932 4337/4106/3939 4336/4105/3938
f 4330/2443/3932 4331/2450/3933 4338/2451/3940 4337/4106/3939
f 2235/4107/3941 2722/4108/3942 4290/4068/3892 2966/2453/3943
f 2722/4108/3942 2723/4109/3944 4291/4069/3893 4290/4068/3892
f 2723/4109/3944 2724/4110/3945 4292/4072/3896 4291/4069/3893
f 2724/4110/3945 2725/4111/3946 4293/2425/3898 4292/4072/3896
f 2725/4111/3946 2726/4112/3947 4294/4075/3900 4293/2425/3898
f 2726/4112/3947 2727/4113/3948 4295/2439/3902 4294/4075/3900
f 2727/4113/3948 2728/4114/3949 4296/4078/3904 4295/2439/3902
f 2728/4114/3949 2222/2478/3950 2714/4115/3951 4296/4078/3904
f 4296/4078/3904 2714/4115/3951 2713/4116/3952 4303/4079/3905
f 4303/4079/3905 2713/4116/3952 2712/4117/3953 4310/4085/3912
f 4310/4085/3912 2712/4117/3953 2711/2473/3954 4317/4090/3919
f 4317/4090/3919 2711/2473/3954 2710/4118/3955 4324/4096/3926
f 4324/4096/3926 2710/4118/3955 2709/4119/3956 4331/2450/3933
f 4331/2450/3933 2709/4119/3956 2708/2470/3957 4338/2451/3940
f 4338/2451/3940 2708/2470/3957 2216/2469/3958 2665/2468/3959
f 4337/4106/3939 4338/2451/3940 2665/2468/3959 2664/4120/3960
f 4336/4105/3938 4337/4106/3939 2664/4120/3960 2663/2466/3961
f 4335/4104/3937 4336/4105/3938 2663/2466/3961 2662/2465/3962
f 4334/4103/3936 4335/4104/3937 2662/2465/3962 2661/4121/3963
f 4333/4102/3934 4334/4103/3936 2661/4121/3963 2660/4122/3964
f 4332/2415/3935 4333/4102/3934 2660/4122/3964 2659/4123/3965
f 2960/4124/3966 4332/2415/3935 2659/4123/3965 2234/2461/3967
f 2961/4125/3968 4325/4098/3928 4332/2415/3935 2960/4124/3966
f 2962/4126/3969 4318/4092/3921 4325/4098/3928 2961/4125/3968
f 2963/4127/3970 4311/4087/3914 4318/4092/3921 2962/4126/3969
f 2964/2456/3971 4304/4081/3907 4311/4087/3914 2963/4127/3970
f 2965/4128/3972 4297/4071/3895 4304/4081/3907 2964/2456/3971
f 2966/2453/3943 4290/4068/3892 4297/4071/3895 2965/4128/3972
f 4339/2484/3973 4340/4129/3974 4347/2486/3975 4346/4130/3976
f 4340/4129/3974 4341/4131/3977 4348/4132/3978 4347/2486/3975
f 4341/4131/3977 4342/4133/3979 4349/2505/2379 4348/4132/3978
f 4342/4133/3979 4343/4134/3980 4350/4135/3981 4349/2505/2379
f 4343/4134/3980 4344/4136/3982 4351/2519/3983 4350/4135/3981
f 4344/4136/3982 4345/2527/3984 4352/2526/3985 4351/2519/3983
f 4346/4130/3976 4347/2486/3975 4354/4137/3986 4353/4138/3987
f 4347/2486/3975 4348/4132/3978 4355/4139/3988 4354/4137/3986
f 4348/4132/3978 4349/2505/2379 4356/4140/3989 4355/4139/3988
f 4349/2505/2379 4350/4135/3981 4357/4141/3990 4356/4140/3989
f 4350/4135/3981 4351/2519/3983 4358/4142/3991 4357/4141/3990
f 4351/2519/3983 4352/2526/3985 4359/4143/3992 4358/4142/3991
f 4353/4138/3987 4354/4137/3986 4361/4144/3993 4360/4145/3994
f 4354/4137/3986 4355/4139/3988 4362/4146/3995 4361/4144/3993
f 4355/4139/3988 4356/4140/3989 4363/4147/3996 4362/4146/3995
f 4356/4140/3989 4357/4141/3990 4364/4148/3997 4363/4147/3996
f 4357/4141/3990 4358/4142/3991 4365/4149/3998 4364/4148/3997
f 4358/4142/3991 4359/4143/3992 4366/4150/3999 4365/4149/3998
f 4360/4145/3994 4361/4144/3993 4368/4151/4000 4367/4152/4001
f 4361/4144/3993 4362/4146/3995 4369/4153/4002 4368/4151/4000
f 4362/4146/3995 4363/4147/3996 4370/4154/4003 4369/4153/4002
f 4363/4147/3996 4364/4148/3997 4371/4155/4004 4370/4154/4003
f 4364/4148/3997 4365/4149/3998 4372/2523/4005 4371/4155/4004
f 4365/4149/3998 4366/4150/3999 4373/4156/4006 4372/2523/4005
f 4367/4152/4001 4368/4151/4000 4375/4157/4007 4374/4158/4008
f 4368/4151/4000 4369/4153/4002 4376/4159/4009 4375/4157/4007
f 4369/4153/4002 4370/4154/4003 4377/4160/4010 4376/4159/4009
f 4370/4154/4003 4371/4155/4004 4378/4161/4011 4377/4160/4010
f 4371/4155/4004 4372/2523/4005 4379/2524/4012 4378/4161/4011
f 4372/2523/4005 4373/4156/4006 4380/2531/4013 4379/2524/4012
f 4374/4158/4008 4375/4157/4007 4382/2497/4014 4381/4162/4015
f 4375/4157/4007 4376/4159/4009 4383/4163/4016 4382/2497/4014
f 4376/4159/4009 4377/4160/4010 4384/2511/4017 4383/4163/4016
f 4377/4160/4010 4378/4161/4011 4385/4164/4018 4384/2511/4017
f 4378/4161/4011 4379/2524/4012 4386/2525/4019 4385/4164/4018
f 4379/2524/4012 4380/2531/4013 4387/4165/4020 4386/2525/4019
f 2222/2478/3950 2715/4166/4021 4339/2484/3973 2714/4115/3951
f 2715/4166/4021 2716/4167/4022 4340/4129/3974 4339/2484/3973
f 2716/4167/4022 2717/4168/4023 4341/4131/3977 4340/4129/3974
f 2717/4168/4023 2718/2553/4024 4342/4133/3979 4341/4131/3977
f 2718/2553/4024 2719/2552/4025 4343/4134/3980 4342/4133/3979
f 2719/2552/4025 2720/4169/4026 4344/4136/3982 4343/4134/3980
f 2720/4169/4026 2721/4170/4027 4345/2527/3984 4344/4136/3982
f 2721/4170/4027 2219/2550/4028 2610/2548/4029 4345/2527/3984
f 4345/2527/3984 2610/2548/4029 2611/2547/4030 4352/2526/3985
f 4352/2526/3985 2611/2547/4030 2612/2546/4031 4359/4143/3992
f 4359/4143/3992 2612/2546/4031 2613/2545/4032 4366/4150/3999
f 4366/4150/3999 2613/2545/4032 2614/2544/4033 4373/4156/4006
f 4373/4156/4006 2614/2544/4033 2615/2543/4034 4380/2531/4013
f 4380/2531/4013 2615/2543/4034 2616/2542/4035 4387/4165/4020
f 4387/4165/4020 2616/2542/4035 2212/2541/4036 2686/2540/4037
f 4386/2525/4019 4387/4165/4020 2686/2540/4037 2685/2539/4038
f 4385/4164/4018 4386/2525/4019 2685/2539/4038 2684/2538/4039
f 4384/2511/4017 4385/4164/4018 2684/2538/4039 2683/2537/4040
f 4383/4163/4016 4384/2511/4017 2683/2537/4040 2682/2536/4041
f 4382/2497/4014 4383/4163/4016 2682/2536/4041 2681/2535/4042
f 4381/4162/4015 4382/2497/4014 2681/2535/4042 2680/2534/4043
f 2708/2470/3957 4381/4162/4015 2680/2534/4043 2216/2469/3958
f 2709/4119/3956 4374/4158/4008 4381/4162/4015 2708/2470/3957
f 2710/4118/3955 4367/4152/4001 4374/4158/4008 2709/4119/3956
f 2711/2473/3954 4360/4145/3994 4367/4152/4001 2710/4118/3955
f 2712/4117/3953 4353/4138/3987 4360/4145/3994 2711/2473/3954
f 2713/4116/3952 4346/4130/3976 4353/4138/3987 2712/4117/3953
f 2714/4115/3951 4339/2484/3973 4346/4130/3976 2713/4116/3952
f 4388/4171/4044 4389/2559/4045 4396/2558/4046 4395/4172/4047
f 4389/2559/4045 4390/4173/4048 4397/2570/4049 4396/2558/4046
f 4390/4173/4048 4391/4174/4050 4398/4175/4051 4397/2570/4049
f 4391/4174/4050 4392/2585/4052 4399/2584/4053 4398/4175/4051
f 4392/2585/4052 4393/4176/4054 4400/4177/4055 4399/2584/4053
f 4393/4176/4054 4394/4178/4056 4401/4179/4057 4400/4177/4055
f 4395/4172/4047 4396/2558/4046 4403/4180/4058 4402/4181/4059
f 4396/2558/4046 4397/2570/4049 4404/2572/4060 4403/4180/4058
f 4397/2570/4049 4398/4175/4051 4405/4182/4061 4404/2572/4060
f 4398/4175/4051 4399/2584/4053 4406/4183/4062 4405/4182/4061
f 4399/2584/4053 4400/4177/4055 4407/4184/4063 4406/4183/4062
f 4400/4177/4055 4401/4179/4057 4408/4185/4064 4407/4184/4063
f 4402/4181/4059 4403/4180/4058 4410/2563/2437 4409/4186/2436
f 4403/4180/4058 4404/2572/4060 4411/4187/2447 4410/2563/2437
f 4404/2572/4060 4405/4182/4061 4412/4188/2454 4411/4187/2447
f 4405/4182/4061 4406/4183/4062 4413/4189/2461 4412/4188/2454
f 4406/4183/4062 4407/4184/4063 4414/4190/2468 4413/4189/2461
f 4407/4184/4063 4408/4185/4064 4415/4191/2475 4414/4190/2468
f 4409/4186/2436 4410/2563/2437 4417/2565/4065 4416/4192/4066
f 4410/2563/2437 4411/4187/2447 4418/4193/4067 4417/2565/4065
f 4411/4187/2447 4412/4188/2454 4419/2581/4068 4418/4193/4067
f 4412/4188/2454 4413/4189/2461 4420/4194/4069 4419/2581/4068
f 4413/4189/2461 4414/4190/2468 4421/4195/4070 4420/4194/4069
f 4414/4190/2468 4415/4191/2475 4422/2602/4071 4421/4195/4070
f 4416/4192/4066 4417/2565/4065 4424/4196/4072 4423/4197/4073
f 4417/2565/4065 4418/4193/4067 4425/4198/4074 4424/4196/4072
f 4418/4193/4067 4419/2581/4068 4426/4199/4075 4425/4198/4074
f 4419/2581/4068 4420/4194/4069 4427/2589/4076 4426/4199/4075
f 4420/4194/4069 4421/4195/4070 4428/4200/4077 4427/2589/4076
f 4421/4195/4070 4422/2602/4071 4429/4201/4078 4428/4200/4077
f 4423/4197/4073 4424/4196/4072 4431/4202/4079 4430/4203/4080
f 4424/4196/4072 4425/4198/4074 4432/2576/4081 4431/4202/4079
f 4425/4198/4074 4426/4199/4075 4433/2583/4082 4432/2576/4081
f 4426/4199/4075 4427/2589/4076 4434/4204/4083 4433/2583/4082
f 4427/2589/4076 4428/4200/4077 4435/4205/4084 4434/4204/4083
f 4428/4200/4077 4429/4201/4078 4436/4206/4085 4435/4205/4084
f 2233/2605/4086 2603/2607/4087 4388/4171/4044 2959/4207/4088
f 2603/2607/4087 2604/2636/4089 4389/2559/4045 4388/4171/4044
f 2604/2636/4089 2605/2635/4090 4390/4173/4048 4389/2559/4045
f 2605/2635/4090 2606/2634/4091 4391/4174/4050 4390/4173/4048
f 2606/2634/4091 2607/2633/4092 4392/2585/4052 4391/4174/4050
f 2607/2633/4092 2608/2632/4093 4393/4176/4054 4392/2585/4052
f 2608/2632/4093 2609/2630/4094 4394/4178/4056 4393/4176/4054
f 2609/2630/4094 2211/2631/4095 2673/2629/4096 4394/4178/4056
f 4394/4178/4056 2673/2629/4096 2674/2628/4097 4401/4179/4057
f 4401/4179/4057 2674/2628/4097 2675/2627/4098 4408/4185/4064
f 4408/4185/4064 2675/2627/4098 2676/2626/4099 4415/4191/2475
f 4415/4191/2475 2676/2626/4099 2677/2625/4100 4422/2602/4071
f 4422/2602/4071 2677/2625/4100 2678/2624/4101 4429/4201/4078
f 4429/4201/4078 2678/2624/4101 2679/2623/4102 4436/4206/4085
f 4436/4206/4085 2679/2623/4102 2215/2622/4103 2911/2621/4104
f 4435/4205/4084 4436/4206/4085 2911/2621/4104 2912/4208/4105
f 4434/4204/4083 4435/4205/4084 2912/4208/4105 2913/2619/4106
f 4433/2583/4082 4434/4204/4083 2913/2619/4106 2914/4209/4107
f 4432/2576/4081 4433/2583/4082 2914/4209/4107 2915/4210/4108
f 4431/4202/4079 4432/2576/4081 2915/4210/4108 2916/4211/4109
f 4430/4203/4080 4431/4202/4079 2916/4211/4109 2917/2615/4110
f 2953/2613/4111 4430/4203/4080 2917/2615/4110 2237/2614/4112
f 2954/4212/4113 4423/4197/4073 4430/4203/4080 2953/2613/4111
f 2955/4213/4114 4416/4192/4066 4423/4197/4073 2954/4212/4113
f 2956/2610/2484 4409/4186/2436 4416/4192/4066 2955/4213/4114
f 2957/4214/4115 4402/4181/4059 4409/4186/2436 2956/2610/2484
f 2958/2608/4116 4395/4172/4047 4402/4181/4059 2957/4214/4115
f 2959/4207/4088 4388/4171/4044 4395/4172/4047 2958/2608/4116
f 4437/4215/4117 4438/4216/4118 4445/4217/4119 4444/4218/4120
f 4438/4216/4118 4439/4219/4121 4446/4220/4122 4445/4217/4119
f 4439/4219/4121 4440/4221/4123 4447/2658/4124 4446/4220/4122
f 4440/4221/4123 4441/2666/4125 4448/4222/4126 4447/2658/4124
f 4441/2666/4125 4442/4223/4127 4449/4224/4128 4448/4222/4126
f 4442/4223/4127 4443/2680/4129 4450/4225/4130 4449/4224/4128
f 4444/4218/4120 4445/4217/4119 4452/4226/4131 4451/4227/4132
f 4445/4217/4119 4446/4220/4122 4453/4228/4133 4452/4226/4131
f 4446/4220/4122 4447/2658/4124 4454/4229/4134 4453/4228/4133
f 4447/2658/4124 4448/4222/4126 4455/4230/4135 4454/4229/4134
f 4448/4222/4126 4449/4224/4128 4456/4231/4136 4455/4230/4135
f 4449/4224/4128 4450/4225/4130 4457/4232/4137 4456/4231/4136
f 4451/4227/4132 4452/4226/4131 4459/4233/4138 4458/4234/2517
f 4452/4226/4131 4453/4228/4133 4460/4235/4139 4459/4233/4138
f 4453/4228/4133 4454/4229/4134 4461/4236/4140 4460/4235/4139
f 4454/4229/4134 4455/4230/4135 4462/2668/4141 4461/4236/4140
f 4455/4230/4135 4456/4231/4136 4463/4237/4142 4462/2668/4141
f 4456/4231/4136 4457/4232/4137 4464/4238/4143 4463/4237/4142
f 4458/4234/2517 4459/4233/4138 4466/4239/4144 4465/4240/4145
f 4459/4233/4138 4460/4235/4139 4467/4241/4146 4466/4239/4144
f 4460/4235/4139 4461/4236/4140 4468/2662/4147 4467/4241/4146
f 4461/4236/4140 4462/2668/4141 4469/4242/4148 4468/2662/4147
f 4462/2668/4141 4463/4237/4142 4470/4243/4149 4469/4242/4148
f 4463/4237/4142 4464/4238/4143 4471/4244/4150 4470/4243/4149
f 4465/4240/4145 4466/4239/4144 4473/4245/4151 4472/2647/4152
f 4466/4239/4144 4467/4241/4146 4474/4246/4153 4473/4245/4151
f 4467/4241/4146 4468/2662/4147 4475/4247/4154 4474/4246/4153
f 4468/2662/4147 4469/4242/4148 4476/4248/4155 4475/4247/4154
f 4469/4242/4148 4470/4243/4149 4477/4249/4156 4476/4248/4155
f 4470/4243/4149 4471/4244/4150 4478/4250/4157 4477/4249/4156
f 4472/2647/4152 4473/4245/4151 4480/2650/4158 4479/4251/4159
f 4473/4245/4151 4474/4246/4153 4481/4252/4160 4480/2650/4158
f 4474/4246/4153 4475/4247/4154 4482/4253/4161 4481/4252/4160
f 4475/4247/4154 4476/4248/4155 4483/4254/4162 4482/4253/4161
f 4476/4248/4155 4477/4249/4156 4484/4255/4163 4483/4254/4162
f 4477/4249/4156 4478/4250/4157 4485/4256/4164 4484/4255/4163
f 2234/2461/3967 2659/4123/3965 4437/4215/4117 2952/2686/4165
f 2659/4123/3965 2660/4122/3964 4438/4216/4118 4437/4215/4117
f 2660/4122/3964 2661/4121/3963 4439/4219/4121 4438/4216/4118
f 2661/4121/3963 2662/2465/3962 4440/4221/4123 4439/4219/4121
f 2662/2465/3962 2663/2466/3961 4441/2666/4125 4440/4221/4123
f 2663/2466/3961 2664/4120/3960 4442/4223/4127 4441/2666/4125
f 2664/4120/3960 2665/2468/3959 4443/2680/4129 4442/4223/4127
f 2665/2468/3959 2216/2469/3958 2680/2708/4043 4443/2680/4129
f 4443/2680/4129 2680/2708/4043 2681/2707/4042 4450/4225/4130
f 4450/4225/4130 2681/2707/4042 2682/2706/4041 4457/4232/4137
f 4457/4232/4137 2682/2706/4041 2683/2705/4040 4464/4238/4143
f 4464/4238/4143 2683/2705/4040 2684/2704/4039 4471/4244/4150
f 4471/4244/4150 2684/2704/4039 2685/2703/4038 4478/4250/4157
f 4478/4250/4157 2685/2703/4038 2686/2702/4037 4485/4256/4164
f 4485/4256/4164 2686/2702/4037 2212/2701/4036 2904/2700/4166
f 4484/4255/4163 4485/4256/4164 2904/2700/4166 2905/2699/4167
f 4483/4254/4162 4484/4255/4163 2905/2699/4167 2906/2698/4168
f 4482/4253/4161 4483/4254/4162 2906/2698/4168 2907/2697/4169
f 4481/4252/4160 4482/4253/4161 2907/2697/4169 2908/2696/4170
f 4480/2650/4158 4481/4252/4160 2908/2696/4170 2909/2695/4171
f 4479/4251/4159 4480/2650/4158 2909/2695/4171 2910/2694/4172
f 2946/4257/4173 4479/4251/4159 2910/2694/4172 2236/2693/4174
f 2947/4258/4175 4472/2647/4152 4479/4251/4159 2946/4257/4173
f 2948/4259/4176 4465/4240/4145 4472/2647/4152 2947/4258/4175
f 2949/4260/4177 4458/4234/2517 4465/4240/4145 2948/4259/4176
f 2950/2688/4178 4451/4227/4132 4458/4234/2517 2949/4260/4177
f 2951/4261/4179 4444/4218/4120 4451/4227/4132 2950/2688/4178
f 2952/2686/4165 4437/4215/4117 4444/4218/4120 2951/4261/4179
f 4486/2709/4180 4487/4262/4181 4494/4263/4182 4493/4264/4183
f 4487/4262/4181 4488/4265/4184 4495/4266/4185 4494/4263/4182
f 4488/4265/4184 4489/4267/4186 4496/4268/4187 4495/4266/4185
f 4489/4267/4186 4490/4269/4188 4497/4270/4189 4496/4268/4187
f 4490/4269/4188 4491/4271/4190 4498/4272/4191 4497/4270/4189
f 4491/4271/4190 4492/4273/4192 4499/2751/4193 4498/4272/4191
f 4493/4264/4183 4494/4263/4182 4501/4274/4194 4500/4275/4195
f 4494/4263/4182 4495/4266/4185 4502/2725/4196 4501/4274/4194
f 4495/4266/4185 4496/4268/4187 4503/4276/4197 4502/2725/4196
f 4496/4268/4187 4497/4270/4189 4504/4277/4198 4503/4276/4197
f 4497/4270/4189 4498/4272/4191 4505/4278/4199 4504/4277/4198
f 4498/4272/4191 4499/2751/4193 4506/4279/4200 4505/4278/4199
f 4500/4275/4195 4501/4274/4194 4508/2716/4201 4507/4280/4202
f 4501/4274/4194 4502/2725/4196 4509/2726/4203 4508/2716/4201
f 4502/2725/4196 4503/4276/4197 4510/2733/4204 4509/2726/4203
f 4503/4276/4197 4504/4277/4198 4511/2740/4205 4510/2733/4204
f 4504/4277/4198 4505/4278/4199 4512/4281/4206 4511/2740/4205
f 4505/4278/4199 4506/4279/4200 4513/4282/4207 4512/4281/4206
f 4507/4280/4202 4508/2716/4201 4515/4283/4208 4514/4284/4209
f 4508/2716/4201 4509/2726/4203 4516/4285/4210 4515/4283/4208
f 4509/2726/4203 4510/2733/4204 4517/4286/4211 4516/4285/4210
f 4510/2733/4204 4511/2740/4205 4518/4287/4212 4517/4286/4211
f 4511/2740/4205 4512/4281/4206 4519/4288/4213 4518/4287/4212
f 4512/4281/4206 4513/4282/4207 4520/4289/4214 4519/4288/4213
f 4514/4284/4209 4515/4283/4208 4522/4290/4215 4521/4291/4216
f 4515/4283/4208 4516/4285/4210 4523/4292/4217 4522/4290/4215
f 4516/4285/4210 4517/4286/4211 4524/4293/4218 4523/4292/4217
f 4517/4286/4211 4518/4287/4212 4525/4294/4219 4524/4293/4218
f 4518/4287/4212 4519/4288/4213 4526/4295/4220 4525/4294/4219
f 4519/4288/4213 4520/4289/4214 4527/4296/4221 4526/4295/4220
f 4521/4291/4216 4522/4290/4215 4529/4297/4222 4528/4298/4223
f 4522/4290/4215 4523/4292/4217 4530/4299/4224 4529/4297/4222
f 4523/4292/4217 4524/4293/4218 4531/4300/4225 4530/4299/4224
f 4524/4293/4218 4525/4294/4219 4532/4301/4226 4531/4300/4225
f 4525/4294/4219 4526/4295/4220 4533/4302/4227 4532/4301/4226
f 4526/4295/4220 4527/4296/4221 4534/4303/4228 4533/4302/4227
f 2215/2622/4103 2679/2759/4102 4486/2709/4180 2672/4304/4229
f 2679/2759/4102 2678/2779/4101 4487/4262/4181 4486/2709/4180
f 2678/2779/4101 2677/2778/4100 4488/4265/4184 4487/4262/4181
f 2677/2778/4100 2676/2777/4099 4489/4267/4186 4488/4265/4184
f 2676/2777/4099 2675/2776/4098 4490/4269/4188 4489/4267/4186
f 2675/2776/4098 2674/2775/4097 4491/4271/4190 4490/4269/4188
f 2674/2775/4097 2673/2773/4096 4492/4273/4192 4491/4271/4190
f 2673/2773/4096 2211/2774/4095 2687/2772/4230 4492/4273/4192
f 4492/4273/4192 2687/2772/4230 2688/2771/4231 4499/2751/4193
f 4499/2751/4193 2688/2771/4231 2689/2770/4232 4506/4279/4200
f 4506/4279/4200 2689/2770/4232 2690/2769/4233 4513/4282/4207
f 4513/4282/4207 2690/2769/4233 2691/2768/4234 4520/4289/4214
f 4520/4289/4214 2691/2768/4234 2692/2767/4235 4527/4296/4221
f 4527/4296/4221 2692/2767/4235 2693/2766/4236 4534/4303/4228
f 4534/4303/4228 2693/2766/4236 2219/2550/4028 2721/4170/4027
f 4533/4302/4227 4534/4303/4228 2721/4170/4027 2720/4169/4026
f 4532/4301/4226 4533/4302/4227 2720/4169/4026 2719/2552/4025
f 4531/4300/4225 4532/4301/4226 2719/2552/4025 2718/2553/4024
f 4530/4299/4224 4531/4300/4225 2718/2553/4024 2717/4168/4023
f 4529/4297/4222 4530/4299/4224 2717/4168/4023 2716/4167/4022
f 4528/4298/4223 4529/4297/4222 2716/4167/4022 2715/4166/4021
f 2666/4305/4237 4528/4298/4223 2715/4166/4021 2222/2478/3950
f 2667/4306/4238 4521/4291/4216 4528/4298/4223 2666/4305/4237
f 2668/4307/4239 4514/4284/4209 4521/4291/4216 2667/4306/4238
f 2669/2762/4240 4507/4280/4202 4514/4284/4209 2668/4307/4239
f 2670/4308/4241 4500/4275/4195 4507/4280/4202 2669/2762/4240
f 2671/4309/4242 4493/4264/4183 4500/4275/4195 2670/4308/4241
f 2672/4304/4229 4486/2709/4180 4493/4264/4183 2671/4309/4242
f 4535/4310/4243 4536/4311/4244 4543/4312/4245 4542/4313/4246
f 4536/4311/4244 4537/4314/4247 4544/2794/4248 4543/4312/4245
f 4537/4314/4247 4538/4315/4249 4545/4316/4250 4544/2794/4248
f 4538/4315/4249 4539/2809/4251 4546/4317/4252 4545/4316/4250
f 4539/2809/4251 4540/4318/4253 4547/4319/4254 4546/4317/4252
f 4540/4318/4253 4541/4320/4255 4548/4321/4256 4547/4319/4254
f 4542/4313/4246 4543/4312/4245 4550/4322/4257 4549/2784/4258
f 4543/4312/4245 4544/2794/4248 4551/4323/4259 4550/4322/4257
f 4544/2794/4248 4545/4316/4250 4552/4324/4260 4551/4323/4259
f 4545/4316/4250 4546/4317/4252 4553/4325/4261 4552/4324/4260
f 4546/4317/4252 4547/4319/4254 4554/4326/4262 4553/4325/4261
f 4547/4319/4254 4548/4321/4256 4555/4327/4263 4554/4326/4262
f 4549/2784/4258 4550/4322/4257 4557/2787/4264 4556/4328/4265
f 4550/4322/4257 4551/4323/4259 4558/4329/4266 4557/2787/4264
f 4551/4323/4259 4552/4324/4260 4559/4330/4267 4558/4329/4266
f 4552/4324/4260 4553/4325/4261 4560/4331/4268 4559/4330/4267
f 4553/4325/4261 4554/4326/4262 4561/2818/4269 4560/4331/4268
f 4554/4326/4262 4555/4327/4263 4562/4332/4270 4561/2818/4269
f 4556/4328/4265 4557/2787/4264 4564/4333/4271 4563/4334/4272
f 4557/2787/4264 4558/4329/4266 4565/2798/4273 4564/4333/4271
f 4558/4329/4266 4559/4330/4267 4566/2805/4274 4565/2798/4273
f 4559/4330/4267 4560/4331/4268 4567/4335/4275 4566/2805/4274
f 4560/4331/4268 4561/2818/4269 4568/4336/4276 4567/4335/4275
f 4561/2818/4269 4562/4332/4270 4569/4337/4277 4568/4336/4276
f 4563/4334/4272 4564/4333/4271 4571/4338/4278 4570/4339/4279
f 4564/4333/4271 4565/2798/4273 4572/4340/4280 4571/4338/4278
f 4565/2798/4273 4566/2805/4274 4573/4341/4281 4572/4340/4280
f 4566/2805/4274 4567/4335/4275 4574/4342/4282 4573/4341/4281
f 4567/4335/4275 4568/4336/4276 4575/4343/4283 4574/4342/4282
f 4568/4336/4276 4569/4337/4277 4576/4344/4284 4575/4343/4283
f 4570/4339/4279 4571/4338/4278 4578/4345/4285 4577/4346/4286
f 4571/4338/4278 4572/4340/4280 4579/2800/4287 4578/4345/4285
f 4572/4340/4280 4573/4341/4281 4580/4347/4288 4579/2800/4287
f 4573/4341/4281 4574/4342/4282 4581/4348/4289 4580/4347/4288
f 4574/4342/4282 4575/4343/4283 4582/4349/4290 4581/4348/4289
f 4575/4343/4283 4576/4344/4284 4583/4350/4291 4582/4349/4290
f 2237/2614/4112 2917/2615/4110 4535/4310/4243 2945/4351/4292
f 2917/2615/4110 2916/4211/4109 4536/4311/4244 4535/4310/4243
f 2916/4211/4109 2915/4210/4108 4537/4314/4247 4536/4311/4244
f 2915/4210/4108 2914/4209/4107 4538/4315/4249 4537/4314/4247
f 2914/4209/4107 2913/2619/4106 4539/2809/4251 4538/4315/4249
f 2913/2619/4106 2912/4208/4105 4540/4318/4253 4539/2809/4251
f 2912/4208/4105 2911/2621/4104 4541/4320/4255 4540/4318/4253
f 2911/2621/4104 2215/2622/4103 2672/4304/4229 4541/4320/4255
f 4541/4320/4255 2672/4304/4229 2671/4309/4242 4548/4321/4256
f 4548/4321/4256 2671/4309/4242 2670/4308/4241 4555/4327/4263
f 4555/4327/4263 2670/4308/4241 2669/2762/4240 4562/4332/4270
f 4562/4332/4270 2669/2762/4240 2668/4307/4239 4569/4337/4277
f 4569/4337/4277 2668/4307/4239 2667/4306/4238 4576/4344/4284
f 4576/4344/4284 2667/4306/4238 2666/4305/4237 4583/4350/4291
f 4583/4350/4291 2666/4305/4237 2222/2478/3950 2728/4114/3949
f 4582/4349/4290 4583/4350/4291 2728/4114/3949 2727/4113/3948
f 4581/4348/4289 4582/4349/4290 2727/4113/3948 2726/4112/3947
f 4580/4347/4288 4581/4348/4289 2726/4112/3947 2725/4111/3946
f 4579/2800/4287 4580/4347/4288 2725/4111/3946 2724/4110/3945
f 4578/4345/4285 4579/2800/4287 2724/4110/3945 2723/4109/3944
f 4577/4346/4286 4578/4345/4285 2723/4109/3944 2722/4108/3942
f 2939/4352/4293 4577/4346/4286 2722/4108/3942 2235/4107/3941
f 2940/4353/4294 4570/4339/4279 4577/4346/4286 2939/4352/4293
f 2941/2833/4295 4563/4334/4272 4570/4339/4279 2940/4353/4294
f 2942/2832/4296 4556/4328/4265 4563/4334/4272 2941/2833/4295
f 2943/4354/4297 4549/2784/4258 4556/4328/4265 2942/2832/4296
f 2944/4355/4298 4542/4313/4246 4549/2784/4258 2943/4354/4297
f 2945/4351/4292 4535/4310/4243 4542/4313/4246 2944/4355/4298
f 4584/4356/4299 4585/4357/4300 4592/4358/4301 4591/4359/4302
f 4585/4357/4300 4586/4360/4303 4593/4361/4304 4592/4358/4301
f 4586/4360/4303 4587/4362/4305 4594/4363/4306 4593/4361/4304
f 4587/4362/4305 4588/4364/4307 4595/4365/4308 4594/4363/4306
f 4588/4364/4307 4589/4366/4309 4596/4367/4310 4595/4365/4308
f 4589/4366/4309 4590/4368/4311 4597/2878/4312 4596/4367/4310
f 4591/4359/4302 4592/4358/4301 4599/4369/4313 4598/4370/4314
f 4592/4358/4301 4593/4361/4304 4600/2852/4315 4599/4369/4313
f 4593/4361/4304 4594/4363/4306 4601/4371/4316 4600/2852/4315
f 4594/4363/4306 4595/4365/4308 4602/4372/4317 4601/4371/4316
f 4595/4365/4308 4596/4367/4310 4603/4373/4318 4602/4372/4317
f 4596/4367/4310 4597/2878/4312 4604/4374/4319 4603/4373/4318
f 4598/4370/4314 4599/4369/4313 4606/4375/4320 4605/4376/4321
f 4599/4369/4313 4600/2852/4315 4607/4377/4322 4606/4375/4320
f 4600/2852/4315 4601/4371/4316 4608/2860/4323 4607/4377/4322
f 4601/4371/4316 4602/4372/4317 4609/4378/4324 4608/2860/4323
f 4602/4372/4317 4603/4373/4318 4610/2874/4325 4609/4378/4324
f 4603/4373/4318 4604/4374/4319 4611/4379/4326 4610/2874/4325
f 4605/4376/4321 4606/4375/4320 4613/4380/4327 4612/2844/4328
f 4606/4375/4320 4607/4377/4322 4614/2854/4329 4613/4380/4327
f 4607/4377/4322 4608/2860/4323 4615/4381/4330 4614/2854/4329
f 4608/2860/4323 4609/4378/4324 4616/4382/4331 4615/4381/4330
f 4609/4378/4324 4610/2874/4325 4617/4383/4332 4616/4382/4331
f 4610/2874/4325 4611/4379/4326 4618/4384/4333 4617/4383/4332
f 4612/2844/4328 4613/4380/4327 4620/4385/4334 4619/4386/4335
f 4613/4380/4327 4614/2854/4329 4621/4387/4336 4620/4385/4334
f 4614/2854/4329 4615/4381/4330 4622/4388/4337 4621/4387/4336
f 4615/4381/4330 4616/4382/4331 4623/4389/4338 4622/4388/4337
f 4616/4382/4331 4617/4383/4332 4624/4390/4339 4623/4389/4338
f 4617/4383/4332 4618/4384/4333 4625/4391/4340 4624/4390/4339
f 4619/4386/4335 4620/4385/4334 4627/4392/4341 4626/2848/4342
f 4620/4385/4334 4621/4387/4336 4628/4393/4343 4627/4392/4341
f 4621/4387/4336 4622/4388/4337 4629/4394/4344 4628/4393/4343
f 4622/4388/4337 4623/4389/4338 4630/4395/4345 4629/4394/4344
f 4623/4389/4338 4624/4390/4339 4631/4396/4346 4630/4395/4345
f 4624/4390/4339 4625/4391/4340 4632/4397/4347 4631/4396/4346
f 2213/2885/4348 2637/2887/4349 4584/4356/4299 2630/4398/4350
f 2637/2887/4349 2636/2907/4351 4585/4357/4300 4584/4356/4299
f 2636/2907/4351 2635/2906/4352 4586/4360/4303 4585/4357/4300
f 2635/2906/4352 2634/2905/4353 4587/4362/4305 4586/4360/4303
f 2634/2905/4353 2633/2904/4354 4588/4364/4307 4587/4362/4305
f 2633/2904/4354 2632/2903/4355 4589/4366/4309 4588/4364/4307
f 2632/2903/4355 2631/2901/4356 4590/4368/4311 4589/4366/4309
f 2631/2901/4356 2217/2902/4357 2651/4399/4358 4590/4368/4311
f 4590/4368/4311 2651/4399/4358 2650/4400/4359 4597/2878/4312
f 4597/2878/4312 2650/4400/4359 2649/4401/4360 4604/4374/4319
f 4604/4374/4319 2649/4401/4360 2648/4402/4361 4611/4379/4326
f 4611/4379/4326 2648/4402/4361 2647/4403/4362 4618/4384/4333
f 4618/4384/4333 2647/4403/4362 2646/4404/4363 4625/4391/4340
f 4625/4391/4340 2646/4404/4363 2645/4405/4364 4632/4397/4347
f 4632/4397/4347 2645/4405/4364 2221/2397/3876 2735/4061/3875
f 4631/4396/4346 4632/4397/4347 2735/4061/3875 2734/4060/3874
f 4630/4395/4345 4631/4396/4346 2734/4060/3874 2733/2399/3873
f 4629/4394/4344 4630/4395/4345 2733/2399/3873 2732/4059/3872
f 4628/4393/4343 4629/4394/4344 2732/4059/3872 2731/4058/3871
f 4627/4392/4341 4628/4393/4343 2731/4058/3871 2730/4057/3870
f 4626/2848/4342 4627/4392/4341 2730/4057/3870 2729/4056/3869
f 2624/4406/4365 4626/2848/4342 2729/4056/3869 2220/4006/3797
f 2625/4407/4366 4619/4386/4335 4626/2848/4342 2624/4406/4365
f 2626/4408/4367 4612/2844/4328 4619/4386/4335 2625/4407/4366
f 2627/2890/4368 4605/4376/4321 4612/2844/4328 2626/4408/4367
f 2628/4409/4369 4598/4370/4314 4605/4376/4321 2627/2890/4368
f 2629/2888/4370 4591/4359/4302 4598/4370/4314 2628/4409/4369
f 2630/4398/4350 4584/4356/4299 4591/4359/4302 2629/2888/4370
f 4633/4410/4371 4634/4411/4372 4641/2910/4373 4640/4412/4374
f 4634/4411/4372 4635/4413/4375 4642/4414/4376 4641/2910/4373
f 4635/4413/4375 4636/4415/4377 4643/4416/4378 4642/4414/4376
f 4636/4415/4377 4637/4417/4379 4644/4418/4380 4643/4416/4378
f 4637/4417/4379 4638/4419/4381 4645/4420/4382 4644/4418/4380
f 4638/4419/4381 4639/4421/4383 4646/4422/4384 4645/4420/4382
f 4640/4412/4374 4641/2910/4373 4648/4423/4385 4647/4424/4386
f 4641/2910/4373 4642/4414/4376 4649/2924/4387 4648/4423/4385
f 4642/4414/4376 4643/4416/4378 4650/4425/4388 4649/2924/4387
f 4643/4416/4378 4644/4418/4380 4651/4426/4389 4650/4425/4388
f 4644/4418/4380 4645/4420/4382 4652/4427/4390 4651/4426/4389
f 4645/4420/4382 4646/4422/4384 4653/4428/4391 4652/4427/4390
f 4647/4424/4386 4648/4423/4385 4655/4429/4392 4654/4430/4393
f 4648/4423/4385 4649/2924/4387 4656/4431/4394 4655/4429/4392
f 4649/2924/4387 4650/4425/4388 4657/2932/4395 4656/4431/4394
f 4650/4425/4388 4651/4426/4389 4658/4432/4396 4657/2932/4395
f 4651/4426/4389 4652/4427/4390 4659/4433/4397 4658/4432/4396
f 4652/4427/4390 4653/4428/4391 4660/4434/4398 4659/4433/4397
f 4654/4430/4393 4655/4429/4392 4662/4435/4399 4661/2916/4400
f 4655/4429/4392 4656/4431/4394 4663/2926/4401 4662/4435/4399
f 4656/4431/4394 4657/2932/4395 4664/2933/4402 4663/2926/4401
f 4657/2932/4395 4658/4432/4396 4665/2940/4403 4664/2933/4402
f 4658/4432/4396 4659/4433/4397 4666/2947/4404 4665/2940/4403
f 4659/4433/4397 4660/4434/4398 4667/2954/4405 4666/2947/4404
f 4661/2916/4400 4662/4435/4399 4669/4436/4406 4668/4437/4407
f 4662/4435/4399 4663/2926/4401 4670/4438/4408 4669/4436/4406
f 4663/2926/4401 4664/2933/4402 4671/4439/4409 4670/4438/4408
f 4664/2933/4402 4665/2940/4403 4672/4440/4410 4671/4439/4409
f 4665/2940/4403 4666/2947/4404 4673/4441/4411 4672/4440/4410
f 4666/2947/4404 4667/2954/4405 4674/4442/4412 4673/4441/4411
f 4668/4437/4407 4669/4436/4406 4676/4443/4413 4675/4444/4414
f 4669/4436/4406 4670/4438/4408 4677/4445/4415 4676/4443/4413
f 4670/4438/4408 4671/4439/4409 4678/4446/4416 4677/4445/4415
f 4671/4439/4409 4672/4440/4410 4679/2942/4417 4678/4446/4416
f 4672/4440/4410 4673/4441/4411 4680/4447/4418 4679/2942/4417
f 4673/4441/4411 4674/4442/4412 4681/4448/4419 4680/4447/4418
f 2223/2957/4420 2749/2959/4421 4633/4410/4371 2791/4449/4422
f 2749/2959/4421 2748/2971/4423 4634/4411/4372 4633/4410/4371
f 2748/2971/4423 2747/2970/4424 4635/4413/4375 4634/4411/4372
f 2747/2970/4424 2746/2969/4425 4636/4415/4377 4635/4413/4375
f 2746/2969/4425 2745/2968/4426 4637/4417/4379 4636/4415/4377
f 2745/2968/4426 2744/2967/4427 4638/4419/4381 4637/4417/4379
f 2744/2967/4427 2743/2966/4428 4639/4421/4383 4638/4419/4381
f 2743/2966/4428 2213/2885/4348 2630/4398/4350 4639/4421/4383
f 4639/4421/4383 2630/4398/4350 2629/2888/4370 4646/4422/4384
f 4646/4422/4384 2629/2888/4370 2628/4409/4369 4653/4428/4391
f 4653/4428/4391 2628/4409/4369 2627/2890/4368 4660/4434/4398
f 4660/4434/4398 2627/2890/4368 2626/4408/4367 4667/2954/4405
f 4667/2954/4405 2626/4408/4367 2625/4407/4366 4674/4442/4412
f 4674/4442/4412 2625/4407/4366 2624/4406/4365 4681/4448/4419
f 4681/4448/4419 2624/4406/4365 2220/4006/3797 2742/4005/3796
f 4680/4447/4418 4681/4448/4419 2742/4005/3796 2741/4004/3795
f 4679/2942/4417 4680/4447/4418 2741/4004/3795 2740/4003/3794
f 4678/4446/4416 4679/2942/4417 2740/4003/3794 2739/4002/3793
f 4677/4445/4415 4678/4446/4416 2739/4002/3793 2738/4001/3792
f 4676/4443/4413 4677/4445/4415 2738/4001/3792 2737/4000/3791
f 4675/4444/4414 4676/4443/4413 2737/4000/3791 2736/3999/3789
f 2785/4450/4429 4675/4444/4414 2736/3999/3789 2228/3998/3788
f 2786/4451/4430 4668/4437/4407 4675/4444/4414 2785/4450/4429
f 2787/4452/4431 4661/2916/4400 4668/4437/4407 2786/4451/4430
f 2788/2962/4432 4654/4430/4393 4661/2916/4400 2787/4452/4431
f 2789/4453/4433 4647/4424/4386 4654/4430/4393 2788/2962/4432
f 2790/2960/4434 4640/4412/4374 4647/4424/4386 2789/4453/4433
f 2791/4449/4422 4633/4410/4371 4640/4412/4374 2790/2960/4434
f 4682/4454/4435 4683/4455/4436 4690/2974/4437 4689/4456/4438
f 4683/4455/4436 4684/4457/4439 4691/4458/4440 4690/2974/4437
f 4684/4457/4439 4685/4459/4441 4692/4460/4442 4691/4458/4440
f 4685/4459/4441 4686/4461/4443 4693/4462/4444 4692/4460/4442
f 4686/4461/4443 4687/4463/4445 4694/4464/4446 4693/4462/4444
f 4687/4463/4445 4688/4465/4447 4695/4466/4448 4694/4464/4446
f 4689/4456/4438 4690/2974/4437 4697/4467/4449 4696/2976/4450
f 4690/2974/4437 4691/4458/4440 4698/2988/4451 4697/4467/4449
f 4691/4458/4440 4692/4460/4442 4699/2995/4452 4698/2988/4451
f 4692/4460/4442 4693/4462/4444 4700/4468/4453 4699/2995/4452
f 4693/4462/4444 4694/4464/4446 4701/4469/4454 4700/4468/4453
f 4694/4464/4446 4695/4466/4448 4702/4470/4455 4701/4469/4454
f 4696/2976/4450 4697/4467/4449 4704/4471/4456 4703/4472/4457
f 4697/4467/4449 4698/2988/4451 4705/4473/4458 4704/4471/4456
f 4698/2988/4451 4699/2995/4452 4706/4474/4459 4705/4473/4458
f 4699/2995/4452 4700/4468/4453 4707/4475/4460 4706/4474/4459
f 4700/4468/4453 4701/4469/4454 4708/4476/4461 4707/4475/4460
f 4701/4469/4454 4702/4470/4455 4709/4477/4462 4708/4476/4461
f 4703/4472/4457 4704/4471/4456 4711/4478/4463 4710/2980/4464
f 4704/4471/4456 4705/4473/4458 4712/2990/4465 4711/4478/4463
f 4705/4473/4458 4706/4474/4459 4713/4479/4466 4712/2990/4465
f 4706/4474/4459 4707/4475/4460 4714/4480/4467 4713/4479/4466
f 4707/4475/4460 4708/4476/4461 4715/4481/4468 4714/4480/4467
f 4708/4476/4461 4709/4477/4462 4716/3018/4469 4715/4481/4468
f 4710/2980/4464 4711/4478/4463 4718/4482/4470 4717/4483/4471
f 4711/4478/4463 4712/2990/4465 4719/4484/4472 4718/4482/4470
f 4712/2990/4465 4713/4479/4466 4720/4485/4473 4719/4484/4472
f 4713/4479/4466 4714/4480/4467 4721/4486/4474 4720/4485/4473
f 4714/4480/4467 4715/4481/4468 4722/4487/4475 4721/4486/4474
f 4715/4481/4468 4716/3018/4469 4723/4488/4476 4722/4487/4475
f 4717/4483/4471 4718/4482/4470 4725/2985/4477 4724/4489/4478
f 4718/4482/4470 4719/4484/4472 4726/2992/4479 4725/2985/4477
f 4719/4484/4472 4720/4485/4473 4727/4490/4480 4726/2992/4479
f 4720/4485/4473 4721/4486/4474 4728/4491/4481 4727/4490/4480
f 4721/4486/4474 4722/4487/4475 4729/4492/4482 4728/4491/4481
f 4722/4487/4475 4723/4488/4476 4730/4493/4483 4729/4492/4482
f 2233/3021/4086 2889/3023/4484 4682/4454/4435 2938/4494/4485
f 2889/3023/4484 2888/3043/4486 4683/4455/4436 4682/4454/4435
f 2888/3043/4486 2887/3042/4487 4684/4457/4439 4683/4455/4436
f 2887/3042/4487 2886/3041/4488 4685/4459/4441 4684/4457/4439
f 2886/3041/4488 2885/3040/4489 4686/4461/4443 4685/4459/4441
f 2885/3040/4489 2884/3039/4490 4687/4463/4445 4686/4461/4443
f 2884/3039/4490 2883/3038/4491 4688/4465/4447 4687/4463/4445
f 2883/3038/4491 2223/2957/4420 2791/4449/4422 4688/4465/4447
f 4688/4465/4447 2791/4449/4422 2790/2960/4434 4695/4466/4448
f 4695/4466/4448 2790/2960/4434 2789/4453/4433 4702/4470/4455
f 4702/4470/4455 2789/4453/4433 2788/2962/4432 4709/4477/4462
f 4709/4477/4462 2788/2962/4432 2787/4452/4431 4716/3018/4469
f 4716/3018/4469 2787/4452/4431 2786/4451/4430 4723/4488/4476
f 4723/4488/4476 2786/4451/4430 2785/4450/4429 4730/4493/4483
f 4730/4493/4483 2785/4450/4429 2228/3998/3788 2784/4495/4492
f 4729/4492/4482 4730/4493/4483 2784/4495/4492 2783/4496/4493
f 4728/4491/4481 4729/4492/4482 2783/4496/4493 2782/4497/4494
f 4727/4490/4480 4728/4491/4481 2782/4497/4494 2781/4498/4495
f 4726/2992/4479 4727/4490/4480 2781/4498/4495 2780/4499/4496
f 4725/2985/4477 4726/2992/4479 2780/4499/4496 2779/4500/4497
f 4724/4489/4478 4725/2985/4477 2779/4500/4497 2778/4501/4498
f 2932/4502/4499 4724/4489/4478 2778/4501/4498 2238/4503/4500
f 2933/4504/4501 4717/4483/4471 4724/4489/4478 2932/4502/4499
f 2934/4505/4502 4710/2980/4464 4717/4483/4471 2933/4504/4501
f 2935/3026/4503 4703/4472/4457 4710/2980/4464 2934/4505/4502
f 2936/4506/4504 4696/2976/4450 4703/4472/4457 2935/3026/4503
f 2937/4507/4505 4689/4456/4438 4696/2976/4450 2936/4506/4504
f 2938/4494/4485 4682/4454/4435 4689/4456/4438 2937/4507/4505
f 4731/4508/4506 4732/4509/4507 4739/4510/4508 4738/4511/4509
f 4732/4509/4507 4733/4512/4510 4740/3058/4511 4739/4510/4508
f 4733/4512/4510 4734/4513/4512 4741/4514/4513 4740/3058/4511
f 4734/4513/4512 4735/4515/4514 4742/4516/4515 4741/4514/4513
f 4735/4515/4514 4736/4517/4516 4743/4518/4517 4742/4516/4515
f 4736/4517/4516 4737/4519/4518 4744/4520/4519 4743/4518/4517
f 4738/4511/4509 4739/4510/4508 4746/4521/4520 4745/4522/4521
f 4739/4510/4508 4740/3058/4511 4747/4523/4522 4746/4521/4520
f 4740/3058/4511 4741/4514/4513 4748/4524/4523 4747/4523/4522
f 4741/4514/4513 4742/4516/4515 4749/3074/4524 4748/4524/4523
f 4742/4516/4515 4743/4518/4517 4750/4525/4525 4749/3074/4524
f 4743/4518/4517 4744/4520/4519 4751/4526/4526 4750/4525/4525
f 4745/4522/4521 4746/4521/4520 4753/4527/4527 4752/4528/4528
f 4746/4521/4520 4747/4523/4522 4754/4529/4529 4753/4527/4527
f 4747/4523/4522 4748/4524/4523 4755/4530/4530 4754/4529/4529
f 4748/4524/4523 4749/3074/4524 4756/4531/4531 4755/4530/4530
f 4749/3074/4524 4750/4525/4525 4757/3082/4532 4756/4531/4531
f 4750/4525/4525 4751/4526/4526 4758/4532/4533 4757/3082/4532
f 4752/4528/4528 4753/4527/4527 4760/4533/4534 4759/4534/4535
f 4753/4527/4527 4754/4529/4529 4761/4535/4536 4760/4533/4534
f 4754/4529/4529 4755/4530/4530 4762/4536/4537 4761/4535/4536
f 4755/4530/4530 4756/4531/4531 4763/4537/4538 4762/4536/4537
f 4756/4531/4531 4757/3082/4532 4764/3083/4539 4763/4537/4538
f 4757/3082/4532 4758/4532/4533 4765/4538/4540 4764/3083/4539
f 4759/4534/4535 4760/4533/4534 4767/4539/4541 4766/4540/4542
f 4760/4533/4534 4761/4535/4536 4768/4541/4543 4767/4539/4541
f 4761/4535/4536 4762/4536/4537 4769/4542/4544 4768/4541/4543
f 4762/4536/4537 4763/4537/4538 4770/3077/4545 4769/4542/4544
f 4763/4537/4538 4764/3083/4539 4771/4543/4546 4770/3077/4545
f 4764/3083/4539 4765/4538/4540 4772/4544/4547 4771/4543/4546
f 4766/4540/4542 4767/4539/4541 4774/4545/4548 4773/4546/4549
f 4767/4539/4541 4768/4541/4543 4775/4547/4550 4774/4545/4548
f 4768/4541/4543 4769/4542/4544 4776/4548/4551 4775/4547/4550
f 4769/4542/4544 4770/3077/4545 4777/4549/4552 4776/4548/4551
f 4770/3077/4545 4771/4543/4546 4778/4550/4553 4777/4549/4552
f 4771/4543/4546 4772/4544/4547 4779/4551/4554 4778/4550/4553
f 2217/2902/4357 2658/4552/4555 4731/4508/4506 2651/4399/4358
f 2658/4552/4555 2657/4553/4556 4732/4509/4507 4731/4508/4506
f 2657/4553/4556 2656/3114/4557 4733/4512/4510 4732/4509/4507
f 2656/3114/4557 2655/4554/4558 4734/4513/4512 4733/4512/4510
f 2655/4554/4558 2654/4555/4559 4735/4515/4514 4734/4513/4512
f 2654/4555/4559 2653/4556/4560 4736/4517/4516 4735/4515/4514
f 2653/4556/4560 2652/3109/4561 4737/4519/4518 4736/4517/4516
f 2652/3109/4561 2225/4557/4562 2798/4558/4563 4737/4519/4518
f 4737/4519/4518 2798/4558/4563 2797/4559/4564 4744/4520/4519
f 4744/4520/4519 2797/4559/4564 2796/4560/4565 4751/4526/4526
f 4751/4526/4526 2796/4560/4565 2795/3105/4566 4758/4532/4533
f 4758/4532/4533 2795/3105/4566 2794/4561/4567 4765/4538/4540
f 4765/4538/4540 2794/4561/4567 2793/4562/4568 4772/4544/4547
f 4772/4544/4547 2793/4562/4568 2792/3102/4569 4779/4551/4554
f 4779/4551/4554 2792/3102/4569 2227/4563/4570 2777/4564/4571
f 4778/4550/4553 4779/4551/4554 2777/4564/4571 2776/4565/4572
f 4777/4549/4552 4778/4550/4553 2776/4565/4572 2775/4566/4573
f 4776/4548/4551 4777/4549/4552 2775/4566/4573 2774/3097/4574
f 4775/4547/4550 4776/4548/4551 2774/3097/4574 2773/4567/4575
f 4774/4545/4548 4775/4547/4550 2773/4567/4575 2772/4568/4576
f 4773/4546/4549 4774/4545/4548 2772/4568/4576 2771/4569/4577
f 2645/4405/4364 4773/4546/4549 2771/4569/4577 2221/2397/3876
f 2646/4404/4363 4766/4540/4542 4773/4546/4549 2645/4405/4364
f 2647/4403/4362 4759/4534/4535 4766/4540/4542 2646/4404/4363
f 2648/4402/4361 4752/4528/4528 4759/4534/4535 2647/4403/4362
f 2649/4401/4360 4745/4522/4521 4752/4528/4528 2648/4402/4361
f 2650/4400/4359 4738/4511/4509 4745/4522/4521 2649/4401/4360
f 2651/4399/4358 4731/4508/4506 4738/4511/4509 2650/4400/4359
f 4780/3116/4578 4781/4570/4579 4788/3118/4580 4787/4571/4581
f 4781/4570/4579 4782/3131/4582 4789/3130/4583 4788/3118/4580
f 4782/3131/4582 4783/4572/4584 4790/4573/4585 4789/3130/4583
f 4783/4572/4584 4784/3145/4586 4791/4574/4587 4790/4573/4585
f 4784/3145/4586 4785/4575/4588 4792/4576/4589 4791/4574/4587
f 4785/4575/4588 4786/4577/4590 4793/3158/4591 4792/4576/4589
f 4787/4571/4581 4788/3118/4580 4795/4578/4592 4794/4579/4593
f 4788/3118/4580 4789/3130/4583 4796/4580/4594 4795/4578/4592
f 4789/3130/4583 4790/4573/4585 4797/4581/4595 4796/4580/4594
f 4790/4573/4585 4791/4574/4587 4798/4582/4596 4797/4581/4595
f 4791/4574/4587 4792/4576/4589 4799/4583/4597 4798/4582/4596
f 4792/4576/4589 4793/3158/4591 4800/4584/4598 4799/4583/4597
f 4794/4579/4593 4795/4578/4592 4802/3123/2980 4801/4585/4599
f 4795/4578/4592 4796/4580/4594 4803/4586/2990 4802/3123/2980
f 4796/4580/4594 4797/4581/4595 4804/3140/2997 4803/4586/2990
f 4797/4581/4595 4798/4582/4596 4805/4587/3004 4804/3140/2997
f 4798/4582/4596 4799/4583/4597 4806/4588/3011 4805/4587/3004
f 4799/4583/4597 4800/4584/4598 4807/4589/3018 4806/4588/3011
f 4801/4585/4599 4802/3123/2980 4809/3125/4600 4808/4590/4601
f 4802/3123/2980 4803/4586/2990 4810/4591/4602 4809/3125/4600
f 4803/4586/2990 4804/3140/2997 4811/3141/4603 4810/4591/4602
f 4804/3140/2997 4805/4587/3004 4812/4592/4604 4811/3141/4603
f 4805/4587/3004 4806/4588/3011 4813/4593/4605 4812/4592/4604
f 4806/4588/3011 4807/4589/3018 4814/4594/4606 4813/4593/4605
f 4808/4590/4601 4809/3125/4600 4816/4595/4607 4815/4596/4608
f 4809/3125/4600 4810/4591/4602 4817/4597/4609 4816/4595/4607
f 4810/4591/4602 4811/3141/4603 4818/4598/4610 4817/4597/4609
f 4811/3141/4603 4812/4592/4604 4819/3149/4611 4818/4598/4610
f 4812/4592/4604 4813/4593/4605 4820/4599/4612 4819/3149/4611
f 4813/4593/4605 4814/4594/4606 4821/4600/4613 4820/4599/4612
f 4815/4596/4608 4816/4595/4607 4823/3129/4614 4822/3128/4615
f 4816/4595/4607 4817/4597/4609 4824/4601/4616 4823/3129/4614
f 4817/4597/4609 4818/4598/4610 4825/4602/4617 4824/4601/4616
f 4818/4598/4610 4819/3149/4611 4826/4603/4618 4825/4602/4617
f 4819/3149/4611 4820/4599/4612 4827/4604/4619 4826/4603/4618
f 4820/4599/4612 4821/4600/4613 4828/3164/4620 4827/4604/4619
f 2213/3165/4348 2743/3167/4428 4780/3116/4578 2637/3166/4349
f 2743/3167/4428 2744/3187/4427 4781/4570/4579 4780/3116/4578
f 2744/3187/4427 2745/3186/4426 4782/3131/4582 4781/4570/4579
f 2745/3186/4426 2746/3185/4425 4783/4572/4584 4782/3131/4582
f 2746/3185/4425 2747/3184/4424 4784/3145/4586 4783/4572/4584
f 2747/3184/4424 2748/3183/4423 4785/4575/4588 4784/3145/4586
f 2748/3183/4423 2749/3181/4421 4786/4577/4590 4785/4575/4588
f 2749/3181/4421 2223/3182/4420 2812/3180/4621 4786/4577/4590
f 4786/4577/4590 2812/3180/4621 2811/4605/4622 4793/3158/4591
f 4793/3158/4591 2811/4605/4622 2810/4606/4623 4800/4584/4598
f 4800/4584/4598 2810/4606/4623 2809/3177/3025 4807/4589/3018
f 4807/4589/3018 2809/3177/3025 2808/3176/4624 4814/4594/4606
f 4814/4594/4606 2808/3176/4624 2807/3175/4625 4821/4600/4613
f 4821/4600/4613 2807/3175/4625 2806/4607/4626 4828/3164/4620
f 4828/3164/4620 2806/4607/4626 2225/4557/4562 2652/3109/4561
f 4827/4604/4619 4828/3164/4620 2652/3109/4561 2653/4556/4560
f 4826/4603/4618 4827/4604/4619 2653/4556/4560 2654/4555/4559
f 4825/4602/4617 4826/4603/4618 2654/4555/4559 2655/4554/4558
f 4824/4601/4616 4825/4602/4617 2655/4554/4558 2656/3114/4557
f 4823/3129/4614 4824/4601/4616 2656/3114/4557 2657/4553/4556
f 4822/3128/4615 4823/3129/4614 2657/4553/4556 2658/4552/4555
f 2631/3173/4356 4822/3128/4615 2658/4552/4555 2217/2902/4357
f 2632/3172/4355 4815/4596/4608 4822/3128/4615 2631/3173/4356
f 2633/3171/4354 4808/4590/4601 4815/4596/4608 2632/3172/4355
f 2634/3170/4353 4801/4585/4599 4808/4590/4601 2633/3171/4354
f 2635/3169/4352 4794/4579/4593 4801/4585/4599 2634/3170/4353
f 2636/3168/4351 4787/4571/4581 4794/4579/4593 2635/3169/4352
f 2637/3166/4349 4780/3116/4578 4787/4571/4581 2636/3168/4351
f 4829/4608/4627 4830/4609/4628 4837/4610/4629 4836/4611/4630
f 4830/4609/4628 4831/3203/4631 4838/4612/4632 4837/4610/4629
f 4831/3203/4631 4832/4613/4633 4839/3209/4634 4838/4612/4632
f 4832/4613/4633 4833/4614/4635 4840/3216/4636 4839/3209/4634
f 4833/4614/4635 4834/4615/4637 4841/4616/4638 4840/3216/4636
f 4834/4615/4637 4835/4617/4639 4842/4618/4640 4841/4616/4638
f 4836/4611/4630 4837/4610/4629 4844/4619/4641 4843/4620/4642
f 4837/4610/4629 4838/4612/4632 4845/3204/4643 4844/4619/4641
f 4838/4612/4632 4839/3209/4634 4846/4621/4644 4845/3204/4643
f 4839/3209/4634 4840/3216/4636 4847/3218/4645 4846/4621/4644
f 4840/3216/4636 4841/4616/4638 4848/4622/4646 4847/3218/4645
f 4841/4616/4638 4842/4618/4640 4849/4623/4647 4848/4622/4646
f 4843/4620/4642 4844/4619/4641 4851/4624/4648 4850/3194/4649
f 4844/4619/4641 4845/3204/4643 4852/4625/4650 4851/4624/4648
f 4845/3204/4643 4846/4621/4644 4853/3212/4651 4852/4625/4650
f 4846/4621/4644 4847/3218/4645 4854/3219/4652 4853/3212/4651
f 4847/3218/4645 4848/4622/4646 4855/3226/4653 4854/3219/4652
f 4848/4622/4646 4849/4623/4647 4856/4626/4654 4855/3226/4653
f 4850/3194/4649 4851/4624/4648 4858/4627/4655 4857/4628/4656
f 4851/4624/4648 4852/4625/4650 4859/3206/4657 4858/4627/4655
f 4852/4625/4650 4853/3212/4651 4860/4629/4658 4859/3206/4657
f 4853/3212/4651 4854/3219/4652 4861/3220/4659 4860/4629/4658
f 4854/3219/4652 4855/3226/4653 4862/4630/4660 4861/3220/4659
f 4855/3226/4653 4856/4626/4654 4863/4631/4661 4862/4630/4660
f 4857/4628/4656 4858/4627/4655 4865/3199/4662 4864/4632/4663
f 4858/4627/4655 4859/3206/4657 4866/4633/4664 4865/3199/4662
f 4859/3206/4657 4860/4629/4658 4867/3214/4665 4866/4633/4664
f 4860/4629/4658 4861/3220/4659 4868/4634/4666 4867/3214/4665
f 4861/3220/4659 4862/4630/4660 4869/3228/4667 4868/4634/4666
f 4862/4630/4660 4863/4631/4661 4870/4635/4668 4869/3228/4667
f 4864/4632/4663 4865/3199/4662 4872/4636/4669 4871/3200/4670
f 4865/3199/4662 4866/4633/4664 4873/4637/4671 4872/4636/4669
f 4866/4633/4664 4867/3214/4665 4874/3215/4672 4873/4637/4671
f 4867/3214/4665 4868/4634/4666 4875/4638/4673 4874/3215/4672
f 4868/4634/4666 4869/3228/4667 4876/4639/4674 4875/4638/4673
f 4869/3228/4667 4870/4635/4668 4877/4640/4675 4876/4639/4674
f 2221/2397/3876 2771/4569/4577 4829/4608/4627 2707/4062/3877
f 2771/4569/4577 2772/4568/4576 4830/4609/4628 4829/4608/4627
f 2772/4568/4576 2773/4567/4575 4831/3203/4631 4830/4609/4628
f 2773/4567/4575 2774/3097/4574 4832/4613/4633 4831/3203/4631
f 2774/3097/4574 2775/4566/4573 4833/4614/4635 4832/4613/4633
f 2775/4566/4573 2776/4565/4572 4834/4615/4637 4833/4614/4635
f 2776/4565/4572 2777/4564/4571 4835/4617/4639 4834/4615/4637
f 2777/4564/4571 2227/4563/4570 2819/4641/4676 4835/4617/4639
f 4835/4617/4639 2819/4641/4676 2818/3250/4677 4842/4618/4640
f 4842/4618/4640 2818/3250/4677 2817/4642/4678 4849/4623/4647
f 4849/4623/4647 2817/4642/4678 2816/4643/4679 4856/4626/4654
f 4856/4626/4654 2816/4643/4679 2815/3247/4680 4863/4631/4661
f 4863/4631/4661 2815/3247/4680 2814/4644/4681 4870/4635/4668
f 4870/4635/4668 2814/4644/4681 2813/4645/4682 4877/4640/4675
f 4877/4640/4675 2813/4645/4682 2232/4646/4683 2770/4647/4684
f 4876/4639/4674 4877/4640/4675 2770/4647/4684 2769/4648/4685
f 4875/4638/4673 4876/4639/4674 2769/4648/4685 2768/4649/4686
f 4874/3215/4672 4875/4638/4673 2768/4649/4686 2767/3240/4687
f 4873/4637/4671 4874/3215/4672 2767/3240/4687 2766/4650/4688
f 4872/4636/4669 4873/4637/4671 2766/4650/4688 2765/4651/4689
f 4871/3200/4670 4872/4636/4669 2765/4651/4689 2764/3237/4690
f 2701/4067/3883 4871/3200/4670 2764/3237/4690 2231/2388/3884
f 2702/4066/3882 4864/4632/4663 4871/3200/4670 2701/4067/3883
f 2703/4065/3881 4857/4628/4656 4864/4632/4663 2702/4066/3882
f 2704/2392/3880 4850/3194/4649 4857/4628/4656 2703/4065/3881
f 2705/4064/3879 4843/4620/4642 4850/3194/4649 2704/2392/3880
f 2706/4063/3878 4836/4611/4630 4843/4620/4642 2705/4064/3879
f 2707/4062/3877 4829/4608/4627 4836/4611/4630 2706/4063/3878
f 4878/4652/4691 4879/4653/4692 4886/4654/4693 4885/4655/4694
f 4879/4653/4692 4880/3267/4695 4887/4656/4696 4886/4654/4693
f 4880/3267/4695 4881/4657/4697 4888/3273/4698 4887/4656/4696
f 4881/4657/4697 4882/4658/4699 4889/4659/4700 4888/3273/4698
f 4882/4658/4699 4883/3288/4701 4890/3287/4702 4889/4659/4700
f 4883/3288/4701 4884/4660/4703 4891/4661/4704 4890/3287/4702
f 4885/4655/4694 4886/4654/4693 4893/4662/4705 4892/4663/4706
f 4886/4654/4693 4887/4656/4696 4894/3268/4707 4893/4662/4705
f 4887/4656/4696 4888/3273/4698 4895/4664/4708 4894/3268/4707
f 4888/3273/4698 4889/4659/4700 4896/4665/4709 4895/4664/4708
f 4889/4659/4700 4890/3287/4702 4897/4666/4710 4896/4665/4709
f 4890/3287/4702 4891/4661/4704 4898/4667/4711 4897/4666/4710
f 4892/4663/4706 4893/4662/4705 4900/4668/4712 4899/4669/4713
f 4893/4662/4705 4894/3268/4707 4901/4670/4714 4900/4668/4712
f 4894/3268/4707 4895/4664/4708 4902/4671/4715 4901/4670/4714
f 4895/4664/4708 4896/4665/4709 4903/4672/4716 4902/4671/4715
f 4896/4665/4709 4897/4666/4710 4904/4673/4717 4903/4672/4716
f 4897/4666/4710 4898/4667/4711 4905/3297/4718 4904/4673/4717
f 4899/4669/4713 4900/4668/4712 4907/4674/4719 4906/4675/4720
f 4900/4668/4712 4901/4670/4714 4908/4676/4721 4907/4674/4719
f 4901/4670/4714 4902/4671/4715 4909/4677/4722 4908/4676/4721
f 4902/4671/4715 4903/4672/4716 4910/4678/4723 4909/4677/4722
f 4903/4672/4716 4904/4673/4717 4911/4679/4724 4910/4678/4723
f 4904/4673/4717 4905/3297/4718 4912/4680/4725 4911/4679/4724
f 4906/4675/4720 4907/4674/4719 4914/3263/4726 4913/4681/4727
f 4907/4674/4719 4908/4676/4721 4915/4682/4728 4914/3263/4726
f 4908/4676/4721 4909/4677/4722 4916/4683/4729 4915/4682/4728
f 4909/4677/4722 4910/4678/4723 4917/4684/4730 4916/4683/4729
f 4910/4678/4723 4911/4679/4724 4918/3292/4731 4917/4684/4730
f 4911/4679/4724 4912/4680/4725 4919/3299/4732 4918/3292/4731
f 4913/4681/4727 4914/3263/4726 4921/3265/4733 4920/4685/4734
f 4914/3263/4726 4915/4682/4728 4922/4686/4735 4921/3265/4733
f 4915/4682/4728 4916/4683/4729 4923/4687/4736 4922/4686/4735
f 4916/4683/4729 4917/4684/4730 4924/4688/4737 4923/4687/4736
f 4917/4684/4730 4918/3292/4731 4925/4689/4738 4924/4688/4737
f 4918/3292/4731 4919/3299/4732 4926/3300/4739 4925/4689/4738
f 2238/4503/4500 2778/4501/4498 4878/4652/4691 2931/4690/4740
f 2778/4501/4498 2779/4500/4497 4879/4653/4692 4878/4652/4691
f 2779/4500/4497 2780/4499/4496 4880/3267/4695 4879/4653/4692
f 2780/4499/4496 2781/4498/4495 4881/4657/4697 4880/3267/4695
f 2781/4498/4495 2782/4497/4494 4882/4658/4699 4881/4657/4697
f 2782/4497/4494 2783/4496/4493 4883/3288/4701 4882/4658/4699
f 2783/4496/4493 2784/4495/4492 4884/4660/4703 4883/3288/4701
f 2784/4495/4492 2228/3998/3788 2826/2300/3790 4884/4660/4703
f 4884/4660/4703 2826/2300/3790 2825/4015/3819 4891/4661/4704
f 4891/4661/4704 2825/4015/3819 2824/4014/3818 4898/4667/4711
f 4898/4667/4711 2824/4014/3818 2823/2304/3817 4905/3297/4718
f 4905/3297/4718 2823/2304/3817 2822/2305/3816 4912/4680/4725
f 4912/4680/4725 2822/2305/3816 2821/4013/3815 4919/3299/4732
f 4919/3299/4732 2821/4013/3815 2820/4012/3813 4926/3300/4739
f 4926/3300/4739 2820/4012/3813 2229/2308/3814 2756/3315/4741
f 4925/4689/4738 4926/3300/4739 2756/3315/4741 2755/3314/4742
f 4924/4688/4737 4925/4689/4738 2755/3314/4742 2754/3313/4743
f 4923/4687/4736 4924/4688/4737 2754/3313/4743 2753/3312/4744
f 4922/4686/4735 4923/4687/4736 2753/3312/4744 2752/3311/4745
f 4921/3265/4733 4922/4686/4735 2752/3311/4745 2751/3310/4746
f 4920/4685/4734 4921/3265/4733 2751/3310/4746 2750/3309/4747
f 2925/4691/4748 4920/4685/4734 2750/3309/4747 2236/3308/4174
f 2926/4692/4749 4913/4681/4727 4920/4685/4734 2925/4691/4748
f 2927/4693/4750 4906/4675/4720 4913/4681/4727 2926/4692/4749
f 2928/4694/4751 4899/4669/4713 4906/4675/4720 2927/4693/4750
f 2929/4695/4752 4892/4663/4706 4899/4669/4713 2928/4694/4751
f 2930/4696/4753 4885/4655/4694 4892/4663/4706 2929/4695/4752
f 2931/4690/4740 4878/4652/4691 4885/4655/4694 2930/4696/4753
f 4927/4697/4754 4928/4698/4755 4935/4699/4756 4934/4700/4757
f 4928/4698/4755 4929/4701/4758 4936/4702/4759 4935/4699/4756
f 4929/4701/4758 4930/4703/4760 4937/4704/4761 4936/4702/4759
f 4930/4703/4760 4931/4705/4762 4938/4706/4763 4937/4704/4761
f 4931/4705/4762 4932/4707/4764 4939/4708/4765 4938/4706/4763
f 4932/4707/4764 4933/3359/4766 4940/4709/4767 4939/4708/4765
f 4934/4700/4757 4935/4699/4756 4942/4710/4768 4941/3320/4769
f 4935/4699/4756 4936/4702/4759 4943/4711/4770 4942/4710/4768
f 4936/4702/4759 4937/4704/4761 4944/4712/4771 4943/4711/4770
f 4937/4704/4761 4938/4706/4763 4945/4713/4772 4944/4712/4771
f 4938/4706/4763 4939/4708/4765 4946/3353/4773 4945/4713/4772
f 4939/4708/4765 4940/4709/4767 4947/3360/4774 4946/3353/4773
f 4941/3320/4769 4942/4710/4768 4949/4714/4775 4948/4715/4776
f 4942/4710/4768 4943/4711/4770 4950/4716/4777 4949/4714/4775
f 4943/4711/4770 4944/4712/4771 4951/4717/4778 4950/4716/4777
f 4944/4712/4771 4945/4713/4772 4952/4718/4779 4951/4717/4778
f 4945/4713/4772 4946/3353/4773 4953/3354/4780 4952/4718/4779
f 4946/3353/4773 4947/3360/4774 4954/3361/4781 4953/3354/4780
f 4948/4715/4776 4949/4714/4775 4956/4719/4782 4955/4720/4783
f 4949/4714/4775 4950/4716/4777 4957/4721/4784 4956/4719/4782
f 4950/4716/4777 4951/4717/4778 4958/3341/4785 4957/4721/4784
f 4951/4717/4778 4952/4718/4779 4959/4722/4786 4958/3341/4785
f 4952/4718/4779 4953/3354/4780 4960/4723/4787 4959/4722/4786
f 4953/3354/4780 4954/3361/4781 4961/4724/4788 4960/4723/4787
f 4955/4720/4783 4956/4719/4782 4963/4725/4789 4962/3326/4790
f 4956/4719/4782 4957/4721/4784 4964/4726/4791 4963/4725/4789
f 4957/4721/4784 4958/3341/4785 4965/4727/4792 4964/4726/4791
f 4958/3341/4785 4959/4722/4786 4966/4728/4793 4965/4727/4792
f 4959/4722/4786 4960/4723/4787 4967/4729/4794 4966/4728/4793
f 4960/4723/4787 4961/4724/4788 4968/3363/4795 4967/4729/4794
f 4962/3326/4790 4963/4725/4789 4970/4730/4796 4969/4731/4797
f 4963/4725/4789 4964/4726/4791 4971/3336/4798 4970/4730/4796
f 4964/4726/4791 4965/4727/4792 4972/4732/4799 4971/3336/4798
f 4965/4727/4792 4966/4728/4793 4973/4733/4800 4972/4732/4799
f 4966/4728/4793 4967/4729/4794 4974/4734/4801 4973/4733/4800
f 4967/4729/4794 4968/3363/4795 4975/3364/4802 4974/4734/4801
f 2224/3365/4803 2861/4735/4804 4927/4697/4754 2827/3366/4805
f 2861/4735/4804 2860/4736/4806 4928/4698/4755 4927/4697/4754
f 2860/4736/4806 2859/4737/4807 4929/4701/4758 4928/4698/4755
f 2859/4737/4807 2858/4738/4808 4930/4703/4760 4929/4701/4758
f 2858/4738/4808 2857/4739/4809 4931/4705/4762 4930/4703/4760
f 2857/4739/4809 2856/3392/4810 4932/4707/4764 4931/4705/4762
f 2856/3392/4810 2855/3390/4811 4933/3359/4766 4932/4707/4764
f 2855/3390/4811 2229/3391/3814 2617/3389/3812 4933/3359/4766
f 4933/3359/4766 2617/3389/3812 2618/3388/3811 4940/4709/4767
f 4940/4709/4767 2618/3388/3811 2619/3387/3810 4947/3360/4774
f 4947/3360/4774 2619/3387/3810 2620/3386/3809 4954/3361/4781
f 4954/3361/4781 2620/3386/3809 2621/3385/3808 4961/4724/4788
f 4961/4724/4788 2621/3385/3808 2622/3384/3807 4968/3363/4795
f 4968/3363/4795 2622/3384/3807 2623/3383/3806 4975/3364/4802
f 4975/3364/4802 2623/3383/3806 2230/3382/3805 2868/4740/4812
f 4974/4734/4801 4975/3364/4802 2868/4740/4812 2867/3380/4813
f 4973/4733/4800 4974/4734/4801 2867/3380/4813 2866/4741/4814
f 4972/4732/4799 4973/4733/4800 2866/4741/4814 2865/4742/4815
f 4971/3336/4798 4972/4732/4799 2865/4742/4815 2864/3377/4816
f 4970/4730/4796 4971/3336/4798 2864/3377/4816 2863/4743/4817
f 4969/4731/4797 4970/4730/4796 2863/4743/4817 2862/3375/4818
f 2833/3373/4819 4969/4731/4797 2862/3375/4818 2214/3374/4820
f 2832/3372/4821 4962/3326/4790 4969/4731/4797 2833/3373/4819
f 2831/3371/4822 4955/4720/4783 4962/3326/4790 2832/3372/4821
f 2830/3370/4823 4948/4715/4776 4955/4720/4783 2831/3371/4822
f 2829/3369/4824 4941/3320/4769 4948/4715/4776 2830/3370/4823
f 2828/3368/4825 4934/4700/4757 4941/3320/4769 2829/3369/4824
f 2827/3366/4805 4927/4697/4754 4934/4700/4757 2828/3368/4825
f 4976/3397/4826 4977/4744/4827 4984/4745/4828 4983/4746/4829
f 4977/4744/4827 4978/3412/4830 4985/3411/4831 4984/4745/4828
f 4978/3412/4830 4979/4747/4832 4986/3418/4833 4985/3411/4831
f 4979/4747/4832 4980/4748/4834 4987/3425/4835 4986/3418/4833
f 4980/4748/4834 4981/3433/4836 4988/4749/4837 4987/3425/4835
f 4981/3433/4836 4982/4750/4838 4989/3439/4839 4988/4749/4837
f 4983/4746/4829 4984/4745/4828 4991/4751/4840 4990/4752/4841
f 4984/4745/4828 4985/3411/4831 4992/4753/4842 4991/4751/4840
f 4985/3411/4831 4986/3418/4833 4993/4754/4843 4992/4753/4842
f 4986/3418/4833 4987/3425/4835 4994/4755/4844 4993/4754/4843
f 4987/3425/4835 4988/4749/4837 4995/4756/4845 4994/4755/4844
f 4988/4749/4837 4989/3439/4839 4996/4757/4846 4995/4756/4845
f 4990/4752/4841 4991/4751/4840 4998/4758/4847 4997/3403/4848
f 4991/4751/4840 4992/4753/4842 4999/3414/4849 4998/4758/4847
f 4992/4753/4842 4993/4754/4843 5000/4759/4850 4999/3414/4849
f 4993/4754/4843 4994/4755/4844 5001/4760/4851 5000/4759/4850
f 4994/4755/4844 4995/4756/4845 5002/4761/4852 5001/4760/4851
f 4995/4756/4845 4996/4757/4846 5003/4762/4853 5002/4761/4852
f 4997/3403/4848 4998/4758/4847 5005/4763/4854 5004/4764/4855
f 4998/4758/4847 4999/3414/4849 5006/4765/4856 5005/4763/4854
f 4999/3414/4849 5000/4759/4850 5007/4766/4857 5006/4765/4856
f 5000/4759/4850 5001/4760/4851 5008/4767/4858 5007/4766/4857
f 5001/4760/4851 5002/4761/4852 5009/3436/4859 5008/4767/4858
f 5002/4761/4852 5003/4762/4853 5010/4768/4860 5009/3436/4859
f 5004/4764/4855 5005/4763/4854 5012/3408/4861 5011/4769/4862
f 5005/4763/4854 5006/4765/4856 5013/4770/4863 5012/3408/4861
f 5006/4765/4856 5007/4766/4857 5014/3423/4864 5013/4770/4863
f 5007/4766/4857 5008/4767/4858 5015/4771/4865 5014/3423/4864
f 5008/4767/4858 5009/3436/4859 5016/4772/4866 5015/4771/4865
f 5009/3436/4859 5010/4768/4860 5017/3444/4867 5016/4772/4866
f 5011/4769/4862 5012/3408/4861 5019/4773/4868 5018/4774/4869
f 5012/3408/4861 5013/4770/4863 5020/4775/4870 5019/4773/4868
f 5013/4770/4863 5014/3423/4864 5021/4776/4871 5020/4775/4870
f 5014/3423/4864 5015/4771/4865 5022/4777/4872 5021/4776/4871
f 5015/4771/4865 5016/4772/4866 5023/4778/4873 5022/4777/4872
f 5016/4772/4866 5017/3444/4867 5024/4779/4874 5023/4778/4873
f 2214/3374/4820 2862/3375/4818 4976/3397/4826 2834/3446/4875
f 2862/3375/4818 2863/4743/4817 4977/4744/4827 4976/3397/4826
f 2863/4743/4817 2864/3377/4816 4978/3412/4830 4977/4744/4827
f 2864/3377/4816 2865/4742/4815 4979/4747/4832 4978/3412/4830
f 2865/4742/4815 2866/4741/4814 4980/4748/4834 4979/4747/4832
f 2866/4741/4814 2867/3380/4813 4981/3433/4836 4980/4748/4834
f 2867/3380/4813 2868/4740/4812 4982/4750/4838 4981/3433/4836
f 2868/4740/4812 2230/3382/3805 2638/3467/3891 4982/4750/4838
f 4982/4750/4838 2638/3467/3891 2639/3466/3890 4989/3439/4839
f 4989/3439/4839 2639/3466/3890 2640/3465/3889 4996/4757/4846
f 4996/4757/4846 2640/3465/3889 2641/3464/3888 5003/4762/4853
f 5003/4762/4853 2641/3464/3888 2642/3463/3887 5010/4768/4860
f 5010/4768/4860 2642/3463/3887 2643/3462/3886 5017/3444/4867
f 5017/3444/4867 2643/3462/3886 2644/3461/3885 5024/4779/4874
f 5024/4779/4874 2644/3461/3885 2231/2388/3884 2875/3460/4876
f 5023/4778/4873 5024/4779/4874 2875/3460/4876 2874/4780/4877
f 5022/4777/4872 5023/4778/4873 2874/4780/4877 2873/4781/4878
f 5021/4776/4871 5022/4777/4872 2873/4781/4878 2872/3457/4879
f 5020/4775/4870 5021/4776/4871 2872/3457/4879 2871/3456/4880
f 5019/4773/4868 5020/4775/4870 2871/3456/4880 2870/3455/4881
f 5018/4774/4869 5019/4773/4868 2870/3455/4881 2869/3454/4882
f 2840/3452/4883 5018/4774/4869 2869/3454/4882 2218/3453/4884
f 2839/3451/4885 5011/4769/4862 5018/4774/4869 2840/3452/4883
f 2838/3450/4886 5004/4764/4855 5011/4769/4862 2839/3451/4885
f 2837/3449/4887 4997/3403/4848 5004/4764/4855 2838/3450/4886
f 2836/3448/4888 4990/4752/4841 4997/3403/4848 2837/3449/4887
f 2835/3447/4889 4983/4746/4829 4990/4752/4841 2836/3448/4888
f 2834/3446/4875 4976/3397/4826 4983/4746/4829 2835/3447/4889
f 5025/4782/4890 5026/4783/4891 5033/4784/4892 5032/3469/4893
f 5026/4783/4891 5027/4785/4894 5034/3482/4895 5033/4784/4892
f 5027/4785/4894 5028/3490/4896 5035/3489/4897 5034/3482/4895
f 5028/3490/4896 5029/3497/4898 5036/4786/4899 5035/3489/4897
f 5029/3497/4898 5030/4787/4900 5037/4788/4901 5036/4786/4899
f 5030/4787/4900 5031/4789/4902 5038/4790/4903 5037/4788/4901
f 5032/3469/4893 5033/4784/4892 5040/3473/4904 5039/3472/4905
f 5033/4784/4892 5034/3482/4895 5041/4791/4906 5040/3473/4904
f 5034/3482/4895 5035/3489/4897 5042/3491/4907 5041/4791/4906
f 5035/3489/4897 5036/4786/4899 5043/4792/4908 5042/3491/4907
f 5036/4786/4899 5037/4788/4901 5044/4793/4909 5043/4792/4908
f 5037/4788/4901 5038/4790/4903 5045/4794/4910 5044/4793/4909
f 5039/3472/4905 5040/3473/4904 5047/4795/4911 5046/4796/4912
f 5040/3473/4904 5041/4791/4906 5048/4797/4913 5047/4795/4911
f 5041/4791/4906 5042/3491/4907 5049/3492/4914 5048/4797/4913
f 5042/3491/4907 5043/4792/4908 5050/3499/4915 5049/3492/4914
f 5043/4792/4908 5044/4793/4909 5051/4798/4916 5050/3499/4915
f 5044/4793/4909 5045/4794/4910 5052/4799/4917 5051/4798/4916
f 5046/4796/4912 5047/4795/4911 5054/4800/4918 5053/4801/4919
f 5047/4795/4911 5048/4797/4913 5055/4802/4920 5054/4800/4918
f 5048/4797/4913 5049/3492/4914 5056/4803/4921 5055/4802/4920
f 5049/3492/4914 5050/3499/4915 5057/4804/4922 5056/4803/4921
f 5050/3499/4915 5051/4798/4916 5058/4805/4923 5057/4804/4922
f 5051/4798/4916 5052/4799/4917 5059/4806/4924 5058/4805/4923
f 5053/4801/4919 5054/4800/4918 5061/4807/4925 5060/4808/4926
f 5054/4800/4918 5055/4802/4920 5062/4809/4927 5061/4807/4925
f 5055/4802/4920 5056/4803/4921 5063/4810/4928 5062/4809/4927
f 5056/4803/4921 5057/4804/4922 5064/4811/4929 5063/4810/4928
f 5057/4804/4922 5058/4805/4923 5065/4812/4930 5064/4811/4929
f 5058/4805/4923 5059/4806/4924 5066/4813/4931 5065/4812/4930
f 5060/4808/4926 5061/4807/4925 5068/4814/4932 5067/4815/4933
f 5061/4807/4925 5062/4809/4927 5069/3488/4934 5068/4814/4932
f 5062/4809/4927 5063/4810/4928 5070/4816/4935 5069/3488/4934
f 5063/4810/4928 5064/4811/4929 5071/4817/4936 5070/4816/4935
f 5064/4811/4929 5065/4812/4930 5072/4818/4937 5071/4817/4936
f 5065/4812/4930 5066/4813/4931 5073/4819/4938 5072/4818/4937
f 2218/3453/4884 2869/3454/4882 5025/4782/4890 2841/3517/4939
f 2869/3454/4882 2870/3455/4881 5026/4783/4891 5025/4782/4890
f 2870/3455/4881 2871/3456/4880 5027/4785/4894 5026/4783/4891
f 2871/3456/4880 2872/3457/4879 5028/3490/4896 5027/4785/4894
f 2872/3457/4879 2873/4781/4878 5029/3497/4898 5028/3490/4896
f 2873/4781/4878 2874/4780/4877 5030/4787/4900 5029/3497/4898
f 2874/4780/4877 2875/3460/4876 5031/4789/4902 5030/4787/4900
f 2875/3460/4876 2231/2388/3884 2764/3237/4690 5031/4789/4902
f 5031/4789/4902 2764/3237/4690 2765/4651/4689 5038/4790/4903
f 5038/4790/4903 2765/4651/4689 2766/4650/4688 5045/4794/4910
f 5045/4794/4910 2766/4650/4688 2767/3240/4687 5052/4799/4917
f 5052/4799/4917 2767/3240/4687 2768/4649/4686 5059/4806/4924
f 5059/4806/4924 2768/4649/4686 2769/4648/4685 5066/4813/4931
f 5066/4813/4931 2769/4648/4685 2770/4647/4684 5073/4819/4938
f 5073/4819/4938 2770/4647/4684 2232/4646/4683 2882/4820/4940
f 5072/4818/4937 5073/4819/4938 2882/4820/4940 2881/4821/4941
f 5071/4817/4936 5072/4818/4937 2881/4821/4941 2880/4822/4942
f 5070/4816/4935 5071/4817/4936 2880/4822/4942 2879/4823/4943
f 5069/3488/4934 5070/4816/4935 2879/4823/4943 2878/4824/4944
f 5068/4814/4932 5069/3488/4934 2878/4824/4944 2877/4825/4945
f 5067/4815/4933 5068/4814/4932 2877/4825/4945 2876/3525/4946
f 2847/3523/4947 5067/4815/4933 2876/3525/4946 2226/3524/4948
f 2846/3522/4949 5060/4808/4926 5067/4815/4933 2847/3523/4947
f 2845/3521/4950 5053/4801/4919 5060/4808/4926 2846/3522/4949
f 2844/3520/4951 5046/4796/4912 5053/4801/4919 2845/3521/4950
f 2843/3519/4952 5039/3472/4905 5046/4796/4912 2844/3520/4951
f 2842/3518/4953 5032/3469/4893 5039/3472/4905 2843/3519/4952
f 2841/3517/4939 5025/4782/4890 5032/3469/4893 2842/3518/4953
f 5074/3532/4954 5075/4826/4955 5082/4827/4956 5081/4828/4957
f 5075/4826/4955 5076/3547/4958 5083/4829/4959 5082/4827/4956
f 5076/3547/4958 5077/4830/4960 5084/4831/4961 5083/4829/4959
f 5077/4830/4960 5078/4832/4962 5085/3560/4963 5084/4831/4961
f 5078/4832/4962 5079/4833/4964 5086/4834/4965 5085/3560/4963
f 5079/4833/4964 5080/4835/4966 5087/4836/4967 5086/4834/4965
f 5081/4828/4957 5082/4827/4956 5089/3537/4968 5088/3536/4969
f 5082/4827/4956 5083/4829/4959 5090/4837/4970 5089/3537/4968
f 5083/4829/4959 5084/4831/4961 5091/3555/4971 5090/4837/4970
f 5084/4831/4961 5085/3560/4963 5092/4838/4972 5091/3555/4971
f 5085/3560/4963 5086/4834/4965 5093/4839/4973 5092/4838/4972
f 5086/4834/4965 5087/4836/4967 5094/4840/4974 5093/4839/4973
f 5088/3536/4969 5089/3537/4968 5096/4841/4975 5095/4842/4976
f 5089/3537/4968 5090/4837/4970 5097/4843/4977 5096/4841/4975
f 5090/4837/4970 5091/3555/4971 5098/4844/4978 5097/4843/4977
f 5091/3555/4971 5092/4838/4972 5099/4845/4979 5098/4844/4978
f 5092/4838/4972 5093/4839/4973 5100/4846/4980 5099/4845/4979
f 5093/4839/4973 5094/4840/4974 5101/3577/4981 5100/4846/4980
f 5095/4842/4976 5096/4841/4975 5103/4847/4982 5102/4848/4983
f 5096/4841/4975 5097/4843/4977 5104/3550/4984 5103/4847/4982
f 5097/4843/4977 5098/4844/4978 5105/4849/4985 5104/3550/4984
f 5098/4844/4978 5099/4845/4979 5106/4850/4986 5105/4849/4985
f 5099/4845/4979 5100/4846/4980 5107/4851/4987 5106/4850/4986
f 5100/4846/4980 5101/3577/4981 5108/3578/4988 5107/4851/4987
f 5102/4848/4983 5103/4847/4982 5110/3543/4989 5109/4852/4990
f 5103/4847/4982 5104/3550/4984 5111/4853/4991 5110/3543/4989
f 5104/3550/4984 5105/4849/4985 5112/3558/4992 5111/4853/4991
f 5105/4849/4985 5106/4850/4986 5113/4854/4993 5112/3558/4992
f 5106/4850/4986 5107/4851/4987 5114/4855/4994 5113/4854/4993
f 5107/4851/4987 5108/3578/4988 5115/4856/4995 5114/4855/4994
f 5109/4852/4990 5110/3543/4989 5117/4857/4996 5116/3544/4997
f 5110/3543/4989 5111/4853/4991 5118/3552/4998 5117/4857/4996
f 5111/4853/4991 5112/3558/4992 5119/4858/4999 5118/3552/4998
f 5112/3558/4992 5113/4854/4993 5120/4859/5000 5119/4858/4999
f 5113/4854/4993 5114/4855/4994 5121/4860/5001 5120/4859/5000
f 5114/4855/4994 5115/4856/4995 5122/3580/5002 5121/4860/5001
f 2226/3524/4948 2876/3525/4946 5074/3532/4954 2854/3581/5003
f 2876/3525/4946 2877/4825/4945 5075/4826/4955 5074/3532/4954
f 2877/4825/4945 2878/4824/4944 5076/3547/4958 5075/4826/4955
f 2878/4824/4944 2879/4823/4943 5077/4830/4960 5076/3547/4958
f 2879/4823/4943 2880/4822/4942 5078/4832/4962 5077/4830/4960
f 2880/4822/4942 2881/4821/4941 5079/4833/4964 5078/4832/4962
f 2881/4821/4941 2882/4820/4940 5080/4835/4966 5079/4833/4964
f 2882/4820/4940 2232/4646/4683 2805/4861/5004 5080/4835/4966
f 5080/4835/4966 2805/4861/5004 2804/4862/5005 5087/4836/4967
f 5087/4836/4967 2804/4862/5005 2803/4863/5006 5094/4840/4974
f 5094/4840/4974 2803/4863/5006 2802/3591/5007 5101/3577/4981
f 5101/3577/4981 2802/3591/5007 2801/4864/5008 5108/3578/4988
f 5108/3578/4988 2801/4864/5008 2800/4865/5009 5115/4856/4995
f 5115/4856/4995 2800/4865/5009 2799/3588/5010 5122/3580/5002
f 5122/3580/5002 2799/3588/5010 2229/3391/3814 2855/3390/4811
f 5121/4860/5001 5122/3580/5002 2855/3390/4811 2856/3392/4810
f 5120/4859/5000 5121/4860/5001 2856/3392/4810 2857/4739/4809
f 5119/4858/4999 5120/4859/5000 2857/4739/4809 2858/4738/4808
f 5118/3552/4998 5119/4858/4999 2858/4738/4808 2859/4737/4807
f 5117/4857/4996 5118/3552/4998 2859/4737/4807 2860/4736/4806
f 5116/3544/4997 5117/4857/4996 2860/4736/4806 2861/4735/4804
f 2848/3587/5011 5116/3544/4997 2861/4735/4804 2224/3365/4803
f 2849/3586/5012 5109/4852/4990 5116/3544/4997 2848/3587/5011
f 2850/3585/5013 5102/4848/4983 5109/4852/4990 2849/3586/5012
f 2851/3584/5014 5095/4842/4976 5102/4848/4983 2850/3585/5013
f 2852/3583/5015 5088/3536/4969 5095/4842/4976 2851/3584/5014
f 2853/3582/5016 5081/4828/4957 5088/3536/4969 2852/3583/5015
f 2854/3581/5003 5074/3532/4954 5081/4828/4957 2853/3582/5016
f 5123/3595/5017 5124/3598/5018 5131/4866/5019 5130/3596/5020
f 5124/3598/5018 5125/3610/5021 5132/4867/5022 5131/4866/5019
f 5125/3610/5021 5126/4868/5023 5133/4869/5024 5132/4867/5022
f 5126/4868/5023 5127/4870/5025 5134/4871/5026 5133/4869/5024
f 5127/4870/5025 5128/4872/5027 5135/4873/5028 5134/4871/5026
f 5128/4872/5027 5129/3638/5029 5136/4874/5030 5135/4873/5028
f 5130/3596/5020 5131/4866/5019 5138/4875/5031 5137/4876/5032
f 5131/4866/5019 5132/4867/5022 5139/4877/5033 5138/4875/5031
f 5132/4867/5022 5133/4869/5024 5140/4878/5034 5139/4877/5033
f 5133/4869/5024 5134/4871/5026 5141/4879/5035 5140/4878/5034
f 5134/4871/5026 5135/4873/5028 5142/3632/5036 5141/4879/5035
f 5135/4873/5028 5136/4874/5030 5143/4880/5037 5142/3632/5036
f 5137/4876/5032 5138/4875/5031 5145/4881/5038 5144/3601/5039
f 5138/4875/5031 5139/4877/5033 5146/4882/5040 5145/4881/5038
f 5139/4877/5033 5140/4878/5034 5147/4883/5041 5146/4882/5040
f 5140/4878/5034 5141/4879/5035 5148/4884/5042 5147/4883/5041
f 5141/4879/5035 5142/3632/5036 5149/4885/5043 5148/4884/5042
f 5142/3632/5036 5143/4880/5037 5150/4886/5044 5149/4885/5043
f 5144/3601/5039 5145/4881/5038 5152/3604/5045 5151/4887/5046
f 5145/4881/5038 5146/4882/5040 5153/3613/5047 5152/3604/5045
f 5146/4882/5040 5147/4883/5041 5154/4888/5048 5153/3613/5047
f 5147/4883/5041 5148/4884/5042 5155/4889/5049 5154/4888/5048
f 5148/4884/5042 5149/4885/5043 5156/4890/5050 5155/4889/5049
f 5149/4885/5043 5150/4886/5044 5157/4891/5051 5156/4890/5050
f 5151/4887/5046 5152/3604/5045 5159/4892/5052 5158/4893/5053
f 5152/3604/5045 5153/3613/5047 5160/4894/5054 5159/4892/5052
f 5153/3613/5047 5154/4888/5048 5161/4895/5055 5160/4894/5054
f 5154/4888/5048 5155/4889/5049 5162/4896/5056 5161/4895/5055
f 5155/4889/5049 5156/4890/5050 5163/4897/5057 5162/4896/5056
f 5156/4890/5050 5157/4891/5051 5164/4898/5058 5163/4897/5057
f 5158/4893/5053 5159/4892/5052 5166/3608/5059 5165/3607/5060
f 5159/4892/5052 5160/4894/5054 5167/4899/5061 5166/3608/5059
f 5160/4894/5054 5161/4895/5055 5168/3622/5062 5167/4899/5061
f 5161/4895/5055 5162/4896/5056 5169/4900/5063 5168/3622/5062
f 5162/4896/5056 5163/4897/5057 5170/4901/5064 5169/4900/5063
f 5163/4897/5057 5164/4898/5058 5171/3643/5065 5170/4901/5064
f 2219/3644/4028 2918/4902/5066 5123/3595/5017 2610/3645/4029
f 2918/4902/5066 2919/4903/5067 5124/3598/5018 5123/3595/5017
f 2919/4903/5067 2920/4904/5068 5125/3610/5021 5124/3598/5018
f 2920/4904/5068 2921/4905/5069 5126/4868/5023 5125/3610/5021
f 2921/4905/5069 2922/3663/5070 5127/4870/5025 5126/4868/5023
f 2922/3663/5070 2923/4906/5071 5128/4872/5027 5127/4870/5025
f 2923/4906/5071 2924/3661/5072 5129/3638/5029 5128/4872/5027
f 2924/3661/5072 2238/4503/4500 2931/4690/4740 5129/3638/5029
f 5129/3638/5029 2931/4690/4740 2930/4696/4753 5136/4874/5030
f 5136/4874/5030 2930/4696/4753 2929/4695/4752 5143/4880/5037
f 5143/4880/5037 2929/4695/4752 2928/4694/4751 5150/4886/5044
f 5150/4886/5044 2928/4694/4751 2927/4693/4750 5157/4891/5051
f 5157/4891/5051 2927/4693/4750 2926/4692/4749 5164/4898/5058
f 5164/4898/5058 2926/4692/4749 2925/4691/4748 5171/3643/5065
f 5171/3643/5065 2925/4691/4748 2236/3308/4174 2910/3660/4172
f 5170/4901/5064 5171/3643/5065 2910/3660/4172 2909/3659/4171
f 5169/4900/5063 5170/4901/5064 2909/3659/4171 2908/3658/4170
f 5168/3622/5062 5169/4900/5063 2908/3658/4170 2907/3657/4169
f 5167/4899/5061 5168/3622/5062 2907/3657/4169 2906/3656/4168
f 5166/3608/5059 5167/4899/5061 2906/3656/4168 2905/3655/4167
f 5165/3607/5060 5166/3608/5059 2905/3655/4167 2904/3654/4166
f 2616/3652/4035 5165/3607/5060 2904/3654/4166 2212/3653/4036
f 2615/3651/4034 5158/4893/5053 5165/3607/5060 2616/3652/4035
f 2614/3650/4033 5151/4887/5046 5158/4893/5053 2615/3651/4034
f 2613/3649/4032 5144/3601/5039 5151/4887/5046 2614/3650/4033
f 2612/3648/4031 5137/4876/5032 5144/3601/5039 2613/3649/4032
f 2611/3647/4030 5130/3596/5020 5137/4876/5032 2612/3648/4031
f 2610/3645/4029 5123/3595/5017 5130/3596/5020 2611/3647/4030
f 5172/4907/5073 5173/4908/5074 5180/3669/5075 5179/4909/5076
f 5173/4908/5074 5174/4910/5077 5181/4911/5078 5180/3669/5075
f 5174/4910/5077 5175/4912/5079 5182/3688/5080 5181/4911/5078
f 5175/4912/5079 5176/4913/5081 5183/4914/5082 5182/3688/5080
f 5176/4913/5081 5177/4915/5083 5184/3702/5084 5183/4914/5082
f 5177/4915/5083 5178/3710/5085 5185/3709/5086 5184/3702/5084
f 5179/4909/5076 5180/3669/5075 5187/4916/5087 5186/4917/5088
f 5180/3669/5075 5181/4911/5078 5188/4918/5089 5187/4916/5087
f 5181/4911/5078 5182/3688/5080 5189/4919/5090 5188/4918/5089
f 5182/3688/5080 5183/4914/5082 5190/4920/5091 5189/4919/5090
f 5183/4914/5082 5184/3702/5084 5191/4921/5092 5190/4920/5091
f 5184/3702/5084 5185/3709/5086 5192/4922/5093 5191/4921/5092
f 5186/4917/5088 5187/4916/5087 5194/3674/5094 5193/4923/5095
f 5187/4916/5087 5188/4918/5089 5195/3684/5096 5194/3674/5094
f 5188/4918/5089 5189/4919/5090 5196/4924/5097 5195/3684/5096
f 5189/4919/5090 5190/4920/5091 5197/4925/5098 5196/4924/5097
f 5190/4920/5091 5191/4921/5092 5198/4926/5099 5197/4925/5098
f 5191/4921/5092 5192/4922/5093 5199/3712/5100 5198/4926/5099
f 5193/4923/5095 5194/3674/5094 5201/4927/5101 5200/4928/5102
f 5194/3674/5094 5195/3684/5096 5202/4929/5103 5201/4927/5101
f 5195/3684/5096 5196/4924/5097 5203/4930/5104 5202/4929/5103
f 5196/4924/5097 5197/4925/5098 5204/4931/5105 5203/4930/5104
f 5197/4925/5098 5198/4926/5099 5205/4932/5106 5204/4931/5105
f 5198/4926/5099 5199/3712/5100 5206/3713/5107 5205/4932/5106
f 5200/4928/5102 5201/4927/5101 5208/4933/5108 5207/4934/5109
f 5201/4927/5101 5202/4929/5103 5209/4935/5110 5208/4933/5108
f 5202/4929/5103 5203/4930/5104 5210/4936/5111 5209/4935/5110
f 5203/4930/5104 5204/4931/5105 5211/4937/5112 5210/4936/5111
f 5204/4931/5105 5205/4932/5106 5212/4938/5113 5211/4937/5112
f 5205/4932/5106 5206/3713/5107 5213/4939/5114 5212/4938/5113
f 5207/4934/5109 5208/4933/5108 5215/3680/5115 5214/4940/5116
f 5208/4933/5108 5209/4935/5110 5216/3687/5117 5215/3680/5115
f 5209/4935/5110 5210/4936/5111 5217/4941/5118 5216/3687/5117
f 5210/4936/5111 5211/4937/5112 5218/4942/5119 5217/4941/5118
f 5211/4937/5112 5212/4938/5113 5219/4943/5120 5218/4942/5119
f 5212/4938/5113 5213/4939/5114 5220/4944/5121 5219/4943/5120
f 2211/3716/4095 2609/3718/4094 5172/4907/5073 2687/3717/4230
f 2609/3718/4094 2608/3730/4093 5173/4908/5074 5172/4907/5073
f 2608/3730/4093 2607/3729/4092 5174/4910/5077 5173/4908/5074
f 2607/3729/4092 2606/3728/4091 5175/4912/5079 5174/4910/5077
f 2606/3728/4091 2605/3727/4090 5176/4913/5081 5175/4912/5079
f 2605/3727/4090 2604/3726/4089 5177/4915/5083 5176/4913/5081
f 2604/3726/4089 2603/3725/4087 5178/3710/5085 5177/4915/5083
f 2603/3725/4087 2233/3021/4086 2938/4494/4485 5178/3710/5085
f 5178/3710/5085 2938/4494/4485 2937/4507/4505 5185/3709/5086
f 5185/3709/5086 2937/4507/4505 2936/4506/4504 5192/4922/5093
f 5192/4922/5093 2936/4506/4504 2935/3026/4503 5199/3712/5100
f 5199/3712/5100 2935/3026/4503 2934/4505/4502 5206/3713/5107
f 5206/3713/5107 2934/4505/4502 2933/4504/4501 5213/4939/5114
f 5213/4939/5114 2933/4504/4501 2932/4502/4499 5220/4944/5121
f 5220/4944/5121 2932/4502/4499 2238/4503/4500 2924/3661/5072
f 5219/4943/5120 5220/4944/5121 2924/3661/5072 2923/4906/5071
f 5218/4942/5119 5219/4943/5120 2923/4906/5071 2922/3663/5070
f 5217/4941/5118 5218/4942/5119 2922/3663/5070 2921/4905/5069
f 5216/3687/5117 5217/4941/5118 2921/4905/5069 2920/4904/5068
f 5215/3680/5115 5216/3687/5117 2920/4904/5068 2919/4903/5067
f 5214/4940/5116 5215/3680/5115 2919/4903/5067 2918/4902/5066
f 2693/3724/4236 5214/4940/5116 2918/4902/5066 2219/3644/4028
f 2692/3723/4235 5207/4934/5109 5214/4940/5116 2693/3724/4236
f 2691/3722/4234 5200/4928/5102 5207/4934/5109 2692/3723/4235
f 2690/3721/4233 5193/4923/5095 5200/4928/5102 2691/3722/4234
f 2689/3720/4232 5186/4917/5088 5193/4923/5095 2690/3721/4233
f 2688/3719/4231 5179/4909/5076 5186/4917/5088 2689/3720/4232
f 2687/3717/4230 5172/4907/5073 5179/4909/5076 2688/3719/4231
f 5221/4945/5122 5222/4946/5123 5229/4947/5124 5228/3732/5125
f 5222/4946/5123 5223/4948/5126 5230/3745/5127 5229/4947/5124
f 5223/4948/5126 5224/3753/5128 5231/4949/5129 5230/3745/5127
f 5224/3753/5128 5225/4950/5130 5232/4951/5131 5231/4949/5129
f 5225/4950/5130 5226/4952/5132 5233/4953/5133 5232/4951/5131
f 5226/4952/5132 5227/3774/5134 5234/3773/5135 5233/4953/5133
f 5228/3732/5125 5229/4947/5124 5236/4954/5136 5235/4955/5137
f 5229/4947/5124 5230/3745/5127 5237/4956/5138 5236/4954/5136
f 5230/3745/5127 5231/4949/5129 5238/4957/5139 5237/4956/5138
f 5231/4949/5129 5232/4951/5131 5239/4958/5140 5238/4957/5139
f 5232/4951/5131 5233/4953/5133 5240/3768/5141 5239/4958/5140
f 5233/4953/5133 5234/3773/5135 5241/4959/5142 5240/3768/5141
f 5235/4955/5137 5236/4954/5136 5243/3738/5143 5242/3737/5144
f 5236/4954/5136 5237/4956/5138 5244/4960/5145 5243/3738/5143
f 5237/4956/5138 5238/4957/5139 5245/4961/5146 5244/4960/5145
f 5238/4957/5139 5239/4958/5140 5246/4962/5147 5245/4961/5146
f 5239/4958/5140 5240/3768/5141 5247/4963/5148 5246/4962/5147
f 5240/3768/5141 5241/4959/5142 5248/4964/5149 5247/4963/5148
f 5242/3737/5144 5243/3738/5143 5250/4965/5150 5249/4966/5151
f 5243/3738/5143 5244/4960/5145 5251/4967/5152 5250/4965/5150
f 5244/4960/5145 5245/4961/5146 5252/3756/5153 5251/4967/5152
f 5245/4961/5146 5246/4962/5147 5253/4968/5154 5252/3756/5153
f 5246/4962/5147 5247/4963/5148 5254/4969/5155 5253/4968/5154
f 5247/4963/5148 5248/4964/5149 5255/3777/5156 5254/4969/5155
f 5249/4966/5151 5250/4965/5150 5257/3742/5157 5256/4970/5158
f 5250/4965/5150 5251/4967/5152 5258/3750/5159 5257/3742/5157
f 5251/4967/5152 5252/3756/5153 5259/4971/5160 5258/3750/5159
f 5252/3756/5153 5253/4968/5154 5260/3764/5161 5259/4971/5160
f 5253/4968/5154 5254/4969/5155 5261/4972/5162 5260/3764/5161
f 5254/4969/5155 5255/3777/5156 5262/4973/5163 5261/4972/5162
f 5256/4970/5158 5257/3742/5157 5264/4974/5164 5263/4975/5165
f 5257/3742/5157 5258/3750/5159 5265/3751/5166 5264/4974/5164
f 5258/3750/5159 5259/4971/5160 5266/4976/5167 5265/3751/5166
f 5259/4971/5160 5260/3764/5161 5267/4977/5168 5266/4976/5167
f 5260/3764/5161 5261/4972/5162 5268/3772/5169 5267/4977/5168
f 5261/4972/5162 5262/4973/5163 5269/3779/5170 5268/3772/5169
f 2225/4557/4562 2763/4978/5171 5221/4945/5122 2798/4558/4563
f 2763/4978/5171 2762/4979/5172 5222/4946/5123 5221/4945/5122
f 2762/4979/5172 2761/4980/5173 5223/4948/5126 5222/4946/5123
f 2761/4980/5173 2760/4981/5174 5224/3753/5128 5223/4948/5126
f 2760/4981/5174 2759/3790/5175 5225/4950/5130 5224/3753/5128
f 2759/3790/5175 2758/3789/5176 5226/4952/5132 5225/4950/5130
f 2758/3789/5176 2757/4982/5177 5227/3774/5134 5226/4952/5132
f 2757/4982/5177 2237/2614/4112 2945/4351/4292 5227/3774/5134
f 5227/3774/5134 2945/4351/4292 2944/4355/4298 5234/3773/5135
f 5234/3773/5135 2944/4355/4298 2943/4354/4297 5241/4959/5142
f 5241/4959/5142 2943/4354/4297 2942/2832/4296 5248/4964/5149
f 5248/4964/5149 2942/2832/4296 2941/2833/4295 5255/3777/5156
f 5255/3777/5156 2941/2833/4295 2940/4353/4294 5262/4973/5163
f 5262/4973/5163 2940/4353/4294 2939/4352/4293 5269/3779/5170
f 5269/3779/5170 2939/4352/4293 2235/4107/3941 2903/4983/5178
f 5268/3772/5169 5269/3779/5170 2903/4983/5178 2902/4984/5179
f 5267/4977/5168 5268/3772/5169 2902/4984/5179 2901/3785/5180
f 5266/4976/5167 5267/4977/5168 2901/3785/5180 2900/4985/5181
f 5265/3751/5166 5266/4976/5167 2900/4985/5181 2899/4986/5182
f 5264/4974/5164 5265/3751/5166 2899/4986/5182 2898/4987/5183
f 5263/4975/5165 5264/4974/5164 2898/4987/5183 2897/4988/5184
f 2792/3102/4569 5263/4975/5165 2897/4988/5184 2227/4563/4570
f 2793/4562/4568 5256/4970/5158 5263/4975/5165 2792/3102/4569
f 2794/4561/4567 5249/4966/5151 5256/4970/5158 2793/4562/4568
f 2795/3105/4566 5242/3737/5144 5249/4966/5151 2794/4561/4567
f 2796/4560/4565 5235/4955/5137 5242/3737/5144 2795/3105/4566
f 2797/4559/4564 5228/3732/5125 5235/4955/5137 2796/4560/4565
f 2798/4558/4563 5221/4945/5122 5228/3732/5125 2797/4559/4564
f 5270/3794/5185 5271/3797/5186 5278/4989/5187 5277/3795/5188
f 5271/3797/5186 5272/4990/5189 5279/4991/5190 5278/4989/5187
f 5272/4990/5189 5273/3816/5191 5280/4992/5192 5279/4991/5190
f 5273/3816/5191 5274/4993/5193 5281/4994/5194 5280/4992/5192
f 5274/4993/5193 5275/4995/5195 5282/4996/5196 5281/4994/5194
f 5275/4995/5195 5276/3837/5197 5283/3836/5198 5282/4996/5196
f 5277/3795/5188 5278/4989/5187 5285/4997/5199 5284/4998/5200
f 5278/4989/5187 5279/4991/5190 5286/4999/5201 5285/4997/5199
f 5279/4991/5190 5280/4992/5192 5287/5000/5202 5286/4999/5201
f 5280/4992/5192 5281/4994/5194 5288/5001/5203 5287/5000/5202
f 5281/4994/5194 5282/4996/5196 5289/5002/5204 5288/5001/5203
f 5282/4996/5196 5283/3836/5198 5290/3838/5205 5289/5002/5204
f 5284/4998/5200 5285/4997/5199 5292/3801/5206 5291/5003/5207
f 5285/4997/5199 5286/4999/5201 5293/5004/5208 5292/3801/5206
f 5286/4999/5201 5287/5000/5202 5294/5005/5209 5293/5004/5208
f 5287/5000/5202 5288/5001/5203 5295/5006/5210 5294/5005/5209
f 5288/5001/5203 5289/5002/5204 5296/5007/5211 5295/5006/5210
f 5289/5002/5204 5290/3838/5205 5297/5008/5212 5296/5007/5211
f 5291/5003/5207 5292/3801/5206 5299/5009/5213 5298/5010/5214
f 5292/3801/5206 5293/5004/5208 5300/5011/5215 5299/5009/5213
f 5293/5004/5208 5294/5005/5209 5301/3819/5216 5300/5011/5215
f 5294/5005/5209 5295/5006/5210 5302/5012/5217 5301/3819/5216
f 5295/5006/5210 5296/5007/5211 5303/5013/5218 5302/5012/5217
f 5296/5007/5211 5297/5008/5212 5304/5014/5219 5303/5013/5218
f 5298/5010/5214 5299/5009/5213 5306/5015/5220 5305/3804/5221
f 5299/5009/5213 5300/5011/5215 5307/5016/5222 5306/5015/5220
f 5300/5011/5215 5301/3819/5216 5308/3820/5223 5307/5016/5222
f 5301/3819/5216 5302/5012/5217 5309/5017/5224 5308/3820/5223
f 5302/5012/5217 5303/5013/5218 5310/5018/5225 5309/5017/5224
f 5303/5013/5218 5304/5014/5219 5311/3841/5226 5310/5018/5225
f 5305/3804/5221 5306/5015/5220 5313/3807/5227 5312/3806/5228
f 5306/5015/5220 5307/5016/5222 5314/5019/5229 5313/3807/5227
f 5307/5016/5222 5308/3820/5223 5315/5020/5230 5314/5019/5229
f 5308/3820/5223 5309/5017/5224 5316/5021/5231 5315/5020/5230
f 5309/5017/5224 5310/5018/5225 5317/5022/5232 5316/5021/5231
f 5310/5018/5225 5311/3841/5226 5318/5023/5233 5317/5022/5232
f 2232/4646/4683 2890/5024/5234 5270/3794/5185 2805/4861/5004
f 2890/5024/5234 2891/5025/5235 5271/3797/5186 5270/3794/5185
f 2891/5025/5235 2892/5026/5236 5272/4990/5189 5271/3797/5186
f 2892/5026/5236 2893/5027/5237 5273/3816/5191 5272/4990/5189
f 2893/5027/5237 2894/5028/5238 5274/4993/5193 5273/3816/5191
f 2894/5028/5238 2895/5029/5239 5275/4995/5195 5274/4993/5193
f 2895/5029/5239 2896/5030/5240 5276/3837/5197 5275/4995/5195
f 2896/5030/5240 2234/2461/3967 2952/2686/4165 5276/3837/5197
f 5276/3837/5197 2952/2686/4165 2951/4261/4179 5283/3836/5198
f 5283/3836/5198 2951/4261/4179 2950/2688/4178 5290/3838/5205
f 5290/3838/5205 2950/2688/4178 2949/4260/4177 5297/5008/5212
f 5297/5008/5212 2949/4260/4177 2948/4259/4176 5304/5014/5219
f 5304/5014/5219 2948/4259/4176 2947/4258/4175 5311/3841/5226
f 5311/3841/5226 2947/4258/4175 2946/4257/4173 5318/5023/5233
f 5318/5023/5233 2946/4257/4173 2236/2693/4174 2750/3850/4747
f 5317/5022/5232 5318/5023/5233 2750/3850/4747 2751/3849/4746
f 5316/5021/5231 5317/5022/5232 2751/3849/4746 2752/3848/4745
f 5315/5020/5230 5316/5021/5231 2752/3848/4745 2753/3847/4744
f 5314/5019/5229 5315/5020/5230 2753/3847/4744 2754/3846/4743
f 5313/3807/5227 5314/5019/5229 2754/3846/4743 2755/3845/4742
f 5312/3806/5228 5313/3807/5227 2755/3845/4742 2756/3844/4741
f 2799/3588/5010 5312/3806/5228 2756/3844/4741 2229/3391/3814
f 2800/4865/5009 5305/3804/5221 5312/3806/5228 2799/3588/5010
f 2801/4864/5008 5298/5010/5214 5305/3804/5221 2800/4865/5009
f 2802/3591/5007 5291/5003/5207 5298/5010/5214 2801/4864/5008
f 2803/4863/5006 5284/4998/5200 5291/5003/5207 2802/3591/5007
f 2804/4862/5005 5277/3795/5188 5284/4998/5200 2803/4863/5006
f 2805/4861/5004 5270/3794/5185 5277/3795/5188 2804/4862/5005
f 5319/3857/5241 5320/3860/5242 5327/3859/5243 5326/5031/5244
f 5320/3860/5242 5321/5032/5245 5328/3871/5246 5327/3859/5243
f 5321/5032/5245 5322/3879/5247 5329/5033/5248 5328/3871/5246
f 5322/3879/5247 5323/5034/5249 5330/3885/5250 5329/5033/5248
f 5323/5034/5249 5324/3893/5251 5331/3892/5252 5330/3885/5250
f 5324/3893/5251 5325/3900/5253 5332/3899/5254 5331/3892/5252
f 5326/5031/5244 5327/3859/5243 5334/5035/5255 5333/5036/5256
f 5327/3859/5243 5328/3871/5246 5335/3873/5257 5334/5035/5255
f 5328/3871/5246 5329/5033/5248 5336/5037/5258 5335/3873/5257
f 5329/5033/5248 5330/3885/5250 5337/5038/5259 5336/5037/5258
f 5330/3885/5250 5331/3892/5252 5338/3894/5260 5337/5038/5259
f 5331/3892/5252 5332/3899/5254 5339/3901/5261 5338/3894/5260
f 5333/5036/5256 5334/5035/5255 5341/5039/3650 5340/5040/3649
f 5334/5035/5255 5335/3873/5257 5342/3874/3660 5341/5039/3650
f 5335/3873/5257 5336/5037/5258 5343/3881/3667 5342/3874/3660
f 5336/5037/5258 5337/5038/5259 5344/5041/3660 5343/3881/3667
f 5337/5038/5259 5338/3894/5260 5345/5042/3680 5344/5041/3660
f 5338/3894/5260 5339/3901/5261 5346/5043/3018 5345/5042/3680
f 5340/5040/3649 5341/5039/3650 5348/5044/5262 5347/5045/5263
f 5341/5039/3650 5342/3874/3660 5349/5046/5264 5348/5044/5262
f 5342/3874/3660 5343/3881/3667 5350/5047/5265 5349/5046/5264
f 5343/3881/3667 5344/5041/3660 5351/5048/5266 5350/5047/5265
f 5344/5041/3660 5345/5042/3680 5352/3896/5267 5351/5048/5266
f 5345/5042/3680 5346/5043/3018 5353/3903/5268 5352/3896/5267
f 5347/5045/5263 5348/5044/5262 5355/5049/5269 5354/5050/5270
f 5348/5044/5262 5349/5046/5264 5356/5051/5271 5355/5049/5269
f 5349/5046/5264 5350/5047/5265 5357/3883/5272 5356/5051/5271
f 5350/5047/5265 5351/5048/5266 5358/5052/5273 5357/3883/5272
f 5351/5048/5266 5352/3896/5267 5359/3897/5274 5358/5052/5273
f 5352/3896/5267 5353/3903/5268 5360/5053/5275 5359/3897/5274
f 5354/5050/5270 5355/5049/5269 5362/5054/5276 5361/5055/5277
f 5355/5049/5269 5356/5051/5271 5363/3877/5278 5362/5054/5276
f 5356/5051/5271 5357/3883/5272 5364/3884/5279 5363/3877/5278
f 5357/3883/5272 5358/5052/5273 5365/5056/5280 5364/3884/5279
f 5358/5052/5273 5359/3897/5274 5366/5057/5281 5365/5056/5280
f 5359/3897/5274 5360/5053/5275 5367/5058/5282 5366/5057/5281
f 2223/3182/4420 2883/3906/4491 5319/3857/5241 2812/3180/4621
f 2883/3906/4491 2884/3912/4490 5320/3860/5242 5319/3857/5241
f 2884/3912/4490 2885/3911/4489 5321/5032/5245 5320/3860/5242
f 2885/3911/4489 2886/3910/4488 5322/3879/5247 5321/5032/5245
f 2886/3910/4488 2887/3909/4487 5323/5034/5249 5322/3879/5247
f 2887/3909/4487 2888/3908/4486 5324/3893/5251 5323/5034/5249
f 2888/3908/4486 2889/3907/4484 5325/3900/5253 5324/3893/5251
f 2889/3907/4484 2233/2605/4086 2959/4207/4088 5325/3900/5253
f 5325/3900/5253 2959/4207/4088 2958/2608/4116 5332/3899/5254
f 5332/3899/5254 2958/2608/4116 2957/4214/4115 5339/3901/5261
f 5339/3901/5261 2957/4214/4115 2956/2610/2484 5346/5043/3018
f 5346/5043/3018 2956/2610/2484 2955/4213/4114 5353/3903/5268
f 5353/3903/5268 2955/4213/4114 2954/4212/4113 5360/5053/5275
f 5360/5053/5275 2954/4212/4113 2953/2613/4111 5367/5058/5282
f 5367/5058/5282 2953/2613/4111 2237/2614/4112 2757/4982/5177
f 5366/5057/5281 5367/5058/5282 2757/4982/5177 2758/3789/5176
f 5365/5056/5280 5366/5057/5281 2758/3789/5176 2759/3790/5175
f 5364/3884/5279 5365/5056/5280 2759/3790/5175 2760/4981/5174
f 5363/3877/5278 5364/3884/5279 2760/4981/5174 2761/4980/5173
f 5362/5054/5276 5363/3877/5278 2761/4980/5173 2762/4979/5172
f 5361/5055/5277 5362/5054/5276 2762/4979/5172 2763/4978/5171
f 2806/4607/4626 5361/5055/5277 2763/4978/5171 2225/4557/4562
f 2807/3175/4625 5354/5050/5270 5361/5055/5277 2806/4607/4626
f 2808/3176/4624 5347/5045/5263 5354/5050/5270 2807/3175/4625
f 2809/3177/3025 5340/5040/3649 5347/5045/5263 2808/3176/4624
f 2810/4606/4623 5333/5036/5256 5340/5040/3649 2809/3177/3025
f 2811/4605/4622 5326/5031/5244 5333/5036/5256 2810/4606/4623
f 2812/3180/4621 5319/3857/5241 5326/5031/5244 2811/4605/4622
f 5368/5059/5283 5369/5060/5284 5376/5061/5285 5375/5062/5286
f 5369/5060/5284 5370/5063/5287 5377/5064/5288 5376/5061/5285
f 5370/5063/5287 5371/5065/5289 5378/5066/5290 5377/5064/5288
f 5371/5065/5289 5372/5067/5291 5379/5068/5292 5378/5066/5290
f 5372/5067/5291 5373/5069/5293 5380/3948/5294 5379/5068/5292
f 5373/5069/5293 5374/5070/5295 5381/5071/5296 5380/3948/5294
f 5375/5062/5286 5376/5061/5285 5383/5072/5297 5382/3917/5298
f 5376/5061/5285 5377/5064/5288 5384/5073/5299 5383/5072/5297
f 5377/5064/5288 5378/5066/5290 5385/5074/5300 5384/5073/5299
f 5378/5066/5290 5379/5068/5292 5386/5075/5301 5385/5074/5300
f 5379/5068/5292 5380/3948/5294 5387/5076/5302 5386/5075/5301
f 5380/3948/5294 5381/5071/5296 5388/3957/5303 5387/5076/5302
f 5382/3917/5298 5383/5072/5297 5390/5077/5304 5389/5078/5305
f 5383/5072/5297 5384/5073/5299 5391/3930/5306 5390/5077/5304
f 5384/5073/5299 5385/5074/5300 5392/5079/5307 5391/3930/5306
f 5385/5074/5300 5386/5075/5301 5393/5080/5308 5392/5079/5307
f 5386/5075/5301 5387/5076/5302 5394/5081/5309 5393/5080/5308
f 5387/5076/5302 5388/3957/5303 5395/3958/5310 5394/5081/5309
f 5389/5078/5305 5390/5077/5304 5397/3922/5311 5396/5082/5312
f 5390/5077/5304 5391/3930/5306 5398/5083/5313 5397/3922/5311
f 5391/3930/5306 5392/5079/5307 5399/3938/5314 5398/5083/5313
f 5392/5079/5307 5393/5080/5308 5400/5084/5315 5399/3938/5314
f 5393/5080/5308 5394/5081/5309 5401/5085/5316 5400/5084/5315
f 5394/5081/5309 5395/3958/5310 5402/5086/5317 5401/5085/5316
f 5396/5082/5312 5397/3922/5311 5404/3924/5318 5403/3923/5319
f 5397/3922/5311 5398/5083/5313 5405/3932/5320 5404/3924/5318
f 5398/5083/5313 5399/3938/5314 5406/3939/5321 5405/3932/5320
f 5399/3938/5314 5400/5084/5315 5407/5087/5322 5406/3939/5321
f 5400/5084/5315 5401/5085/5316 5408/3953/5323 5407/5087/5322
f 5401/5085/5316 5402/5086/5317 5409/5088/5324 5408/3953/5323
f 5403/3923/5319 5404/3924/5318 5411/5089/5325 5410/5090/5326
f 5404/3924/5318 5405/3932/5320 5412/5091/5327 5411/5089/5325
f 5405/3932/5320 5406/3939/5321 5413/3940/5328 5412/5091/5327
f 5406/3939/5321 5407/5087/5322 5414/5092/5329 5413/3940/5328
f 5407/5087/5322 5408/3953/5323 5415/3954/5330 5414/5092/5329
f 5408/3953/5323 5409/5088/5324 5416/5093/5331 5415/3954/5330
f 2227/4563/4570 2897/4988/5184 5368/5059/5283 2819/4641/4676
f 2897/4988/5184 2898/4987/5183 5369/5060/5284 5368/5059/5283
f 2898/4987/5183 2899/4986/5182 5370/5063/5287 5369/5060/5284
f 2899/4986/5182 2900/4985/5181 5371/5065/5289 5370/5063/5287
f 2900/4985/5181 2901/3785/5180 5372/5067/5291 5371/5065/5289
f 2901/3785/5180 2902/4984/5179 5373/5069/5293 5372/5067/5291
f 2902/4984/5179 2903/4983/5178 5374/5070/5295 5373/5069/5293
f 2903/4983/5178 2235/4107/3941 2966/2453/3943 5374/5070/5295
f 5374/5070/5295 2966/2453/3943 2965/4128/3972 5381/5071/5296
f 5381/5071/5296 2965/4128/3972 2964/2456/3971 5388/3957/5303
f 5388/3957/5303 2964/2456/3971 2963/4127/3970 5395/3958/5310
f 5395/3958/5310 2963/4127/3970 2962/4126/3969 5402/5086/5317
f 5402/5086/5317 2962/4126/3969 2961/4125/3968 5409/5088/5324
f 5409/5088/5324 2961/4125/3968 2960/4124/3966 5416/5093/5331
f 5416/5093/5331 2960/4124/3966 2234/2461/3967 2896/5030/5240
f 5415/3954/5330 5416/5093/5331 2896/5030/5240 2895/5029/5239
f 5414/5092/5329 5415/3954/5330 2895/5029/5239 2894/5028/5238
f 5413/3940/5328 5414/5092/5329 2894/5028/5238 2893/5027/5237
f 5412/5091/5327 5413/3940/5328 2893/5027/5237 2892/5026/5236
f 5411/5089/5325 5412/5091/5327 2892/5026/5236 2891/5025/5235
f 5410/5090/5326 5411/5089/5325 2891/5025/5235 2890/5024/5234
f 2813/4645/4682 5410/5090/5326 2890/5024/5234 2232/4646/4683
f 2814/4644/4681 5403/3923/5319 5410/5090/5326 2813/4645/4682
f 2815/3247/4680 5396/5082/5312 5403/3923/5319 2814/4644/4681
f 2816/4643/4679 5389/5078/5305 5396/5082/5312 2815/3247/4680
f 2817/4642/4678 5382/3917/5298 5389/5078/5305 2816/4643/4679
f 2818/3250/4677 5375/5062/5286 5382/3917/5298 2817/4642/4678
f 2819/4641/4676 5368/5059/5283 5375/5062/5286 2818/3250/4677
o Cube.002
v 0.483118 -1.335687 0.004954
v 0.429861 -0.833596 0.030539
v 0.483118 -1.335687 -0.101917
v 0.429861 -0.833596 -0.076332
v 0.589989 -1.335687 0.004954
v 0.536732 -0.798677 0.030539
v 0.589989 -1.335687 -0.101917
v 0.536732 -0.798677 -0.076332
v 0.460449 -1.243126 0.028362
v 0.460449 -1.243126 -0.114133
v 0.602943 -1.243126 -0.114133
v 0.602943 -1.243126 0.028362
v 0.435659 -1.006202 0.048970
v 0.435659 -1.006202 -0.093524
v 0.578154 -0.994562 -0.093524
v 0.578154 -0.994562 0.048970
v -0.483118 -1.335687 0.004954
v -0.429861 -0.833596 0.030539
v -0.483118 -1.335687 -0.101917
v -0.429861 -0.833596 -0.076332
v -0.589989 -1.335687 0.004954
v -0.536732 -0.798677 0.030539
v -0.589989 -1.335687 -0.101917
v -0.536732 -0.798677 -0.076332
v -0.460449 -1.243126 0.028362
v -0.460449 -1.243126 -0.114133
v -0.602943 -1.243126 -0.114133
v -0.602943 -1.243126 0.028362
v -0.435659 -1.006202 0.048971
v -0.435659 -1.006202 -0.093524
v -0.578154 -0.994562 -0.093524
v -0.578154 -0.994562 0.048970
v 0.475324 -1.338489 -0.080185
v 0.471409 -1.339897 -0.048482
v 0.475324 -1.338489 -0.016778
v 0.428420 -0.948609 0.050229
v 0.424091 -0.898676 0.047379
v 0.425073 -0.858758 0.039725
v 0.420894 -0.828743 0.008418
v 0.416390 -0.826394 -0.023480
v 0.420894 -0.828743 -0.054989
v 0.463638 -1.282225 -0.116987
v 0.467750 -1.309678 -0.115978
v 0.474867 -1.327024 -0.110005
v 0.568257 -1.338489 -0.109711
v 0.536554 -1.339897 -0.113627
v 0.504850 -1.338489 -0.109711
v 0.450421 -0.818185 -0.084515
v 0.481535 -0.803316 -0.088626
v 0.513827 -0.797021 -0.084515
v 0.605370 -1.282225 -0.116987
v 0.604143 -1.309678 -0.115978
v 0.598089 -1.327024 -0.110005
v 0.597784 -1.338489 -0.016778
v 0.601699 -1.339897 -0.048482
v 0.597784 -1.338489 -0.080185
v 0.543354 -0.786463 -0.054989
v 0.546681 -0.780239 -0.023480
v 0.543354 -0.786463 0.008418
v 0.605370 -1.282225 0.024745
v 0.604143 -1.309678 0.020414
v 0.598089 -1.327024 0.013217
v 0.504850 -1.338489 0.012748
v 0.536554 -1.339897 0.016664
v 0.568257 -1.338489 0.012748
v 0.513828 -0.797021 0.037945
v 0.481535 -0.803316 0.041665
v 0.450421 -0.818185 0.037945
v 0.474867 -1.327024 0.013217
v 0.467750 -1.309678 0.020414
v 0.463638 -1.282225 0.024745
v 0.443159 -1.068844 -0.097569
v 0.450063 -1.132305 -0.103163
v 0.455962 -1.191945 -0.109089
v 0.585654 -1.063934 -0.097569
v 0.592558 -1.130850 -0.103163
v 0.598457 -1.191763 -0.109089
v 0.585654 -1.063934 0.044926
v 0.592558 -1.130850 0.039332
v 0.598457 -1.191763 0.033406
v 0.570659 -1.243126 0.048400
v 0.531696 -1.243126 0.055080
v 0.492732 -1.243126 0.048400
v 0.622982 -1.243126 -0.081849
v 0.629661 -1.243126 -0.042885
v 0.622982 -1.243126 -0.003922
v 0.492732 -1.243126 -0.134171
v 0.531696 -1.243126 -0.140851
v 0.570659 -1.243126 -0.134171
v 0.440410 -1.243126 -0.003922
v 0.433731 -1.243126 -0.042885
v 0.440410 -1.243126 -0.081849
v 0.455962 -1.191945 0.033406
v 0.450063 -1.132305 0.039332
v 0.443159 -1.068844 0.044926
v 0.425073 -0.858757 -0.083498
v 0.424091 -0.898676 -0.089013
v 0.428420 -0.948609 -0.091503
v 0.548296 -0.823228 -0.083498
v 0.560484 -0.867597 -0.089013
v 0.570152 -0.926901 -0.091503
v 0.548296 -0.823228 0.039725
v 0.560484 -0.867597 0.047379
v 0.570152 -0.926901 0.050229
v 0.545870 -0.997199 0.069009
v 0.506907 -1.000382 0.075688
v 0.467943 -1.003565 0.069009
v 0.598192 -0.992925 -0.061240
v 0.604872 -0.992379 -0.022277
v 0.598192 -0.992925 0.016687
v 0.467943 -1.003564 -0.113563
v 0.506907 -1.000382 -0.120242
v 0.545870 -0.997199 -0.113563
v 0.415621 -1.007838 0.016687
v 0.408942 -1.008384 -0.022277
v 0.415621 -1.007838 -0.061240
v -0.475324 -1.338489 -0.080185
v -0.471409 -1.339897 -0.048482
v -0.475324 -1.338489 -0.016778
v -0.428420 -0.948609 0.050229
v -0.424091 -0.898676 0.047379
v -0.425073 -0.858757 0.039725
v -0.420894 -0.828743 0.008418
v -0.416390 -0.826394 -0.023480
v -0.420894 -0.828743 -0.054989
v -0.463638 -1.282225 -0.116987
v -0.467750 -1.309678 -0.115978
v -0.474867 -1.327024 -0.110005
v -0.568257 -1.338489 -0.109711
v -0.536554 -1.339897 -0.113627
v -0.504851 -1.338489 -0.109711
v -0.450421 -0.818185 -0.084515
v -0.481535 -0.803316 -0.088626
v -0.513828 -0.797021 -0.084515
v -0.605370 -1.282225 -0.116987
v -0.604143 -1.309678 -0.115978
v -0.598089 -1.327024 -0.110005
v -0.597784 -1.338489 -0.016778
v -0.601699 -1.339897 -0.048482
v -0.597784 -1.338489 -0.080185
v -0.543354 -0.786463 -0.054989
v -0.546681 -0.780239 -0.023480
v -0.543354 -0.786463 0.008418
v -0.605370 -1.282225 0.024745
v -0.604143 -1.309678 0.020414
v -0.598089 -1.327024 0.013217
v -0.504851 -1.338489 0.012748
v -0.536554 -1.339897 0.016664
v -0.568257 -1.338489 0.012748
v -0.513828 -0.797021 0.037945
v -0.481535 -0.803316 0.041665
v -0.450421 -0.818185 0.037945
v -0.474867 -1.327024 0.013217
v -0.467750 -1.309678 0.020414
v -0.463638 -1.282225 0.024745
v -0.443159 -1.068844 -0.097569
v -0.450063 -1.132305 -0.103163
v -0.455963 -1.191945 -0.109089
v -0.585654 -1.063934 -0.097569
v -0.592558 -1.130850 -0.103163
v -0.598457 -1.191763 -0.109089
v -0.585654 -1.063934 0.044926
v -0.592558 -1.130850 0.039332
v -0.598457 -1.191763 0.033406
v -0.570659 -1.243126 0.048400
v -0.531696 -1.243126 0.055080
v -0.492733 -1.243126 0.048400
v -0.622982 -1.243126 -0.081849
v -0.629661 -1.243126 -0.042885
v -0.622982 -1.243126 -0.003922
v -0.492732 -1.243126 -0.134171
v -0.531696 -1.243126 -0.140851
v -0.570659 -1.243126 -0.134171
v -0.440410 -1.243126 -0.003922
v -0.433731 -1.243126 -0.042885
v -0.440410 -1.243126 -0.081849
v -0.455962 -1.191945 0.033406
v -0.450063 -1.132305 0.039332
v -0.443159 -1.068844 0.044926
v -0.425073 -0.858757 -0.083498
v -0.424091 -0.898676 -0.089013
v -0.428420 -0.948609 -0.091503
v -0.548296 -0.823228 -0.083498
v -0.560484 -0.867597 -0.089013
v -0.570152 -0.926901 -0.091503
v -0.548296 -0.823228 0.039725
v -0.560484 -0.867597 0.047379
v -0.570152 -0.926901 0.050229
v -0.545870 -0.997199 0.069009
v -0.506907 -1.000382 0.075688
v -0.467943 -1.003565 0.069009
v -0.598192 -0.992925 -0.061240
v -0.604872 -0.992379 -0.022277
v -0.598192 -0.992925 0.016687
v -0.467943 -1.003565 -0.113563
v -0.506907 -1.000382 -0.120242
v -0.545870 -0.997199 -0.113563
v -0.415621 -1.007838 0.016687
v -0.408941 -1.008384 -0.022277
v -0.415621 -1.007838 -0.061240
v 0.408473 -0.951614 0.018113
v 0.404781 -0.902662 0.016437
v 0.407969 -0.861896 0.012004
v 0.401815 -0.952573 -0.020644
v 0.398272 -0.903646 -0.020875
v 0.402006 -0.861904 -0.022088
v 0.408473 -0.951614 -0.059394
v 0.404781 -0.902662 -0.058129
v 0.407969 -0.861896 -0.055992
v 0.460522 -0.943604 -0.111443
v 0.454918 -0.890938 -0.108266
v 0.452362 -0.848316 -0.100385
v 0.499264 -0.937597 -0.118094
v 0.492114 -0.881873 -0.114717
v 0.486076 -0.836565 -0.106158
v 0.538029 -0.931749 -0.111443
v 0.529484 -0.874071 -0.108266
v 0.520358 -0.828946 -0.100385
v 0.590078 -0.923738 -0.059394
v 0.579621 -0.862347 -0.058129
v 0.564751 -0.815367 -0.055992
v 0.596714 -0.922622 -0.020644
v 0.585956 -0.860098 -0.020875
v 0.570146 -0.811225 -0.022088
v 0.590078 -0.923738 0.018113
v 0.579621 -0.862347 0.016437
v 0.564751 -0.815367 0.012004
v 0.538029 -0.931749 0.070162
v 0.529484 -0.874071 0.066574
v 0.520358 -0.828946 0.056397
v 0.499264 -0.937597 0.076806
v 0.492114 -0.881872 0.072967
v 0.486076 -0.836565 0.061982
v 0.460522 -0.943604 0.070162
v 0.454918 -0.890938 0.066574
v 0.452362 -0.848316 0.056397
v 0.502766 -1.344485 -0.082270
v 0.536554 -1.346516 -0.084085
v 0.570342 -1.344485 -0.082270
v 0.500951 -1.346516 -0.048482
v 0.536554 -1.348732 -0.048482
v 0.572157 -1.346516 -0.048482
v 0.502766 -1.344485 -0.014693
v 0.536554 -1.346516 -0.012878
v 0.570342 -1.344486 -0.014693
v 0.513404 -0.776850 -0.057905
v 0.478767 -0.783160 -0.060001
v 0.445828 -0.801835 -0.057905
v 0.514370 -0.769545 -0.024398
v 0.477839 -0.776411 -0.024706
v 0.443163 -0.796775 -0.024398
v 0.513404 -0.776850 0.009671
v 0.478767 -0.783160 0.011205
v 0.445828 -0.801835 0.009671
v 0.570476 -1.327799 0.029997
v 0.573230 -1.309886 0.039638
v 0.573258 -1.282251 0.044682
v 0.536478 -1.328478 0.035676
v 0.535946 -1.310093 0.046060
v 0.534504 -1.282277 0.051329
v 0.502480 -1.327799 0.029997
v 0.498663 -1.309886 0.039638
v 0.495751 -1.282251 0.044682
v 0.614869 -1.327799 -0.082392
v 0.623367 -1.309886 -0.085065
v 0.625307 -1.282251 -0.084874
v 0.620548 -1.328478 -0.048394
v 0.629789 -1.310093 -0.047782
v 0.631954 -1.282277 -0.046121
v 0.614869 -1.327799 -0.014396
v 0.623367 -1.309886 -0.010499
v 0.625307 -1.282251 -0.007367
v 0.502480 -1.327799 -0.126785
v 0.498663 -1.309886 -0.135202
v 0.495751 -1.282251 -0.136923
v 0.536478 -1.328478 -0.132464
v 0.535946 -1.310093 -0.141624
v 0.534504 -1.282277 -0.143570
v 0.570476 -1.327799 -0.126785
v 0.573230 -1.309886 -0.135202
v 0.573258 -1.282251 -0.136923
v 0.458087 -1.327799 -0.014396
v 0.448526 -1.309886 -0.010499
v 0.443702 -1.282251 -0.007367
v 0.452408 -1.328478 -0.048394
v 0.442104 -1.310093 -0.047782
v 0.437055 -1.282277 -0.046121
v 0.458087 -1.327799 -0.082392
v 0.448526 -1.309886 -0.085065
v 0.443702 -1.282251 -0.084874
v 0.566173 -1.191804 0.053444
v 0.560274 -1.131179 0.059371
v 0.553370 -1.065046 0.064964
v 0.527210 -1.191854 0.060123
v 0.521310 -1.131577 0.066050
v 0.514407 -1.066389 0.071644
v 0.488246 -1.191903 0.053444
v 0.482347 -1.131975 0.059371
v 0.475443 -1.067732 0.064964
v 0.618495 -1.191737 -0.076805
v 0.612596 -1.130645 -0.070879
v 0.605692 -1.063243 -0.065285
v 0.625175 -1.191729 -0.037842
v 0.619276 -1.130577 -0.031915
v 0.612372 -1.063013 -0.026322
v 0.618495 -1.191737 0.001122
v 0.612596 -1.130645 0.007048
v 0.605692 -1.063243 0.012642
v 0.488246 -1.191903 -0.129127
v 0.482347 -1.131975 -0.123201
v 0.475443 -1.067732 -0.117607
v 0.527210 -1.191854 -0.135807
v 0.521310 -1.131577 -0.129880
v 0.514407 -1.066389 -0.124287
v 0.566173 -1.191804 -0.129127
v 0.560274 -1.131179 -0.123201
v 0.553370 -1.065046 -0.117607
v 0.435924 -1.191970 0.001122
v 0.430025 -1.132509 0.007048
v 0.423121 -1.069535 0.012642
v 0.429245 -1.191979 -0.037842
v 0.423345 -1.132577 -0.031915
v 0.416441 -1.069765 -0.026322
v 0.435924 -1.191970 -0.076805
v 0.430025 -1.132509 -0.070879
v 0.423121 -1.069535 -0.065285
v -0.408473 -0.951614 0.018113
v -0.401815 -0.952573 -0.020644
v -0.408473 -0.951614 -0.059394
v -0.404781 -0.902662 0.016437
v -0.398272 -0.903647 -0.020875
v -0.404781 -0.902662 -0.058129
v -0.407969 -0.861896 0.012004
v -0.402006 -0.861904 -0.022088
v -0.407969 -0.861896 -0.055992
v -0.460522 -0.943604 -0.111443
v -0.499264 -0.937597 -0.118094
v -0.538029 -0.931749 -0.111443
v -0.454918 -0.890937 -0.108266
v -0.492114 -0.881872 -0.114717
v -0.529484 -0.874071 -0.108266
v -0.452362 -0.848316 -0.100385
v -0.486076 -0.836565 -0.106158
v -0.520358 -0.828946 -0.100385
v -0.590078 -0.923738 -0.059394
v -0.596714 -0.922622 -0.020644
v -0.590078 -0.923738 0.018113
v -0.579621 -0.862347 -0.058129
v -0.585956 -0.860098 -0.020875
v -0.579621 -0.862347 0.016437
v -0.564751 -0.815367 -0.055992
v -0.570146 -0.811225 -0.022088
v -0.564751 -0.815367 0.012004
v -0.538029 -0.931749 0.070162
v -0.499264 -0.937597 0.076806
v -0.460522 -0.943604 0.070162
v -0.529484 -0.874071 0.066574
v -0.492114 -0.881873 0.072967
v -0.454918 -0.890938 0.066574
v -0.520358 -0.828946 0.056397
v -0.486076 -0.836565 0.061982
v -0.452362 -0.848316 0.056397
v -0.502766 -1.344485 -0.082270
v -0.500951 -1.346516 -0.048482
v -0.502766 -1.344485 -0.014693
v -0.536554 -1.346516 -0.084085
v -0.536554 -1.348732 -0.048482
v -0.536554 -1.346516 -0.012878
v -0.570342 -1.344485 -0.082270
v -0.572157 -1.346516 -0.048482
v -0.570342 -1.344486 -0.014693
v -0.513404 -0.776850 -0.057905
v -0.514370 -0.769545 -0.024398
v -0.513404 -0.776850 0.009671
v -0.478767 -0.783160 -0.060001
v -0.477839 -0.776411 -0.024706
v -0.478767 -0.783160 0.011205
v -0.445828 -0.801835 -0.057905
v -0.443164 -0.796775 -0.024398
v -0.445828 -0.801835 0.009671
v -0.570476 -1.327799 0.029997
v -0.536478 -1.328478 0.035676
v -0.502480 -1.327799 0.029997
v -0.573230 -1.309886 0.039638
v -0.535947 -1.310093 0.046060
v -0.498663 -1.309886 0.039638
v -0.573258 -1.282251 0.044682
v -0.534504 -1.282277 0.051329
v -0.495751 -1.282251 0.044682
v -0.614869 -1.327799 -0.082392
v -0.620548 -1.328478 -0.048394
v -0.614869 -1.327799 -0.014396
v -0.623367 -1.309886 -0.085065
v -0.629789 -1.310093 -0.047782
v -0.623367 -1.309886 -0.010499
v -0.625307 -1.282251 -0.084874
v -0.631954 -1.282277 -0.046121
v -0.625307 -1.282251 -0.007367
v -0.502480 -1.327799 -0.126785
v -0.536478 -1.328478 -0.132464
v -0.570476 -1.327799 -0.126785
v -0.498663 -1.309886 -0.135202
v -0.535946 -1.310093 -0.141624
v -0.573230 -1.309886 -0.135202
v -0.495751 -1.282251 -0.136923
v -0.534504 -1.282277 -0.143570
v -0.573258 -1.282251 -0.136923
v -0.458087 -1.327799 -0.014396
v -0.452408 -1.328478 -0.048394
v -0.458087 -1.327799 -0.082392
v -0.448526 -1.309886 -0.010499
v -0.442104 -1.310093 -0.047782
v -0.448526 -1.309886 -0.085065
v -0.443702 -1.282251 -0.007367
v -0.437055 -1.282277 -0.046121
v -0.443702 -1.282251 -0.084874
v -0.566173 -1.191804 0.053444
v -0.527210 -1.191854 0.060123
v -0.488246 -1.191903 0.053444
v -0.560274 -1.131179 0.059371
v -0.521310 -1.131577 0.066050
v -0.482347 -1.131975 0.059371
v -0.553370 -1.065046 0.064964
v -0.514407 -1.066389 0.071644
v -0.475443 -1.067732 0.064964
v -0.618496 -1.191737 -0.076805
v -0.625175 -1.191729 -0.037842
v -0.618496 -1.191737 0.001122
v -0.612596 -1.130645 -0.070879
v -0.619276 -1.130577 -0.031915
v -0.612596 -1.130645 0.007048
v -0.605692 -1.063243 -0.065285
v -0.612372 -1.063013 -0.026322
v -0.605692 -1.063243 0.012642
v -0.488246 -1.191903 -0.129127
v -0.527210 -1.191854 -0.135807
v -0.566173 -1.191804 -0.129127
v -0.482347 -1.131975 -0.123201
v -0.521311 -1.131577 -0.129880
v -0.560274 -1.131179 -0.123201
v -0.475443 -1.067732 -0.117607
v -0.514407 -1.066389 -0.124287
v -0.553370 -1.065046 -0.117607
v -0.435924 -1.191970 0.001122
v -0.429245 -1.191979 -0.037842
v -0.435924 -1.191970 -0.076805
v -0.430025 -1.132509 0.007048
v -0.423345 -1.132577 -0.031915
v -0.430025 -1.132509 -0.070879
v -0.423121 -1.069535 0.012642
v -0.416441 -1.069765 -0.026322
v -0.423121 -1.069535 -0.065285
vn -0.9951 -0.0988 0.0018
vn -1.0000 0.0083 0.0011
vn -0.9350 0.0127 -0.3544
vn -0.9305 -0.0836 -0.3565
vn -0.5871 0.7422 0.3232
vn -0.8050 0.5149 0.2946
vn -0.6970 0.4593 0.5507
vn -0.4951 0.5771 0.6495
vn -0.7047 -0.0515 -0.7076
vn -0.7045 -0.0456 -0.7083
vn -0.3569 0.0030 -0.9341
vn -0.3550 0.0029 -0.9349
vn -0.6958 -0.1157 0.7088
vn -0.7005 -0.0626 0.7109
vn -0.9284 -0.0923 0.3599
vn -0.9247 -0.1308 0.3576
vn -0.7134 0.0594 0.6982
vn -0.9345 0.0234 0.3552
vn -0.7203 0.2512 0.6465
vn -0.9167 0.2325 0.3250
vn -0.8116 0.4991 -0.3037
vn -0.8480 0.5300 -0.0017
vn -0.6271 0.7789 -0.0020
vn -0.5915 0.7330 -0.3359
vn -0.9729 0.2312 -0.0004
vn 0.7055 -0.6570 0.2658
vn 0.8977 -0.2817 0.3388
vn 0.6762 -0.3049 0.6706
vn 0.5410 -0.6475 0.5367
vn -0.9197 0.2135 -0.3295
vn 0.9230 0.1416 -0.3577
vn 0.9020 0.2308 -0.3649
vn 0.9703 0.2421 0.0011
vn 0.9896 0.1438 0.0014
vn -0.7015 0.4267 -0.5708
vn -0.7218 0.2135 -0.6583
vn -0.7132 0.0395 -0.6999
vn 0.8988 0.2402 0.3666
vn 0.9230 0.1344 0.3605
vn -0.9299 -0.0981 -0.3544
vn -0.9923 -0.1237 0.0019
vn -0.3743 0.0799 -0.9239
vn -0.4113 0.2624 -0.8729
vn -0.0908 0.3178 -0.9438
vn -0.0280 0.1204 -0.9923
vn -0.4958 0.5437 -0.6772
vn -0.0024 0.0730 -0.9973
vn -0.3556 0.0300 -0.9342
vn -0.0033 0.0471 -0.9989
vn 0.6700 0.2031 -0.7141
vn 0.6024 0.3713 -0.7065
vn 0.8264 0.4282 -0.3657
vn 0.6996 0.1104 -0.7059
vn 0.6936 0.1226 -0.7099
vn 0.9277 0.1190 -0.3537
vn 0.2522 0.3426 -0.9050
vn 0.3216 0.1615 -0.9330
vn -0.2052 0.6304 -0.7487
vn 0.1382 0.6540 -0.7438
vn 0.4635 0.5994 -0.6526
vn -0.0049 0.0245 0.9997
vn -0.0346 0.1481 0.9884
vn -0.3771 0.1061 0.9201
vn -0.3532 -0.0184 0.9354
vn 0.3434 0.0865 -0.9352
vn 0.3486 0.0830 -0.9336
vn -0.0072 0.0463 -0.9989
vn 0.8843 0.4670 0.0006
vn 0.0792 0.9138 -0.3983
vn 0.5475 0.7471 -0.3771
vn 0.9946 0.1036 0.0015
vn 0.9280 0.1219 -0.3521
vn 0.9938 0.1110 0.0018
vn 0.6634 0.2211 0.7149
vn 0.5854 0.4076 0.7009
vn 0.2327 0.3898 0.8910
vn 0.3130 0.1860 0.9314
vn 0.7027 0.0521 0.7096
vn 0.6935 0.1078 0.7123
vn 0.3442 0.0665 0.9365
vn 0.3536 0.0043 0.9354
vn 0.8173 0.4464 0.3645
vn 0.5785 0.8157 -0.0015
vn 0.2665 -0.6691 0.6937
vn 0.3395 -0.3255 0.8825
vn 0.0018 -0.3399 0.9405
vn 0.0013 -0.6865 0.7271
vn 0.5323 0.7619 0.3691
vn -0.8846 -0.3187 -0.3405
vn -0.9289 -0.1040 -0.3555
vn -0.7037 -0.0670 -0.7073
vn -0.6723 -0.2973 -0.6779
vn 0.4415 0.6321 0.6368
vn 0.9346 -0.0401 0.3534
vn 0.9347 0.0357 0.3536
vn 0.7082 -0.0142 0.7059
vn 0.7067 -0.0801 0.7030
vn 0.9295 0.0902 0.3577
vn 0.3520 0.1235 -0.9278
vn 0.3512 0.1202 -0.9286
vn 0.7006 0.1336 -0.7009
vn 0.7010 0.1330 -0.7006
vn -0.9266 -0.1300 0.3529
vn -0.9253 -0.1341 0.3546
vn -0.9933 -0.1153 0.0011
vn -0.9946 -0.1041 0.0003
vn -0.1046 0.3682 0.9238
vn 0.0670 0.9210 0.3836
vn 0.1164 0.6863 0.7179
vn 0.0033 -0.0730 0.9973
vn 0.3554 -0.0294 0.9343
vn 0.0033 -0.0394 0.9992
vn 0.2714 -0.6478 -0.7118
vn 0.5488 -0.6302 -0.5492
vn 0.3402 -0.8766 -0.3403
vn 0.1730 -0.9102 -0.3764
vn -0.0000 -0.9897 -0.1433
vn 0.1416 -0.9797 -0.1416
vn 0.1433 -0.9897 -0.0000
vn -0.0000 -1.0000 -0.0000
vn -0.9280 -0.1217 0.3522
vn -0.7001 -0.1347 0.7012
vn -0.6986 -0.1383 0.7020
vn -0.3478 -0.1088 0.9312
vn -0.3467 -0.0802 0.9345
vn -0.4166 0.3113 0.8541
vn -0.2157 0.6624 0.7174
vn 0.0014 -0.6651 -0.7468
vn 0.0001 -0.9237 -0.3832
vn -0.6953 -0.6672 -0.2672
vn -0.5381 -0.6452 -0.5424
vn -0.3385 -0.8777 -0.3393
vn -0.3744 -0.9111 -0.1725
vn -0.1416 -0.9797 -0.1416
vn -0.1433 -0.9897 -0.0000
vn -0.0000 -0.9897 0.1433
vn -0.1416 -0.9797 0.1416
vn 0.3456 -0.2493 -0.9047
vn 0.3559 0.0152 -0.9344
vn 0.7069 0.0190 -0.7071
vn 0.6851 -0.2467 -0.6854
vn -0.3065 0.8692 -0.3880
vn -0.3416 0.9399 -0.0025
vn 0.0739 0.9973 -0.0030
vn -0.2617 -0.6760 0.6889
vn -0.5302 -0.6619 0.5299
vn -0.3373 -0.8789 0.3373
vn -0.1719 -0.9116 0.3735
vn -0.1725 -0.9106 -0.3756
vn 0.3763 -0.9102 -0.1730
vn 0.3830 -0.9237 -0.0002
vn 0.3754 -0.9107 0.1724
vn 0.1416 -0.9797 0.1416
vn 0.3391 -0.8778 0.3383
vn 0.1724 -0.9112 0.3742
vn -0.3095 0.8752 0.3719
vn 0.0001 -0.9245 0.3811
vn -0.3736 -0.9115 0.1719
vn -0.3812 -0.9245 -0.0002
vn 0.3550 -0.1159 0.9277
vn 0.0013 -0.1406 0.9901
vn -0.9333 -0.0487 -0.3557
vn -0.9963 -0.0859 -0.0011
vn -0.9957 -0.0931 -0.0003
vn -0.9335 -0.0521 -0.3548
vn 0.9328 0.0607 0.3552
vn 0.9316 0.0723 0.3562
vn 0.7056 0.0240 0.7082
vn 0.7068 0.0066 0.7074
vn -0.3502 -0.1589 0.9231
vn -0.3328 -0.3500 0.8756
vn -0.7015 -0.1264 0.7014
vn -0.3516 -0.1188 0.9286
vn -0.3509 -0.1242 0.9281
vn -0.9293 -0.1127 0.3518
vn -0.9240 -0.1536 0.3502
vn -0.6975 -0.1658 0.6972
vn 0.9038 -0.2524 -0.3457
vn 0.9344 0.0099 -0.3561
vn 1.0000 -0.0098 -0.0012
vn 0.9643 -0.2647 -0.0020
vn 0.3555 -0.0626 0.9326
vn 0.0011 -0.0965 0.9953
vn 0.9284 0.1196 -0.3518
vn 0.9279 0.1240 -0.3515
vn 0.9951 0.0987 0.0010
vn 0.9958 0.0914 0.0003
vn -0.6615 -0.3542 0.6611
vn -0.8768 -0.3470 0.3328
vn -0.6897 -0.6751 0.2617
vn 0.7110 -0.6487 -0.2715
vn 0.7455 -0.6665 -0.0016
vn 0.3500 0.1048 -0.9309
vn 0.7004 0.1241 -0.7029
vn -0.3397 -0.2747 -0.8995
vn -0.3537 -0.0281 -0.9349
vn 0.0010 -0.0005 -1.0000
vn 0.0017 -0.2593 -0.9658
vn 0.7026 0.1123 -0.7026
vn 0.9302 0.0991 -0.3533
vn 0.9974 0.0727 -0.0006
vn -0.3539 0.0592 -0.9334
vn -0.3548 0.0502 -0.9336
vn -0.0010 0.0916 -0.9958
vn -0.0000 0.0979 -0.9952
vn -0.7060 0.0012 -0.7082
vn -0.2665 -0.6550 -0.7070
vn -0.9330 -0.0641 -0.3542
vn -0.9318 -0.0805 -0.3539
vn -0.7067 -0.0270 -0.7070
vn -0.7071 -0.0072 -0.7071
vn -0.9913 -0.1315 -0.0015
vn -0.9423 -0.3347 -0.0021
vn -0.7284 -0.6852 -0.0015
vn -0.3534 0.0498 -0.9341
vn 0.0006 0.0836 -0.9965
vn 0.3531 0.1053 -0.9296
vn 0.9337 0.0512 0.3544
vn 0.7074 -0.0039 0.7068
vn 0.3552 -0.0493 0.9335
vn 0.0019 -0.0915 0.9958
vn 0.3736 -0.9115 0.1719
vn 0.3812 -0.9245 -0.0002
vn 0.7284 -0.6852 -0.0015
vn 0.6897 -0.6751 0.2617
vn 0.9299 -0.0981 -0.3544
vn 0.9923 -0.1237 0.0019
vn 0.9933 -0.1153 0.0011
vn 0.9318 -0.0805 -0.3539
vn 0.3550 -0.0586 0.9330
vn 0.0011 -0.0977 0.9952
vn -0.6969 -0.1332 0.7047
vn -0.3497 -0.1223 0.9289
vn -0.7067 0.0041 -0.7075
vn 0.3532 -0.0184 0.9354
vn 0.3467 -0.0802 0.9345
vn 0.6958 -0.1157 0.7088
vn 0.7005 -0.0626 0.7109
vn 0.9951 -0.0988 0.0018
vn 0.9305 -0.0836 -0.3565
vn 0.9350 0.0127 -0.3544
vn 1.0000 0.0083 0.0011
vn 0.3550 0.0029 -0.9349
vn 0.3569 0.0030 -0.9341
vn 0.7045 -0.0456 -0.7083
vn 0.7047 -0.0515 -0.7076
vn 0.9247 -0.1308 0.3576
vn 0.9253 -0.1341 0.3546
vn -0.3830 -0.9237 -0.0002
vn -0.3754 -0.9107 0.1724
vn -0.7055 -0.6570 0.2658
vn -0.7455 -0.6665 -0.0016
vn -0.5410 -0.6475 0.5367
vn -0.6762 -0.3049 0.6706
vn -0.8977 -0.2817 0.3388
vn 0.9284 -0.0923 0.3599
vn 0.9345 0.0234 0.3552
vn 0.3771 0.1061 0.9201
vn 0.7134 0.0594 0.6982
vn 0.5915 0.7330 -0.3359
vn 0.6271 0.7789 -0.0020
vn 0.8480 0.5300 -0.0017
vn 0.8116 0.4991 -0.3037
vn -0.9277 0.1190 -0.3537
vn -0.9230 0.1416 -0.3577
vn -0.6936 0.1226 -0.7099
vn -0.6996 0.1104 -0.7059
vn 0.5871 0.7422 0.3232
vn 0.4951 0.5771 0.6495
vn 0.6970 0.4593 0.5507
vn 0.8050 0.5149 0.2946
vn 0.0072 0.0463 -0.9989
vn -0.3434 0.0865 -0.9352
vn -0.3216 0.1615 -0.9330
vn 0.0280 0.1204 -0.9923
vn 0.9729 0.2312 -0.0004
vn 0.9167 0.2325 0.3250
vn -0.9020 0.2308 -0.3649
vn -0.8264 0.4282 -0.3657
vn -0.6024 0.3713 -0.7065
vn -0.6700 0.2031 -0.7141
vn 0.7132 0.0395 -0.6999
vn 0.7218 0.2135 -0.6583
vn 0.9197 0.2135 -0.3295
vn 0.0033 0.0471 -0.9989
vn 0.3556 0.0300 -0.9342
vn 0.0024 0.0730 -0.9973
vn 0.7015 0.4267 -0.5708
vn 0.7203 0.2512 0.6465
vn 0.3743 0.0799 -0.9239
vn 0.3065 0.8692 -0.3880
vn 0.4958 0.5437 -0.6772
vn 0.2052 0.6304 -0.7487
vn -0.2522 0.3426 -0.9050
vn 0.0908 0.3178 -0.9438
vn -0.0739 0.9973 -0.0030
vn -0.0792 0.9138 -0.3983
vn -0.5475 0.7470 -0.3771
vn -0.5785 0.8157 -0.0015
vn -0.1382 0.6540 -0.7438
vn -0.4635 0.5994 -0.6526
vn -0.9896 0.1438 0.0014
vn -0.9230 0.1344 0.3605
vn -0.8988 0.2402 0.3666
vn -0.9703 0.2421 0.0011
vn -0.3486 0.0830 -0.9336
vn -0.3130 0.1860 0.9314
vn -0.2327 0.3898 0.8910
vn -0.5854 0.4076 0.7009
vn -0.6634 0.2211 0.7149
vn -0.9938 0.1110 0.0018
vn -0.9280 0.1219 -0.3521
vn -0.9946 0.1036 0.0015
vn 0.4113 0.2624 -0.8729
vn -0.3536 0.0043 0.9354
vn -0.3442 0.0665 0.9365
vn -0.6935 0.1078 0.7123
vn -0.7027 0.0521 0.7096
vn -0.3500 0.1048 -0.9309
vn -0.8173 0.4464 0.3645
vn -0.8843 0.4670 0.0006
vn 0.3095 0.8752 0.3719
vn -0.0670 0.9210 0.3836
vn -0.1164 0.6863 0.7179
vn 0.2157 0.6624 0.7174
vn -0.5323 0.7619 0.3691
vn -0.4415 0.6321 0.6368
vn 0.0049 0.0245 0.9997
vn 0.0346 0.1481 0.9884
vn -0.9295 0.0902 0.3577
vn -0.0033 -0.0394 0.9992
vn -0.3554 -0.0294 0.9343
vn -0.0033 -0.0730 0.9973
vn -0.9316 0.0723 0.3562
vn 0.1046 0.3682 0.9238
vn -0.7026 0.1123 -0.7026
vn -0.7010 0.1330 -0.7006
vn -0.3520 0.1235 -0.9278
vn -0.3531 0.1053 -0.9296
vn 0.4166 0.3113 0.8541
vn -0.5488 -0.6302 -0.5492
vn -0.6851 -0.2467 -0.6854
vn -0.3456 -0.2493 -0.9047
vn -0.2714 -0.6478 -0.7118
vn 0.3373 -0.8789 0.3373
vn 0.5302 -0.6619 0.5299
vn 0.3744 -0.9111 -0.1725
vn 0.3385 -0.8777 -0.3393
vn 0.5381 -0.6452 -0.5424
vn 0.6953 -0.6672 -0.2672
vn 0.6975 -0.1658 0.6972
vn 0.6615 -0.3542 0.6611
vn 0.8768 -0.3470 0.3328
vn 0.9240 -0.1536 0.3502
vn 0.6723 -0.2973 -0.6779
vn 0.8846 -0.3187 -0.3405
vn 0.3478 -0.1088 0.9312
vn 0.1719 -0.9116 0.3735
vn 0.2617 -0.6760 0.6889
vn 0.1725 -0.9106 -0.3756
vn -0.0001 -0.9245 0.3811
vn 0.7001 -0.1347 0.7012
vn 0.3509 -0.1242 0.9281
vn 0.3516 -0.1188 0.9286
vn 0.7014 -0.1264 0.7014
vn -0.1724 -0.9112 0.3742
vn -0.3391 -0.8778 0.3383
vn -0.9279 0.1240 -0.3515
vn -0.9951 0.0987 0.0010
vn -0.3763 -0.9102 -0.1730
vn -0.3402 -0.8766 -0.3403
vn -0.1730 -0.9102 -0.3764
vn -0.0001 -0.9237 -0.3832
vn 0.3548 0.0502 -0.9336
vn 0.0010 0.0916 -0.9958
vn 0.3416 0.9399 -0.0025
vn -0.0011 -0.0977 0.9952
vn -0.0011 -0.0965 0.9953
vn 0.9335 -0.0521 -0.3548
vn 0.9957 -0.0931 -0.0003
vn 0.9963 -0.0859 -0.0011
vn 0.9333 -0.0487 -0.3557
vn -0.7082 -0.0142 0.7059
vn -0.7074 -0.0039 0.7068
vn -0.9337 0.0512 0.3544
vn -0.9347 0.0357 0.3536
vn -0.2665 -0.6691 0.6937
vn -0.0013 -0.6865 0.7271
vn -0.0018 -0.3399 0.9405
vn -0.3395 -0.3255 0.8825
vn 0.3328 -0.3500 0.8756
vn -0.0013 -0.1406 0.9901
vn -0.3550 -0.1159 0.9277
vn -0.3550 -0.0586 0.9330
vn -0.0019 -0.0915 0.9958
vn -0.3552 -0.0493 0.9335
vn 0.3502 -0.1589 0.9231
vn -0.3555 -0.0626 0.9326
vn -0.7067 -0.0801 0.7030
vn 0.2665 -0.6550 -0.7070
vn -0.0014 -0.6651 -0.7468
vn -0.0017 -0.2593 -0.9658
vn 0.3397 -0.2747 -0.8995
vn -0.9643 -0.2647 -0.0020
vn -0.9038 -0.2524 -0.3457
vn -1.0000 -0.0098 -0.0012
vn -0.9344 0.0099 -0.3561
vn -0.9958 0.0914 0.0003
vn -0.9974 0.0727 -0.0006
vn -0.7110 -0.6487 -0.2715
vn -0.9346 -0.0401 0.3534
vn -0.9284 0.1196 -0.3518
vn 0.9293 -0.1127 0.3518
vn -0.9302 0.0991 -0.3533
vn -0.7069 0.0190 -0.7071
vn -0.0010 -0.0005 -1.0000
vn 0.3537 -0.0281 -0.9349
vn -0.0006 0.0836 -0.9965
vn 0.9423 -0.3347 -0.0021
vn -0.3559 0.0152 -0.9344
vn 0.3539 0.0592 -0.9334
vn 0.3534 0.0498 -0.9341
vn 0.7060 0.0012 -0.7082
vn 0.7037 -0.0670 -0.7073
vn 0.9280 -0.1217 0.3522
vn 0.9946 -0.1041 0.0003
vn 0.9266 -0.1300 0.3529
vn 0.9913 -0.1315 -0.0015
vn 0.9289 -0.1040 -0.3555
vn 0.3497 -0.1223 0.9289
vn 0.7067 0.0041 -0.7075
vn -0.7068 0.0066 0.7074
vn -0.9328 0.0607 0.3552
vn 0.6986 -0.1383 0.7020
vn 0.6969 -0.1332 0.7047
vn -0.7056 0.0240 0.7082
vn -0.7006 0.1336 -0.7009
vn -0.3512 0.1202 -0.9286
vn -0.7004 0.1241 -0.7029
vn 0.7071 -0.0073 -0.7071
vn 0.9330 -0.0641 -0.3542
vn 0.7067 -0.0270 -0.7070
vt 0.542340 0.125000
vt 0.569893 0.125000
vt 0.569893 0.187500
vt 0.542340 0.187500
vt 0.812667 0.687500
vt 0.625000 0.062500
vt 0.625000 1.000000
vt 0.812500 0.750000
vt 0.514786 0.250000
vt 0.542340 0.250000
vt 0.542340 0.312500
vt 0.514786 0.312500
vt 0.514786 1.000000
vt 0.542340 0.000000
vt 0.542340 0.062500
vt 0.514786 0.062500
vt 0.542340 1.000000
vt 0.569893 0.000000
vt 0.569893 0.062500
vt 0.569893 1.000000
vt 0.597447 0.000000
vt 0.597447 0.062500
vt 0.597447 1.000000
vt 0.875000 0.750000
vt 0.625000 0.187500
vt 0.875000 0.625000
vt 0.812743 0.625000
vt 0.812667 0.562500
vt 0.875000 0.687500
vt 0.625000 0.125000
vt 0.597447 0.125000
vt 0.374435 0.687500
vt 0.389266 0.687500
vt 0.390701 0.750000
vt 0.380307 0.750000
vt 0.597447 0.187500
vt 0.542514 0.562500
vt 0.571289 0.562500
vt 0.571835 0.625000
vt 0.542583 0.625000
vt 0.875000 0.562500
vt 0.625000 0.250000
vt 0.597447 0.250000
vt 0.569893 0.250000
vt 0.571289 0.687500
vt 0.542514 0.687500
vt 0.514786 0.187500
vt 0.514786 0.125000
vt 0.569893 0.312500
vt 0.597447 0.312500
vt 0.597447 0.375000
vt 0.569893 0.375000
vt 0.625000 0.312500
vt 0.487443 0.375000
vt 0.487443 0.312500
vt 0.514786 0.375000
vt 0.570379 0.500000
vt 0.598903 0.500000
vt 0.602626 0.562500
vt 0.514786 0.500000
vt 0.542401 0.500000
vt 0.514786 0.562500
vt 0.597576 0.437500
vt 0.569954 0.437500
vt 0.875000 0.500000
vt 0.812500 0.500000
vt 0.625000 0.375000
vt 0.750000 0.500000
vt 0.625000 0.437500
vt 0.687500 0.500000
vt 0.625000 0.500000
vt 0.542340 0.875000
vt 0.569893 0.875000
vt 0.569893 0.937500
vt 0.542340 0.937500
vt 0.542347 0.437500
vt 0.514786 0.437500
vt 0.542340 0.375000
vt 0.604484 0.625000
vt 0.692551 0.562500
vt 0.641048 0.562500
vt 0.487443 0.625000
vt 0.487443 0.562500
vt 0.514786 0.625000
vt 0.570379 0.750000
vt 0.598903 0.750000
vt 0.597576 0.812500
vt 0.569954 0.812500
vt 0.514786 0.750000
vt 0.542401 0.750000
vt 0.542347 0.812500
vt 0.514786 0.812500
vt 0.602627 0.687500
vt 0.644415 0.625000
vt 0.382396 0.812500
vt 0.391336 0.812500
vt 0.391186 0.875000
vt 0.382568 0.875000
vt 0.641048 0.687500
vt 0.391432 0.187500
vt 0.402749 0.187500
vt 0.402850 0.250000
vt 0.391466 0.250000
vt 0.625000 0.750000
vt 0.402575 0.687500
vt 0.418013 0.687500
vt 0.418013 0.750000
vt 0.402754 0.750000
vt 0.514786 0.687500
vt 0.437796 0.437500
vt 0.461360 0.437500
vt 0.461360 0.500000
vt 0.437796 0.500000
vt 0.460485 0.062500
vt 0.487334 0.062500
vt 0.487408 0.125000
vt 0.461080 0.125000
vt 0.597447 0.875000
vt 0.692551 0.687500
vt 0.625000 0.812500
vt 0.487408 0.875000
vt 0.487439 0.812500
vt 0.514786 0.875000
vt 0.382400 0.437500
vt 0.380307 0.500000
vt 0.375000 0.500000
vt 0.375000 0.437500
vt 0.247895 0.562500
vt 0.304535 0.562500
vt 0.301402 0.625000
vt 0.246939 0.625000
vt 0.435141 0.062500
vt 0.432126 1.000000
vt 0.459680 0.000000
vt 0.487334 0.937500
vt 0.514786 0.937500
vt 0.597447 0.937500
vt 0.687500 0.750000
vt 0.625000 0.875000
vt 0.750000 0.750000
vt 0.625000 0.937500
vt 0.382603 0.375000
vt 0.312500 0.500000
vt 0.375000 0.375000
vt 0.382599 0.187500
vt 0.382603 0.250000
vt 0.125000 0.500000
vt 0.375000 0.187500
vt 0.187237 0.562500
vt 0.187117 0.625000
vt 0.247895 0.687500
vt 0.187237 0.687500
vt 0.391371 0.437500
vt 0.402838 0.437500
vt 0.402754 0.500000
vt 0.390701 0.500000
vt 0.751335 0.562500
vt 0.751942 0.625000
vt 0.694538 0.625000
vt 0.382494 0.937500
vt 0.382393 0.000000
vt 0.125000 0.750000
vt 0.375000 0.937500
vt 0.375000 0.250000
vt 0.187500 0.500000
vt 0.375000 0.312500
vt 0.250000 0.500000
vt 0.349695 0.562500
vt 0.344385 0.625000
vt 0.349695 0.687500
vt 0.304535 0.687500
vt 0.375000 0.750000
vt 0.312500 0.750000
vt 0.751335 0.687500
vt 0.375000 0.812500
vt 0.250000 0.750000
vt 0.375000 0.875000
vt 0.187500 0.750000
vt 0.375000 0.000000
vt 0.125000 0.687500
vt 0.375000 0.062500
vt 0.125000 0.625000
vt 0.375000 0.125000
vt 0.125000 0.562500
vt 0.402737 0.812500
vt 0.402045 0.875000
vt 0.417873 0.187500
vt 0.416893 0.125000
vt 0.436991 0.125000
vt 0.437696 0.187500
vt 0.461360 0.687500
vt 0.487443 0.687500
vt 0.487443 0.750000
vt 0.461360 0.750000
vt 0.400194 0.937500
vt 0.390591 0.937500
vt 0.404573 1.000000
vt 0.413953 0.937500
vt 0.435141 0.937500
vt 0.432126 0.000000
vt 0.413953 0.062500
vt 0.400194 0.062500
vt 0.397180 1.000000
vt 0.404573 0.000000
vt 0.389266 0.562500
vt 0.402575 0.562500
vt 0.402467 0.625000
vt 0.388405 0.625000
vt 0.417873 0.812500
vt 0.416893 0.875000
vt 0.437796 0.562500
vt 0.461360 0.562500
vt 0.461360 0.625000
vt 0.437796 0.625000
vt 0.397180 0.000000
vt 0.389786 1.000000
vt 0.389786 0.000000
vt 0.382393 1.000000
vt 0.390591 0.062500
vt 0.382494 0.062500
vt 0.374435 0.562500
vt 0.371505 0.625000
vt 0.487443 0.437500
vt 0.487443 0.500000
vt 0.391467 0.312500
vt 0.402850 0.312500
vt 0.402850 0.375000
vt 0.391466 0.375000
vt 0.418013 0.500000
vt 0.418013 0.562500
vt 0.418013 0.625000
vt 0.437796 0.312500
vt 0.461360 0.312500
vt 0.461360 0.375000
vt 0.437796 0.375000
vt 0.418013 0.250000
vt 0.382603 0.312500
vt 0.461325 0.187500
vt 0.487439 0.187500
vt 0.487443 0.250000
vt 0.461360 0.250000
vt 0.402045 0.125000
vt 0.391186 0.125000
vt 0.382568 0.125000
vt 0.418013 0.312500
vt 0.418013 0.375000
vt 0.418013 0.437500
vt 0.437796 0.687500
vt 0.437796 0.750000
vt 0.461325 0.812500
vt 0.461080 0.875000
vt 0.382568 0.125000
vt 0.382494 0.062500
vt 0.514786 0.187500
vt 0.514786 0.125000
vt 0.487408 0.125000
vt 0.437696 0.812500
vt 0.436991 0.875000
vt 0.459680 1.000000
vt 0.487233 0.000000
vt 0.487233 1.000000
vt 0.514786 0.000000
vt 0.460485 0.937500
vt 0.437796 0.250000
vt 0.542340 0.937500
vt 0.514786 0.937500
vt 0.542340 0.125000
vt 0.542340 0.187500
vt 0.569893 0.187500
vt 0.514786 0.312500
vt 0.542340 0.312500
vt 0.542340 0.250000
vt 0.514786 0.250000
vt 0.514786 0.062500
vt 0.487334 0.062500
vt 0.349695 0.687500
vt 0.374435 0.687500
vt 0.380307 0.750000
vt 0.390701 0.750000
vt 0.389266 0.687500
vt 0.542340 0.062500
vt 0.569893 0.062500
vt 0.569893 0.937500
vt 0.812743 0.625000
vt 0.542514 0.562500
vt 0.542401 0.500000
vt 0.514786 0.500000
vt 0.625000 0.000000
vt 0.542340 0.375000
vt 0.542347 0.437500
vt 0.569954 0.437500
vt 0.569893 0.375000
vt 0.597447 0.062500
vt 0.602626 0.562500
vt 0.598903 0.500000
vt 0.570379 0.500000
vt 0.569893 0.250000
vt 0.597447 0.250000
vt 0.597447 0.187500
vt 0.514786 0.375000
vt 0.487443 0.375000
vt 0.569893 0.312500
vt 0.751335 0.562500
vt 0.597576 0.437500
vt 0.694538 0.625000
vt 0.692551 0.562500
vt 0.641048 0.562500
vt 0.644415 0.625000
vt 0.542514 0.687500
vt 0.571289 0.687500
vt 0.571835 0.625000
vt 0.514786 0.437500
vt 0.569954 0.812500
vt 0.597576 0.812500
vt 0.598903 0.750000
vt 0.514786 0.625000
vt 0.487443 0.562500
vt 0.487443 0.625000
vt 0.597447 0.312500
vt 0.542347 0.812500
vt 0.542401 0.750000
vt 0.514786 0.750000
vt 0.487443 0.437500
vt 0.602626 0.687500
vt 0.604484 0.625000
vt 0.641048 0.687500
vt 0.569893 0.875000
vt 0.514786 0.687500
vt 0.487439 0.812500
vt 0.487443 0.687500
vt 0.418013 0.500000
vt 0.437796 0.437500
vt 0.418013 0.437500
vt 0.597447 0.937500
vt 0.390701 0.500000
vt 0.391371 0.437500
vt 0.382400 0.437500
vt 0.187237 0.687500
vt 0.382603 0.250000
vt 0.382599 0.187500
vt 0.390591 0.062500
vt 0.400194 0.062500
vt 0.391466 0.250000
vt 0.391431 0.187500
vt 0.301402 0.625000
vt 0.382494 0.937500
vt 0.375000 1.000000
vt 0.435141 0.937500
vt 0.461360 0.562500
vt 0.461360 0.625000
vt 0.349695 0.562500
vt 0.461360 0.312500
vt 0.461360 0.375000
vt 0.436991 0.875000
vt 0.416893 0.875000
vt 0.437696 0.187500
vt 0.436991 0.125000
vt 0.416893 0.125000
vt 0.417873 0.187500
vt 0.418013 0.750000
vt 0.437796 0.750000
vt 0.437796 0.687500
vt 0.418013 0.687500
vt 0.382396 0.812500
vt 0.382568 0.875000
vt 0.391336 0.812500
vt 0.390591 0.937500
vt 0.402045 0.875000
vt 0.402737 0.812500
vt 0.461325 0.812500
vt 0.400194 0.937500
vt 0.417873 0.812500
vt 0.402754 0.750000
vt 0.382603 0.312500
vt 0.382603 0.375000
vt 0.391466 0.375000
vt 0.391467 0.312500
vt 0.388405 0.625000
vt 0.402575 0.562500
vt 0.418013 0.625000
vt 0.402575 0.687500
vt 0.437796 0.562500
vt 0.413953 0.062500
vt 0.418013 0.562500
vt 0.402754 0.500000
vt 0.402850 0.312500
vt 0.418013 0.375000
vt 0.391186 0.125000
vt 0.437796 0.312500
vt 0.418013 0.312500
vt 0.418013 0.250000
vt 0.435141 0.062500
vt 0.461080 0.125000
vt 0.460485 0.062500
vt 0.402045 0.125000
vt 0.402749 0.187500
vt 0.460485 0.937500
vt 0.461360 0.750000
vt 0.461360 0.687500
vt 0.487443 0.750000
vt 0.461360 0.437500
vt 0.487443 0.500000
vt 0.461360 0.250000
vt 0.461325 0.187500
vt 0.487443 0.250000
s 1
usemtl Zapatos
f 5620/5094/5332 5621/5095/5333 5624/5096/5334 5623/5097/5335
f 5670/5098/5336 5455/5099/5337 5418/5100/5338 5484/5101/5339
f 5430/5102/5340 5514/5103/5341 5626/5104/5342 5527/5105/5343
f 5429/5106/5344 5452/5107/5345 5617/5108/5346 5530/5109/5347
f 5452/5110/5345 5453/5111/5348 5618/5112/5349 5617/5108/5346
f 5453/5113/5348 5454/5114/5350 5619/5115/5351 5618/5112/5349
f 5454/5116/5350 5418/5117/5338 5455/5099/5337 5619/5115/5351
f 5457/5118/5352 5456/5119/5353 5667/5120/5354 5664/5121/5355
f 5455/5122/5337 5456/5123/5353 5622/5124/5356 5619/5115/5351
f 5686/5125/5357 5687/5126/5358 5477/5127/5359 5478/5128/5360
f 5456/5119/5353 5457/5118/5352 5625/5129/5361 5622/5124/5356
f 5635/5130/5362 5636/5131/5363 5639/5132/5364 5638/5133/5365
f 5625/5129/5361 5457/5134/5352 5420/5135/5366 5512/5136/5367
f 5512/5136/5367 5513/5137/5368 5624/5096/5334 5625/5129/5361
f 5638/5133/5365 5639/5132/5364 5642/5138/5369 5641/5139/5370
f 5513/5137/5368 5514/5103/5341 5623/5097/5335 5624/5096/5334
f 5623/5097/5335 5514/5103/5341 5430/5102/5340 5532/5140/5371
f 5532/5140/5371 5531/5141/5372 5620/5094/5332 5623/5097/5335
f 5531/5141/5372 5530/5109/5347 5617/5108/5346 5620/5094/5332
f 5627/5142/5373 5628/5143/5374 5631/5144/5375 5630/5145/5376
f 5420/5135/5366 5457/5134/5352 5664/5121/5355 5464/5146/5377
f 5730/5147/5378 5727/5148/5379 5527/5105/5343 5528/5149/5380
f 5516/5150/5381 5515/5151/5382 5637/5152/5383 5636/5131/5363
f 5431/5153/5384 5517/5154/5385 5635/5130/5362 5524/5155/5386
f 5630/5145/5376 5631/5144/5375 5634/5156/5387 5633/5157/5388
f 5420/5158/5366 5464/5146/5377 5628/5143/5374 5512/5136/5367
f 5464/5159/5377 5465/5160/5389 5631/5144/5375 5628/5143/5374
f 5465/5161/5389 5466/5162/5390 5634/5156/5387 5631/5144/5375
f 5634/5156/5387 5466/5163/5390 5424/5164/5391 5515/5151/5382
f 5515/5151/5382 5516/5150/5381 5633/5157/5388 5634/5156/5387
f 5647/5165/5392 5648/5166/5393 5651/5167/5394 5650/5168/5395
f 5516/5150/5381 5517/5154/5385 5632/5169/5396 5633/5157/5388
f 5632/5169/5396 5517/5154/5385 5431/5153/5384 5529/5170/5397
f 5529/5170/5397 5528/5149/5380 5629/5171/5398 5632/5169/5396
f 5528/5149/5380 5527/5105/5343 5626/5104/5342 5629/5171/5398
f 5636/5131/5363 5637/5152/5383 5640/5172/5399 5639/5132/5364
f 5424/5164/5391 5466/5163/5390 5662/5173/5400 5473/5174/5401
f 5721/5175/5402 5718/5176/5403 5524/5155/5386 5525/5177/5404
f 5519/5178/5405 5518/5179/5406 5646/5180/5407 5645/5181/5408
f 5432/5182/5409 5520/5183/5410 5644/5184/5411 5521/5185/5412
f 5639/5132/5364 5640/5172/5399 5643/5186/5413 5642/5138/5369
f 5424/5164/5391 5473/5174/5401 5637/5152/5383 5515/5151/5382
f 5473/5174/5401 5474/5187/5414 5640/5172/5399 5637/5152/5383
f 5671/5188/5415 5672/5189/5416 5675/5190/5417 5674/5191/5418
f 5474/5187/5414 5475/5192/5419 5643/5186/5413 5640/5172/5399
f 5705/5193/5420 5706/5194/5421 5458/5195/5422 5459/5196/5423
f 5643/5186/5413 5475/5192/5419 5422/5197/5424 5518/5179/5406
f 5518/5179/5406 5519/5178/5405 5642/5138/5369 5643/5186/5413
f 5688/5198/5425 5502/5199/5426 5428/5200/5427 5476/5201/5428
f 5519/5178/5405 5520/5183/5410 5641/5139/5370 5642/5138/5369
f 5641/5139/5370 5520/5183/5410 5432/5182/5409 5526/5202/5429
f 5731/5203/5430 5732/5204/5431 5492/5205/5432 5493/5206/5433
f 5735/5207/5434 5736/5208/5435 5739/5209/5436 5738/5210/5437
f 5526/5202/5429 5525/5177/5404 5638/5133/5365 5641/5139/5370
f 5525/5177/5404 5524/5155/5386 5635/5130/5362 5638/5133/5365
f 5645/5181/5408 5646/5180/5407 5649/5211/5438 5648/5166/5393
f 5422/5197/5424 5475/5192/5419 5668/5212/5439 5482/5213/5440
f 5712/5214/5441 5709/5215/5442 5521/5185/5412 5522/5216/5443
f 5695/5217/5444 5469/5218/5445 5423/5219/5446 5461/5220/5447
f 5654/5221/5448 5655/5222/5449 5658/5223/5450 5657/5224/5451
f 5735/5207/5434 5734/5225/5452 5509/5226/5453 5510/5227/5454
f 5715/5228/5455 5712/5214/5441 5522/5216/5443 5523/5229/5456
f 5648/5166/5393 5649/5211/5438 5652/5230/5457 5651/5167/5394
f 5422/5197/5424 5482/5213/5440 5646/5180/5407 5518/5179/5406
f 5482/5231/5440 5483/5232/5458 5649/5211/5438 5646/5180/5407
f 5483/5233/5458 5484/5234/5339 5652/5230/5457 5649/5211/5438
f 5629/5171/5398 5630/5145/5376 5633/5157/5388 5632/5169/5396
f 5523/5229/5456 5522/5216/5443 5647/5165/5392 5650/5168/5395
f 5522/5216/5443 5521/5185/5412 5644/5184/5411 5647/5165/5392
f 5692/5235/5459 5695/5217/5444 5461/5236/5447 5462/5237/5460
f 5704/5238/5461 5460/5239/5462 5419/5240/5463 5449/5241/5464
f 5653/5242/5465 5654/5221/5448 5657/5224/5451 5656/5243/5466
f 5656/5243/5466 5657/5224/5451 5660/5244/5467 5659/5245/5468
f 5696/5246/5469 5697/5247/5470 5467/5248/5471 5468/5249/5472
f 5662/5173/5400 5663/5250/5473 5666/5251/5474 5665/5252/5475
f 5677/5253/5476 5485/5254/5477 5417/5255/5478 5479/5256/5479
f 5449/5241/5464 5419/5257/5463 5463/5258/5480 5653/5242/5465
f 5466/5162/5390 5465/5161/5389 5663/5250/5473 5662/5173/5400
f 5463/5259/5480 5462/5260/5460 5654/5221/5448 5653/5242/5465
f 5462/5237/5460 5461/5236/5447 5655/5222/5449 5654/5221/5448
f 5687/5126/5358 5688/5198/5425 5476/5201/5428 5477/5127/5359
f 5461/5220/5447 5423/5219/5446 5472/5261/5481 5655/5222/5449
f 5475/5192/5419 5474/5187/5414 5665/5252/5475 5668/5212/5439
f 5472/5261/5481 5471/5262/5482 5658/5223/5450 5655/5222/5449
f 5471/5262/5482 5470/5263/5483 5661/5264/5484 5658/5223/5450
f 5661/5264/5484 5470/5263/5483 5421/5265/5485 5481/5266/5486
f 5484/5234/5339 5483/5233/5458 5669/5267/5487 5670/5098/5336
f 5481/5268/5486 5480/5269/5488 5660/5244/5467 5661/5264/5484
f 5480/5270/5488 5479/5271/5479 5659/5245/5468 5660/5244/5467
f 5417/5272/5478 5451/5273/5489 5659/5245/5468 5479/5256/5479
f 5451/5274/5489 5450/5275/5490 5656/5243/5466 5659/5245/5468
f 5450/5276/5490 5449/5277/5464 5653/5242/5465 5656/5243/5466
f 5663/5250/5473 5664/5121/5355 5667/5120/5354 5666/5251/5474
f 5686/5125/5357 5478/5128/5360 5421/5265/5485 5470/5263/5483
f 5672/5189/5416 5673/5278/5491 5676/5279/5492 5675/5190/5417
f 5508/5280/5493 5507/5281/5494 5737/5282/5495 5740/5283/5496
f 5665/5252/5475 5666/5251/5474 5669/5267/5487 5668/5212/5439
f 5666/5251/5474 5667/5120/5354 5670/5098/5336 5669/5267/5487
f 5734/5225/5452 5735/5207/5434 5738/5210/5437 5737/5282/5495
f 5626/5104/5342 5627/5142/5373 5630/5145/5376 5629/5171/5398
f 5644/5184/5411 5645/5181/5408 5648/5166/5393 5647/5165/5392
f 5723/5284/5497 5724/5285/5498 5494/5286/5499 5495/5287/5500
f 5675/5190/5417 5676/5279/5492 5679/5288/5501 5678/5289/5502
f 5425/5290/5503 5499/5291/5504 5713/5292/5505 5509/5293/5453
f 5506/5294/5506 5700/5295/5507 5487/5296/5508 5425/5297/5503
f 5681/5298/5509 5682/5299/5510 5685/5300/5511 5684/5301/5512
f 5421/5265/5485 5478/5128/5360 5671/5188/5415 5481/5266/5486
f 5478/5128/5360 5477/5127/5359 5672/5189/5416 5671/5188/5415
f 5477/5127/5359 5476/5201/5428 5673/5278/5491 5672/5189/5416
f 5476/5201/5428 5428/5200/5427 5497/5302/5513 5673/5278/5491
f 5497/5302/5513 5498/5303/5514 5676/5279/5492 5673/5278/5491
f 5716/5304/5515 5717/5305/5516 5720/5306/5517 5719/5307/5518
f 5498/5303/5514 5499/5291/5504 5679/5288/5501 5676/5279/5492
f 5695/5217/5444 5696/5246/5469 5468/5249/5472 5469/5218/5445
f 5425/5297/5503 5487/5296/5508 5679/5288/5501 5499/5291/5504
f 5487/5308/5508 5486/5309/5519 5678/5289/5502 5679/5288/5501
f 5486/5310/5519 5485/5311/5477 5677/5253/5476 5678/5289/5502
f 5699/5312/5520 5698/5313/5521 5485/5311/5477 5486/5310/5519
f 5680/5314/5522 5681/5298/5509 5684/5301/5512 5683/5315/5523
f 5700/5295/5507 5699/5312/5520 5486/5309/5519 5487/5308/5508
f 5732/5204/5431 5733/5316/5524 5491/5317/5525 5492/5205/5432
f 5684/5301/5512 5685/5300/5511 5688/5198/5425 5687/5126/5358
f 5690/5318/5526 5691/5319/5527 5694/5320/5528 5693/5321/5529
f 5423/5219/5446 5469/5218/5445 5680/5314/5522 5472/5261/5481
f 5469/5218/5445 5468/5249/5472 5681/5298/5509 5680/5314/5522
f 5468/5249/5472 5467/5248/5471 5682/5299/5510 5681/5298/5509
f 5467/5248/5471 5427/5322/5530 5500/5323/5531 5682/5299/5510
f 5500/5323/5531 5501/5324/5532 5685/5300/5511 5682/5299/5510
f 5725/5325/5533 5726/5326/5534 5729/5327/5535 5728/5328/5536
f 5501/5324/5532 5502/5199/5426 5688/5198/5425 5685/5300/5511
f 5706/5194/5421 5508/5280/5493 5426/5329/5537 5458/5195/5422
f 5483/5232/5458 5482/5231/5440 5668/5212/5439 5669/5267/5487
f 5689/5330/5538 5690/5318/5526 5693/5321/5529 5692/5235/5459
f 5704/5238/5461 5705/5193/5420 5459/5196/5423 5460/5239/5462
f 5741/5331/5539 5742/5332/5540 5488/5333/5541 5489/5334/5542
f 5693/5321/5529 5694/5320/5528 5697/5247/5470 5696/5246/5469
f 5699/5312/5520 5700/5295/5507 5703/5335/5543 5702/5336/5544
f 5419/5257/5463 5460/5239/5462 5689/5330/5538 5463/5258/5480
f 5460/5239/5462 5459/5196/5423 5690/5318/5526 5689/5330/5538
f 5701/5337/5545 5704/5238/5461 5449/5277/5464 5450/5276/5490
f 5459/5196/5423 5458/5195/5422 5691/5319/5527 5690/5318/5526
f 5458/5195/5422 5426/5329/5537 5503/5338/5546 5691/5319/5527
f 5503/5338/5546 5504/5339/5547 5694/5320/5528 5691/5319/5527
f 5504/5339/5547 5505/5340/5548 5697/5247/5470 5694/5320/5528
f 5474/5187/5414 5473/5174/5401 5662/5173/5400 5665/5252/5475
f 5698/5313/5521 5699/5312/5520 5702/5336/5544 5701/5337/5545
f 5702/5336/5544 5703/5335/5543 5706/5194/5421 5705/5193/5420
f 5502/5199/5426 5722/5341/5549 5496/5342/5550 5428/5200/5427
f 5708/5343/5551 5709/5215/5442 5712/5214/5441 5711/5344/5552
f 5689/5330/5538 5692/5235/5459 5462/5260/5460 5463/5259/5480
f 5701/5337/5545 5702/5336/5544 5705/5193/5420 5704/5238/5461
f 5535/5273/5553 5534/5276/5554 5825/5345/5555 5824/5346/5556
f 5506/5294/5506 5507/5281/5494 5703/5335/5543 5700/5295/5507
f 5616/5347/5557 5615/5348/5558 5867/5349/5559 5868/5332/5560
f 5507/5281/5494 5508/5280/5493 5706/5194/5421 5703/5335/5543
f 5465/5160/5389 5464/5159/5377 5664/5121/5355 5663/5250/5473
f 5707/5350/5561 5708/5343/5551 5711/5344/5552 5710/5351/5562
f 5722/5341/5549 5723/5284/5497 5495/5287/5500 5496/5342/5550
f 5454/5114/5350 5453/5113/5348 5651/5167/5394 5652/5230/5457
f 5724/5285/5498 5526/5202/5429 5432/5182/5409 5494/5286/5499
f 5717/5305/5516 5718/5176/5403 5721/5175/5402 5720/5306/5517
f 5428/5200/5427 5496/5342/5550 5707/5350/5561 5497/5302/5513
f 5496/5342/5550 5495/5287/5500 5708/5343/5551 5707/5350/5561
f 5736/5208/5435 5735/5207/5434 5510/5352/5454 5511/5353/5563
f 5495/5287/5500 5494/5286/5499 5709/5215/5442 5708/5343/5551
f 5530/5109/5347 5736/5208/5435 5511/5354/5563 5429/5355/5344
f 5494/5286/5499 5432/5182/5409 5521/5185/5412 5709/5215/5442
f 5505/5340/5548 5731/5203/5430 5493/5206/5433 5427/5322/5530
f 5429/5355/5344 5511/5354/5563 5715/5228/5455 5523/5229/5456
f 5511/5353/5563 5510/5352/5454 5714/5356/5564 5715/5228/5455
f 5724/5285/5498 5721/5175/5402 5525/5177/5404 5526/5202/5429
f 5510/5227/5454 5509/5226/5453 5713/5292/5505 5714/5356/5564
f 5501/5324/5532 5500/5323/5531 5716/5304/5515 5719/5307/5518
f 5502/5199/5426 5501/5324/5532 5719/5307/5518 5722/5341/5549
f 5697/5247/5470 5505/5340/5548 5427/5322/5530 5467/5248/5471
f 5733/5316/5524 5529/5170/5397 5431/5153/5384 5491/5317/5525
f 5726/5326/5534 5727/5148/5379 5730/5147/5378 5729/5327/5535
f 5427/5322/5530 5493/5206/5433 5716/5304/5515 5500/5323/5531
f 5493/5206/5433 5492/5205/5432 5717/5305/5516 5716/5304/5515
f 5740/5283/5496 5741/5331/5539 5489/5334/5542 5490/5357/5565
f 5492/5205/5432 5491/5317/5525 5718/5176/5403 5717/5305/5516
f 5508/5280/5493 5740/5283/5496 5490/5357/5565 5426/5329/5537
f 5491/5317/5525 5431/5153/5384 5524/5155/5386 5718/5176/5403
f 5504/5339/5547 5503/5338/5546 5725/5325/5533 5728/5328/5536
f 5498/5303/5514 5497/5302/5513 5707/5350/5561 5710/5351/5562
f 5499/5291/5504 5498/5303/5514 5710/5351/5562 5713/5292/5505
f 5505/5340/5548 5504/5339/5547 5728/5328/5536 5731/5203/5430
f 5742/5332/5540 5532/5140/5371 5430/5102/5340 5488/5333/5541
f 5426/5329/5537 5490/5357/5565 5725/5325/5533 5503/5338/5546
f 5490/5357/5565 5489/5334/5542 5726/5326/5534 5725/5325/5533
f 5489/5334/5542 5488/5333/5541 5727/5148/5379 5726/5326/5534
f 5488/5333/5541 5430/5102/5340 5527/5105/5343 5727/5148/5379
f 5772/5358/5566 5607/5359/5567 5445/5355/5568 5536/5110/5569
f 5733/5316/5524 5730/5147/5378 5528/5149/5380 5529/5170/5397
f 5507/5281/5494 5506/5294/5506 5734/5225/5452 5737/5282/5495
f 5506/5294/5506 5425/5290/5503 5509/5293/5453 5734/5225/5452
f 5744/5360/5570 5745/5361/5571 5748/5362/5572 5747/5095/5573
f 5737/5282/5495 5738/5210/5437 5741/5331/5539 5740/5283/5496
f 5738/5210/5437 5739/5209/5436 5742/5332/5540 5741/5331/5539
f 5611/5363/5574 5752/5364/5575 5598/5365/5576 5446/5366/5577
f 5615/5348/5558 5614/5367/5578 5866/5368/5579 5867/5349/5559
f 5555/5262/5580 5554/5369/5581 5808/5370/5582 5807/5315/5583
f 5562/5371/5584 5561/5372/5585 5811/5373/5586 5808/5370/5582
f 5742/5332/5540 5739/5209/5436 5531/5141/5372 5532/5140/5371
f 5743/5374/5587 5744/5360/5570 5747/5095/5573 5746/5375/5588
f 5775/5376/5589 5772/5358/5566 5536/5107/5569 5537/5113/5590
f 5794/5121/5591 5795/5377/5592 5540/5123/5593 5541/5134/5594
f 5608/5155/5595 5761/5378/5596 5601/5379/5597 5447/5380/5598
f 5796/5098/5599 5568/5234/5600 5434/5381/5601 5539/5122/5602
f 5753/5382/5603 5754/5383/5604 5757/5384/5605 5756/5385/5606
f 5536/5110/5569 5445/5355/5568 5614/5367/5578 5743/5374/5587
f 5614/5367/5578 5615/5348/5558 5744/5360/5570 5743/5374/5587
f 5615/5348/5558 5616/5347/5557 5745/5361/5571 5744/5360/5570
f 5746/5375/5588 5747/5095/5573 5750/5124/5607 5749/5386/5608
f 5446/5366/5577 5598/5365/5576 5745/5361/5571 5616/5347/5557
f 5764/5131/5609 5767/5387/5610 5599/5388/5611 5600/5389/5612
f 5598/5365/5576 5597/5390/5613 5748/5362/5572 5745/5361/5571
f 5597/5390/5613 5596/5391/5614 5751/5392/5615 5748/5362/5572
f 5612/5393/5616 5611/5363/5574 5857/5148/5617 5858/5394/5618
f 5436/5158/5619 5541/5118/5594 5751/5392/5615 5596/5391/5614
f 5541/5134/5594 5540/5123/5593 5750/5124/5607 5751/5392/5615
f 5540/5119/5593 5539/5099/5602 5749/5386/5608 5750/5124/5607
f 5434/5100/5601 5538/5114/5620 5749/5386/5608 5539/5122/5602
f 5538/5116/5620 5537/5111/5590 5746/5375/5588 5749/5386/5608
f 5537/5113/5590 5536/5107/5569 5743/5374/5587 5746/5375/5588
f 5752/5364/5575 5753/5382/5603 5756/5385/5606 5755/5395/5621
f 5791/5396/5622 5794/5121/5591 5548/5146/5623 5549/5161/5624
f 5756/5385/5606 5757/5384/5605 5760/5397/5625 5759/5144/5626
f 5789/5398/5627 5788/5399/5628 5557/5400/5629 5558/5401/5630
f 5557/5400/5629 5788/5399/5628 5550/5162/5631 5440/5164/5632
f 5762/5133/5633 5763/5402/5634 5766/5403/5635 5765/5404/5636
f 5611/5363/5574 5612/5393/5616 5753/5382/5603 5752/5364/5575
f 5612/5393/5616 5613/5405/5637 5754/5383/5604 5753/5382/5603
f 5447/5380/5598 5601/5379/5597 5754/5383/5604 5613/5405/5637
f 5773/5406/5638 5776/5407/5639 5602/5408/5640 5603/5178/5641
f 5601/5379/5597 5600/5389/5612 5757/5384/5605 5754/5383/5604
f 5747/5095/5573 5748/5362/5572 5751/5392/5615 5750/5124/5607
f 5600/5389/5612 5599/5388/5611 5760/5397/5625 5757/5384/5605
f 5609/5409/5642 5608/5155/5595 5848/5410/5643 5849/5411/5644
f 5440/5164/5632 5550/5162/5631 5760/5397/5625 5599/5388/5611
f 5550/5163/5631 5549/5160/5624 5759/5144/5626 5760/5397/5625
f 5549/5161/5624 5548/5146/5623 5758/5412/5645 5759/5144/5626
f 5758/5412/5645 5548/5159/5623 5436/5135/5619 5596/5391/5614
f 5605/5185/5646 5770/5413/5647 5604/5414/5648 5448/5415/5649
f 5788/5399/5628 5791/5396/5622 5549/5160/5624 5550/5163/5631
f 5613/5405/5637 5612/5393/5616 5858/5394/5618 5859/5416/5650
f 5765/5404/5636 5766/5403/5635 5769/5417/5651 5768/5418/5652
f 5793/5267/5653 5790/5212/5654 5566/5213/5655 5567/5233/5656
f 5566/5231/5655 5790/5212/5654 5559/5419/5657 5438/5197/5658
f 5771/5165/5659 5772/5358/5566 5775/5376/5589 5774/5420/5660
f 5608/5155/5595 5609/5409/5642 5762/5133/5633 5761/5378/5596
f 5609/5409/5642 5610/5421/5661 5763/5402/5634 5762/5133/5633
f 5448/5415/5649 5604/5414/5648 5763/5402/5634 5610/5421/5661
f 5604/5414/5648 5603/5178/5641 5766/5403/5635 5763/5402/5634
f 5603/5178/5641 5602/5408/5640 5769/5417/5651 5766/5403/5635
f 5606/5216/5662 5605/5185/5646 5839/5422/5663 5840/5214/5664
f 5438/5197/5658 5559/5419/5657 5769/5417/5651 5602/5408/5640
f 5559/5419/5657 5558/5401/5630 5768/5418/5652 5769/5417/5651
f 5558/5401/5630 5557/5400/5629 5767/5387/5610 5768/5418/5652
f 5767/5387/5610 5557/5400/5629 5440/5164/5632 5599/5388/5611
f 5790/5212/5654 5789/5398/5627 5558/5401/5630 5559/5419/5657
f 5610/5421/5661 5609/5409/5642 5849/5411/5644 5850/5423/5665
f 5773/5406/5638 5774/5420/5660 5777/5211/5666 5776/5407/5639
f 5443/5424/5667 5577/5206/5668 5853/5425/5669 5589/5426/5670
f 5774/5420/5660 5775/5376/5589 5778/5427/5671 5777/5211/5666
f 5553/5218/5672 5552/5428/5673 5820/5429/5674 5817/5430/5675
f 5780/5243/5450 5781/5431/5484 5784/5244/5467 5783/5224/5451
f 5605/5185/5646 5606/5216/5662 5771/5165/5659 5770/5413/5647
f 5606/5216/5662 5607/5359/5567 5772/5358/5566 5771/5165/5659
f 5433/5255/5676 5535/5274/5553 5824/5346/5556 5569/5311/5677
f 5533/5277/5678 5435/5257/5679 5544/5432/5680 5826/5433/5681
f 5571/5296/5682 5570/5310/5683 5827/5434/5684 5830/5435/5685
f 5568/5101/5600 5567/5232/5656 5777/5211/5666 5778/5427/5671
f 5544/5432/5680 5543/5436/5686 5829/5437/5687 5826/5433/5681
f 5567/5233/5656 5566/5213/5655 5776/5407/5639 5777/5211/5666
f 5776/5407/5639 5566/5231/5655 5438/5197/5658 5602/5408/5640
f 5534/5275/5554 5533/5241/5678 5826/5433/5681 5825/5345/5555
f 5796/5098/5599 5793/5267/5653 5567/5232/5656 5568/5101/5600
f 5607/5359/5567 5606/5216/5662 5840/5214/5664 5841/5228/5688
f 5782/5221/5448 5783/5224/5451 5786/5438/5466 5785/5222/5465
f 5563/5271/5689 5433/5272/5676 5569/5311/5677 5799/5439/5690
f 5435/5257/5679 5533/5277/5678 5779/5242/5449 5547/5259/5691
f 5533/5241/5678 5534/5275/5554 5780/5243/5450 5779/5242/5449
f 5534/5276/5554 5535/5273/5553 5781/5431/5484 5780/5243/5450
f 5535/5274/5553 5433/5440/5676 5563/5271/5689 5781/5431/5484
f 5795/5377/5592 5796/5098/5599 5539/5099/5602 5540/5119/5593
f 5563/5256/5689 5564/5269/5692 5784/5244/5467 5781/5431/5484
f 5593/5226/5693 5835/5441/5694 5583/5291/5695 5441/5297/5696
f 5564/5270/5692 5565/5266/5697 5787/5264/5468 5784/5244/5467
f 5437/5265/5698 5554/5369/5581 5787/5264/5468 5565/5268/5697
f 5554/5369/5581 5555/5262/5580 5786/5438/5466 5787/5264/5468
f 5845/5442/5699 5846/5443/5700 5849/5411/5644 5848/5410/5643
f 5555/5262/5580 5556/5444/5701 5785/5222/5465 5786/5438/5466
f 5439/5219/5702 5545/5236/5703 5785/5222/5465 5556/5444/5701
f 5545/5220/5703 5546/5260/5704 5782/5221/5448 5785/5222/5465
f 5854/5445/5705 5855/5446/5706 5858/5394/5618 5857/5148/5617
f 5546/5237/5704 5547/5258/5691 5779/5242/5449 5782/5221/5448
f 5788/5399/5628 5789/5398/5627 5792/5251/5707 5791/5396/5622
f 5792/5251/5707 5793/5267/5653 5796/5098/5599 5795/5377/5592
f 5835/5441/5694 5834/5447/5708 5582/5448/5709 5583/5291/5695
f 5791/5396/5622 5792/5251/5707 5795/5377/5592 5794/5121/5591
f 5862/5449/5710 5861/5450/5711 5591/5451/5712 5592/5452/5713
f 5570/5309/5683 5569/5254/5677 5824/5346/5556 5827/5434/5684
f 5444/5453/5714 5580/5454/5715 5844/5455/5716 5586/5456/5717
f 5797/5457/5718 5798/5458/5719 5801/5190/5720 5800/5459/5721
f 5798/5458/5719 5799/5439/5690 5802/5460/5722 5801/5190/5720
f 5800/5459/5721 5801/5190/5720 5804/5461/5723 5803/5462/5724
f 5833/5350/5725 5834/5447/5708 5837/5344/5726 5836/5463/5727
f 5562/5371/5584 5437/5265/5698 5565/5268/5697 5797/5457/5718
f 5801/5190/5720 5802/5460/5722 5805/5464/5728 5804/5461/5723
f 5569/5254/5677 5570/5309/5683 5802/5460/5722 5799/5439/5690
f 5570/5310/5683 5571/5296/5682 5805/5464/5728 5802/5460/5722
f 5805/5464/5728 5571/5308/5682 5441/5290/5696 5583/5291/5695
f 5583/5291/5695 5582/5448/5709 5804/5461/5723 5805/5464/5728
f 5582/5448/5709 5581/5465/5729 5803/5462/5724 5804/5461/5723
f 5444/5453/5714 5560/5466/5730 5803/5462/5724 5581/5465/5729
f 5560/5466/5730 5561/5372/5585 5800/5459/5721 5803/5462/5724
f 5815/5467/5731 5816/5468/5732 5819/5469/5733 5818/5470/5734
f 5561/5372/5585 5562/5371/5584 5797/5457/5718 5800/5459/5721
f 5564/5269/5692 5563/5256/5689 5799/5439/5690 5798/5458/5719
f 5565/5266/5697 5564/5270/5692 5798/5458/5719 5797/5457/5718
f 5807/5315/5583 5808/5370/5582 5811/5373/5586 5810/5471/5735
f 5809/5298/5736 5810/5471/5735 5813/5300/5737 5812/5472/5738
f 5844/5455/5716 5843/5307/5739 5585/5473/5740 5586/5456/5717
f 5553/5218/5672 5439/5219/5702 5556/5444/5701 5806/5314/5741
f 5810/5471/5735 5811/5373/5586 5814/5474/5742 5813/5300/5737
f 5834/5447/5708 5833/5350/5725 5581/5465/5729 5582/5448/5709
f 5842/5475/5743 5843/5307/5739 5846/5443/5700 5845/5442/5699
f 5441/5290/5696 5571/5308/5682 5830/5435/5685 5590/5476/5744
f 5586/5456/5717 5585/5473/5740 5813/5300/5737 5814/5474/5742
f 5585/5473/5740 5584/5477/5745 5812/5472/5738 5813/5300/5737
f 5443/5424/5667 5551/5478/5746 5812/5472/5738 5584/5477/5745
f 5551/5478/5746 5552/5428/5673 5809/5298/5736 5812/5472/5738
f 5552/5428/5673 5553/5218/5672 5806/5314/5741 5809/5298/5736
f 5816/5468/5732 5817/5430/5675 5820/5429/5674 5819/5469/5733
f 5818/5470/5734 5819/5469/5733 5822/5320/5747 5821/5479/5748
f 5853/5425/5669 5852/5328/5536 5588/5480/5749 5589/5426/5670
f 5824/5346/5556 5825/5345/5555 5828/5481/5750 5827/5434/5684
f 5544/5432/5680 5435/5240/5679 5547/5259/5691 5815/5467/5731
f 5819/5469/5733 5820/5429/5674 5823/5247/5751 5822/5320/5747
f 5843/5307/5739 5842/5475/5743 5584/5477/5745 5585/5473/5740
f 5851/5482/5752 5852/5328/5536 5855/5446/5706 5854/5445/5705
f 5589/5426/5670 5588/5480/5749 5822/5320/5747 5823/5247/5751
f 5588/5480/5749 5587/5483/5753 5821/5479/5748 5822/5320/5747
f 5442/5484/5754 5542/5195/5755 5821/5479/5748 5587/5483/5753
f 5542/5195/5755 5543/5436/5686 5818/5470/5734 5821/5479/5748
f 5860/5485/5756 5861/5450/5711 5864/5486/5757 5863/5487/5758
f 5543/5436/5686 5544/5432/5680 5815/5467/5731 5818/5470/5734
f 5827/5434/5684 5828/5481/5750 5831/5488/5759 5830/5435/5685
f 5828/5481/5750 5829/5437/5687 5832/5489/5760 5831/5488/5759
f 5554/5369/5581 5437/5265/5698 5562/5371/5584 5808/5370/5582
f 5861/5450/5711 5860/5485/5756 5590/5476/5744 5591/5451/5712
f 5852/5328/5536 5851/5482/5752 5587/5483/5753 5588/5480/5749
f 5834/5447/5708 5835/5441/5694 5838/5490/5761 5837/5344/5726
f 5825/5345/5555 5826/5433/5681 5829/5437/5687 5828/5481/5750
f 5592/5452/5713 5591/5451/5712 5831/5488/5759 5832/5489/5760
f 5442/5484/5754 5574/5357/5762 5862/5449/5710 5592/5452/5713
f 5591/5451/5712 5590/5476/5744 5830/5435/5685 5831/5488/5759
f 5618/5112/5349 5619/5115/5351 5622/5124/5356 5621/5095/5333
f 5860/5485/5756 5593/5226/5693 5441/5297/5696 5590/5476/5744
f 5806/5314/5741 5807/5315/5583 5810/5471/5735 5809/5298/5736
f 5580/5454/5715 5579/5491/5763 5847/5492/5764 5844/5455/5716
f 5580/5454/5715 5444/5453/5714 5581/5465/5729 5833/5350/5725
f 5837/5344/5726 5838/5490/5761 5841/5228/5688 5840/5214/5664
f 5836/5463/5727 5837/5344/5726 5840/5214/5664 5839/5422/5663
f 5593/5293/5693 5594/5352/5765 5838/5490/5761 5835/5441/5694
f 5650/5168/5395 5452/5107/5345 5429/5106/5344 5523/5229/5456
f 5594/5227/5765 5595/5354/5766 5841/5228/5688 5838/5490/5761
f 5548/5159/5623 5794/5121/5591 5541/5118/5594 5436/5135/5619
f 5841/5228/5688 5595/5353/5766 5445/5106/5568 5607/5359/5567
f 5755/5395/5621 5758/5412/5645 5596/5391/5614 5597/5390/5613
f 5764/5131/5609 5765/5404/5636 5768/5418/5652 5767/5387/5610
f 5448/5415/5649 5578/5493/5767 5839/5422/5663 5605/5185/5646
f 5578/5493/5767 5579/5491/5763 5836/5463/5727 5839/5422/5663
f 5579/5491/5763 5580/5454/5715 5833/5350/5725 5836/5463/5727
f 5577/5206/5668 5576/5205/5768 5856/5494/5769 5853/5425/5669
f 5577/5206/5668 5443/5424/5667 5584/5477/5745 5842/5475/5743
f 5846/5443/5700 5847/5492/5764 5850/5423/5665 5849/5411/5644
f 5843/5307/5739 5844/5455/5716 5847/5492/5764 5846/5443/5700
f 5755/5395/5621 5756/5385/5606 5759/5144/5626 5758/5412/5645
f 5447/5380/5598 5575/5495/5770 5848/5410/5643 5608/5155/5595
f 5575/5495/5770 5576/5205/5768 5845/5442/5699 5848/5410/5643
f 5576/5205/5768 5577/5206/5668 5842/5475/5743 5845/5442/5699
f 5574/5357/5762 5573/5496/5771 5865/5497/5772 5862/5449/5710
f 5574/5357/5762 5442/5484/5754 5587/5483/5753 5851/5482/5752
f 5855/5446/5706 5856/5494/5769 5859/5416/5650 5858/5394/5618
f 5446/5366/5577 5572/5498/5773 5857/5148/5617 5611/5363/5574
f 5572/5498/5773 5573/5496/5771 5854/5445/5705 5857/5148/5617
f 5573/5496/5771 5574/5357/5762 5851/5482/5752 5854/5445/5705
f 5595/5354/5766 5594/5227/5765 5863/5487/5758 5866/5368/5579
f 5418/5381/5338 5454/5116/5350 5652/5230/5457 5484/5101/5339
f 5453/5111/5348 5452/5110/5345 5650/5168/5395 5651/5167/5394
f 5863/5487/5758 5864/5486/5757 5867/5349/5559 5866/5368/5579
f 5864/5486/5757 5865/5497/5772 5868/5332/5560 5867/5349/5559
f 5594/5352/5765 5593/5293/5693 5860/5485/5756 5863/5487/5758
f 5617/5108/5346 5618/5112/5349 5621/5095/5333 5620/5094/5332
f 5674/5191/5418 5677/5253/5476 5479/5271/5479 5480/5270/5488
f 5698/5313/5521 5701/5337/5545 5450/5275/5490 5451/5274/5489
f 5485/5254/5477 5698/5313/5521 5451/5273/5489 5417/5440/5478
f 5513/5137/5368 5512/5136/5367 5628/5143/5374 5627/5142/5373
f 5621/5095/5333 5622/5124/5356 5625/5129/5361 5624/5096/5334
f 5739/5209/5436 5736/5208/5435 5530/5109/5347 5531/5141/5372
f 5456/5123/5353 5455/5122/5337 5670/5098/5336 5667/5120/5354
f 5692/5235/5459 5693/5321/5529 5696/5246/5469 5695/5217/5444
f 5657/5224/5451 5658/5223/5450 5661/5264/5484 5660/5244/5467
f 5671/5188/5415 5674/5191/5418 5480/5269/5488 5481/5268/5486
f 5683/5315/5523 5684/5301/5512 5687/5126/5358 5686/5125/5357
f 5683/5315/5523 5686/5125/5357 5470/5263/5483 5471/5262/5482
f 5680/5314/5522 5683/5315/5523 5471/5262/5482 5472/5261/5481
f 5674/5191/5418 5675/5190/5417 5678/5289/5502 5677/5253/5476
f 5729/5327/5535 5730/5147/5378 5733/5316/5524 5732/5204/5431
f 5728/5328/5536 5729/5327/5535 5732/5204/5431 5731/5203/5430
f 5720/5306/5517 5721/5175/5402 5724/5285/5498 5723/5284/5497
f 5719/5307/5518 5720/5306/5517 5723/5284/5497 5722/5341/5549
f 5711/5344/5552 5712/5214/5441 5715/5228/5455 5714/5356/5564
f 5710/5351/5562 5711/5344/5552 5714/5356/5564 5713/5292/5505
f 5514/5103/5341 5513/5137/5368 5627/5142/5373 5626/5104/5342
f 5517/5154/5385 5516/5150/5381 5636/5131/5363 5635/5130/5362
f 5520/5183/5410 5519/5178/5405 5645/5181/5408 5644/5184/5411
f 5783/5224/5451 5784/5244/5467 5787/5264/5468 5786/5438/5466
f 5547/5258/5691 5546/5237/5704 5816/5468/5732 5815/5467/5731
f 5778/5427/5671 5775/5376/5589 5537/5111/5590 5538/5116/5620
f 5568/5234/5600 5778/5427/5671 5538/5114/5620 5434/5117/5601
f 5832/5489/5760 5542/5195/5755 5442/5484/5754 5592/5452/5713
f 5543/5436/5686 5542/5195/5755 5832/5489/5760 5829/5437/5687
f 5761/5378/5596 5762/5133/5633 5765/5404/5636 5764/5131/5609
f 5545/5236/5703 5439/5219/5702 5553/5218/5672 5817/5430/5675
f 5546/5260/5704 5545/5220/5703 5817/5430/5675 5816/5468/5732
f 5556/5444/5701 5555/5262/5580 5807/5315/5583 5806/5314/5741
f 5823/5247/5751 5551/5478/5746 5443/5424/5667 5589/5426/5670
f 5552/5428/5673 5551/5478/5746 5823/5247/5751 5820/5429/5674
f 5770/5413/5647 5771/5165/5659 5774/5420/5660 5773/5406/5638
f 5814/5474/5742 5560/5466/5730 5444/5453/5714 5586/5456/5717
f 5561/5372/5585 5560/5466/5730 5814/5474/5742 5811/5373/5586
f 5779/5242/5449 5780/5243/5450 5783/5224/5451 5782/5221/5448
f 5789/5398/5627 5790/5212/5654 5793/5267/5653 5792/5251/5707
f 5868/5332/5560 5572/5498/5773 5446/5366/5577 5616/5347/5557
f 5573/5496/5771 5572/5498/5773 5868/5332/5560 5865/5497/5772
f 5861/5450/5711 5862/5449/5710 5865/5497/5772 5864/5486/5757
f 5859/5416/5650 5575/5495/5770 5447/5380/5598 5613/5405/5637
f 5576/5205/5768 5575/5495/5770 5859/5416/5650 5856/5494/5769
f 5852/5328/5536 5853/5425/5669 5856/5494/5769 5855/5446/5706
f 5850/5423/5665 5578/5493/5767 5448/5415/5649 5610/5421/5661
f 5579/5491/5763 5578/5493/5767 5850/5423/5665 5847/5492/5764
f 5445/5106/5568 5595/5353/5766 5866/5368/5579 5614/5367/5578
f 5752/5364/5575 5755/5395/5621 5597/5390/5613 5598/5365/5576
f 5761/5378/5596 5764/5131/5609 5600/5389/5612 5601/5379/5597
f 5770/5413/5647 5773/5406/5638 5603/5178/5641 5604/5414/5648
o Cube.003
v -0.068698 -0.079267 -0.928229
v -0.068698 0.079267 -0.928229
v -0.056629 -0.088002 -1.279509
v -0.056629 0.088002 -1.279509
v 0.068031 -0.079267 -0.928229
v 0.068031 0.079267 -0.928229
v 0.053959 -0.088002 -1.279509
v 0.053959 0.088002 -1.279509
v -0.073371 -0.108601 -1.023277
v -0.073371 0.108601 -1.023277
v 0.071146 -0.108601 -1.023277
v 0.071146 0.108601 -1.023277
v -0.075276 -0.107570 -0.996920
v -0.077443 -0.106352 -0.975973
v -0.079200 -0.104491 -0.959801
v -0.079874 -0.101528 -0.947770
v -0.078931 -0.097126 -0.939238
v -0.076386 -0.091441 -0.933543
v -0.072528 -0.084911 -0.930029
v -0.074128 -0.066402 -0.927513
v -0.080037 -0.047029 -0.926743
v -0.084259 -0.024319 -0.926198
v -0.085844 -0.000000 -0.925996
v -0.084259 0.024319 -0.926198
v -0.080037 0.047029 -0.926743
v -0.074128 0.066402 -0.927513
v -0.072206 0.109732 -1.055236
v -0.071484 0.110554 -1.091214
v -0.070715 0.110483 -1.129190
v -0.069410 0.108938 -1.167139
v -0.067176 0.105484 -1.203098
v -0.064015 0.100283 -1.235349
v -0.060138 0.093824 -1.262073
v -0.060773 0.073800 -1.287017
v -0.065261 0.052323 -1.295102
v -0.068450 0.027074 -1.300812
v -0.069642 -0.000000 -1.302935
v -0.068450 -0.027074 -1.300812
v -0.065261 -0.052323 -1.295102
v -0.060773 -0.073800 -1.287017
v 0.045065 -0.094444 -1.287017
v 0.031582 -0.101405 -1.295102
v 0.015704 -0.106341 -1.300812
v -0.001335 -0.108183 -1.302935
v -0.018374 -0.106341 -1.300812
v -0.034252 -0.101405 -1.295102
v -0.047736 -0.094444 -1.287017
v -0.047736 0.094444 -1.287017
v -0.034252 0.101405 -1.295102
v -0.018374 0.106341 -1.300812
v -0.001335 0.108183 -1.302935
v 0.015704 0.106341 -1.300812
v 0.031582 0.101405 -1.295102
v 0.045065 0.094444 -1.287017
v 0.058103 0.073800 -1.287017
v 0.062591 0.052323 -1.295102
v 0.065780 0.027074 -1.300812
v 0.066972 -0.000000 -1.302935
v 0.065780 -0.027074 -1.300812
v 0.062591 -0.052323 -1.295102
v 0.058103 -0.073800 -1.287017
v 0.069834 -0.109732 -1.055236
v 0.069002 -0.110554 -1.091214
v 0.068154 -0.110483 -1.129190
v 0.066796 -0.108938 -1.167139
v 0.064530 -0.105484 -1.203098
v 0.061352 -0.100283 -1.235349
v 0.057468 -0.093824 -1.262073
v 0.073237 0.107570 -0.996920
v 0.075618 0.106352 -0.975973
v 0.077604 0.104491 -0.959801
v 0.078510 0.101528 -0.947770
v 0.077789 0.097126 -0.939238
v 0.075444 0.091441 -0.933543
v 0.071752 0.084911 -0.930029
v 0.073507 0.066402 -0.927513
v 0.079467 0.047029 -0.926743
v 0.083724 0.024319 -0.926198
v 0.085323 -0.000000 -0.925996
v 0.083724 -0.024319 -0.926198
v 0.079467 -0.047029 -0.926743
v 0.073507 -0.066402 -0.927513
v -0.057782 -0.084835 -0.927513
v -0.041125 -0.090830 -0.926743
v -0.021428 -0.095063 -0.926198
v -0.000261 -0.096638 -0.925996
v 0.020893 -0.095063 -0.926198
v 0.040555 -0.090830 -0.926743
v 0.057161 -0.084835 -0.927513
v 0.057161 0.084835 -0.927513
v 0.040555 0.090830 -0.926743
v 0.020893 0.095063 -0.926198
v -0.000261 0.096638 -0.925996
v -0.021428 0.095063 -0.926198
v -0.041125 0.090830 -0.926743
v -0.057782 0.084835 -0.927513
v -0.060138 -0.093824 -1.262073
v -0.064015 -0.100283 -1.235349
v -0.067176 -0.105484 -1.203098
v -0.069410 -0.108938 -1.167139
v -0.070715 -0.110483 -1.129190
v -0.071484 -0.110554 -1.091214
v -0.072206 -0.109732 -1.055236
v -0.072528 0.084911 -0.930029
v -0.076386 0.091441 -0.933543
v -0.078931 0.097126 -0.939238
v -0.079874 0.101528 -0.947770
v -0.079200 0.104491 -0.959801
v -0.077443 0.106352 -0.975973
v -0.075276 0.107570 -0.996920
v 0.071752 -0.084911 -0.930029
v 0.075444 -0.091441 -0.933543
v 0.077789 -0.097126 -0.939238
v 0.078510 -0.101528 -0.947770
v 0.077604 -0.104491 -0.959801
v 0.075618 -0.106352 -0.975973
v 0.073237 -0.107570 -0.996920
v 0.057468 0.093824 -1.262073
v 0.061352 0.100283 -1.235349
v 0.064530 0.105484 -1.203098
v 0.066796 0.108938 -1.167139
v 0.068154 0.110483 -1.129190
v 0.069002 0.110554 -1.091214
v 0.069834 0.109732 -1.055236
v -0.058270 0.126419 -1.023277
v -0.040629 0.139145 -1.023277
v -0.021294 0.146781 -1.023277
v -0.001113 0.149327 -1.023277
v 0.019069 0.146781 -1.023277
v 0.038404 0.139145 -1.023277
v 0.056045 0.126419 -1.023277
v 0.056045 -0.126419 -1.023277
v 0.038404 -0.139145 -1.023277
v 0.019069 -0.146781 -1.023277
v -0.001113 -0.149327 -1.023277
v -0.021294 -0.146781 -1.023277
v -0.040629 -0.139145 -1.023277
v -0.058270 -0.126419 -1.023277
v 0.083001 0.085905 -1.023277
v 0.091469 0.059391 -1.023277
v 0.096550 0.030332 -1.023277
v 0.098243 0.000000 -1.023277
v 0.096550 -0.030332 -1.023277
v 0.091469 -0.059391 -1.023277
v 0.083001 -0.085905 -1.023277
v -0.085226 0.085905 -1.023277
v -0.093694 0.059391 -1.023277
v -0.098775 0.030332 -1.023277
v -0.100468 0.000000 -1.023277
v -0.098775 -0.030332 -1.023277
v -0.093694 -0.059391 -1.023277
v -0.085226 -0.085905 -1.023277
v -0.083859 -0.086799 -1.055241
v -0.092183 -0.060009 -1.055254
v -0.097177 -0.030647 -1.055266
v -0.098842 0.000000 -1.055272
v -0.097177 0.030647 -1.055266
v -0.092183 0.060009 -1.055254
v -0.083859 0.086799 -1.055241
v -0.083017 -0.087445 -1.091259
v -0.091260 -0.060453 -1.091359
v -0.096208 -0.030874 -1.091458
v -0.097858 0.000000 -1.091503
v -0.096208 0.030874 -1.091458
v -0.091260 0.060453 -1.091359
v -0.083017 0.087445 -1.091259
v -0.082138 -0.087376 -1.129342
v -0.090312 -0.060400 -1.129677
v -0.095225 -0.030845 -1.130012
v -0.096866 0.000000 -1.130164
v -0.095225 0.030845 -1.130012
v -0.090312 0.060400 -1.129677
v -0.082138 0.087376 -1.129342
v -0.080657 -0.086128 -1.167500
v -0.088726 -0.059526 -1.168294
v -0.093588 -0.030395 -1.169088
v -0.095215 0.000000 -1.169448
v -0.093588 0.030395 -1.169088
v -0.088726 0.059526 -1.168294
v -0.080657 0.086128 -1.167500
v -0.078073 -0.083411 -1.203825
v -0.085917 -0.057665 -1.205406
v -0.090668 -0.029451 -1.206952
v -0.092266 0.000000 -1.207646
v -0.090668 0.029451 -1.206952
v -0.085917 0.057665 -1.205406
v -0.078073 0.083411 -1.203825
v -0.074140 -0.079633 -1.236748
v -0.081419 -0.055279 -1.239664
v -0.085888 -0.028306 -1.242310
v -0.087416 0.000000 -1.243439
v -0.085888 0.028306 -1.242310
v -0.081419 0.055279 -1.239664
v -0.074140 0.079633 -1.236748
v -0.068605 -0.075659 -1.264839
v -0.074751 -0.053101 -1.269885
v -0.078679 -0.027361 -1.273981
v -0.080072 -0.000000 -1.275609
v -0.078679 0.027361 -1.273981
v -0.074751 0.053101 -1.269885
v -0.068605 0.075659 -1.264839
v -0.049562 -0.076472 -1.303126
v -0.052501 -0.053775 -1.314601
v -0.054853 -0.027735 -1.321848
v -0.055784 -0.000000 -1.324397
v -0.054853 0.027735 -1.321848
v -0.052501 0.053775 -1.314601
v -0.049562 0.076472 -1.303126
v -0.035290 -0.080951 -1.314601
v -0.037025 -0.056372 -1.328468
v -0.038535 -0.028916 -1.336903
v -0.039168 -0.000000 -1.339765
v -0.038535 0.028916 -1.336903
v -0.037025 0.056372 -1.328468
v -0.035290 0.080951 -1.314601
v -0.018859 -0.084552 -1.321848
v -0.019659 -0.058661 -1.336903
v -0.020392 -0.030019 -1.345973
v -0.020711 -0.000000 -1.349009
v -0.020392 0.030019 -1.345973
v -0.019659 0.058661 -1.336903
v -0.018859 0.084552 -1.321848
v -0.001335 -0.085979 -1.324397
v -0.001335 -0.059626 -1.339765
v -0.001335 -0.030505 -1.349009
v -0.001335 0.000000 -1.352097
v -0.001335 0.030505 -1.349009
v -0.001335 0.059626 -1.339765
v -0.001335 0.085979 -1.324397
v 0.016189 -0.084552 -1.321848
v 0.016989 -0.058661 -1.336903
v 0.017722 -0.030019 -1.345973
v 0.018041 -0.000000 -1.349009
v 0.017722 0.030019 -1.345973
v 0.016989 0.058661 -1.336903
v 0.016189 0.084552 -1.321848
v 0.032620 -0.080951 -1.314601
v 0.034355 -0.056372 -1.328468
v 0.035864 -0.028916 -1.336903
v 0.036498 -0.000000 -1.339765
v 0.035864 0.028916 -1.336903
v 0.034355 0.056372 -1.328468
v 0.032620 0.080951 -1.314601
v 0.046892 -0.076472 -1.303126
v 0.049831 -0.053775 -1.314601
v 0.052183 -0.027735 -1.321848
v 0.053114 -0.000000 -1.324397
v 0.052183 0.027735 -1.321848
v 0.049831 0.053775 -1.314601
v 0.046892 0.076472 -1.303126
v 0.085422 -0.085089 -0.996920
v 0.094127 -0.058827 -0.996919
v 0.099351 -0.030044 -0.996917
v 0.101092 0.000000 -0.996917
v 0.099351 0.030044 -0.996917
v 0.094127 0.058827 -0.996919
v 0.085422 0.085089 -0.996920
v 0.088194 -0.084124 -0.975969
v 0.097186 -0.058159 -0.975959
v 0.102587 -0.029703 -0.975950
v 0.104389 0.000000 -0.975946
v 0.102587 0.029703 -0.975950
v 0.097186 0.058159 -0.975959
v 0.088194 0.084124 -0.975969
v 0.090534 -0.082648 -0.959787
v 0.099802 -0.057136 -0.959755
v 0.105382 -0.029180 -0.959723
v 0.107248 0.000000 -0.959708
v 0.105382 0.029180 -0.959723
v 0.099802 0.057136 -0.959755
v 0.090534 0.082648 -0.959787
v 0.091662 -0.080295 -0.947735
v 0.101133 -0.055506 -0.947659
v 0.106862 -0.028346 -0.947584
v 0.108785 -0.000000 -0.947549
v 0.106862 0.028346 -0.947584
v 0.101133 0.055506 -0.947659
v 0.091662 0.080295 -0.947735
v 0.090889 -0.076847 -0.939169
v 0.100384 -0.053146 -0.939018
v 0.106175 -0.027148 -0.938871
v 0.108134 -0.000000 -0.938804
v 0.106175 0.027148 -0.938871
v 0.100384 0.053146 -0.939018
v 0.090889 0.076847 -0.939169
v 0.087898 -0.072667 -0.933409
v 0.096959 -0.050458 -0.933131
v 0.102578 -0.025841 -0.932879
v 0.104515 -0.000000 -0.932771
v 0.102578 0.025841 -0.932879
v 0.096959 0.050458 -0.933131
v 0.087898 0.072667 -0.933409
v 0.082386 -0.068509 -0.929766
v 0.090256 -0.048075 -0.929285
v 0.095344 -0.024767 -0.928894
v 0.097164 -0.000000 -0.928739
v 0.095344 0.024767 -0.928894
v 0.090256 0.048075 -0.929285
v 0.082386 0.068509 -0.929766
v 0.059973 -0.068449 -0.925978
v 0.064065 -0.048033 -0.924884
v 0.067298 -0.024746 -0.924193
v 0.068573 -0.000000 -0.923950
v 0.067298 0.024746 -0.924193
v 0.064065 0.048033 -0.924884
v 0.059973 0.068449 -0.925978
v 0.042322 -0.072181 -0.924884
v 0.044861 -0.050122 -0.923562
v 0.046997 -0.025669 -0.922758
v 0.047880 -0.000000 -0.922485
v 0.046997 0.025669 -0.922758
v 0.044861 0.050122 -0.923562
v 0.042322 0.072181 -0.924884
v 0.021796 -0.075209 -0.924193
v 0.023027 -0.052010 -0.922758
v 0.024096 -0.026568 -0.921893
v 0.024550 -0.000000 -0.921603
v 0.024096 0.026568 -0.921893
v 0.023027 0.052010 -0.922758
v 0.021796 0.075209 -0.924193
v -0.000194 -0.076412 -0.923950
v -0.000146 -0.052814 -0.922485
v -0.000117 -0.026969 -0.921603
v -0.000107 0.000000 -0.921309
v -0.000117 0.026969 -0.921603
v -0.000146 0.052814 -0.922485
v -0.000194 0.076412 -0.923950
v -0.022199 -0.075209 -0.924193
v -0.023336 -0.052010 -0.922758
v -0.024348 -0.026568 -0.921893
v -0.024784 0.000000 -0.921603
v -0.024348 0.026568 -0.921893
v -0.023336 0.052010 -0.922758
v -0.022199 0.075209 -0.924193
v -0.042771 -0.072181 -0.924884
v -0.045223 -0.050122 -0.923562
v -0.047306 -0.025669 -0.922758
v -0.048171 0.000000 -0.922485
v -0.047306 0.025669 -0.922758
v -0.045223 0.050122 -0.923562
v -0.042771 0.072181 -0.924884
v -0.060494 -0.068449 -0.925978
v -0.064514 -0.048033 -0.924884
v -0.067701 -0.024746 -0.924193
v -0.068961 -0.000000 -0.923950
v -0.067701 0.024746 -0.924193
v -0.064514 0.048033 -0.924884
v -0.060494 0.068449 -0.925978
v -0.059757 -0.125218 -0.996920
v -0.041627 -0.137824 -0.996919
v -0.021758 -0.145388 -0.996917
v -0.001020 -0.147910 -0.996917
v 0.019719 -0.145388 -0.996917
v 0.039588 -0.137824 -0.996919
v 0.057717 -0.125218 -0.996920
v -0.061439 -0.123804 -0.975969
v -0.042753 -0.136272 -0.975959
v -0.022279 -0.143754 -0.975950
v -0.000912 -0.146248 -0.975946
v 0.020456 -0.143754 -0.975950
v 0.040929 -0.136272 -0.975959
v 0.059614 -0.123804 -0.975969
v -0.062781 -0.121647 -0.959787
v -0.043634 -0.133907 -0.959755
v -0.022669 -0.141266 -0.959723
v -0.000795 -0.143720 -0.959708
v 0.021078 -0.141266 -0.959723
v 0.042041 -0.133907 -0.959755
v 0.061186 -0.121647 -0.959787
v -0.063243 -0.118214 -0.947735
v -0.043895 -0.130147 -0.947659
v -0.022737 -0.137316 -0.947584
v -0.000675 -0.139708 -0.947549
v 0.021385 -0.137316 -0.947584
v 0.042538 -0.130147 -0.947659
v 0.061881 -0.118214 -0.947735
v -0.062446 -0.113050 -0.939169
v -0.043305 -0.124440 -0.939018
v -0.022378 -0.131298 -0.938871
v -0.000557 -0.133592 -0.938804
v 0.021260 -0.131298 -0.938871
v 0.042177 -0.124440 -0.939018
v 0.061308 -0.113050 -0.939169
v -0.060645 -0.105996 -0.933409
v -0.042201 -0.116345 -0.933131
v -0.021818 -0.122639 -0.932879
v -0.000446 -0.124774 -0.932771
v 0.020919 -0.122639 -0.932879
v 0.041286 -0.116345 -0.933131
v 0.059711 -0.105996 -0.933409
v -0.058482 -0.096868 -0.929766
v -0.041157 -0.105385 -0.929285
v -0.021379 -0.110763 -0.928894
v -0.000346 -0.112655 -0.928739
v 0.020677 -0.110763 -0.928894
v 0.040429 -0.105385 -0.929285
v 0.057723 -0.096868 -0.929766
v 0.057717 0.125218 -0.996920
v 0.039588 0.137824 -0.996919
v 0.019719 0.145388 -0.996917
v -0.001020 0.147910 -0.996917
v -0.021758 0.145388 -0.996917
v -0.041627 0.137824 -0.996919
v -0.059757 0.125218 -0.996920
v 0.059614 0.123804 -0.975969
v 0.040929 0.136272 -0.975959
v 0.020456 0.143754 -0.975950
v -0.000912 0.146248 -0.975946
v -0.022279 0.143754 -0.975950
v -0.042753 0.136272 -0.975959
v -0.061439 0.123804 -0.975969
v 0.061186 0.121647 -0.959787
v 0.042041 0.133907 -0.959755
v 0.021078 0.141266 -0.959723
v -0.000795 0.143720 -0.959708
v -0.022669 0.141266 -0.959723
v -0.043634 0.133907 -0.959755
v -0.062781 0.121647 -0.959787
v 0.061881 0.118214 -0.947735
v 0.042538 0.130147 -0.947659
v 0.021385 0.137316 -0.947584
v -0.000675 0.139708 -0.947549
v -0.022737 0.137316 -0.947584
v -0.043895 0.130147 -0.947659
v -0.063243 0.118214 -0.947735
v 0.061308 0.113050 -0.939169
v 0.042177 0.124440 -0.939018
v 0.021260 0.131298 -0.938871
v -0.000557 0.133592 -0.938804
v -0.022378 0.131298 -0.938871
v -0.043305 0.124440 -0.939018
v -0.062446 0.113050 -0.939169
v 0.059711 0.105996 -0.933409
v 0.041286 0.116345 -0.933131
v 0.020919 0.122639 -0.932879
v -0.000446 0.124774 -0.932771
v -0.021818 0.122639 -0.932879
v -0.042201 0.116345 -0.933131
v -0.060645 0.105996 -0.933409
v 0.057723 0.096868 -0.929766
v 0.040429 0.105385 -0.929285
v 0.020677 0.110763 -0.928894
v -0.000346 0.112655 -0.928739
v -0.021379 0.110763 -0.928894
v -0.041157 0.105385 -0.929285
v -0.058482 0.096868 -0.929766
v 0.046068 0.107222 -1.264839
v 0.031938 0.116881 -1.269885
v 0.015812 0.123026 -1.273981
v -0.001335 0.125200 -1.275609
v -0.018481 0.123026 -1.273981
v -0.034607 0.116881 -1.269885
v -0.048737 0.107222 -1.264839
v 0.048421 0.116392 -1.236748
v 0.033199 0.127926 -1.239664
v 0.016349 0.134982 -1.242310
v -0.001332 0.137388 -1.243439
v -0.019012 0.134982 -1.242310
v -0.035862 0.127926 -1.239664
v -0.051084 0.116392 -1.236748
v 0.050731 0.122878 -1.203825
v 0.034656 0.135370 -1.205406
v 0.017050 0.142919 -1.206952
v -0.001323 0.145453 -1.207646
v -0.019696 0.142919 -1.206952
v -0.037302 0.135370 -1.205406
v -0.053378 0.122878 -1.203825
v 0.052526 0.126896 -1.167500
v 0.035894 0.139765 -1.168294
v 0.017687 0.147511 -1.169088
v -0.001307 0.150100 -1.169448
v -0.020301 0.147511 -1.169088
v -0.038508 0.139765 -1.168294
v -0.055140 0.126896 -1.167500
v 0.053627 0.128646 -1.129342
v 0.036673 0.141636 -1.129677
v 0.018101 0.149441 -1.130012
v -0.001281 0.152046 -1.130164
v -0.020662 0.149441 -1.130012
v -0.039235 0.141636 -1.129677
v -0.056189 0.128646 -1.129342
v 0.054317 0.128703 -1.091259
v 0.037168 0.141671 -1.091359
v 0.018374 0.149455 -1.091458
v -0.001241 0.152051 -1.091503
v -0.020856 0.149455 -1.091458
v -0.039650 0.141671 -1.091359
v -0.056800 0.128703 -1.091259
v 0.054991 0.127737 -1.055241
v 0.037652 0.140598 -1.055254
v 0.018649 0.148315 -1.055266
v -0.001186 0.150887 -1.055272
v -0.021021 0.148315 -1.055266
v -0.040024 0.140598 -1.055254
v -0.057363 0.127737 -1.055241
v -0.048737 -0.107222 -1.264839
v -0.034607 -0.116881 -1.269885
v -0.018481 -0.123026 -1.273981
v -0.001335 -0.125200 -1.275609
v 0.015812 -0.123026 -1.273981
v 0.031938 -0.116881 -1.269885
v 0.046068 -0.107222 -1.264839
v -0.051084 -0.116392 -1.236748
v -0.035862 -0.127926 -1.239664
v -0.019012 -0.134982 -1.242310
v -0.001332 -0.137388 -1.243439
v 0.016349 -0.134982 -1.242310
v 0.033199 -0.127926 -1.239664
v 0.048421 -0.116392 -1.236748
v -0.053378 -0.122878 -1.203825
v -0.037302 -0.135370 -1.205406
v -0.019696 -0.142919 -1.206952
v -0.001323 -0.145453 -1.207646
v 0.017050 -0.142919 -1.206952
v 0.034656 -0.135370 -1.205406
v 0.050731 -0.122878 -1.203825
v -0.055140 -0.126896 -1.167500
v -0.038508 -0.139765 -1.168294
v -0.020301 -0.147511 -1.169088
v -0.001307 -0.150100 -1.169448
v 0.017687 -0.147511 -1.169088
v 0.035894 -0.139765 -1.168294
v 0.052526 -0.126896 -1.167500
v -0.056189 -0.128646 -1.129342
v -0.039235 -0.141636 -1.129677
v -0.020662 -0.149441 -1.130012
v -0.001281 -0.152046 -1.130164
v 0.018101 -0.149441 -1.130012
v 0.036673 -0.141636 -1.129677
v 0.053627 -0.128646 -1.129342
v -0.056800 -0.128703 -1.091259
v -0.039650 -0.141671 -1.091359
v -0.020856 -0.149455 -1.091458
v -0.001241 -0.152051 -1.091503
v 0.018374 -0.149455 -1.091458
v 0.037168 -0.141671 -1.091359
v 0.054317 -0.128703 -1.091259
v -0.057363 -0.127737 -1.055241
v -0.040024 -0.140598 -1.055254
v -0.021021 -0.148315 -1.055266
v -0.001186 -0.150887 -1.055272
v 0.018649 -0.148315 -1.055266
v 0.037652 -0.140598 -1.055254
v 0.054991 -0.127737 -1.055241
v 0.065936 -0.075659 -1.264839
v 0.072082 -0.053101 -1.269885
v 0.076009 -0.027361 -1.273981
v 0.077403 -0.000000 -1.275609
v 0.076009 0.027361 -1.273981
v 0.072082 0.053101 -1.269885
v 0.065936 0.075659 -1.264839
v 0.071477 -0.079633 -1.236748
v 0.078756 -0.055279 -1.239664
v 0.083225 -0.028306 -1.242310
v 0.084753 -0.000000 -1.243439
v 0.083225 0.028306 -1.242310
v 0.078756 0.055279 -1.239664
v 0.071477 0.079633 -1.236748
v 0.075427 -0.083411 -1.203825
v 0.083270 -0.057665 -1.205406
v 0.088021 -0.029451 -1.206952
v 0.089619 0.000000 -1.207646
v 0.088021 0.029451 -1.206952
v 0.083270 0.057665 -1.205406
v 0.075427 0.083411 -1.203825
v 0.078043 -0.086128 -1.167500
v 0.086111 -0.059526 -1.168294
v 0.090974 -0.030395 -1.169088
v 0.092601 0.000000 -1.169448
v 0.090974 0.030395 -1.169088
v 0.086111 0.059526 -1.168294
v 0.078043 0.086128 -1.167500
v 0.079577 -0.087376 -1.129342
v 0.087751 -0.060400 -1.129677
v 0.092664 -0.030845 -1.130012
v 0.094304 0.000000 -1.130164
v 0.092664 0.030845 -1.130012
v 0.087751 0.060400 -1.129677
v 0.079577 0.087376 -1.129342
v 0.080535 -0.087445 -1.091259
v 0.088778 -0.060453 -1.091359
v 0.093726 -0.030874 -1.091458
v 0.095376 0.000000 -1.091503
v 0.093726 0.030874 -1.091458
v 0.088778 0.060453 -1.091359
v 0.080535 0.087445 -1.091259
v 0.081487 -0.086799 -1.055241
v 0.089811 -0.060009 -1.055254
v 0.094806 -0.030647 -1.055266
v 0.096471 0.000000 -1.055272
v 0.094805 0.030647 -1.055266
v 0.089811 0.060009 -1.055254
v 0.081487 0.086799 -1.055241
v -0.083146 -0.068509 -0.929766
v -0.090983 -0.048075 -0.929285
v -0.096046 -0.024767 -0.928894
v -0.097856 -0.000000 -0.928739
v -0.096046 0.024767 -0.928894
v -0.090983 0.048075 -0.929285
v -0.083146 0.068509 -0.929766
v -0.088832 -0.072667 -0.933409
v -0.097875 -0.050458 -0.933131
v -0.103477 -0.025841 -0.932879
v -0.105407 -0.000000 -0.932771
v -0.103477 0.025841 -0.932879
v -0.097875 0.050458 -0.933131
v -0.088832 0.072667 -0.933409
v -0.092026 -0.076847 -0.939169
v -0.101512 -0.053146 -0.939018
v -0.107293 -0.027148 -0.938871
v -0.109248 -0.000000 -0.938804
v -0.107293 0.027148 -0.938871
v -0.101512 0.053146 -0.939018
v -0.092026 0.076847 -0.939169
v -0.093023 -0.080295 -0.947735
v -0.102490 -0.055506 -0.947659
v -0.108213 -0.028346 -0.947584
v -0.110135 0.000000 -0.947549
v -0.108213 0.028346 -0.947584
v -0.102490 0.055506 -0.947659
v -0.093023 0.080295 -0.947735
v -0.092129 -0.082648 -0.959787
v -0.101395 -0.057136 -0.959755
v -0.106973 -0.029180 -0.959723
v -0.108838 0.000000 -0.959708
v -0.106973 0.029180 -0.959723
v -0.101395 0.057136 -0.959755
v -0.092129 0.082648 -0.959787
v -0.090019 -0.084124 -0.975969
v -0.099010 -0.058159 -0.975959
v -0.104411 -0.029703 -0.975950
v -0.106213 0.000000 -0.975946
v -0.104411 0.029703 -0.975950
v -0.099010 0.058159 -0.975959
v -0.090019 0.084124 -0.975969
v -0.087462 -0.085089 -0.996920
v -0.096166 -0.058827 -0.996919
v -0.101390 -0.030044 -0.996917
v -0.103131 -0.000000 -0.996917
v -0.101390 0.030044 -0.996917
v -0.096166 0.058827 -0.996919
v -0.087462 0.085089 -0.996920
vn -0.9258 -0.3774 -0.0214
vn -0.9719 -0.2335 -0.0311
vn -0.9729 -0.2299 -0.0229
vn -0.9281 -0.3718 -0.0182
vn -0.9931 -0.1115 -0.0367
vn -0.9936 -0.1098 -0.0254
vn -0.9993 -0.0000 -0.0384
vn -0.9997 -0.0000 -0.0262
vn -0.9931 0.1115 -0.0367
vn -0.9936 0.1098 -0.0254
vn -0.9719 0.2335 -0.0311
vn -0.9729 0.2299 -0.0229
vn -0.9258 0.3774 -0.0214
vn -0.9281 0.3718 -0.0182
vn -0.9729 -0.2287 -0.0346
vn -0.9287 -0.3691 -0.0348
vn -0.9934 -0.1095 -0.0342
vn -0.9994 -0.0000 -0.0339
vn -0.9934 0.1095 -0.0342
vn -0.9729 0.2287 -0.0346
vn -0.9287 0.3691 -0.0348
vn -0.9710 -0.2302 -0.0650
vn -0.9267 -0.3692 -0.0703
vn -0.9920 -0.1108 -0.0614
vn -0.9982 -0.0000 -0.0600
vn -0.9920 0.1108 -0.0614
vn -0.9710 0.2302 -0.0650
vn -0.9267 0.3692 -0.0703
vn -0.9656 -0.2338 -0.1137
vn -0.9207 -0.3706 -0.1221
vn -0.9876 -0.1138 -0.1085
vn -0.9943 -0.0000 -0.1067
vn -0.9876 0.1138 -0.1085
vn -0.9656 0.2338 -0.1137
vn -0.9207 0.3706 -0.1221
vn -0.9534 -0.2392 -0.1839
vn -0.9086 -0.3720 -0.1899
vn -0.9763 -0.1188 -0.1810
vn -0.9837 -0.0000 -0.1801
vn -0.9763 0.1188 -0.1810
vn -0.9534 0.2392 -0.1839
vn -0.9086 0.3720 -0.1899
vn -0.9252 -0.2484 -0.2868
vn -0.8855 -0.3712 -0.2796
vn -0.9483 -0.1269 -0.2908
vn -0.9563 -0.0000 -0.2924
vn -0.9483 0.1269 -0.2908
vn -0.9252 0.2484 -0.2868
vn -0.8855 0.3712 -0.2796
vn -0.8284 -0.5597 -0.0237
vn -0.9213 -0.3860 -0.0466
vn -0.8356 -0.5493 -0.0073
vn -0.9689 -0.2392 -0.0626
vn -0.9908 -0.1143 -0.0718
vn -0.9972 -0.0000 -0.0748
vn -0.9908 0.1143 -0.0718
vn -0.9689 0.2392 -0.0626
vn -0.9213 0.3860 -0.0466
vn -0.8284 0.5597 -0.0237
vn -0.8356 0.5493 -0.0073
vn -0.8401 0.5423 -0.0109
vn -0.8423 0.5380 -0.0340
vn -0.8415 0.5348 -0.0762
vn -0.8368 0.5310 -0.1337
vn -0.8265 0.5247 -0.2040
vn -0.8081 0.5139 -0.2881
vn -0.7838 0.4942 -0.3761
vn -0.8246 0.3909 -0.4089
vn -0.8600 0.2707 -0.4325
vn -0.8826 0.1411 -0.4485
vn -0.8907 -0.0000 -0.4546
vn -0.8826 -0.1411 -0.4485
vn -0.8600 -0.2707 -0.4325
vn -0.8246 -0.3909 -0.4089
vn -0.8081 -0.5139 -0.2881
vn -0.7838 -0.4942 -0.3761
vn -0.8265 -0.5247 -0.2040
vn -0.8368 -0.5310 -0.1337
vn -0.8415 -0.5348 -0.0762
vn -0.8423 -0.5380 -0.0340
vn -0.8401 -0.5423 -0.0109
vn -0.7059 -0.4508 -0.5464
vn -0.7374 -0.3102 -0.6000
vn -0.5528 -0.3552 -0.7538
vn -0.5344 -0.5218 -0.6649
vn -0.7570 -0.1610 -0.6333
vn -0.5641 -0.1816 -0.8055
vn -0.7639 -0.0000 -0.6453
vn -0.5679 -0.0000 -0.8231
vn -0.7570 0.1610 -0.6333
vn -0.5641 0.1816 -0.8055
vn -0.7374 0.3102 -0.6000
vn -0.5528 0.3552 -0.7538
vn -0.7059 0.4508 -0.5464
vn -0.5344 0.5218 -0.6649
vn -0.3036 -0.3913 -0.8688
vn -0.2982 -0.5792 -0.7587
vn -0.3056 -0.1972 -0.9315
vn -0.3059 -0.0000 -0.9521
vn -0.3056 0.1972 -0.9315
vn -0.3036 0.3913 -0.8688
vn -0.2982 0.5792 -0.7587
vn -0.0000 -0.4061 -0.9138
vn -0.0000 -0.6034 -0.7975
vn -0.0000 -0.2034 -0.9791
vn -0.0000 -0.0000 -1.0000
vn -0.0000 0.2034 -0.9791
vn -0.0000 0.4061 -0.9138
vn -0.0000 0.6034 -0.7975
vn 0.3036 -0.3913 -0.8688
vn 0.2982 -0.5792 -0.7587
vn 0.3056 -0.1972 -0.9315
vn 0.3059 -0.0000 -0.9521
vn 0.3056 0.1972 -0.9315
vn 0.3036 0.3913 -0.8688
vn 0.2982 0.5792 -0.7587
vn 0.5528 -0.3552 -0.7538
vn 0.5344 -0.5218 -0.6649
vn 0.5641 -0.1816 -0.8055
vn 0.5679 -0.0000 -0.8231
vn 0.5641 0.1816 -0.8055
vn 0.5528 0.3552 -0.7538
vn 0.5344 0.5218 -0.6649
vn 0.7374 -0.3102 -0.6000
vn 0.7059 -0.4508 -0.5464
vn 0.7570 -0.1610 -0.6333
vn 0.7639 -0.0000 -0.6453
vn 0.7570 0.1610 -0.6333
vn 0.7374 0.3102 -0.6000
vn 0.7059 0.4508 -0.5464
vn -0.6780 -0.5790 -0.4529
vn -0.6780 0.5790 -0.4529
vn -0.5171 0.6695 -0.5332
vn -0.2904 0.7448 -0.6008
vn -0.0000 0.7767 -0.6298
vn 0.2904 0.7448 -0.6008
vn 0.5171 0.6695 -0.5332
vn 0.6780 0.5790 -0.4529
vn 0.7838 0.4942 -0.3761
vn 0.8246 0.3909 -0.4089
vn 0.8600 0.2707 -0.4325
vn 0.8826 0.1411 -0.4485
vn 0.8907 -0.0000 -0.4546
vn 0.8826 -0.1411 -0.4485
vn 0.8600 -0.2707 -0.4325
vn 0.8246 -0.3909 -0.4089
vn 0.6780 -0.5790 -0.4529
vn 0.7838 -0.4942 -0.3761
vn 0.5171 -0.6695 -0.5332
vn 0.2904 -0.7448 -0.6009
vn -0.0000 -0.7767 -0.6298
vn -0.2904 -0.7448 -0.6008
vn -0.5171 -0.6695 -0.5332
vn 0.9137 -0.3972 -0.0858
vn 0.9627 -0.2467 -0.1108
vn 0.9574 -0.2565 -0.1327
vn 0.9064 -0.4115 -0.0953
vn 0.9851 -0.1180 -0.1253
vn 0.9803 -0.1229 -0.1548
vn 0.9915 -0.0000 -0.1300
vn 0.9868 -0.0000 -0.1621
vn 0.9851 0.1180 -0.1253
vn 0.9803 0.1229 -0.1548
vn 0.9627 0.2467 -0.1108
vn 0.9574 0.2565 -0.1327
vn 0.9137 0.3972 -0.0858
vn 0.9064 0.4115 -0.0953
vn 0.9577 -0.2698 -0.0997
vn 0.9022 -0.4291 -0.0430
vn 0.9824 -0.1298 -0.1341
vn 0.9893 -0.0000 -0.1457
vn 0.9824 0.1298 -0.1341
vn 0.9577 0.2698 -0.0997
vn 0.9022 0.4291 -0.0430
vn 0.9575 -0.2839 0.0503
vn 0.8877 -0.4414 0.1306
vn 0.9904 -0.1385 -0.0018
vn 0.9998 -0.0000 -0.0198
vn 0.9904 0.1385 -0.0018
vn 0.9575 0.2839 0.0503
vn 0.8877 0.4414 0.1306
vn 0.8876 -0.2727 0.3711
vn 0.7980 -0.4085 0.4432
vn 0.9364 -0.1367 0.3233
vn 0.9520 -0.0000 0.3061
vn 0.9364 0.1367 0.3233
vn 0.8876 0.2727 0.3711
vn 0.7980 0.4085 0.4432
vn 0.6434 -0.2041 0.7378
vn 0.5747 -0.3006 0.7612
vn 0.6828 -0.1042 0.7232
vn 0.6965 -0.0000 0.7176
vn 0.6828 0.1042 0.7232
vn 0.6434 0.2041 0.7378
vn 0.5747 0.3006 0.7612
vn 0.3446 -0.1199 0.9311
vn 0.3244 -0.1783 0.9290
vn 0.3565 -0.0614 0.9323
vn 0.3611 -0.0000 0.9325
vn 0.3565 0.0614 0.9323
vn 0.3446 0.1199 0.9311
vn 0.3244 0.1783 0.9290
vn 0.8282 -0.5597 -0.0285
vn 0.9211 -0.3859 -0.0519
vn 0.8180 -0.5731 -0.0503
vn 0.9686 -0.2392 -0.0682
vn 0.9904 -0.1143 -0.0775
vn 0.9968 -0.0000 -0.0805
vn 0.9904 0.1143 -0.0775
vn 0.9686 0.2392 -0.0682
vn 0.9211 0.3859 -0.0519
vn 0.8282 0.5597 -0.0285
vn 0.8180 0.5731 -0.0503
vn 0.8068 0.5892 -0.0432
vn 0.7950 0.6058 0.0318
vn 0.7639 0.6039 0.2274
vn 0.6597 0.5339 0.5290
vn 0.4651 0.3832 0.7980
vn 0.2745 0.2321 0.9332
vn 0.1680 0.1444 0.9752
vn 0.1731 0.1107 0.9787
vn 0.1740 0.0739 0.9820
vn 0.1751 0.0377 0.9838
vn 0.1758 -0.0000 0.9844
vn 0.1751 -0.0377 0.9838
vn 0.1740 -0.0739 0.9820
vn 0.1731 -0.1107 0.9787
vn 0.2745 -0.2321 0.9332
vn 0.1680 -0.1444 0.9752
vn 0.4651 -0.3832 0.7980
vn 0.6597 -0.5339 0.5290
vn 0.7639 -0.6039 0.2274
vn 0.7950 -0.6058 0.0318
vn 0.8068 -0.5892 -0.0432
vn 0.1020 -0.0906 0.9907
vn 0.0992 -0.0580 0.9934
vn 0.0578 -0.0522 0.9970
vn 0.0631 -0.0861 0.9943
vn 0.0975 -0.0289 0.9948
vn 0.0555 -0.0251 0.9981
vn 0.0970 -0.0000 0.9953
vn 0.0548 -0.0000 0.9985
vn 0.0975 0.0289 0.9948
vn 0.0555 0.0251 0.9981
vn 0.0992 0.0580 0.9934
vn 0.0579 0.0522 0.9970
vn 0.1020 0.0906 0.9907
vn 0.0631 0.0861 0.9943
vn 0.0274 -0.0494 0.9984
vn 0.0308 -0.0832 0.9961
vn 0.0257 -0.0233 0.9994
vn 0.0251 -0.0000 0.9997
vn 0.0257 0.0233 0.9994
vn 0.0274 0.0494 0.9984
vn 0.0308 0.0832 0.9961
vn -0.0000 -0.0486 0.9988
vn -0.0000 -0.0822 0.9966
vn -0.0000 -0.0228 0.9997
vn -0.0000 -0.0000 1.0000
vn -0.0000 0.0228 0.9997
vn -0.0000 0.0486 0.9988
vn -0.0000 0.0822 0.9966
vn -0.0273 -0.0493 0.9984
vn -0.0307 -0.0831 0.9961
vn -0.0256 -0.0233 0.9994
vn -0.0251 -0.0000 0.9997
vn -0.0256 0.0233 0.9994
vn -0.0273 0.0493 0.9984
vn -0.0307 0.0831 0.9961
vn -0.0576 -0.0520 0.9970
vn -0.0628 -0.0857 0.9943
vn -0.0553 -0.0251 0.9982
vn -0.0546 -0.0000 0.9985
vn -0.0553 0.0251 0.9982
vn -0.0576 0.0520 0.9970
vn -0.0628 0.0857 0.9943
vn -0.0985 -0.0576 0.9935
vn -0.1013 -0.0899 0.9908
vn -0.0969 -0.0287 0.9949
vn -0.0963 -0.0000 0.9953
vn -0.0969 0.0287 0.9949
vn -0.0985 0.0576 0.9935
vn -0.1012 0.0899 0.9908
vn 0.1219 -0.1453 0.9819
vn 0.1219 0.1453 0.9819
vn 0.0778 0.1404 0.9870
vn 0.0386 0.1376 0.9897
vn -0.0000 0.1367 0.9906
vn -0.0385 0.1372 0.9898
vn -0.0774 0.1397 0.9872
vn -0.1208 0.1441 0.9822
vn -0.1662 0.1430 0.9757
vn -0.1712 0.1095 0.9791
vn -0.1720 0.0731 0.9824
vn -0.1731 0.0373 0.9842
vn -0.1737 -0.0000 0.9848
vn -0.1731 -0.0373 0.9842
vn -0.1720 -0.0731 0.9824
vn -0.1712 -0.1095 0.9791
vn -0.1208 -0.1441 0.9822
vn -0.1662 -0.1430 0.9757
vn -0.0774 -0.1397 0.9872
vn -0.0385 -0.1372 0.9898
vn -0.0000 -0.1367 0.9906
vn 0.0386 -0.1376 0.9897
vn 0.0778 -0.1404 0.9870
vn -0.6644 -0.7474 -0.0033
vn -0.4655 -0.8845 0.0324
vn -0.4505 -0.8899 0.0718
vn -0.6494 -0.7601 0.0230
vn -0.2391 -0.9694 0.0564
vn -0.2297 -0.9677 0.1035
vn -0.0001 -0.9979 0.0642
vn -0.0001 -0.9935 0.1135
vn 0.2390 -0.9695 0.0544
vn 0.2297 -0.9680 0.1007
vn 0.4654 -0.8846 0.0285
vn 0.4506 -0.8903 0.0663
vn 0.6643 -0.7474 -0.0090
vn 0.6494 -0.7603 0.0152
vn -0.4313 -0.8838 0.1811
vn -0.6302 -0.7670 0.1202
vn -0.2179 -0.9511 0.2188
vn -0.0000 -0.9731 0.2303
vn 0.2181 -0.9519 0.2154
vn 0.4318 -0.8850 0.1743
vn 0.6309 -0.7680 0.1100
vn -0.3940 -0.8302 0.3944
vn -0.5880 -0.7384 0.3302
vn -0.1967 -0.8805 0.4313
vn 0.0001 -0.8970 0.4420
vn 0.1971 -0.8821 0.4277
vn 0.3954 -0.8329 0.3872
vn 0.5904 -0.7414 0.3188
vn -0.3146 -0.6744 0.6680
vn -0.4843 -0.6209 0.6164
vn -0.1546 -0.7013 0.6959
vn 0.0002 -0.7104 0.7038
vn 0.1555 -0.7035 0.6935
vn 0.3168 -0.6784 0.6628
vn 0.4886 -0.6261 0.6077
vn -0.2063 -0.4436 0.8722
vn -0.3275 -0.4257 0.8435
vn -0.1002 -0.4498 0.8875
vn 0.0002 -0.4523 0.8919
vn 0.1009 -0.4515 0.8866
vn 0.2082 -0.4468 0.8701
vn 0.3315 -0.4302 0.8396
vn -0.1200 -0.2493 0.9610
vn -0.1917 -0.2494 0.9492
vn -0.0587 -0.2476 0.9671
vn 0.0001 -0.2475 0.9689
vn 0.0590 -0.2484 0.9669
vn 0.1210 -0.2509 0.9604
vn 0.1939 -0.2519 0.9481
vn -0.6775 -0.7355 0.0031
vn -0.8183 -0.5732 -0.0432
vn -0.4783 -0.8777 0.0276
vn -0.2471 -0.9680 0.0443
vn -0.0000 -0.9988 0.0498
vn 0.2471 -0.9681 0.0429
vn 0.4783 -0.8778 0.0248
vn 0.6774 -0.7356 -0.0008
vn -0.2706 -0.2290 0.9351
vn -0.4581 -0.3778 0.8046
vn -0.6532 -0.5286 0.5422
vn -0.7611 -0.6014 0.2428
vn -0.7947 -0.6054 0.0448
vn -0.8072 -0.5893 -0.0334
vn 0.6643 0.7474 -0.0090
vn 0.4654 0.8846 0.0285
vn 0.4506 0.8903 0.0663
vn 0.6494 0.7603 0.0152
vn 0.2390 0.9695 0.0544
vn 0.2297 0.9680 0.1007
vn -0.0001 0.9979 0.0642
vn -0.0001 0.9935 0.1135
vn -0.2391 0.9694 0.0564
vn -0.2297 0.9677 0.1035
vn -0.4655 0.8845 0.0324
vn -0.4505 0.8899 0.0717
vn -0.6644 0.7474 -0.0033
vn -0.6494 0.7601 0.0230
vn 0.4318 0.8850 0.1743
vn 0.6309 0.7680 0.1100
vn 0.2181 0.9519 0.2153
vn -0.0000 0.9731 0.2303
vn -0.2179 0.9511 0.2188
vn -0.4313 0.8838 0.1811
vn -0.6302 0.7670 0.1202
vn 0.3954 0.8329 0.3872
vn 0.5904 0.7414 0.3188
vn 0.1971 0.8821 0.4277
vn 0.0001 0.8970 0.4420
vn -0.1967 0.8805 0.4313
vn -0.3940 0.8302 0.3944
vn -0.5880 0.7384 0.3302
vn 0.3168 0.6784 0.6628
vn 0.4886 0.6261 0.6077
vn 0.1555 0.7035 0.6935
vn 0.0002 0.7104 0.7038
vn -0.1546 0.7013 0.6959
vn -0.3146 0.6744 0.6680
vn -0.4843 0.6209 0.6164
vn 0.2082 0.4468 0.8701
vn 0.3315 0.4302 0.8396
vn 0.1009 0.4515 0.8866
vn 0.0002 0.4523 0.8919
vn -0.1002 0.4498 0.8875
vn -0.2063 0.4436 0.8722
vn -0.3275 0.4257 0.8435
vn 0.1210 0.2509 0.9604
vn 0.1939 0.2519 0.9481
vn 0.0590 0.2484 0.9669
vn 0.0001 0.2475 0.9689
vn -0.0587 0.2476 0.9671
vn -0.1200 0.2493 0.9610
vn -0.1917 0.2494 0.9492
vn 0.6774 0.7356 -0.0008
vn 0.4783 0.8778 0.0248
vn 0.2471 0.9681 0.0429
vn -0.0000 0.9988 0.0498
vn -0.2471 0.9680 0.0443
vn -0.4783 0.8777 0.0276
vn -0.6775 0.7355 0.0031
vn -0.8183 0.5732 -0.0432
vn -0.8072 0.5893 -0.0334
vn -0.7947 0.6054 0.0448
vn -0.7611 0.6014 0.2428
vn -0.6532 0.5286 0.5422
vn -0.4581 0.3778 0.8046
vn -0.2706 0.2290 0.9351
vn 0.6811 0.6534 -0.3305
vn 0.5108 0.7691 -0.3841
vn 0.5113 0.8199 -0.2574
vn 0.6942 0.6824 -0.2290
vn 0.2830 0.8588 -0.4271
vn 0.2774 0.9190 -0.2801
vn -0.0000 0.8954 -0.4454
vn -0.0000 0.9572 -0.2894
vn -0.2830 0.8588 -0.4271
vn -0.2774 0.9191 -0.2800
vn -0.5108 0.7691 -0.3841
vn -0.5113 0.8200 -0.2572
vn -0.6811 0.6534 -0.3304
vn -0.6942 0.6824 -0.2288
vn 0.5101 0.8451 -0.1599
vn 0.7000 0.6987 -0.1477
vn 0.2721 0.9474 -0.1685
vn -0.0000 0.9851 -0.1719
vn -0.2721 0.9474 -0.1684
vn -0.5101 0.8452 -0.1596
vn -0.7000 0.6988 -0.1472
vn 0.5063 0.8582 -0.0847
vn 0.7008 0.7086 -0.0819
vn 0.2669 0.9599 -0.0859
vn -0.0000 0.9963 -0.0861
vn -0.2669 0.9599 -0.0856
vn -0.5063 0.8582 -0.0842
vn -0.7009 0.7086 -0.0811
vn 0.5014 0.8647 -0.0297
vn 0.6987 0.7147 -0.0330
vn 0.2625 0.9646 -0.0267
vn -0.0000 0.9997 -0.0254
vn -0.2625 0.9646 -0.0263
vn -0.5015 0.8647 -0.0288
vn -0.6987 0.7147 -0.0318
vn 0.4959 0.8684 0.0057
vn 0.6943 0.7197 -0.0036
vn 0.2585 0.9659 0.0126
vn -0.0000 0.9999 0.0153
vn -0.2585 0.9659 0.0133
vn -0.4959 0.8684 0.0070
vn -0.6943 0.7197 -0.0018
vn 0.4885 0.8723 0.0233
vn 0.6874 0.7262 0.0069
vn 0.2536 0.9667 0.0350
vn -0.0000 0.9992 0.0395
vn -0.2536 0.9666 0.0359
vn -0.4885 0.8722 0.0251
vn -0.6874 0.7262 0.0095
vn 0.8080 0.5138 -0.2882
vn 0.8356 0.5493 -0.0105
vn 0.8401 0.5423 -0.0131
vn 0.8422 0.5379 -0.0354
vn 0.8415 0.5348 -0.0771
vn 0.8367 0.5309 -0.1343
vn 0.8264 0.5247 -0.2043
vn -0.6811 -0.6534 -0.3304
vn -0.5108 -0.7691 -0.3841
vn -0.5113 -0.8200 -0.2572
vn -0.6942 -0.6824 -0.2288
vn -0.2830 -0.8588 -0.4271
vn -0.2774 -0.9191 -0.2800
vn -0.0000 -0.8954 -0.4454
vn -0.0000 -0.9572 -0.2894
vn 0.2830 -0.8588 -0.4271
vn 0.2774 -0.9190 -0.2801
vn 0.5108 -0.7691 -0.3841
vn 0.5113 -0.8199 -0.2574
vn 0.6811 -0.6534 -0.3305
vn 0.6942 -0.6824 -0.2290
vn -0.5101 -0.8452 -0.1596
vn -0.7000 -0.6988 -0.1472
vn -0.2721 -0.9474 -0.1684
vn -0.0000 -0.9851 -0.1719
vn 0.2721 -0.9474 -0.1685
vn 0.5101 -0.8451 -0.1599
vn 0.7000 -0.6987 -0.1477
vn -0.5063 -0.8582 -0.0842
vn -0.7009 -0.7086 -0.0811
vn -0.2669 -0.9599 -0.0856
vn -0.0000 -0.9963 -0.0861
vn 0.2669 -0.9599 -0.0859
vn 0.5063 -0.8582 -0.0847
vn 0.7008 -0.7086 -0.0819
vn -0.5015 -0.8647 -0.0288
vn -0.6987 -0.7147 -0.0318
vn -0.2625 -0.9646 -0.0263
vn -0.0000 -0.9997 -0.0254
vn 0.2625 -0.9646 -0.0267
vn 0.5014 -0.8647 -0.0297
vn 0.6987 -0.7147 -0.0330
vn -0.4959 -0.8684 0.0070
vn -0.6943 -0.7197 -0.0018
vn -0.2585 -0.9659 0.0133
vn -0.0000 -0.9999 0.0153
vn 0.2585 -0.9659 0.0126
vn 0.4959 -0.8684 0.0057
vn 0.6943 -0.7197 -0.0036
vn -0.4885 -0.8722 0.0251
vn -0.6874 -0.7262 0.0095
vn -0.2536 -0.9666 0.0359
vn -0.0000 -0.9992 0.0395
vn 0.2536 -0.9667 0.0350
vn 0.4885 -0.8723 0.0233
vn 0.6874 -0.7262 0.0069
vn 0.8080 -0.5138 -0.2882
vn 0.8264 -0.5247 -0.2043
vn 0.8367 -0.5309 -0.1343
vn 0.8415 -0.5348 -0.0771
vn 0.8422 -0.5379 -0.0354
vn 0.8401 -0.5423 -0.0131
vn 0.8356 -0.5493 -0.0105
vn 0.8854 -0.3712 -0.2797
vn 0.9252 -0.2484 -0.2869
vn 0.9533 -0.2392 -0.1842
vn 0.9085 -0.3720 -0.1902
vn 0.9483 -0.1269 -0.2909
vn 0.9762 -0.1188 -0.1813
vn 0.9563 -0.0000 -0.2925
vn 0.9836 -0.0000 -0.1804
vn 0.9483 0.1269 -0.2909
vn 0.9762 0.1188 -0.1813
vn 0.9252 0.2484 -0.2869
vn 0.9533 0.2392 -0.1842
vn 0.8854 0.3712 -0.2797
vn 0.9085 0.3720 -0.1902
vn 0.9655 -0.2339 -0.1144
vn 0.9206 -0.3706 -0.1227
vn 0.9875 -0.1139 -0.1091
vn 0.9942 -0.0000 -0.1073
vn 0.9875 0.1139 -0.1091
vn 0.9655 0.2339 -0.1144
vn 0.9206 0.3706 -0.1227
vn 0.9709 -0.2302 -0.0661
vn 0.9266 -0.3692 -0.0713
vn 0.9919 -0.1108 -0.0624
vn 0.9981 -0.0000 -0.0611
vn 0.9919 0.1108 -0.0624
vn 0.9709 0.2302 -0.0661
vn 0.9266 0.3692 -0.0713
vn 0.9728 -0.2287 -0.0363
vn 0.9287 -0.3691 -0.0364
vn 0.9933 -0.1095 -0.0358
vn 0.9994 -0.0000 -0.0356
vn 0.9933 0.1095 -0.0358
vn 0.9728 0.2287 -0.0363
vn 0.9287 0.3691 -0.0364
vn 0.9729 -0.2299 -0.0254
vn 0.9281 -0.3718 -0.0206
vn 0.9936 -0.1098 -0.0279
vn 0.9996 -0.0000 -0.0287
vn 0.9936 0.1098 -0.0279
vn 0.9729 0.2299 -0.0254
vn 0.9281 0.3718 -0.0206
vn 0.9717 -0.2335 -0.0349
vn 0.9257 -0.3774 -0.0250
vn 0.9929 -0.1115 -0.0404
vn 0.9991 -0.0000 -0.0422
vn 0.9929 0.1115 -0.0404
vn 0.9717 0.2335 -0.0349
vn 0.9257 0.3774 -0.0250
vn -0.3191 -0.1755 0.9313
vn -0.3385 -0.1178 0.9336
vn -0.6315 -0.2003 0.7491
vn -0.5648 -0.2955 0.7705
vn -0.3499 -0.0603 0.9349
vn -0.6696 -0.1022 0.7357
vn -0.3543 -0.0000 0.9351
vn -0.6828 -0.0000 0.7306
vn -0.3499 0.0603 0.9349
vn -0.6696 0.1022 0.7357
vn -0.3385 0.1178 0.9336
vn -0.6315 0.2003 0.7491
vn -0.3191 0.1755 0.9313
vn -0.5648 0.2955 0.7705
vn -0.8792 -0.2698 0.3927
vn -0.7900 -0.4041 0.4610
vn -0.9280 -0.1352 0.3473
vn -0.9437 -0.0000 0.3309
vn -0.9280 0.1352 0.3473
vn -0.8792 0.2698 0.3927
vn -0.7900 0.4041 0.4610
vn -0.9564 -0.2833 0.0716
vn -0.8855 -0.4399 0.1496
vn -0.9902 -0.1383 0.0208
vn -1.0000 -0.0000 0.0031
vn -0.9902 0.1383 0.0208
vn -0.9564 0.2833 0.0716
vn -0.8855 0.4399 0.1496
vn -0.9592 -0.2701 -0.0837
vn -0.9028 -0.4292 -0.0280
vn -0.9845 -0.1300 -0.1177
vn -0.9916 -0.0000 -0.1291
vn -0.9845 0.1300 -0.1177
vn -0.9592 0.2701 -0.0837
vn -0.9028 0.4292 -0.0280
vn -0.9588 -0.2569 -0.1212
vn -0.9074 -0.4118 -0.0843
vn -0.9820 -0.1231 -0.1430
vn -0.9887 -0.0000 -0.1502
vn -0.9820 0.1231 -0.1430
vn -0.9588 0.2569 -0.1212
vn -0.9074 0.4118 -0.0843
vn -0.9636 -0.2469 -0.1025
vn -0.9143 -0.3974 -0.0780
vn -0.9861 -0.1181 -0.1169
vn -0.9926 -0.0000 -0.1215
vn -0.9861 0.1181 -0.1169
vn -0.9636 0.2469 -0.1025
vn -0.9143 0.3974 -0.0780
vt 0.406250 0.066326
vt 0.437500 0.071493
vt 0.437500 0.093356
vt 0.406250 0.090278
vt 0.468750 0.074452
vt 0.468750 0.095331
vt 0.500000 0.075382
vt 0.500000 0.096013
vt 0.531250 0.074452
vt 0.531250 0.095331
vt 0.562500 0.071493
vt 0.562500 0.093356
vt 0.593750 0.066326
vt 0.593750 0.090278
vt 0.437500 0.117523
vt 0.406250 0.115815
vt 0.468750 0.118706
vt 0.500000 0.119146
vt 0.531250 0.118706
vt 0.562500 0.117523
vt 0.593750 0.115815
vt 0.437500 0.143152
vt 0.406250 0.142182
vt 0.468750 0.143837
vt 0.500000 0.144097
vt 0.531250 0.143837
vt 0.562500 0.143152
vt 0.593750 0.142182
vt 0.437500 0.169667
vt 0.406250 0.169033
vt 0.468750 0.170111
vt 0.500000 0.170278
vt 0.531250 0.170111
vt 0.562500 0.169667
vt 0.593750 0.169033
vt 0.437500 0.196919
vt 0.406250 0.196286
vt 0.468750 0.197331
vt 0.500000 0.197476
vt 0.531250 0.197331
vt 0.562500 0.196919
vt 0.593750 0.196286
vt 0.437500 0.224892
vt 0.406250 0.223985
vt 0.468750 0.225413
vt 0.500000 0.225577
vt 0.531250 0.225413
vt 0.562500 0.224892
vt 0.593750 0.223985
vt 0.375000 0.032143
vt 0.406250 0.046732
vt 0.375000 0.059375
vt 0.437500 0.053423
vt 0.468750 0.056889
vt 0.500000 0.057937
vt 0.531250 0.056889
vt 0.562500 0.053423
vt 0.593750 0.046732
vt 0.625000 0.032143
vt 0.625000 0.059375
vt 0.625000 0.086607
vt 0.625000 0.113839
vt 0.625000 0.141071
vt 0.625000 0.168304
vt 0.625000 0.195536
vt 0.625000 0.222768
vt 0.625000 0.250000
vt 0.593750 0.252525
vt 0.562500 0.253683
vt 0.531250 0.254283
vt 0.500000 0.254464
vt 0.468750 0.254283
vt 0.437500 0.253683
vt 0.406250 0.252525
vt 0.375000 0.222768
vt 0.375000 0.250000
vt 0.375000 0.195536
vt 0.375000 0.168304
vt 0.375000 0.141071
vt 0.375000 0.113839
vt 0.375000 0.086607
vt 0.406250 0.282450
vt 0.437500 0.283342
vt 0.437500 0.313623
vt 0.406250 0.313111
vt 0.468750 0.283852
vt 0.468750 0.313950
vt 0.500000 0.284012
vt 0.500000 0.314062
vt 0.531250 0.283852
vt 0.531250 0.313950
vt 0.562500 0.283342
vt 0.562500 0.313623
vt 0.593750 0.282450
vt 0.593750 0.313111
vt 0.437500 0.344236
vt 0.406250 0.344011
vt 0.468750 0.344390
vt 0.500000 0.344448
vt 0.531250 0.344390
vt 0.562500 0.344236
vt 0.593750 0.344011
vt 0.437500 0.375000
vt 0.406250 0.375000
vt 0.468750 0.375000
vt 0.500000 0.375000
vt 0.531250 0.375000
vt 0.562500 0.375000
vt 0.593750 0.375000
vt 0.437500 0.405764
vt 0.406250 0.405989
vt 0.468750 0.405610
vt 0.500000 0.405553
vt 0.531250 0.405610
vt 0.562500 0.405764
vt 0.593750 0.405989
vt 0.437500 0.436377
vt 0.406250 0.436889
vt 0.468750 0.436050
vt 0.500000 0.435938
vt 0.531250 0.436050
vt 0.562500 0.436377
vt 0.593750 0.436889
vt 0.437500 0.466657
vt 0.406250 0.467548
vt 0.468750 0.466148
vt 0.500000 0.465988
vt 0.531250 0.466148
vt 0.562500 0.466657
vt 0.593750 0.467548
vt 0.375000 0.281250
vt 0.625000 0.281250
vt 0.625000 0.312500
vt 0.625000 0.343750
vt 0.625000 0.375000
vt 0.625000 0.406250
vt 0.625000 0.437500
vt 0.625000 0.468750
vt 0.625000 0.500000
vt 0.593750 0.497450
vt 0.562500 0.496310
vt 0.531250 0.495716
vt 0.500000 0.495536
vt 0.468750 0.495716
vt 0.437500 0.496310
vt 0.406250 0.497450
vt 0.375000 0.468750
vt 0.375000 0.500000
vt 0.375000 0.437500
vt 0.375000 0.406250
vt 0.375000 0.375000
vt 0.375000 0.343750
vt 0.375000 0.312500
vt 0.406250 0.701162
vt 0.437500 0.701173
vt 0.437500 0.713107
vt 0.406250 0.713014
vt 0.468750 0.701183
vt 0.468750 0.713182
vt 0.500000 0.701187
vt 0.500000 0.713213
vt 0.531250 0.701183
vt 0.531250 0.713182
vt 0.562500 0.701173
vt 0.562500 0.713107
vt 0.593750 0.701162
vt 0.593750 0.713014
vt 0.437500 0.723272
vt 0.406250 0.722957
vt 0.468750 0.723526
vt 0.500000 0.723631
vt 0.531250 0.723526
vt 0.562500 0.723272
vt 0.593750 0.722957
vt 0.437500 0.732234
vt 0.406250 0.731490
vt 0.468750 0.732837
vt 0.500000 0.733085
vt 0.531250 0.732837
vt 0.562500 0.732234
vt 0.593750 0.731490
vt 0.437500 0.740653
vt 0.406250 0.739134
vt 0.468750 0.741842
vt 0.500000 0.742319
vt 0.531250 0.741842
vt 0.562500 0.740653
vt 0.593750 0.739134
vt 0.437500 0.749553
vt 0.406250 0.746523
vt 0.468750 0.751679
vt 0.500000 0.752449
vt 0.531250 0.751679
vt 0.562500 0.749553
vt 0.593750 0.746523
vt 0.437500 0.760269
vt 0.406250 0.754705
vt 0.468750 0.763618
vt 0.500000 0.764691
vt 0.531250 0.763618
vt 0.562500 0.760269
vt 0.593750 0.754705
vt 0.375000 0.686905
vt 0.406250 0.686905
vt 0.375000 0.701151
vt 0.437500 0.686905
vt 0.468750 0.686905
vt 0.500000 0.686905
vt 0.531250 0.686905
vt 0.562500 0.686905
vt 0.593750 0.686905
vt 0.625000 0.686905
vt 0.625000 0.701151
vt 0.625000 0.712929
vt 0.625000 0.722673
vt 0.625000 0.730816
vt 0.625000 0.737756
vt 0.625000 0.743750
vt 0.625000 0.748844
vt 0.625000 0.750000
vt 0.593750 0.767286
vt 0.562500 0.775010
vt 0.531250 0.779035
vt 0.500000 0.780258
vt 0.468750 0.779035
vt 0.437500 0.775010
vt 0.406250 0.767286
vt 0.375000 0.748844
vt 0.375000 0.750000
vt 0.375000 0.743750
vt 0.375000 0.737756
vt 0.375000 0.730816
vt 0.375000 0.722673
vt 0.375000 0.712929
vt 0.406250 0.789414
vt 0.437500 0.795466
vt 0.437500 0.820372
vt 0.406250 0.816782
vt 0.468750 0.798929
vt 0.468750 0.822674
vt 0.500000 0.800020
vt 0.500000 0.823469
vt 0.531250 0.798929
vt 0.531250 0.822674
vt 0.562500 0.795466
vt 0.562500 0.820372
vt 0.593750 0.789414
vt 0.593750 0.816782
vt 0.437500 0.847919
vt 0.406250 0.845987
vt 0.468750 0.849257
vt 0.500000 0.849754
vt 0.531250 0.849257
vt 0.562500 0.847919
vt 0.593750 0.845987
vt 0.437500 0.877080
vt 0.406250 0.876111
vt 0.468750 0.877766
vt 0.500000 0.878026
vt 0.531250 0.877766
vt 0.562500 0.877080
vt 0.593750 0.876111
vt 0.437500 0.907128
vt 0.406250 0.906719
vt 0.468750 0.907417
vt 0.500000 0.907527
vt 0.531250 0.907417
vt 0.562500 0.907128
vt 0.593750 0.906719
vt 0.437500 0.937760
vt 0.406250 0.937639
vt 0.468750 0.937846
vt 0.500000 0.937878
vt 0.531250 0.937846
vt 0.562500 0.937760
vt 0.593750 0.937639
vt 0.437500 0.968783
vt 0.406250 0.968767
vt 0.468750 0.968793
vt 0.500000 0.968797
vt 0.531250 0.968793
vt 0.562500 0.968783
vt 0.593750 0.968767
vt 0.375000 0.781250
vt 0.625000 0.781250
vt 0.625000 0.812500
vt 0.625000 0.843750
vt 0.625000 0.875000
vt 0.625000 0.906250
vt 0.625000 0.937500
vt 0.625000 0.968750
vt 0.625000 1.000000
vt 0.593750 1.000000
vt 0.562500 1.000000
vt 0.531250 1.000000
vt 0.500000 1.000000
vt 0.468750 1.000000
vt 0.437500 1.000000
vt 0.406250 1.000000
vt 0.375000 0.968750
vt 0.375000 1.000000
vt 0.375000 0.937500
vt 0.375000 0.906250
vt 0.375000 0.875000
vt 0.375000 0.843750
vt 0.375000 0.812500
vt 0.156250 0.714889
vt 0.187500 0.709466
vt 0.187500 0.718951
vt 0.156250 0.722214
vt 0.218750 0.705806
vt 0.218750 0.716438
vt 0.250000 0.703507
vt 0.250000 0.714689
vt 0.281250 0.702138
vt 0.281250 0.713619
vt 0.312500 0.701437
vt 0.312500 0.713078
vt 0.343750 0.701181
vt 0.343750 0.712904
vt 0.187500 0.726204
vt 0.156250 0.727985
vt 0.218750 0.724702
vt 0.250000 0.723573
vt 0.281250 0.722873
vt 0.312500 0.722546
vt 0.343750 0.722508
vt 0.187500 0.732075
vt 0.156250 0.732971
vt 0.218750 0.731299
vt 0.250000 0.730704
vt 0.281250 0.730344
vt 0.312500 0.730235
vt 0.343750 0.730389
vt 0.187500 0.737164
vt 0.156250 0.737543
vt 0.218750 0.736837
vt 0.250000 0.736586
vt 0.281250 0.736450
vt 0.312500 0.736518
vt 0.343750 0.736902
vt 0.187500 0.741733
vt 0.156250 0.741845
vt 0.218750 0.741636
vt 0.250000 0.741561
vt 0.281250 0.741540
vt 0.312500 0.741692
vt 0.343750 0.742243
vt 0.187500 0.745953
vt 0.156250 0.745967
vt 0.218750 0.745941
vt 0.250000 0.745932
vt 0.281250 0.745942
vt 0.312500 0.746054
vt 0.343750 0.746542
vt 0.125000 0.717857
vt 0.156250 0.703227
vt 0.125000 0.721875
vt 0.187500 0.696255
vt 0.218750 0.692023
vt 0.250000 0.689484
vt 0.281250 0.687993
vt 0.312500 0.687227
vt 0.343750 0.686945
vt 0.343750 0.750000
vt 0.312500 0.750000
vt 0.281250 0.750000
vt 0.250000 0.750000
vt 0.218750 0.750000
vt 0.187500 0.750000
vt 0.156250 0.750000
vt 0.125000 0.745982
vt 0.125000 0.750000
vt 0.125000 0.741964
vt 0.125000 0.737947
vt 0.125000 0.733929
vt 0.125000 0.729911
vt 0.125000 0.725893
vt 0.656250 0.701181
vt 0.687500 0.701437
vt 0.687500 0.713078
vt 0.656250 0.712904
vt 0.718750 0.702138
vt 0.718750 0.713619
vt 0.750000 0.703507
vt 0.750000 0.714689
vt 0.781250 0.705806
vt 0.781250 0.716438
vt 0.812500 0.709466
vt 0.812500 0.718951
vt 0.843750 0.714889
vt 0.843750 0.722214
vt 0.687500 0.722546
vt 0.656250 0.722508
vt 0.718750 0.722873
vt 0.750000 0.723573
vt 0.781250 0.724702
vt 0.812500 0.726204
vt 0.843750 0.727985
vt 0.687500 0.730235
vt 0.656250 0.730389
vt 0.718750 0.730344
vt 0.750000 0.730704
vt 0.781250 0.731299
vt 0.812500 0.732075
vt 0.843750 0.732971
vt 0.687500 0.736518
vt 0.656250 0.736902
vt 0.718750 0.736450
vt 0.750000 0.736586
vt 0.781250 0.736837
vt 0.812500 0.737164
vt 0.843750 0.737543
vt 0.687500 0.741692
vt 0.656250 0.742243
vt 0.718750 0.741540
vt 0.750000 0.741561
vt 0.781250 0.741636
vt 0.812500 0.741733
vt 0.843750 0.741845
vt 0.687500 0.746055
vt 0.656250 0.746541
vt 0.718750 0.745942
vt 0.750000 0.745932
vt 0.781250 0.745941
vt 0.812500 0.745953
vt 0.843750 0.745967
vt 0.656250 0.686945
vt 0.687500 0.687227
vt 0.718750 0.687993
vt 0.750000 0.689484
vt 0.781250 0.692023
vt 0.812500 0.696255
vt 0.843750 0.703227
vt 0.875000 0.717857
vt 0.875000 0.721875
vt 0.875000 0.725893
vt 0.875000 0.729911
vt 0.875000 0.733929
vt 0.875000 0.737947
vt 0.875000 0.741964
vt 0.875000 0.745982
vt 0.875000 0.750000
vt 0.843750 0.750000
vt 0.812500 0.750000
vt 0.781250 0.750000
vt 0.750000 0.750000
vt 0.718750 0.750000
vt 0.687500 0.750000
vt 0.656250 0.750000
vt 0.656250 0.527080
vt 0.687500 0.527154
vt 0.687500 0.553961
vt 0.656250 0.553870
vt 0.718750 0.527174
vt 0.718750 0.554011
vt 0.750000 0.527182
vt 0.750000 0.554061
vt 0.781250 0.527191
vt 0.781250 0.554136
vt 0.812500 0.527203
vt 0.812500 0.554233
vt 0.843750 0.527217
vt 0.843750 0.554345
vt 0.687500 0.580073
vt 0.656250 0.579982
vt 0.718750 0.580176
vt 0.750000 0.580336
vt 0.781250 0.580587
vt 0.812500 0.580914
vt 0.843750 0.581293
vt 0.687500 0.605126
vt 0.656250 0.605022
vt 0.718750 0.605330
vt 0.750000 0.605704
vt 0.781250 0.606299
vt 0.812500 0.607075
vt 0.843750 0.607971
vt 0.687500 0.628751
vt 0.656250 0.628603
vt 0.718750 0.629118
vt 0.750000 0.629823
vt 0.781250 0.630952
vt 0.812500 0.632454
vt 0.843750 0.634235
vt 0.687500 0.650565
vt 0.656250 0.650358
vt 0.718750 0.651117
vt 0.750000 0.652189
vt 0.781250 0.653938
vt 0.812500 0.656451
vt 0.843750 0.659714
vt 0.687500 0.670185
vt 0.656250 0.669926
vt 0.718750 0.670888
vt 0.750000 0.672257
vt 0.781250 0.674556
vt 0.812500 0.678216
vt 0.843750 0.683639
vt 0.656250 0.500000
vt 0.625000 0.526741
vt 0.687500 0.500000
vt 0.718750 0.500000
vt 0.750000 0.500000
vt 0.781250 0.500000
vt 0.812500 0.500000
vt 0.843750 0.500000
vt 0.875000 0.500000
vt 0.875000 0.527232
vt 0.875000 0.554464
vt 0.875000 0.581696
vt 0.875000 0.608929
vt 0.875000 0.636161
vt 0.875000 0.663393
vt 0.875000 0.690625
vt 0.625000 0.669888
vt 0.625000 0.650321
vt 0.625000 0.628557
vt 0.625000 0.604948
vt 0.625000 0.579851
vt 0.625000 0.553646
vt 0.156250 0.527217
vt 0.187500 0.527203
vt 0.187500 0.554233
vt 0.156250 0.554345
vt 0.218750 0.527191
vt 0.218750 0.554136
vt 0.250000 0.527182
vt 0.250000 0.554061
vt 0.281250 0.527174
vt 0.281250 0.554011
vt 0.312500 0.527154
vt 0.312500 0.553961
vt 0.343750 0.527080
vt 0.343750 0.553870
vt 0.187500 0.580914
vt 0.156250 0.581293
vt 0.218750 0.580587
vt 0.250000 0.580336
vt 0.281250 0.580176
vt 0.312500 0.580073
vt 0.343750 0.579982
vt 0.187500 0.607075
vt 0.156250 0.607971
vt 0.218750 0.606299
vt 0.250000 0.605704
vt 0.281250 0.605330
vt 0.312500 0.605126
vt 0.343750 0.605023
vt 0.187500 0.632454
vt 0.156250 0.634235
vt 0.218750 0.630952
vt 0.250000 0.629823
vt 0.281250 0.629118
vt 0.312500 0.628751
vt 0.343750 0.628603
vt 0.187500 0.656451
vt 0.156250 0.659714
vt 0.218750 0.653938
vt 0.250000 0.652189
vt 0.281250 0.651117
vt 0.312500 0.650565
vt 0.343750 0.650358
vt 0.187500 0.678216
vt 0.156250 0.683639
vt 0.218750 0.674556
vt 0.250000 0.672257
vt 0.281250 0.670888
vt 0.312500 0.670185
vt 0.343750 0.669926
vt 0.125000 0.500000
vt 0.156250 0.500000
vt 0.125000 0.527232
vt 0.187500 0.500000
vt 0.218750 0.500000
vt 0.250000 0.500000
vt 0.281250 0.500000
vt 0.312500 0.500000
vt 0.343750 0.500000
vt 0.375000 0.526741
vt 0.375000 0.553646
vt 0.375000 0.579851
vt 0.375000 0.604948
vt 0.375000 0.628557
vt 0.375000 0.650321
vt 0.375000 0.669888
vt 0.125000 0.690625
vt 0.125000 0.663393
vt 0.125000 0.636161
vt 0.125000 0.608929
vt 0.125000 0.581696
vt 0.125000 0.554464
vt 0.406250 0.525876
vt 0.437500 0.525055
vt 0.437500 0.552790
vt 0.406250 0.553237
vt 0.468750 0.524561
vt 0.468750 0.552476
vt 0.500000 0.524402
vt 0.500000 0.552362
vt 0.531250 0.524561
vt 0.531250 0.552476
vt 0.562500 0.525055
vt 0.562500 0.552790
vt 0.593750 0.525876
vt 0.593750 0.553237
vt 0.437500 0.579424
vt 0.406250 0.579648
vt 0.468750 0.579249
vt 0.500000 0.579178
vt 0.531250 0.579249
vt 0.562500 0.579424
vt 0.593750 0.579648
vt 0.437500 0.604739
vt 0.406250 0.604849
vt 0.468750 0.604650
vt 0.500000 0.604613
vt 0.531250 0.604650
vt 0.562500 0.604739
vt 0.593750 0.604848
vt 0.437500 0.628469
vt 0.406250 0.628515
vt 0.468750 0.628431
vt 0.500000 0.628416
vt 0.531250 0.628431
vt 0.562500 0.628469
vt 0.593750 0.628515
vt 0.437500 0.650295
vt 0.406250 0.650309
vt 0.468750 0.650284
vt 0.500000 0.650279
vt 0.531250 0.650284
vt 0.562500 0.650295
vt 0.593750 0.650308
vt 0.437500 0.669884
vt 0.406250 0.669886
vt 0.468750 0.669883
vt 0.500000 0.669882
vt 0.531250 0.669883
vt 0.562500 0.669884
vt 0.593750 0.669886
vt 0.406250 0.004033
vt 0.437500 0.004046
vt 0.437500 0.008257
vt 0.406250 0.008154
vt 0.468750 0.004055
vt 0.468750 0.008330
vt 0.500000 0.004058
vt 0.500000 0.008358
vt 0.531250 0.004055
vt 0.531250 0.008330
vt 0.562500 0.004046
vt 0.562500 0.008257
vt 0.593750 0.004033
vt 0.593750 0.008154
vt 0.437500 0.012802
vt 0.406250 0.012453
vt 0.468750 0.013048
vt 0.500000 0.013142
vt 0.531250 0.013048
vt 0.562500 0.012802
vt 0.593750 0.012453
vt 0.437500 0.017845
vt 0.406250 0.017019
vt 0.468750 0.018429
vt 0.500000 0.018651
vt 0.531250 0.018429
vt 0.562500 0.017845
vt 0.593750 0.017019
vt 0.437500 0.023643
vt 0.406250 0.021996
vt 0.468750 0.024784
vt 0.500000 0.025208
vt 0.531250 0.024784
vt 0.562500 0.023643
vt 0.593750 0.021996
vt 0.437500 0.030818
vt 0.406250 0.027757
vt 0.468750 0.032780
vt 0.500000 0.033457
vt 0.531250 0.032780
vt 0.562500 0.030818
vt 0.593750 0.027757
vt 0.437500 0.040238
vt 0.406250 0.035074
vt 0.468750 0.043195
vt 0.500000 0.044125
vt 0.531250 0.043195
vt 0.562500 0.040238
vt 0.593750 0.035074
vt 0.375000 0.000000
vt 0.406250 0.000000
vt 0.375000 0.004018
vt 0.437500 0.000000
vt 0.468750 0.000000
vt 0.500000 0.000000
vt 0.531250 0.000000
vt 0.562500 0.000000
vt 0.593750 0.000000
vt 0.625000 0.000000
vt 0.625000 0.004018
vt 0.625000 0.008036
vt 0.625000 0.012054
vt 0.625000 0.016071
vt 0.625000 0.020089
vt 0.625000 0.024107
vt 0.625000 0.028125
vt 0.375000 0.028125
vt 0.375000 0.024107
vt 0.375000 0.020089
vt 0.375000 0.016071
vt 0.375000 0.012054
vt 0.375000 0.008036
s 1
usemtl Llave
f 6021/5499/5774 6022/5500/5775 6029/5501/5776 6028/5502/5777
f 6022/5500/5775 6023/5503/5778 6030/5504/5779 6029/5501/5776
f 6023/5503/5778 6024/5505/5780 6031/5506/5781 6030/5504/5779
f 6024/5505/5780 6025/5507/5782 6032/5508/5783 6031/5506/5781
f 6025/5507/5782 6026/5509/5784 6033/5510/5785 6032/5508/5783
f 6026/5509/5784 6027/5511/5786 6034/5512/5787 6033/5510/5785
f 6028/5502/5777 6029/5501/5776 6036/5513/5788 6035/5514/5789
f 6029/5501/5776 6030/5504/5779 6037/5515/5790 6036/5513/5788
f 6030/5504/5779 6031/5506/5781 6038/5516/5791 6037/5515/5790
f 6031/5506/5781 6032/5508/5783 6039/5517/5792 6038/5516/5791
f 6032/5508/5783 6033/5510/5785 6040/5518/5793 6039/5517/5792
f 6033/5510/5785 6034/5512/5787 6041/5519/5794 6040/5518/5793
f 6035/5514/5789 6036/5513/5788 6043/5520/5795 6042/5521/5796
f 6036/5513/5788 6037/5515/5790 6044/5522/5797 6043/5520/5795
f 6037/5515/5790 6038/5516/5791 6045/5523/5798 6044/5522/5797
f 6038/5516/5791 6039/5517/5792 6046/5524/5799 6045/5523/5798
f 6039/5517/5792 6040/5518/5793 6047/5525/5800 6046/5524/5799
f 6040/5518/5793 6041/5519/5794 6048/5526/5801 6047/5525/5800
f 6042/5521/5796 6043/5520/5795 6050/5527/5802 6049/5528/5803
f 6043/5520/5795 6044/5522/5797 6051/5529/5804 6050/5527/5802
f 6044/5522/5797 6045/5523/5798 6052/5530/5805 6051/5529/5804
f 6045/5523/5798 6046/5524/5799 6053/5531/5806 6052/5530/5805
f 6046/5524/5799 6047/5525/5800 6054/5532/5807 6053/5531/5806
f 6047/5525/5800 6048/5526/5801 6055/5533/5808 6054/5532/5807
f 6049/5528/5803 6050/5527/5802 6057/5534/5809 6056/5535/5810
f 6050/5527/5802 6051/5529/5804 6058/5536/5811 6057/5534/5809
f 6051/5529/5804 6052/5530/5805 6059/5537/5812 6058/5536/5811
f 6052/5530/5805 6053/5531/5806 6060/5538/5813 6059/5537/5812
f 6053/5531/5806 6054/5532/5807 6061/5539/5814 6060/5538/5813
f 6054/5532/5807 6055/5533/5808 6062/5540/5815 6061/5539/5814
f 6056/5535/5810 6057/5534/5809 6064/5541/5816 6063/5542/5817
f 6057/5534/5809 6058/5536/5811 6065/5543/5818 6064/5541/5816
f 6058/5536/5811 6059/5537/5812 6066/5544/5819 6065/5543/5818
f 6059/5537/5812 6060/5538/5813 6067/5545/5820 6066/5544/5819
f 6060/5538/5813 6061/5539/5814 6068/5546/5821 6067/5545/5820
f 6061/5539/5814 6062/5540/5815 6069/5547/5822 6068/5546/5821
f 5877/5548/5823 6020/5549/5824 6021/5499/5774 5971/5550/5825
f 6020/5549/5824 6019/5551/5826 6022/5500/5775 6021/5499/5774
f 6019/5551/5826 6018/5552/5827 6023/5503/5778 6022/5500/5775
f 6018/5552/5827 6017/5553/5828 6024/5505/5780 6023/5503/5778
f 6017/5553/5828 6016/5554/5829 6025/5507/5782 6024/5505/5780
f 6016/5554/5829 6015/5555/5830 6026/5509/5784 6025/5507/5782
f 6015/5555/5830 6014/5556/5831 6027/5511/5786 6026/5509/5784
f 6014/5556/5831 5878/5557/5832 5895/5558/5833 6027/5511/5786
f 6027/5511/5786 5895/5558/5833 5896/5559/5834 6034/5512/5787
f 6034/5512/5787 5896/5559/5834 5897/5560/5835 6041/5519/5794
f 6041/5519/5794 5897/5560/5835 5898/5561/5836 6048/5526/5801
f 6048/5526/5801 5898/5561/5836 5899/5562/5837 6055/5533/5808
f 6055/5533/5808 5899/5562/5837 5900/5563/5838 6062/5540/5815
f 6062/5540/5815 5900/5563/5838 5901/5564/5839 6069/5547/5822
f 6069/5547/5822 5901/5564/5839 5872/5565/5840 5902/5566/5841
f 6068/5546/5821 6069/5547/5822 5902/5566/5841 5903/5567/5842
f 6067/5545/5820 6068/5546/5821 5903/5567/5842 5904/5568/5843
f 6066/5544/5819 6067/5545/5820 5904/5568/5843 5905/5569/5844
f 6065/5543/5818 6066/5544/5819 5905/5569/5844 5906/5570/5845
f 6064/5541/5816 6065/5543/5818 5906/5570/5845 5907/5571/5846
f 6063/5542/5817 6064/5541/5816 5907/5571/5846 5908/5572/5847
f 5965/5573/5848 6063/5542/5817 5908/5572/5847 5871/5574/5849
f 5966/5575/5850 6056/5535/5810 6063/5542/5817 5965/5573/5848
f 5967/5576/5851 6049/5528/5803 6056/5535/5810 5966/5575/5850
f 5968/5577/5852 6042/5521/5796 6049/5528/5803 5967/5576/5851
f 5969/5578/5853 6035/5514/5789 6042/5521/5796 5968/5577/5852
f 5970/5579/5854 6028/5502/5777 6035/5514/5789 5969/5578/5853
f 5971/5550/5825 6021/5499/5774 6028/5502/5777 5970/5579/5854
f 6070/5580/5855 6071/5581/5856 6078/5582/5857 6077/5583/5858
f 6071/5581/5856 6072/5584/5859 6079/5585/5860 6078/5582/5857
f 6072/5584/5859 6073/5586/5861 6080/5587/5862 6079/5585/5860
f 6073/5586/5861 6074/5588/5863 6081/5589/5864 6080/5587/5862
f 6074/5588/5863 6075/5590/5865 6082/5591/5866 6081/5589/5864
f 6075/5590/5865 6076/5592/5867 6083/5593/5868 6082/5591/5866
f 6077/5583/5858 6078/5582/5857 6085/5594/5869 6084/5595/5870
f 6078/5582/5857 6079/5585/5860 6086/5596/5871 6085/5594/5869
f 6079/5585/5860 6080/5587/5862 6087/5597/5872 6086/5596/5871
f 6080/5587/5862 6081/5589/5864 6088/5598/5873 6087/5597/5872
f 6081/5589/5864 6082/5591/5866 6089/5599/5874 6088/5598/5873
f 6082/5591/5866 6083/5593/5868 6090/5600/5875 6089/5599/5874
f 6084/5595/5870 6085/5594/5869 6092/5601/5876 6091/5602/5877
f 6085/5594/5869 6086/5596/5871 6093/5603/5878 6092/5601/5876
f 6086/5596/5871 6087/5597/5872 6094/5604/5879 6093/5603/5878
f 6087/5597/5872 6088/5598/5873 6095/5605/5880 6094/5604/5879
f 6088/5598/5873 6089/5599/5874 6096/5606/5881 6095/5605/5880
f 6089/5599/5874 6090/5600/5875 6097/5607/5882 6096/5606/5881
f 6091/5602/5877 6092/5601/5876 6099/5608/5883 6098/5609/5884
f 6092/5601/5876 6093/5603/5878 6100/5610/5885 6099/5608/5883
f 6093/5603/5878 6094/5604/5879 6101/5611/5886 6100/5610/5885
f 6094/5604/5879 6095/5605/5880 6102/5612/5887 6101/5611/5886
f 6095/5605/5880 6096/5606/5881 6103/5613/5888 6102/5612/5887
f 6096/5606/5881 6097/5607/5882 6104/5614/5889 6103/5613/5888
f 6098/5609/5884 6099/5608/5883 6106/5615/5890 6105/5616/5891
f 6099/5608/5883 6100/5610/5885 6107/5617/5892 6106/5615/5890
f 6100/5610/5885 6101/5611/5886 6108/5618/5893 6107/5617/5892
f 6101/5611/5886 6102/5612/5887 6109/5619/5894 6108/5618/5893
f 6102/5612/5887 6103/5613/5888 6110/5620/5895 6109/5619/5894
f 6103/5613/5888 6104/5614/5889 6111/5621/5896 6110/5620/5895
f 6105/5616/5891 6106/5615/5890 6113/5622/5897 6112/5623/5898
f 6106/5615/5890 6107/5617/5892 6114/5624/5899 6113/5622/5897
f 6107/5617/5892 6108/5618/5893 6115/5625/5900 6114/5624/5899
f 6108/5618/5893 6109/5619/5894 6116/5626/5901 6115/5625/5900
f 6109/5619/5894 6110/5620/5895 6117/5627/5902 6116/5626/5901
f 6110/5620/5895 6111/5621/5896 6118/5628/5903 6117/5627/5902
f 5871/5574/5849 5908/5572/5847 6070/5580/5855 5915/5629/5904
f 5908/5572/5847 5907/5571/5846 6071/5581/5856 6070/5580/5855
f 5907/5571/5846 5906/5570/5845 6072/5584/5859 6071/5581/5856
f 5906/5570/5845 5905/5569/5844 6073/5586/5861 6072/5584/5859
f 5905/5569/5844 5904/5568/5843 6074/5588/5863 6073/5586/5861
f 5904/5568/5843 5903/5567/5842 6075/5590/5865 6074/5588/5863
f 5903/5567/5842 5902/5566/5841 6076/5592/5867 6075/5590/5865
f 5902/5566/5841 5872/5565/5840 5916/5630/5905 6076/5592/5867
f 6076/5592/5867 5916/5630/5905 5917/5631/5906 6083/5593/5868
f 6083/5593/5868 5917/5631/5906 5918/5632/5907 6090/5600/5875
f 6090/5600/5875 5918/5632/5907 5919/5633/5908 6097/5607/5882
f 6097/5607/5882 5919/5633/5908 5920/5634/5909 6104/5614/5889
f 6104/5614/5889 5920/5634/5909 5921/5635/5910 6111/5621/5896
f 6111/5621/5896 5921/5635/5910 5922/5636/5911 6118/5628/5903
f 6118/5628/5903 5922/5636/5911 5876/5637/5912 5923/5638/5913
f 6117/5627/5902 6118/5628/5903 5923/5638/5913 5924/5639/5914
f 6116/5626/5901 6117/5627/5902 5924/5639/5914 5925/5640/5915
f 6115/5625/5900 6116/5626/5901 5925/5640/5915 5926/5641/5916
f 6114/5624/5899 6115/5625/5900 5926/5641/5916 5927/5642/5917
f 6113/5622/5897 6114/5624/5899 5927/5642/5917 5928/5643/5918
f 6112/5623/5898 6113/5622/5897 5928/5643/5918 5929/5644/5919
f 5909/5645/5920 6112/5623/5898 5929/5644/5919 5875/5646/5921
f 5910/5647/5922 6105/5616/5891 6112/5623/5898 5909/5645/5920
f 5911/5648/5923 6098/5609/5884 6105/5616/5891 5910/5647/5922
f 5912/5649/5924 6091/5602/5877 6098/5609/5884 5911/5648/5923
f 5913/5650/5925 6084/5595/5870 6091/5602/5877 5912/5649/5924
f 5914/5651/5926 6077/5583/5858 6084/5595/5870 5913/5650/5925
f 5915/5629/5904 6070/5580/5855 6077/5583/5858 5914/5651/5926
f 6119/5652/5927 6120/5653/5928 6127/5654/5929 6126/5655/5930
f 6120/5653/5928 6121/5656/5931 6128/5657/5932 6127/5654/5929
f 6121/5656/5931 6122/5658/5933 6129/5659/5934 6128/5657/5932
f 6122/5658/5933 6123/5660/5935 6130/5661/5936 6129/5659/5934
f 6123/5660/5935 6124/5662/5937 6131/5663/5938 6130/5661/5936
f 6124/5662/5937 6125/5664/5939 6132/5665/5940 6131/5663/5938
f 6126/5655/5930 6127/5654/5929 6134/5666/5941 6133/5667/5942
f 6127/5654/5929 6128/5657/5932 6135/5668/5943 6134/5666/5941
f 6128/5657/5932 6129/5659/5934 6136/5669/5944 6135/5668/5943
f 6129/5659/5934 6130/5661/5936 6137/5670/5945 6136/5669/5944
f 6130/5661/5936 6131/5663/5938 6138/5671/5946 6137/5670/5945
f 6131/5663/5938 6132/5665/5940 6139/5672/5947 6138/5671/5946
f 6133/5667/5942 6134/5666/5941 6141/5673/5948 6140/5674/5949
f 6134/5666/5941 6135/5668/5943 6142/5675/5950 6141/5673/5948
f 6135/5668/5943 6136/5669/5944 6143/5676/5951 6142/5675/5950
f 6136/5669/5944 6137/5670/5945 6144/5677/5952 6143/5676/5951
f 6137/5670/5945 6138/5671/5946 6145/5678/5953 6144/5677/5952
f 6138/5671/5946 6139/5672/5947 6146/5679/5954 6145/5678/5953
f 6140/5674/5949 6141/5673/5948 6148/5680/5955 6147/5681/5956
f 6141/5673/5948 6142/5675/5950 6149/5682/5957 6148/5680/5955
f 6142/5675/5950 6143/5676/5951 6150/5683/5958 6149/5682/5957
f 6143/5676/5951 6144/5677/5952 6151/5684/5959 6150/5683/5958
f 6144/5677/5952 6145/5678/5953 6152/5685/5960 6151/5684/5959
f 6145/5678/5953 6146/5679/5954 6153/5686/5961 6152/5685/5960
f 6147/5681/5956 6148/5680/5955 6155/5687/5962 6154/5688/5963
f 6148/5680/5955 6149/5682/5957 6156/5689/5964 6155/5687/5962
f 6149/5682/5957 6150/5683/5958 6157/5690/5965 6156/5689/5964
f 6150/5683/5958 6151/5684/5959 6158/5691/5966 6157/5690/5965
f 6151/5684/5959 6152/5685/5960 6159/5692/5967 6158/5691/5966
f 6152/5685/5960 6153/5686/5961 6160/5693/5968 6159/5692/5967
f 6154/5688/5963 6155/5687/5962 6162/5694/5969 6161/5695/5970
f 6155/5687/5962 6156/5689/5964 6163/5696/5971 6162/5694/5969
f 6156/5689/5964 6157/5690/5965 6164/5697/5972 6163/5696/5971
f 6157/5690/5965 6158/5691/5966 6165/5698/5973 6164/5697/5972
f 6158/5691/5966 6159/5692/5967 6166/5699/5974 6165/5698/5973
f 6159/5692/5967 6160/5693/5968 6167/5700/5975 6166/5699/5974
f 5879/5701/5976 6013/5702/5977 6119/5652/5927 5985/5703/5978
f 6013/5702/5977 6012/5704/5979 6120/5653/5928 6119/5652/5927
f 6012/5704/5979 6011/5705/5980 6121/5656/5931 6120/5653/5928
f 6011/5705/5980 6010/5706/5981 6122/5658/5933 6121/5656/5931
f 6010/5706/5981 6009/5707/5982 6123/5660/5935 6122/5658/5933
f 6009/5707/5982 6008/5708/5983 6124/5662/5937 6123/5660/5935
f 6008/5708/5983 6007/5709/5984 6125/5664/5939 6124/5662/5937
f 6007/5709/5984 5880/5710/5985 5937/5711/5986 6125/5664/5939
f 6125/5664/5939 5937/5711/5986 5938/5712/5987 6132/5665/5940
f 6132/5665/5940 5938/5712/5987 5939/5713/5988 6139/5672/5947
f 6139/5672/5947 5939/5713/5988 5940/5714/5989 6146/5679/5954
f 6146/5679/5954 5940/5714/5989 5941/5715/5990 6153/5686/5961
f 6153/5686/5961 5941/5715/5990 5942/5716/5991 6160/5693/5968
f 6160/5693/5968 5942/5716/5991 5943/5717/5992 6167/5700/5975
f 6167/5700/5975 5943/5717/5992 5874/5718/5993 5944/5719/5994
f 6166/5699/5974 6167/5700/5975 5944/5719/5994 5945/5720/5995
f 6165/5698/5973 6166/5699/5974 5945/5720/5995 5946/5721/5996
f 6164/5697/5972 6165/5698/5973 5946/5721/5996 5947/5722/5997
f 6163/5696/5971 6164/5697/5972 5947/5722/5997 5948/5723/5998
f 6162/5694/5969 6163/5696/5971 5948/5723/5998 5949/5724/5999
f 6161/5695/5970 6162/5694/5969 5949/5724/5999 5950/5725/6000
f 5979/5726/6001 6161/5695/5970 5950/5725/6000 5873/5727/6002
f 5980/5728/6003 6154/5688/5963 6161/5695/5970 5979/5726/6001
f 5981/5729/6004 6147/5681/5956 6154/5688/5963 5980/5728/6003
f 5982/5730/6005 6140/5674/5949 6147/5681/5956 5981/5729/6004
f 5983/5731/6006 6133/5667/5942 6140/5674/5949 5982/5730/6005
f 5984/5732/6007 6126/5655/5930 6133/5667/5942 5983/5731/6006
f 5985/5703/5978 6119/5652/5927 6126/5655/5930 5984/5732/6007
f 6168/5733/6008 6169/5734/6009 6176/5735/6010 6175/5736/6011
f 6169/5734/6009 6170/5737/6012 6177/5738/6013 6176/5735/6010
f 6170/5737/6012 6171/5739/6014 6178/5740/6015 6177/5738/6013
f 6171/5739/6014 6172/5741/6016 6179/5742/6017 6178/5740/6015
f 6172/5741/6016 6173/5743/6018 6180/5744/6019 6179/5742/6017
f 6173/5743/6018 6174/5745/6020 6181/5746/6021 6180/5744/6019
f 6175/5736/6011 6176/5735/6010 6183/5747/6022 6182/5748/6023
f 6176/5735/6010 6177/5738/6013 6184/5749/6024 6183/5747/6022
f 6177/5738/6013 6178/5740/6015 6185/5750/6025 6184/5749/6024
f 6178/5740/6015 6179/5742/6017 6186/5751/6026 6185/5750/6025
f 6179/5742/6017 6180/5744/6019 6187/5752/6027 6186/5751/6026
f 6180/5744/6019 6181/5746/6021 6188/5753/6028 6187/5752/6027
f 6182/5748/6023 6183/5747/6022 6190/5754/6029 6189/5755/6030
f 6183/5747/6022 6184/5749/6024 6191/5756/6031 6190/5754/6029
f 6184/5749/6024 6185/5750/6025 6192/5757/6032 6191/5756/6031
f 6185/5750/6025 6186/5751/6026 6193/5758/6033 6192/5757/6032
f 6186/5751/6026 6187/5752/6027 6194/5759/6034 6193/5758/6033
f 6187/5752/6027 6188/5753/6028 6195/5760/6035 6194/5759/6034
f 6189/5755/6030 6190/5754/6029 6197/5761/6036 6196/5762/6037
f 6190/5754/6029 6191/5756/6031 6198/5763/6038 6197/5761/6036
f 6191/5756/6031 6192/5757/6032 6199/5764/6039 6198/5763/6038
f 6192/5757/6032 6193/5758/6033 6200/5765/6040 6199/5764/6039
f 6193/5758/6033 6194/5759/6034 6201/5766/6041 6200/5765/6040
f 6194/5759/6034 6195/5760/6035 6202/5767/6042 6201/5766/6041
f 6196/5762/6037 6197/5761/6036 6204/5768/6043 6203/5769/6044
f 6197/5761/6036 6198/5763/6038 6205/5770/6045 6204/5768/6043
f 6198/5763/6038 6199/5764/6039 6206/5771/6046 6205/5770/6045
f 6199/5764/6039 6200/5765/6040 6207/5772/6047 6206/5771/6046
f 6200/5765/6040 6201/5766/6041 6208/5773/6048 6207/5772/6047
f 6201/5766/6041 6202/5767/6042 6209/5774/6049 6208/5773/6048
f 6203/5769/6044 6204/5768/6043 6211/5775/6050 6210/5776/6051
f 6204/5768/6043 6205/5770/6045 6212/5777/6052 6211/5775/6050
f 6205/5770/6045 6206/5771/6046 6213/5778/6053 6212/5777/6052
f 6206/5771/6046 6207/5772/6047 6214/5779/6054 6213/5778/6053
f 6207/5772/6047 6208/5773/6048 6215/5780/6055 6214/5779/6054
f 6208/5773/6048 6209/5774/6049 6216/5781/6056 6215/5780/6055
f 5873/5727/6002 5950/5725/6000 6168/5733/6008 5957/5782/6057
f 5950/5725/6000 5949/5724/5999 6169/5734/6009 6168/5733/6008
f 5949/5724/5999 5948/5723/5998 6170/5737/6012 6169/5734/6009
f 5948/5723/5998 5947/5722/5997 6171/5739/6014 6170/5737/6012
f 5947/5722/5997 5946/5721/5996 6172/5741/6016 6171/5739/6014
f 5946/5721/5996 5945/5720/5995 6173/5743/6018 6172/5741/6016
f 5945/5720/5995 5944/5719/5994 6174/5745/6020 6173/5743/6018
f 5944/5719/5994 5874/5718/5993 5958/5783/6058 6174/5745/6020
f 6174/5745/6020 5958/5783/6058 5959/5784/6059 6181/5746/6021
f 6181/5746/6021 5959/5784/6059 5960/5785/6060 6188/5753/6028
f 6188/5753/6028 5960/5785/6060 5961/5786/6061 6195/5760/6035
f 6195/5760/6035 5961/5786/6061 5962/5787/6062 6202/5767/6042
f 6202/5767/6042 5962/5787/6062 5963/5788/6063 6209/5774/6049
f 6209/5774/6049 5963/5788/6063 5964/5789/6064 6216/5781/6056
f 6216/5781/6056 5964/5789/6064 5870/5790/6065 5894/5791/6066
f 6215/5780/6055 6216/5781/6056 5894/5791/6066 5893/5792/6067
f 6214/5779/6054 6215/5780/6055 5893/5792/6067 5892/5793/6068
f 6213/5778/6053 6214/5779/6054 5892/5793/6068 5891/5794/6069
f 6212/5777/6052 6213/5778/6053 5891/5794/6069 5890/5795/6070
f 6211/5775/6050 6212/5777/6052 5890/5795/6070 5889/5796/6071
f 6210/5776/6051 6211/5775/6050 5889/5796/6071 5888/5797/6072
f 5951/5798/6073 6210/5776/6051 5888/5797/6072 5869/5799/6074
f 5952/5800/6075 6203/5769/6044 6210/5776/6051 5951/5798/6073
f 5953/5801/6076 6196/5762/6037 6203/5769/6044 5952/5800/6075
f 5954/5802/6077 6189/5755/6030 6196/5762/6037 5953/5801/6076
f 5955/5803/6078 6182/5748/6023 6189/5755/6030 5954/5802/6077
f 5956/5804/6079 6175/5736/6011 6182/5748/6023 5955/5803/6078
f 5957/5782/6057 6168/5733/6008 6175/5736/6011 5956/5804/6079
f 6217/5805/6080 6218/5806/6081 6225/5807/6082 6224/5808/6083
f 6218/5806/6081 6219/5809/6084 6226/5810/6085 6225/5807/6082
f 6219/5809/6084 6220/5811/6086 6227/5812/6087 6226/5810/6085
f 6220/5811/6086 6221/5813/6088 6228/5814/6089 6227/5812/6087
f 6221/5813/6088 6222/5815/6090 6229/5816/6091 6228/5814/6089
f 6222/5815/6090 6223/5817/6092 6230/5818/6093 6229/5816/6091
f 6224/5808/6083 6225/5807/6082 6232/5819/6094 6231/5820/6095
f 6225/5807/6082 6226/5810/6085 6233/5821/6096 6232/5819/6094
f 6226/5810/6085 6227/5812/6087 6234/5822/6097 6233/5821/6096
f 6227/5812/6087 6228/5814/6089 6235/5823/6098 6234/5822/6097
f 6228/5814/6089 6229/5816/6091 6236/5824/6099 6235/5823/6098
f 6229/5816/6091 6230/5818/6093 6237/5825/6100 6236/5824/6099
f 6231/5820/6095 6232/5819/6094 6239/5826/6101 6238/5827/6102
f 6232/5819/6094 6233/5821/6096 6240/5828/6103 6239/5826/6101
f 6233/5821/6096 6234/5822/6097 6241/5829/6104 6240/5828/6103
f 6234/5822/6097 6235/5823/6098 6242/5830/6105 6241/5829/6104
f 6235/5823/6098 6236/5824/6099 6243/5831/6106 6242/5830/6105
f 6236/5824/6099 6237/5825/6100 6244/5832/6107 6243/5831/6106
f 6238/5827/6102 6239/5826/6101 6246/5833/6108 6245/5834/6109
f 6239/5826/6101 6240/5828/6103 6247/5835/6110 6246/5833/6108
f 6240/5828/6103 6241/5829/6104 6248/5836/6111 6247/5835/6110
f 6241/5829/6104 6242/5830/6105 6249/5837/6112 6248/5836/6111
f 6242/5830/6105 6243/5831/6106 6250/5838/6113 6249/5837/6112
f 6243/5831/6106 6244/5832/6107 6251/5839/6114 6250/5838/6113
f 6245/5834/6109 6246/5833/6108 6253/5840/6115 6252/5841/6116
f 6246/5833/6108 6247/5835/6110 6254/5842/6117 6253/5840/6115
f 6247/5835/6110 6248/5836/6111 6255/5843/6118 6254/5842/6117
f 6248/5836/6111 6249/5837/6112 6256/5844/6119 6255/5843/6118
f 6249/5837/6112 6250/5838/6113 6257/5845/6120 6256/5844/6119
f 6250/5838/6113 6251/5839/6114 6258/5846/6121 6257/5845/6120
f 6252/5841/6116 6253/5840/6115 6260/5847/6122 6259/5848/6123
f 6253/5840/6115 6254/5842/6117 6261/5849/6124 6260/5847/6122
f 6254/5842/6117 6255/5843/6118 6262/5850/6125 6261/5849/6124
f 6255/5843/6118 6256/5844/6119 6263/5851/6126 6262/5850/6125
f 6256/5844/6119 6257/5845/6120 6264/5852/6127 6263/5851/6126
f 6257/5845/6120 6258/5846/6121 6265/5853/6128 6264/5852/6127
f 5877/5854/5823 6006/5855/6129 6217/5805/6080 5881/5856/6130
f 6006/5855/6129 6005/5857/6131 6218/5806/6081 6217/5805/6080
f 6005/5857/6131 6004/5858/6132 6219/5809/6084 6218/5806/6081
f 6004/5858/6132 6003/5859/6133 6220/5811/6086 6219/5809/6084
f 6003/5859/6133 6002/5860/6134 6221/5813/6088 6220/5811/6086
f 6002/5860/6134 6001/5861/6135 6222/5815/6090 6221/5813/6088
f 6001/5861/6135 6000/5862/6136 6223/5817/6092 6222/5815/6090
f 6000/5862/6136 5879/5701/5976 5985/5703/5978 6223/5817/6092
f 6223/5817/6092 5985/5703/5978 5984/5732/6007 6230/5818/6093
f 6230/5818/6093 5984/5732/6007 5983/5731/6006 6237/5825/6100
f 6237/5825/6100 5983/5731/6006 5982/5730/6005 6244/5832/6107
f 6244/5832/6107 5982/5730/6005 5981/5729/6004 6251/5839/6114
f 6251/5839/6114 5981/5729/6004 5980/5728/6003 6258/5846/6121
f 6258/5846/6121 5980/5728/6003 5979/5726/6001 6265/5853/6128
f 6265/5853/6128 5979/5726/6001 5873/5727/6002 5957/5863/6057
f 6264/5852/6127 6265/5853/6128 5957/5863/6057 5956/5864/6079
f 6263/5851/6126 6264/5852/6127 5956/5864/6079 5955/5865/6078
f 6262/5850/6125 6263/5851/6126 5955/5865/6078 5954/5866/6077
f 6261/5849/6124 6262/5850/6125 5954/5866/6077 5953/5867/6076
f 6260/5847/6122 6261/5849/6124 5953/5867/6076 5952/5868/6075
f 6259/5848/6123 6260/5847/6122 5952/5868/6075 5951/5869/6073
f 5887/5870/6137 6259/5848/6123 5951/5869/6073 5869/5871/6074
f 5886/5872/6138 6252/5841/6116 6259/5848/6123 5887/5870/6137
f 5885/5873/6139 6245/5834/6109 6252/5841/6116 5886/5872/6138
f 5884/5874/6140 6238/5827/6102 6245/5834/6109 5885/5873/6139
f 5883/5875/6141 6231/5820/6095 6238/5827/6102 5884/5874/6140
f 5882/5876/6142 6224/5808/6083 6231/5820/6095 5883/5875/6141
f 5881/5856/6130 6217/5805/6080 6224/5808/6083 5882/5876/6142
f 6266/5877/6143 6267/5878/6144 6274/5879/6145 6273/5880/6146
f 6267/5878/6144 6268/5881/6147 6275/5882/6148 6274/5879/6145
f 6268/5881/6147 6269/5883/6149 6276/5884/6150 6275/5882/6148
f 6269/5883/6149 6270/5885/6151 6277/5886/6152 6276/5884/6150
f 6270/5885/6151 6271/5887/6153 6278/5888/6154 6277/5886/6152
f 6271/5887/6153 6272/5889/6155 6279/5890/6156 6278/5888/6154
f 6273/5880/6146 6274/5879/6145 6281/5891/6157 6280/5892/6158
f 6274/5879/6145 6275/5882/6148 6282/5893/6159 6281/5891/6157
f 6275/5882/6148 6276/5884/6150 6283/5894/6160 6282/5893/6159
f 6276/5884/6150 6277/5886/6152 6284/5895/6161 6283/5894/6160
f 6277/5886/6152 6278/5888/6154 6285/5896/6162 6284/5895/6161
f 6278/5888/6154 6279/5890/6156 6286/5897/6163 6285/5896/6162
f 6280/5892/6158 6281/5891/6157 6288/5898/6164 6287/5899/6165
f 6281/5891/6157 6282/5893/6159 6289/5900/6166 6288/5898/6164
f 6282/5893/6159 6283/5894/6160 6290/5901/6167 6289/5900/6166
f 6283/5894/6160 6284/5895/6161 6291/5902/6168 6290/5901/6167
f 6284/5895/6161 6285/5896/6162 6292/5903/6169 6291/5902/6168
f 6285/5896/6162 6286/5897/6163 6293/5904/6170 6292/5903/6169
f 6287/5899/6165 6288/5898/6164 6295/5905/6171 6294/5906/6172
f 6288/5898/6164 6289/5900/6166 6296/5907/6173 6295/5905/6171
f 6289/5900/6166 6290/5901/6167 6297/5908/6174 6296/5907/6173
f 6290/5901/6167 6291/5902/6168 6298/5909/6175 6297/5908/6174
f 6291/5902/6168 6292/5903/6169 6299/5910/6176 6298/5909/6175
f 6292/5903/6169 6293/5904/6170 6300/5911/6177 6299/5910/6176
f 6294/5906/6172 6295/5905/6171 6302/5912/6178 6301/5913/6179
f 6295/5905/6171 6296/5907/6173 6303/5914/6180 6302/5912/6178
f 6296/5907/6173 6297/5908/6174 6304/5915/6181 6303/5914/6180
f 6297/5908/6174 6298/5909/6175 6305/5916/6182 6304/5915/6181
f 6298/5909/6175 6299/5910/6176 6306/5917/6183 6305/5916/6182
f 6299/5910/6176 6300/5911/6177 6307/5918/6184 6306/5917/6183
f 6301/5913/6179 6302/5912/6178 6309/5919/6185 6308/5920/6186
f 6302/5912/6178 6303/5914/6180 6310/5921/6187 6309/5919/6185
f 6303/5914/6180 6304/5915/6181 6311/5922/6188 6310/5921/6187
f 6304/5915/6181 6305/5916/6182 6312/5923/6189 6311/5922/6188
f 6305/5916/6182 6306/5917/6183 6313/5924/6190 6312/5923/6189
f 6306/5917/6183 6307/5918/6184 6314/5925/6191 6313/5924/6190
f 5880/5710/5985 5999/5926/6192 6266/5877/6143 5937/5711/5986
f 5999/5926/6192 5998/5927/6193 6267/5878/6144 6266/5877/6143
f 5998/5927/6193 5997/5928/6194 6268/5881/6147 6267/5878/6144
f 5997/5928/6194 5996/5929/6195 6269/5883/6149 6268/5881/6147
f 5996/5929/6195 5995/5930/6196 6270/5885/6151 6269/5883/6149
f 5995/5930/6196 5994/5931/6197 6271/5887/6153 6270/5885/6151
f 5994/5931/6197 5993/5932/6198 6272/5889/6155 6271/5887/6153
f 5993/5932/6198 5878/5933/5832 5978/5934/6199 6272/5889/6155
f 6272/5889/6155 5978/5934/6199 5977/5935/6200 6279/5890/6156
f 6279/5890/6156 5977/5935/6200 5976/5936/6201 6286/5897/6163
f 6286/5897/6163 5976/5936/6201 5975/5937/6202 6293/5904/6170
f 6293/5904/6170 5975/5937/6202 5974/5938/6203 6300/5911/6177
f 6300/5911/6177 5974/5938/6203 5973/5939/6204 6307/5918/6184
f 6307/5918/6184 5973/5939/6204 5972/5940/6205 6314/5925/6191
f 6314/5925/6191 5972/5940/6205 5870/5941/6065 5964/5942/6064
f 6313/5924/6190 6314/5925/6191 5964/5942/6064 5963/5943/6063
f 6312/5923/6189 6313/5924/6190 5963/5943/6063 5962/5944/6062
f 6311/5922/6188 6312/5923/6189 5962/5944/6062 5961/5945/6061
f 6310/5921/6187 6311/5922/6188 5961/5945/6061 5960/5946/6060
f 6309/5919/6185 6310/5921/6187 5960/5946/6060 5959/5947/6059
f 6308/5920/6186 6309/5919/6185 5959/5947/6059 5958/5948/6058
f 5943/5717/5992 6308/5920/6186 5958/5948/6058 5874/5718/5993
f 5942/5716/5991 6301/5913/6179 6308/5920/6186 5943/5717/5992
f 5941/5715/5990 6294/5906/6172 6301/5913/6179 5942/5716/5991
f 5940/5714/5989 6287/5899/6165 6294/5906/6172 5941/5715/5990
f 5939/5713/5988 6280/5892/6158 6287/5899/6165 5940/5714/5989
f 5938/5712/5987 6273/5880/6146 6280/5892/6158 5939/5713/5988
f 5937/5711/5986 6266/5877/6143 6273/5880/6146 5938/5712/5987
f 6315/5949/6206 6316/5950/6207 6323/5951/6208 6322/5952/6209
f 6316/5950/6207 6317/5953/6210 6324/5954/6211 6323/5951/6208
f 6317/5953/6210 6318/5955/6212 6325/5956/6213 6324/5954/6211
f 6318/5955/6212 6319/5957/6214 6326/5958/6215 6325/5956/6213
f 6319/5957/6214 6320/5959/6216 6327/5960/6217 6326/5958/6215
f 6320/5959/6216 6321/5961/6218 6328/5962/6219 6327/5960/6217
f 6322/5952/6209 6323/5951/6208 6330/5963/6220 6329/5964/6221
f 6323/5951/6208 6324/5954/6211 6331/5965/6222 6330/5963/6220
f 6324/5954/6211 6325/5956/6213 6332/5966/6223 6331/5965/6222
f 6325/5956/6213 6326/5958/6215 6333/5967/6224 6332/5966/6223
f 6326/5958/6215 6327/5960/6217 6334/5968/6225 6333/5967/6224
f 6327/5960/6217 6328/5962/6219 6335/5969/6226 6334/5968/6225
f 6329/5964/6221 6330/5963/6220 6337/5970/6227 6336/5971/6228
f 6330/5963/6220 6331/5965/6222 6338/5972/6229 6337/5970/6227
f 6331/5965/6222 6332/5966/6223 6339/5973/6230 6338/5972/6229
f 6332/5966/6223 6333/5967/6224 6340/5974/6231 6339/5973/6230
f 6333/5967/6224 6334/5968/6225 6341/5975/6232 6340/5974/6231
f 6334/5968/6225 6335/5969/6226 6342/5976/6233 6341/5975/6232
f 6336/5971/6228 6337/5970/6227 6344/5977/6234 6343/5978/6235
f 6337/5970/6227 6338/5972/6229 6345/5979/6236 6344/5977/6234
f 6338/5972/6229 6339/5973/6230 6346/5980/6237 6345/5979/6236
f 6339/5973/6230 6340/5974/6231 6347/5981/6238 6346/5980/6237
f 6340/5974/6231 6341/5975/6232 6348/5982/6239 6347/5981/6238
f 6341/5975/6232 6342/5976/6233 6349/5983/6240 6348/5982/6239
f 6343/5978/6235 6344/5977/6234 6351/5984/6241 6350/5985/6242
f 6344/5977/6234 6345/5979/6236 6352/5986/6243 6351/5984/6241
f 6345/5979/6236 6346/5980/6237 6353/5987/6244 6352/5986/6243
f 6346/5980/6237 6347/5981/6238 6354/5988/6245 6353/5987/6244
f 6347/5981/6238 6348/5982/6239 6355/5989/6246 6354/5988/6245
f 6348/5982/6239 6349/5983/6240 6356/5990/6247 6355/5989/6246
f 6350/5985/6242 6351/5984/6241 6358/5991/6248 6357/5992/6249
f 6351/5984/6241 6352/5986/6243 6359/5993/6250 6358/5991/6248
f 6352/5986/6243 6353/5987/6244 6360/5994/6251 6359/5993/6250
f 6353/5987/6244 6354/5988/6245 6361/5995/6252 6360/5994/6251
f 6354/5988/6245 6355/5989/6246 6362/5996/6253 6361/5995/6252
f 6355/5989/6246 6356/5990/6247 6363/5997/6254 6362/5996/6253
f 5876/5637/5912 5922/5998/5911 6315/5949/6206 5986/5999/6255
f 5922/5998/5911 5921/6000/5910 6316/5950/6207 6315/5949/6206
f 5921/6000/5910 5920/6001/5909 6317/5953/6210 6316/5950/6207
f 5920/6001/5909 5919/6002/5908 6318/5955/6212 6317/5953/6210
f 5919/6002/5908 5918/6003/5907 6319/5957/6214 6318/5955/6212
f 5918/6003/5907 5917/6004/5906 6320/5959/6216 6319/5957/6214
f 5917/6004/5906 5916/6005/5905 6321/5961/6218 6320/5959/6216
f 5916/6005/5905 5872/6006/5840 5901/6007/5839 6321/5961/6218
f 6321/5961/6218 5901/6007/5839 5900/6008/5838 6328/5962/6219
f 6328/5962/6219 5900/6008/5838 5899/6009/5837 6335/5969/6226
f 6335/5969/6226 5899/6009/5837 5898/6010/5836 6342/5976/6233
f 6342/5976/6233 5898/6010/5836 5897/6011/5835 6349/5983/6240
f 6349/5983/6240 5897/6011/5835 5896/6012/5834 6356/5990/6247
f 6356/5990/6247 5896/6012/5834 5895/6013/5833 6363/5997/6254
f 6363/5997/6254 5895/6013/5833 5878/5933/5832 5993/5932/6198
f 6362/5996/6253 6363/5997/6254 5993/5932/6198 5994/5931/6197
f 6361/5995/6252 6362/5996/6253 5994/5931/6197 5995/5930/6196
f 6360/5994/6251 6361/5995/6252 5995/5930/6196 5996/5929/6195
f 6359/5993/6250 6360/5994/6251 5996/5929/6195 5997/5928/6194
f 6358/5991/6248 6359/5993/6250 5997/5928/6194 5998/5927/6193
f 6357/5992/6249 6358/5991/6248 5998/5927/6193 5999/5926/6192
f 5992/6014/6256 6357/5992/6249 5999/5926/6192 5880/5710/5985
f 5991/6015/6257 6350/5985/6242 6357/5992/6249 5992/6014/6256
f 5990/6016/6258 6343/5978/6235 6350/5985/6242 5991/6015/6257
f 5989/6017/6259 6336/5971/6228 6343/5978/6235 5990/6016/6258
f 5988/6018/6260 6329/5964/6221 6336/5971/6228 5989/6017/6259
f 5987/6019/6261 6322/5952/6209 6329/5964/6221 5988/6018/6260
f 5986/5999/6255 6315/5949/6206 6322/5952/6209 5987/6019/6261
f 6364/6020/6262 6365/6021/6263 6372/6022/6264 6371/6023/6265
f 6365/6021/6263 6366/6024/6266 6373/6025/6267 6372/6022/6264
f 6366/6024/6266 6367/6026/6268 6374/6027/6269 6373/6025/6267
f 6367/6026/6268 6368/6028/6270 6375/6029/6271 6374/6027/6269
f 6368/6028/6270 6369/6030/6272 6376/6031/6273 6375/6029/6271
f 6369/6030/6272 6370/6032/6274 6377/6033/6275 6376/6031/6273
f 6371/6023/6265 6372/6022/6264 6379/6034/6276 6378/6035/6277
f 6372/6022/6264 6373/6025/6267 6380/6036/6278 6379/6034/6276
f 6373/6025/6267 6374/6027/6269 6381/6037/6279 6380/6036/6278
f 6374/6027/6269 6375/6029/6271 6382/6038/6280 6381/6037/6279
f 6375/6029/6271 6376/6031/6273 6383/6039/6281 6382/6038/6280
f 6376/6031/6273 6377/6033/6275 6384/6040/6282 6383/6039/6281
f 6378/6035/6277 6379/6034/6276 6386/6041/6283 6385/6042/6284
f 6379/6034/6276 6380/6036/6278 6387/6043/6285 6386/6041/6283
f 6380/6036/6278 6381/6037/6279 6388/6044/6286 6387/6043/6285
f 6381/6037/6279 6382/6038/6280 6389/6045/6287 6388/6044/6286
f 6382/6038/6280 6383/6039/6281 6390/6046/6288 6389/6045/6287
f 6383/6039/6281 6384/6040/6282 6391/6047/6289 6390/6046/6288
f 6385/6042/6284 6386/6041/6283 6393/6048/6290 6392/6049/6291
f 6386/6041/6283 6387/6043/6285 6394/6050/6292 6393/6048/6290
f 6387/6043/6285 6388/6044/6286 6395/6051/6293 6394/6050/6292
f 6388/6044/6286 6389/6045/6287 6396/6052/6294 6395/6051/6293
f 6389/6045/6287 6390/6046/6288 6397/6053/6295 6396/6052/6294
f 6390/6046/6288 6391/6047/6289 6398/6054/6296 6397/6053/6295
f 6392/6049/6291 6393/6048/6290 6400/6055/6297 6399/6056/6298
f 6393/6048/6290 6394/6050/6292 6401/6057/6299 6400/6055/6297
f 6394/6050/6292 6395/6051/6293 6402/6058/6300 6401/6057/6299
f 6395/6051/6293 6396/6052/6294 6403/6059/6301 6402/6058/6300
f 6396/6052/6294 6397/6053/6295 6404/6060/6302 6403/6059/6301
f 6397/6053/6295 6398/6054/6296 6405/6061/6303 6404/6060/6302
f 6399/6056/6298 6400/6055/6297 6407/6062/6304 6406/6063/6305
f 6400/6055/6297 6401/6057/6299 6408/6064/6306 6407/6062/6304
f 6401/6057/6299 6402/6058/6300 6409/6065/6307 6408/6064/6306
f 6402/6058/6300 6403/6059/6301 6410/6066/6308 6409/6065/6307
f 6403/6059/6301 6404/6060/6302 6411/6067/6309 6410/6066/6308
f 6404/6060/6302 6405/6061/6303 6412/6068/6310 6411/6067/6309
f 5871/6069/5849 5915/6070/5904 6364/6020/6262 5965/6071/5848
f 5915/6070/5904 5914/6072/5926 6365/6021/6263 6364/6020/6262
f 5914/6072/5926 5913/6073/5925 6366/6024/6266 6365/6021/6263
f 5913/6073/5925 5912/6074/5924 6367/6026/6268 6366/6024/6266
f 5912/6074/5924 5911/6075/5923 6368/6028/6270 6367/6026/6268
f 5911/6075/5923 5910/6076/5922 6369/6030/6272 6368/6028/6270
f 5910/6076/5922 5909/6077/5920 6370/6032/6274 6369/6030/6272
f 5909/6077/5920 5875/5646/5921 5936/6078/6311 6370/6032/6274
f 6370/6032/6274 5936/6078/6311 5935/6079/6312 6377/6033/6275
f 6377/6033/6275 5935/6079/6312 5934/6080/6313 6384/6040/6282
f 6384/6040/6282 5934/6080/6313 5933/6081/6314 6391/6047/6289
f 6391/6047/6289 5933/6081/6314 5932/6082/6315 6398/6054/6296
f 6398/6054/6296 5932/6082/6315 5931/6083/6316 6405/6061/6303
f 6405/6061/6303 5931/6083/6316 5930/6084/6317 6412/6068/6310
f 6412/6068/6310 5930/6084/6317 5879/5701/5976 6000/5862/6136
f 6411/6067/6309 6412/6068/6310 6000/5862/6136 6001/5861/6135
f 6410/6066/6308 6411/6067/6309 6001/5861/6135 6002/5860/6134
f 6409/6065/6307 6410/6066/6308 6002/5860/6134 6003/5859/6133
f 6408/6064/6306 6409/6065/6307 6003/5859/6133 6004/5858/6132
f 6407/6062/6304 6408/6064/6306 6004/5858/6132 6005/5857/6131
f 6406/6063/6305 6407/6062/6304 6005/5857/6131 6006/5855/6129
f 5971/6085/5825 6406/6063/6305 6006/5855/6129 5877/5854/5823
f 5970/6086/5854 6399/6056/6298 6406/6063/6305 5971/6085/5825
f 5969/6087/5853 6392/6049/6291 6399/6056/6298 5970/6086/5854
f 5968/6088/5852 6385/6042/6284 6392/6049/6291 5969/6087/5853
f 5967/6089/5851 6378/6035/6277 6385/6042/6284 5968/6088/5852
f 5966/6090/5850 6371/6023/6265 6378/6035/6277 5967/6089/5851
f 5965/6071/5848 6364/6020/6262 6371/6023/6265 5966/6090/5850
f 6413/6091/6318 6414/6092/6319 6421/6093/6320 6420/6094/6321
f 6414/6092/6319 6415/6095/6322 6422/6096/6323 6421/6093/6320
f 6415/6095/6322 6416/6097/6324 6423/6098/6325 6422/6096/6323
f 6416/6097/6324 6417/6099/6326 6424/6100/6327 6423/6098/6325
f 6417/6099/6326 6418/6101/6328 6425/6102/6329 6424/6100/6327
f 6418/6101/6328 6419/6103/6330 6426/6104/6331 6425/6102/6329
f 6420/6094/6321 6421/6093/6320 6428/6105/6332 6427/6106/6333
f 6421/6093/6320 6422/6096/6323 6429/6107/6334 6428/6105/6332
f 6422/6096/6323 6423/6098/6325 6430/6108/6335 6429/6107/6334
f 6423/6098/6325 6424/6100/6327 6431/6109/6336 6430/6108/6335
f 6424/6100/6327 6425/6102/6329 6432/6110/6337 6431/6109/6336
f 6425/6102/6329 6426/6104/6331 6433/6111/6338 6432/6110/6337
f 6427/6106/6333 6428/6105/6332 6435/6112/6339 6434/6113/6340
f 6428/6105/6332 6429/6107/6334 6436/6114/6341 6435/6112/6339
f 6429/6107/6334 6430/6108/6335 6437/6115/6342 6436/6114/6341
f 6430/6108/6335 6431/6109/6336 6438/6116/6343 6437/6115/6342
f 6431/6109/6336 6432/6110/6337 6439/6117/6344 6438/6116/6343
f 6432/6110/6337 6433/6111/6338 6440/6118/6345 6439/6117/6344
f 6434/6113/6340 6435/6112/6339 6442/6119/6346 6441/6120/6347
f 6435/6112/6339 6436/6114/6341 6443/6121/6348 6442/6119/6346
f 6436/6114/6341 6437/6115/6342 6444/6122/6349 6443/6121/6348
f 6437/6115/6342 6438/6116/6343 6445/6123/6350 6444/6122/6349
f 6438/6116/6343 6439/6117/6344 6446/6124/6351 6445/6123/6350
f 6439/6117/6344 6440/6118/6345 6447/6125/6352 6446/6124/6351
f 6441/6120/6347 6442/6119/6346 6449/6126/6353 6448/6127/6354
f 6442/6119/6346 6443/6121/6348 6450/6128/6355 6449/6126/6353
f 6443/6121/6348 6444/6122/6349 6451/6129/6356 6450/6128/6355
f 6444/6122/6349 6445/6123/6350 6452/6130/6357 6451/6129/6356
f 6445/6123/6350 6446/6124/6351 6453/6131/6358 6452/6130/6357
f 6446/6124/6351 6447/6125/6352 6454/6132/6359 6453/6131/6358
f 6448/6127/6354 6449/6126/6353 6456/6133/6360 6455/6134/6361
f 6449/6126/6353 6450/6128/6355 6457/6135/6362 6456/6133/6360
f 6450/6128/6355 6451/6129/6356 6458/6136/6363 6457/6135/6362
f 6451/6129/6356 6452/6130/6357 6459/6137/6364 6458/6136/6363
f 6452/6130/6357 6453/6131/6358 6460/6138/6365 6459/6137/6364
f 6453/6131/6358 6454/6132/6359 6461/6139/6366 6460/6138/6365
f 5875/5646/5921 5929/5644/5919 6413/6091/6318 5936/6078/6311
f 5929/5644/5919 5928/5643/5918 6414/6092/6319 6413/6091/6318
f 5928/5643/5918 5927/5642/5917 6415/6095/6322 6414/6092/6319
f 5927/5642/5917 5926/5641/5916 6416/6097/6324 6415/6095/6322
f 5926/5641/5916 5925/5640/5915 6417/6099/6326 6416/6097/6324
f 5925/5640/5915 5924/5639/5914 6418/6101/6328 6417/6099/6326
f 5924/5639/5914 5923/5638/5913 6419/6103/6330 6418/6101/6328
f 5923/5638/5913 5876/5637/5912 5986/5999/6255 6419/6103/6330
f 6419/6103/6330 5986/5999/6255 5987/6019/6261 6426/6104/6331
f 6426/6104/6331 5987/6019/6261 5988/6018/6260 6433/6111/6338
f 6433/6111/6338 5988/6018/6260 5989/6017/6259 6440/6118/6345
f 6440/6118/6345 5989/6017/6259 5990/6016/6258 6447/6125/6352
f 6447/6125/6352 5990/6016/6258 5991/6015/6257 6454/6132/6359
f 6454/6132/6359 5991/6015/6257 5992/6014/6256 6461/6139/6366
f 6461/6139/6366 5992/6014/6256 5880/5710/5985 6007/5709/5984
f 6460/6138/6365 6461/6139/6366 6007/5709/5984 6008/5708/5983
f 6459/6137/6364 6460/6138/6365 6008/5708/5983 6009/5707/5982
f 6458/6136/6363 6459/6137/6364 6009/5707/5982 6010/5706/5981
f 6457/6135/6362 6458/6136/6363 6010/5706/5981 6011/5705/5980
f 6456/6133/6360 6457/6135/6362 6011/5705/5980 6012/5704/5979
f 6455/6134/6361 6456/6133/6360 6012/5704/5979 6013/5702/5977
f 5930/6084/6317 6455/6134/6361 6013/5702/5977 5879/5701/5976
f 5931/6083/6316 6448/6127/6354 6455/6134/6361 5930/6084/6317
f 5932/6082/6315 6441/6120/6347 6448/6127/6354 5931/6083/6316
f 5933/6081/6314 6434/6113/6340 6441/6120/6347 5932/6082/6315
f 5934/6080/6313 6427/6106/6333 6434/6113/6340 5933/6081/6314
f 5935/6079/6312 6420/6094/6321 6427/6106/6333 5934/6080/6313
f 5936/6078/6311 6413/6091/6318 6420/6094/6321 5935/6079/6312
f 6462/6140/6367 6463/6141/6368 6470/6142/6369 6469/6143/6370
f 6463/6141/6368 6464/6144/6371 6471/6145/6372 6470/6142/6369
f 6464/6144/6371 6465/6146/6373 6472/6147/6374 6471/6145/6372
f 6465/6146/6373 6466/6148/6375 6473/6149/6376 6472/6147/6374
f 6466/6148/6375 6467/6150/6377 6474/6151/6378 6473/6149/6376
f 6467/6150/6377 6468/6152/6379 6475/6153/6380 6474/6151/6378
f 6469/6143/6370 6470/6142/6369 6477/6154/6381 6476/6155/6382
f 6470/6142/6369 6471/6145/6372 6478/6156/6383 6477/6154/6381
f 6471/6145/6372 6472/6147/6374 6479/6157/6384 6478/6156/6383
f 6472/6147/6374 6473/6149/6376 6480/6158/6385 6479/6157/6384
f 6473/6149/6376 6474/6151/6378 6481/6159/6386 6480/6158/6385
f 6474/6151/6378 6475/6153/6380 6482/6160/6387 6481/6159/6386
f 6476/6155/6382 6477/6154/6381 6484/6161/6388 6483/6162/6389
f 6477/6154/6381 6478/6156/6383 6485/6163/6390 6484/6161/6388
f 6478/6156/6383 6479/6157/6384 6486/6164/6391 6485/6163/6390
f 6479/6157/6384 6480/6158/6385 6487/6165/6392 6486/6164/6391
f 6480/6158/6385 6481/6159/6386 6488/6166/6393 6487/6165/6392
f 6481/6159/6386 6482/6160/6387 6489/6167/6394 6488/6166/6393
f 6483/6162/6389 6484/6161/6388 6491/6168/6395 6490/6169/6396
f 6484/6161/6388 6485/6163/6390 6492/6170/6397 6491/6168/6395
f 6485/6163/6390 6486/6164/6391 6493/6171/6398 6492/6170/6397
f 6486/6164/6391 6487/6165/6392 6494/6172/6399 6493/6171/6398
f 6487/6165/6392 6488/6166/6393 6495/6173/6400 6494/6172/6399
f 6488/6166/6393 6489/6167/6394 6496/6174/6401 6495/6173/6400
f 6490/6169/6396 6491/6168/6395 6498/6175/6402 6497/6176/6403
f 6491/6168/6395 6492/6170/6397 6499/6177/6404 6498/6175/6402
f 6492/6170/6397 6493/6171/6398 6500/6178/6405 6499/6177/6404
f 6493/6171/6398 6494/6172/6399 6501/6179/6406 6500/6178/6405
f 6494/6172/6399 6495/6173/6400 6502/6180/6407 6501/6179/6406
f 6495/6173/6400 6496/6174/6401 6503/6181/6408 6502/6180/6407
f 6497/6176/6403 6498/6175/6402 6505/6182/6409 6504/6183/6410
f 6498/6175/6402 6499/6177/6404 6506/6184/6411 6505/6182/6409
f 6499/6177/6404 6500/6178/6405 6507/6185/6412 6506/6184/6411
f 6500/6178/6405 6501/6179/6406 6508/6186/6413 6507/6185/6412
f 6501/6179/6406 6502/6180/6407 6509/6187/6414 6508/6186/6413
f 6502/6180/6407 6503/6181/6408 6510/6188/6415 6509/6187/6414
f 5869/6189/6074 5888/6190/6072 6462/6140/6367 5887/6191/6137
f 5888/6190/6072 5889/6192/6071 6463/6141/6368 6462/6140/6367
f 5889/6192/6071 5890/6193/6070 6464/6144/6371 6463/6141/6368
f 5890/6193/6070 5891/6194/6069 6465/6146/6373 6464/6144/6371
f 5891/6194/6069 5892/6195/6068 6466/6148/6375 6465/6146/6373
f 5892/6195/6068 5893/6196/6067 6467/6150/6377 6466/6148/6375
f 5893/6196/6067 5894/6197/6066 6468/6152/6379 6467/6150/6377
f 5894/6197/6066 5870/6198/6065 5972/6199/6205 6468/6152/6379
f 6468/6152/6379 5972/6199/6205 5973/6200/6204 6475/6153/6380
f 6475/6153/6380 5973/6200/6204 5974/6201/6203 6482/6160/6387
f 6482/6160/6387 5974/6201/6203 5975/6202/6202 6489/6167/6394
f 6489/6167/6394 5975/6202/6202 5976/6203/6201 6496/6174/6401
f 6496/6174/6401 5976/6203/6201 5977/6204/6200 6503/6181/6408
f 6503/6181/6408 5977/6204/6200 5978/6205/6199 6510/6188/6415
f 6510/6188/6415 5978/6205/6199 5878/5557/5832 6014/5556/5831
f 6509/6187/6414 6510/6188/6415 6014/5556/5831 6015/5555/5830
f 6508/6186/6413 6509/6187/6414 6015/5555/5830 6016/5554/5829
f 6507/6185/6412 6508/6186/6413 6016/5554/5829 6017/5553/5828
f 6506/6184/6411 6507/6185/6412 6017/5553/5828 6018/5552/5827
f 6505/6182/6409 6506/6184/6411 6018/5552/5827 6019/5551/5826
f 6504/6183/6410 6505/6182/6409 6019/5551/5826 6020/5549/5824
f 5881/6206/6130 6504/6183/6410 6020/5549/5824 5877/5548/5823
f 5882/6207/6142 6497/6176/6403 6504/6183/6410 5881/6206/6130
f 5883/6208/6141 6490/6169/6396 6497/6176/6403 5882/6207/6142
f 5884/6209/6140 6483/6162/6389 6490/6169/6396 5883/6208/6141
f 5885/6210/6139 6476/6155/6382 6483/6162/6389 5884/6209/6140
f 5886/6211/6138 6469/6143/6370 6476/6155/6382 5885/6210/6139
f 5887/6191/6137 6462/6140/6367 6469/6143/6370 5886/6211/6138
o Circle
v -0.003105 0.194774 -1.315918
v -0.003105 0.196888 -1.337379
v -0.003105 0.203148 -1.358015
v -0.003105 0.213313 -1.377034
v -0.003105 0.226994 -1.393704
v -0.003105 0.243664 -1.407385
v -0.003105 0.262682 -1.417550
v -0.003105 0.283318 -1.423810
v -0.003105 0.304779 -1.425924
v -0.003105 0.326240 -1.423810
v -0.003105 0.346877 -1.417550
v -0.003105 0.365895 -1.407385
v -0.003105 0.382565 -1.393704
v -0.003105 0.396245 -1.377034
v -0.003105 0.406411 -1.358015
v -0.003105 0.412671 -1.337379
v -0.003105 0.414785 -1.315918
v -0.003105 0.412671 -1.294457
v -0.003105 0.406411 -1.273821
v -0.003105 0.396245 -1.254803
v -0.003105 0.382565 -1.238133
v -0.003105 0.365895 -1.224452
v -0.003105 0.346876 -1.214287
v -0.003105 0.326240 -1.208027
v -0.003105 0.304779 -1.205913
v -0.003105 0.283318 -1.208027
v -0.003105 0.262682 -1.214287
v -0.003105 0.243664 -1.224452
v -0.003105 0.226994 -1.238133
v -0.003105 0.213313 -1.254803
v -0.003105 0.203148 -1.273821
v -0.003105 0.196888 -1.294457
v 0.032227 0.196888 -1.337379
v 0.032227 0.194774 -1.315918
v 0.032227 0.203148 -1.358015
v 0.032227 0.213313 -1.377034
v 0.032227 0.226994 -1.393704
v 0.032227 0.243664 -1.407385
v 0.032227 0.262682 -1.417550
v 0.032227 0.283318 -1.423810
v 0.032227 0.304779 -1.425924
v 0.032227 0.326240 -1.423810
v 0.032227 0.346877 -1.417550
v 0.032227 0.365895 -1.407385
v 0.032227 0.382565 -1.393704
v 0.032227 0.396245 -1.377034
v 0.032227 0.406411 -1.358015
v 0.032227 0.412671 -1.337379
v 0.032227 0.414785 -1.315918
v 0.032227 0.412671 -1.294457
v 0.032227 0.406411 -1.273821
v 0.032227 0.396245 -1.254803
v 0.032227 0.382565 -1.238133
v 0.032227 0.365895 -1.224452
v 0.032227 0.346876 -1.214287
v 0.032227 0.326240 -1.208027
v 0.032227 0.304779 -1.205913
v 0.032227 0.283318 -1.208027
v 0.032227 0.262682 -1.214287
v 0.032227 0.243664 -1.224452
v 0.032227 0.226994 -1.238133
v 0.032227 0.213313 -1.254803
v 0.032227 0.203148 -1.273821
v 0.032227 0.196888 -1.294457
v -0.003105 0.110683 -1.354526
v -0.003105 0.106880 -1.315918
v -0.003105 0.121945 -1.391651
v -0.003105 0.140232 -1.425865
v -0.003105 0.164844 -1.455854
v -0.003105 0.194833 -1.480465
v -0.003105 0.229047 -1.498753
v -0.003105 0.266171 -1.510014
v -0.003105 0.304779 -1.513817
v -0.003105 0.343387 -1.510014
v -0.003105 0.380512 -1.498753
v -0.003105 0.414726 -1.480465
v -0.003105 0.444715 -1.455854
v -0.003105 0.469326 -1.425865
v -0.003105 0.487614 -1.391651
v -0.003105 0.498876 -1.354526
v -0.003105 0.502678 -1.315918
v -0.003105 0.498876 -1.277310
v -0.003105 0.487614 -1.240186
v -0.003105 0.469326 -1.205972
v -0.003105 0.444715 -1.175983
v -0.003105 0.414726 -1.151371
v -0.003105 0.380512 -1.133084
v -0.003105 0.343387 -1.121822
v -0.003105 0.304779 -1.118019
v -0.003105 0.266171 -1.121822
v -0.003105 0.229047 -1.133084
v -0.003105 0.194833 -1.151371
v -0.003105 0.164844 -1.175983
v -0.003105 0.140232 -1.205972
v -0.003105 0.121945 -1.240186
v -0.003105 0.110683 -1.277310
v 0.032227 0.110683 -1.354526
v 0.032227 0.106880 -1.315918
v 0.032227 0.121945 -1.391651
v 0.032227 0.140232 -1.425865
v 0.032227 0.164844 -1.455854
v 0.032227 0.194833 -1.480465
v 0.032227 0.229047 -1.498753
v 0.032227 0.266171 -1.510014
v 0.032227 0.304779 -1.513817
v 0.032227 0.343387 -1.510014
v 0.032227 0.380512 -1.498753
v 0.032227 0.414726 -1.480465
v 0.032227 0.444715 -1.455854
v 0.032227 0.469326 -1.425865
v 0.032227 0.487614 -1.391651
v 0.032227 0.498876 -1.354526
v 0.032227 0.502678 -1.315918
v 0.032227 0.498876 -1.277310
v 0.032227 0.487614 -1.240186
v 0.032227 0.469326 -1.205972
v 0.032227 0.444715 -1.175983
v 0.032227 0.414726 -1.151371
v 0.032227 0.380512 -1.133084
v 0.032227 0.343387 -1.121822
v 0.032227 0.304779 -1.118019
v 0.032227 0.266171 -1.121822
v 0.032227 0.229047 -1.133084
v 0.032227 0.194833 -1.151371
v 0.032227 0.164844 -1.175983
v 0.032227 0.140232 -1.205972
v 0.032227 0.121945 -1.240186
v 0.032227 0.110683 -1.277310
v -0.003105 0.326240 -1.423810
v -0.003105 0.346877 -1.417550
v -0.003105 0.365895 -1.407385
v 0.032227 0.326240 -1.423810
v 0.032227 0.346877 -1.417550
v 0.032227 0.365895 -1.407385
v 0.003105 0.194774 -1.315918
v 0.003105 0.196888 -1.337379
v 0.003105 0.203148 -1.358016
v 0.003105 0.213313 -1.377034
v 0.003105 0.226994 -1.393704
v 0.003105 0.243664 -1.407385
v 0.003105 0.262682 -1.417550
v 0.003105 0.283318 -1.423810
v 0.003105 0.304779 -1.425924
v 0.003105 0.326240 -1.423810
v 0.003105 0.346877 -1.417550
v 0.003105 0.365895 -1.407385
v 0.003105 0.382565 -1.393704
v 0.003105 0.396245 -1.377034
v 0.003105 0.406411 -1.358015
v 0.003105 0.412671 -1.337379
v 0.003105 0.414785 -1.315918
v 0.003105 0.412671 -1.294457
v 0.003105 0.406411 -1.273821
v 0.003105 0.396245 -1.254803
v 0.003105 0.382565 -1.238133
v 0.003105 0.365895 -1.224452
v 0.003105 0.346876 -1.214287
v 0.003105 0.326240 -1.208027
v 0.003105 0.304779 -1.205913
v 0.003105 0.283318 -1.208027
v 0.003105 0.262682 -1.214287
v 0.003105 0.243664 -1.224452
v 0.003105 0.226994 -1.238133
v 0.003105 0.213313 -1.254803
v 0.003105 0.203148 -1.273821
v 0.003105 0.196888 -1.294457
v -0.032227 0.196888 -1.337379
v -0.032227 0.194774 -1.315918
v -0.032227 0.203148 -1.358016
v -0.032227 0.213313 -1.377034
v -0.032227 0.226994 -1.393704
v -0.032227 0.243664 -1.407385
v -0.032227 0.262682 -1.417550
v -0.032227 0.283318 -1.423810
v -0.032227 0.304779 -1.425924
v -0.032227 0.326240 -1.423810
v -0.032227 0.346877 -1.417550
v -0.032227 0.365895 -1.407385
v -0.032227 0.382565 -1.393704
v -0.032227 0.396245 -1.377034
v -0.032227 0.406411 -1.358015
v -0.032227 0.412671 -1.337379
v -0.032227 0.414785 -1.315918
v -0.032227 0.412671 -1.294457
v -0.032227 0.406411 -1.273821
v -0.032227 0.396245 -1.254803
v -0.032227 0.382565 -1.238133
v -0.032227 0.365895 -1.224452
v -0.032227 0.346876 -1.214287
v -0.032227 0.326240 -1.208027
v -0.032227 0.304779 -1.205913
v -0.032227 0.283318 -1.208027
v -0.032227 0.262682 -1.214287
v -0.032227 0.243664 -1.224452
v -0.032227 0.226994 -1.238133
v -0.032227 0.213313 -1.254803
v -0.032227 0.203148 -1.273821
v -0.032227 0.196888 -1.294457
v 0.003105 0.110683 -1.354527
v 0.003105 0.106880 -1.315918
v 0.003105 0.121945 -1.391651
v 0.003105 0.140233 -1.425865
v 0.003105 0.164844 -1.455854
v 0.003105 0.194833 -1.480465
v 0.003105 0.229047 -1.498753
v 0.003105 0.266171 -1.510015
v 0.003105 0.304779 -1.513817
v 0.003105 0.343388 -1.510015
v 0.003105 0.380512 -1.498753
v 0.003105 0.414726 -1.480465
v 0.003105 0.444715 -1.455854
v 0.003105 0.469326 -1.425865
v 0.003105 0.487614 -1.391651
v 0.003105 0.498876 -1.354527
v 0.003105 0.502678 -1.315918
v 0.003105 0.498876 -1.277310
v 0.003105 0.487614 -1.240186
v 0.003105 0.469326 -1.205972
v 0.003105 0.444715 -1.175983
v 0.003105 0.414726 -1.151372
v 0.003105 0.380512 -1.133084
v 0.003105 0.343388 -1.121822
v 0.003105 0.304779 -1.118020
v 0.003105 0.266171 -1.121822
v 0.003105 0.229047 -1.133084
v 0.003105 0.194833 -1.151372
v 0.003105 0.164844 -1.175983
v 0.003105 0.140233 -1.205972
v 0.003105 0.121945 -1.240186
v 0.003105 0.110683 -1.277310
v -0.032227 0.110683 -1.354527
v -0.032227 0.106880 -1.315918
v -0.032227 0.121945 -1.391651
v -0.032227 0.140233 -1.425865
v -0.032227 0.164844 -1.455854
v -0.032227 0.194833 -1.480465
v -0.032227 0.229047 -1.498753
v -0.032227 0.266171 -1.510015
v -0.032227 0.304779 -1.513817
v -0.032227 0.343388 -1.510015
v -0.032227 0.380512 -1.498753
v -0.032227 0.414726 -1.480465
v -0.032227 0.444715 -1.455854
v -0.032227 0.469326 -1.425865
v -0.032227 0.487614 -1.391651
v -0.032227 0.498876 -1.354527
v -0.032227 0.502678 -1.315918
v -0.032227 0.498876 -1.277310
v -0.032227 0.487614 -1.240186
v -0.032227 0.469326 -1.205972
v -0.032227 0.444715 -1.175983
v -0.032227 0.414726 -1.151372
v -0.032227 0.380512 -1.133084
v -0.032227 0.343388 -1.121822
v -0.032227 0.304779 -1.118020
v -0.032227 0.266171 -1.121822
v -0.032227 0.229047 -1.133084
v -0.032227 0.194833 -1.151372
v -0.032227 0.164844 -1.175983
v -0.032227 0.140233 -1.205972
v -0.032227 0.121945 -1.240186
v -0.032227 0.110683 -1.277310
v 0.003105 0.326240 -1.423810
v 0.003105 0.346877 -1.417550
v 0.003105 0.365895 -1.407385
v -0.032227 0.326240 -1.423810
v -0.032227 0.346877 -1.417550
v -0.032227 0.365895 -1.407385
v -0.003105 -0.194774 -1.315918
v -0.003105 -0.196888 -1.337379
v -0.003105 -0.203148 -1.358015
v -0.003105 -0.213313 -1.377034
v -0.003105 -0.226994 -1.393704
v -0.003105 -0.243664 -1.407385
v -0.003105 -0.262682 -1.417550
v -0.003105 -0.283318 -1.423810
v -0.003105 -0.304779 -1.425924
v -0.003105 -0.326240 -1.423810
v -0.003105 -0.346877 -1.417550
v -0.003105 -0.365895 -1.407385
v -0.003105 -0.382565 -1.393704
v -0.003105 -0.396245 -1.377034
v -0.003105 -0.406411 -1.358015
v -0.003105 -0.412671 -1.337379
v -0.003105 -0.414785 -1.315918
v -0.003105 -0.412671 -1.294457
v -0.003105 -0.406411 -1.273821
v -0.003105 -0.396245 -1.254803
v -0.003105 -0.382565 -1.238133
v -0.003105 -0.365895 -1.224452
v -0.003105 -0.346876 -1.214287
v -0.003105 -0.326240 -1.208027
v -0.003105 -0.304779 -1.205913
v -0.003105 -0.283318 -1.208027
v -0.003105 -0.262682 -1.214287
v -0.003105 -0.243664 -1.224452
v -0.003105 -0.226994 -1.238133
v -0.003105 -0.213313 -1.254803
v -0.003105 -0.203148 -1.273821
v -0.003105 -0.196888 -1.294457
v 0.032227 -0.196888 -1.337379
v 0.032227 -0.194774 -1.315918
v 0.032227 -0.203148 -1.358015
v 0.032227 -0.213313 -1.377034
v 0.032227 -0.226994 -1.393704
v 0.032227 -0.243664 -1.407385
v 0.032227 -0.262682 -1.417550
v 0.032227 -0.283318 -1.423810
v 0.032227 -0.304779 -1.425924
v 0.032227 -0.326240 -1.423810
v 0.032227 -0.346877 -1.417550
v 0.032227 -0.365895 -1.407385
v 0.032227 -0.382565 -1.393704
v 0.032227 -0.396245 -1.377034
v 0.032227 -0.406411 -1.358015
v 0.032227 -0.412671 -1.337379
v 0.032227 -0.414785 -1.315918
v 0.032227 -0.412671 -1.294457
v 0.032227 -0.406411 -1.273821
v 0.032227 -0.396245 -1.254803
v 0.032227 -0.382565 -1.238133
v 0.032227 -0.365895 -1.224452
v 0.032227 -0.346876 -1.214287
v 0.032227 -0.326240 -1.208027
v 0.032227 -0.304779 -1.205913
v 0.032227 -0.283318 -1.208027
v 0.032227 -0.262682 -1.214287
v 0.032227 -0.243664 -1.224452
v 0.032227 -0.226994 -1.238133
v 0.032227 -0.213313 -1.254803
v 0.032227 -0.203148 -1.273821
v 0.032227 -0.196888 -1.294457
v -0.003105 -0.110683 -1.354526
v -0.003105 -0.106880 -1.315918
v -0.003105 -0.121945 -1.391651
v -0.003105 -0.140233 -1.425865
v -0.003105 -0.164844 -1.455854
v -0.003105 -0.194833 -1.480465
v -0.003105 -0.229047 -1.498753
v -0.003105 -0.266171 -1.510015
v -0.003105 -0.304779 -1.513817
v -0.003105 -0.343387 -1.510015
v -0.003105 -0.380512 -1.498753
v -0.003105 -0.414726 -1.480465
v -0.003105 -0.444715 -1.455854
v -0.003105 -0.469326 -1.425865
v -0.003105 -0.487614 -1.391651
v -0.003105 -0.498875 -1.354526
v -0.003105 -0.502678 -1.315918
v -0.003105 -0.498875 -1.277310
v -0.003105 -0.487614 -1.240186
v -0.003105 -0.469326 -1.205972
v -0.003105 -0.444715 -1.175983
v -0.003105 -0.414726 -1.151371
v -0.003105 -0.380512 -1.133084
v -0.003105 -0.343387 -1.121822
v -0.003105 -0.304779 -1.118019
v -0.003105 -0.266171 -1.121822
v -0.003105 -0.229047 -1.133084
v -0.003105 -0.194833 -1.151371
v -0.003105 -0.164844 -1.175983
v -0.003105 -0.140233 -1.205972
v -0.003105 -0.121945 -1.240186
v -0.003105 -0.110683 -1.277310
v 0.032227 -0.110683 -1.354526
v 0.032227 -0.106880 -1.315918
v 0.032227 -0.121945 -1.391651
v 0.032227 -0.140233 -1.425865
v 0.032227 -0.164844 -1.455854
v 0.032227 -0.194833 -1.480465
v 0.032227 -0.229047 -1.498753
v 0.032227 -0.266171 -1.510015
v 0.032227 -0.304779 -1.513817
v 0.032227 -0.343387 -1.510015
v 0.032227 -0.380512 -1.498753
v 0.032227 -0.414726 -1.480465
v 0.032227 -0.444715 -1.455854
v 0.032227 -0.469326 -1.425865
v 0.032227 -0.487614 -1.391651
v 0.032227 -0.498875 -1.354526
v 0.032227 -0.502678 -1.315918
v 0.032227 -0.498875 -1.277310
v 0.032227 -0.487614 -1.240186
v 0.032227 -0.469326 -1.205972
v 0.032227 -0.444715 -1.175983
v 0.032227 -0.414726 -1.151371
v 0.032227 -0.380512 -1.133084
v 0.032227 -0.343387 -1.121822
v 0.032227 -0.304779 -1.118019
v 0.032227 -0.266171 -1.121822
v 0.032227 -0.229047 -1.133084
v 0.032227 -0.194833 -1.151371
v 0.032227 -0.164844 -1.175983
v 0.032227 -0.140233 -1.205972
v 0.032227 -0.121945 -1.240186
v 0.032227 -0.110683 -1.277310
v -0.003105 -0.326240 -1.423810
v -0.003105 -0.346877 -1.417550
v -0.003105 -0.365895 -1.407385
v 0.032227 -0.326240 -1.423810
v 0.032227 -0.346877 -1.417550
v 0.032227 -0.365895 -1.407385
v 0.003105 -0.194774 -1.315918
v 0.003105 -0.196888 -1.337379
v 0.003105 -0.203148 -1.358016
v 0.003105 -0.213313 -1.377034
v 0.003105 -0.226994 -1.393704
v 0.003105 -0.243664 -1.407385
v 0.003105 -0.262682 -1.417550
v 0.003105 -0.283318 -1.423810
v 0.003105 -0.304779 -1.425924
v 0.003105 -0.326240 -1.423810
v 0.003105 -0.346877 -1.417550
v 0.003105 -0.365895 -1.407385
v 0.003105 -0.382565 -1.393704
v 0.003105 -0.396245 -1.377034
v 0.003105 -0.406411 -1.358016
v 0.003105 -0.412671 -1.337379
v 0.003105 -0.414785 -1.315918
v 0.003105 -0.412671 -1.294457
v 0.003105 -0.406411 -1.273821
v 0.003105 -0.396245 -1.254803
v 0.003105 -0.382565 -1.238133
v 0.003105 -0.365895 -1.224452
v 0.003105 -0.346876 -1.214287
v 0.003105 -0.326240 -1.208027
v 0.003105 -0.304779 -1.205913
v 0.003105 -0.283318 -1.208027
v 0.003105 -0.262682 -1.214287
v 0.003105 -0.243664 -1.224452
v 0.003105 -0.226994 -1.238133
v 0.003105 -0.213313 -1.254803
v 0.003105 -0.203148 -1.273821
v 0.003105 -0.196888 -1.294457
v -0.032227 -0.196888 -1.337379
v -0.032227 -0.194774 -1.315918
v -0.032227 -0.203148 -1.358016
v -0.032227 -0.213313 -1.377034
v -0.032227 -0.226994 -1.393704
v -0.032227 -0.243664 -1.407385
v -0.032227 -0.262682 -1.417550
v -0.032227 -0.283318 -1.423810
v -0.032227 -0.304779 -1.425924
v -0.032227 -0.326240 -1.423810
v -0.032227 -0.346877 -1.417550
v -0.032227 -0.365895 -1.407385
v -0.032227 -0.382565 -1.393704
v -0.032227 -0.396245 -1.377034
v -0.032227 -0.406411 -1.358016
v -0.032227 -0.412671 -1.337379
v -0.032227 -0.414785 -1.315918
v -0.032227 -0.412671 -1.294457
v -0.032227 -0.406411 -1.273821
v -0.032227 -0.396245 -1.254803
v -0.032227 -0.382565 -1.238133
v -0.032227 -0.365895 -1.224452
v -0.032227 -0.346876 -1.214287
v -0.032227 -0.326240 -1.208027
v -0.032227 -0.304779 -1.205913
v -0.032227 -0.283318 -1.208027
v -0.032227 -0.262682 -1.214287
v -0.032227 -0.243664 -1.224452
v -0.032227 -0.226994 -1.238133
v -0.032227 -0.213313 -1.254803
v -0.032227 -0.203148 -1.273821
v -0.032227 -0.196888 -1.294457
v 0.003105 -0.110683 -1.354527
v 0.003105 -0.106880 -1.315918
v 0.003105 -0.121945 -1.391651
v 0.003105 -0.140233 -1.425865
v 0.003105 -0.164844 -1.455854
v 0.003105 -0.194833 -1.480465
v 0.003105 -0.229047 -1.498753
v 0.003105 -0.266171 -1.510015
v 0.003105 -0.304779 -1.513817
v 0.003105 -0.343388 -1.510015
v 0.003105 -0.380512 -1.498753
v 0.003105 -0.414726 -1.480465
v 0.003105 -0.444715 -1.455854
v 0.003105 -0.469326 -1.425865
v 0.003105 -0.487614 -1.391651
v 0.003105 -0.498876 -1.354527
v 0.003105 -0.502678 -1.315918
v 0.003105 -0.498876 -1.277310
v 0.003105 -0.487614 -1.240186
v 0.003105 -0.469326 -1.205972
v 0.003105 -0.444715 -1.175983
v 0.003105 -0.414726 -1.151372
v 0.003105 -0.380512 -1.133084
v 0.003105 -0.343388 -1.121822
v 0.003105 -0.304779 -1.118020
v 0.003105 -0.266171 -1.121822
v 0.003105 -0.229047 -1.133084
v 0.003105 -0.194833 -1.151372
v 0.003105 -0.164844 -1.175983
v 0.003105 -0.140233 -1.205972
v 0.003105 -0.121945 -1.240186
v 0.003105 -0.110683 -1.277310
v -0.032227 -0.110683 -1.354527
v -0.032227 -0.106880 -1.315918
v -0.032227 -0.121945 -1.391651
v -0.032227 -0.140233 -1.425865
v -0.032227 -0.164844 -1.455854
v -0.032227 -0.194833 -1.480465
v -0.032227 -0.229047 -1.498753
v -0.032227 -0.266171 -1.510015
v -0.032227 -0.304779 -1.513817
v -0.032227 -0.343388 -1.510015
v -0.032227 -0.380512 -1.498753
v -0.032227 -0.414726 -1.480465
v -0.032227 -0.444715 -1.455854
v -0.032227 -0.469326 -1.425865
v -0.032227 -0.487614 -1.391651
v -0.032227 -0.498876 -1.354527
v -0.032227 -0.502678 -1.315918
v -0.032227 -0.498876 -1.277310
v -0.032227 -0.487614 -1.240186
v -0.032227 -0.469326 -1.205972
v -0.032227 -0.444715 -1.175983
v -0.032227 -0.414726 -1.151372
v -0.032227 -0.380512 -1.133084
v -0.032227 -0.343388 -1.121822
v -0.032227 -0.304779 -1.118020
v -0.032227 -0.266171 -1.121822
v -0.032227 -0.229047 -1.133084
v -0.032227 -0.194833 -1.151372
v -0.032227 -0.164844 -1.175983
v -0.032227 -0.140233 -1.205972
v -0.032227 -0.121945 -1.240186
v -0.032227 -0.110683 -1.277310
v 0.003105 -0.326240 -1.423810
v 0.003105 -0.346877 -1.417550
v 0.003105 -0.365895 -1.407385
v -0.032227 -0.326240 -1.423810
v -0.032227 -0.346877 -1.417550
v -0.032227 -0.365895 -1.407385
vn -0.0000 0.3827 0.9239
vn -0.0000 0.1951 0.9808
vn -0.0000 0.1951 -0.9808
vn -0.0000 0.3827 -0.9239
vn -0.0000 -0.0000 1.0000
vn -0.0000 0.5556 -0.8315
vn -0.0000 -0.1951 0.9808
vn -0.0000 0.7071 -0.7071
vn -0.0000 -0.3827 0.9239
vn -0.0000 0.8315 -0.5556
vn -0.0000 -0.5556 0.8315
vn -0.0000 0.9239 -0.3827
vn -0.0000 -1.0000 -0.0000
vn -0.0000 -0.9808 -0.1951
vn -0.0000 -0.7071 0.7071
vn -0.0000 0.9808 -0.1951
vn -0.0000 -0.9239 -0.3827
vn -0.0000 -0.8315 0.5556
vn -0.0000 1.0000 -0.0000
vn -0.0000 -0.8315 -0.5556
vn -0.0000 -0.9239 0.3827
vn -0.0000 0.9808 0.1951
vn -0.0000 -0.7071 -0.7071
vn -0.0000 -0.9808 0.1951
vn -0.0000 0.9239 0.3827
vn -0.0000 -0.5556 -0.8315
vn -0.0000 0.8315 0.5556
vn -0.0000 -0.3827 -0.9239
vn -0.0000 0.7071 0.7071
vn -0.0000 -0.1951 -0.9808
vn -0.0000 0.5556 0.8315
vn -0.0000 -0.0000 -1.0000
vn -1.0000 -0.0000 -0.0000
vn 1.0000 -0.0000 -0.0000
vn -0.0000 0.6344 -0.7730
vn -0.0000 0.4714 -0.8819
vn -0.0000 0.7730 -0.6344
vn -0.0000 -0.6344 0.7730
vn -0.0000 -0.2903 0.9569
vn -0.0000 -0.6344 -0.7730
vn -0.0000 -0.7730 -0.6344
vn -0.0000 -0.4714 -0.8819
vn -0.0000 0.6344 0.7730
vn -0.0000 0.2903 0.9569
vt 0.000000 0.000000
s 1
usemtl Llave
f 6597/6212/6416 6598/6212/6417 6630/6212/6417 6629/6212/6416
f 6584/6212/6418 6585/6212/6419 6617/6212/6419 6616/6212/6418
f 6598/6212/6417 6599/6212/6420 6631/6212/6420 6630/6212/6417
f 6585/6212/6419 6586/6212/6421 6618/6212/6421 6617/6212/6419
f 6599/6212/6420 6600/6212/6422 6632/6212/6422 6631/6212/6420
f 6586/6212/6421 6587/6212/6423 6619/6212/6423 6618/6212/6421
f 6600/6212/6422 6601/6212/6424 6633/6212/6424 6632/6212/6422
f 6587/6212/6423 6588/6212/6425 6620/6212/6425 6619/6212/6423
f 6601/6212/6424 6602/6212/6426 6634/6212/6426 6633/6212/6424
f 6588/6212/6425 6589/6212/6427 6621/6212/6427 6620/6212/6425
f 6576/6212/6428 6575/6212/6429 6607/6212/6429 6608/6212/6428
f 6602/6212/6426 6603/6212/6430 6635/6212/6430 6634/6212/6426
f 6589/6212/6427 6590/6212/6431 6622/6212/6431 6621/6212/6427
f 6575/6212/6429 6577/6212/6432 6609/6212/6432 6607/6212/6429
f 6603/6212/6430 6604/6212/6433 6636/6212/6433 6635/6212/6430
f 6590/6212/6431 6591/6212/6434 6623/6212/6434 6622/6212/6431
f 6577/6212/6432 6578/6212/6435 6610/6212/6435 6609/6212/6432
f 6604/6212/6433 6605/6212/6436 6637/6212/6436 6636/6212/6433
f 6591/6212/6434 6592/6212/6437 6624/6212/6437 6623/6212/6434
f 6578/6212/6435 6579/6212/6438 6611/6212/6438 6610/6212/6435
f 6605/6212/6436 6606/6212/6439 6638/6212/6439 6637/6212/6436
f 6592/6212/6437 6593/6212/6440 6625/6212/6440 6624/6212/6437
f 6579/6212/6438 6580/6212/6441 6612/6212/6441 6611/6212/6438
f 6606/6212/6439 6576/6212/6428 6608/6212/6428 6638/6212/6439
f 6593/6212/6440 6594/6212/6442 6626/6212/6442 6625/6212/6440
f 6580/6212/6441 6581/6212/6443 6613/6212/6443 6612/6212/6441
f 6594/6212/6442 6595/6212/6444 6627/6212/6444 6626/6212/6442
f 6581/6212/6443 6582/6212/6445 6614/6212/6445 6613/6212/6443
f 6595/6212/6444 6596/6212/6446 6628/6212/6446 6627/6212/6444
f 6582/6212/6445 6583/6212/6447 6615/6212/6447 6614/6212/6445
f 6596/6212/6446 6597/6212/6416 6629/6212/6416 6628/6212/6446
f 6583/6212/6447 6584/6212/6418 6616/6212/6418 6615/6212/6447
f 6511/6212/6448 6512/6212/6448 6575/6212/6448 6576/6212/6448
f 6512/6212/6448 6513/6212/6448 6577/6212/6448 6575/6212/6448
f 6513/6212/6448 6514/6212/6448 6578/6212/6448 6577/6212/6448
f 6514/6212/6448 6515/6212/6448 6579/6212/6448 6578/6212/6448
f 6515/6212/6448 6516/6212/6448 6580/6212/6448 6579/6212/6448
f 6516/6212/6448 6517/6212/6448 6581/6212/6448 6580/6212/6448
f 6517/6212/6448 6518/6212/6448 6582/6212/6448 6581/6212/6448
f 6518/6212/6448 6519/6212/6448 6583/6212/6448 6582/6212/6448
f 6519/6212/6448 6520/6212/6448 6584/6212/6448 6583/6212/6448
f 6520/6212/6448 6521/6212/6448 6585/6212/6448 6584/6212/6448
f 6521/6212/6448 6522/6212/6448 6586/6212/6448 6585/6212/6448
f 6522/6212/6448 6523/6212/6448 6587/6212/6448 6586/6212/6448
f 6523/6212/6448 6524/6212/6448 6588/6212/6448 6587/6212/6448
f 6524/6212/6448 6525/6212/6448 6589/6212/6448 6588/6212/6448
f 6525/6212/6448 6526/6212/6448 6590/6212/6448 6589/6212/6448
f 6526/6212/6448 6527/6212/6448 6591/6212/6448 6590/6212/6448
f 6527/6212/6448 6528/6212/6448 6592/6212/6448 6591/6212/6448
f 6528/6212/6448 6529/6212/6448 6593/6212/6448 6592/6212/6448
f 6529/6212/6448 6530/6212/6448 6594/6212/6448 6593/6212/6448
f 6530/6212/6448 6531/6212/6448 6595/6212/6448 6594/6212/6448
f 6531/6212/6448 6532/6212/6448 6596/6212/6448 6595/6212/6448
f 6532/6212/6448 6533/6212/6448 6597/6212/6448 6596/6212/6448
f 6533/6212/6448 6534/6212/6448 6598/6212/6448 6597/6212/6448
f 6534/6212/6448 6535/6212/6448 6599/6212/6448 6598/6212/6448
f 6535/6212/6448 6536/6212/6448 6600/6212/6448 6599/6212/6448
f 6536/6212/6448 6537/6212/6448 6601/6212/6448 6600/6212/6448
f 6537/6212/6448 6538/6212/6448 6602/6212/6448 6601/6212/6448
f 6538/6212/6448 6539/6212/6448 6603/6212/6448 6602/6212/6448
f 6539/6212/6448 6540/6212/6448 6604/6212/6448 6603/6212/6448
f 6540/6212/6448 6541/6212/6448 6605/6212/6448 6604/6212/6448
f 6541/6212/6448 6542/6212/6448 6606/6212/6448 6605/6212/6448
f 6542/6212/6448 6511/6212/6448 6576/6212/6448 6606/6212/6448
f 6543/6212/6449 6544/6212/6449 6608/6212/6449 6607/6212/6449
f 6545/6212/6449 6543/6212/6449 6607/6212/6449 6609/6212/6449
f 6546/6212/6449 6545/6212/6449 6609/6212/6449 6610/6212/6449
f 6547/6212/6449 6546/6212/6449 6610/6212/6449 6611/6212/6449
f 6548/6212/6449 6547/6212/6449 6611/6212/6449 6612/6212/6449
f 6549/6212/6449 6548/6212/6449 6612/6212/6449 6613/6212/6449
f 6550/6212/6449 6549/6212/6449 6613/6212/6449 6614/6212/6449
f 6551/6212/6449 6550/6212/6449 6614/6212/6449 6615/6212/6449
f 6552/6212/6449 6551/6212/6449 6615/6212/6449 6616/6212/6449
f 6553/6212/6449 6552/6212/6449 6616/6212/6449 6617/6212/6449
f 6554/6212/6449 6553/6212/6449 6617/6212/6449 6618/6212/6449
f 6555/6212/6449 6554/6212/6449 6618/6212/6449 6619/6212/6449
f 6556/6212/6449 6555/6212/6449 6619/6212/6449 6620/6212/6449
f 6557/6212/6449 6556/6212/6449 6620/6212/6449 6621/6212/6449
f 6558/6212/6449 6557/6212/6449 6621/6212/6449 6622/6212/6449
f 6559/6212/6449 6558/6212/6449 6622/6212/6449 6623/6212/6449
f 6560/6212/6449 6559/6212/6449 6623/6212/6449 6624/6212/6449
f 6561/6212/6449 6560/6212/6449 6624/6212/6449 6625/6212/6449
f 6562/6212/6449 6561/6212/6449 6625/6212/6449 6626/6212/6449
f 6563/6212/6449 6562/6212/6449 6626/6212/6449 6627/6212/6449
f 6564/6212/6449 6563/6212/6449 6627/6212/6449 6628/6212/6449
f 6565/6212/6449 6564/6212/6449 6628/6212/6449 6629/6212/6449
f 6566/6212/6449 6565/6212/6449 6629/6212/6449 6630/6212/6449
f 6567/6212/6449 6566/6212/6449 6630/6212/6449 6631/6212/6449
f 6568/6212/6449 6567/6212/6449 6631/6212/6449 6632/6212/6449
f 6569/6212/6449 6568/6212/6449 6632/6212/6449 6633/6212/6449
f 6570/6212/6449 6569/6212/6449 6633/6212/6449 6634/6212/6449
f 6571/6212/6449 6570/6212/6449 6634/6212/6449 6635/6212/6449
f 6572/6212/6449 6571/6212/6449 6635/6212/6449 6636/6212/6449
f 6573/6212/6449 6572/6212/6449 6636/6212/6449 6637/6212/6449
f 6574/6212/6449 6573/6212/6449 6637/6212/6449 6638/6212/6449
f 6544/6212/6449 6574/6212/6449 6638/6212/6449 6608/6212/6449
f 6538/6212/6450 6537/6212/6451 6569/6212/6451 6570/6212/6450 6571/6212/6450 6572/6212/6452 6540/6212/6452 6539/6212/6450
f 6536/6212/6418 6568/6212/6418 6569/6212/6451 6537/6212/6451
f 6539/6212/6453 6571/6212/6453 6570/6212/6453 6538/6212/6453
f 6535/6212/6447 6567/6212/6447 6568/6212/6418 6536/6212/6418
f 6534/6212/6445 6566/6212/6445 6567/6212/6447 6535/6212/6447
f 6533/6212/6443 6565/6212/6443 6566/6212/6445 6534/6212/6445
f 6532/6212/6441 6564/6212/6441 6565/6212/6443 6533/6212/6443
f 6531/6212/6438 6563/6212/6438 6564/6212/6441 6532/6212/6441
f 6530/6212/6435 6562/6212/6435 6563/6212/6438 6531/6212/6438
f 6540/6212/6452 6572/6212/6452 6573/6212/6427 6541/6212/6427
f 6541/6212/6427 6573/6212/6427 6574/6212/6431 6542/6212/6431
f 6542/6212/6431 6574/6212/6431 6544/6212/6434 6511/6212/6434
f 6511/6212/6434 6544/6212/6434 6543/6212/6437 6512/6212/6437
f 6512/6212/6437 6543/6212/6437 6545/6212/6440 6513/6212/6440
f 6513/6212/6440 6545/6212/6440 6546/6212/6442 6514/6212/6442
f 6514/6212/6442 6546/6212/6442 6547/6212/6444 6515/6212/6444
f 6515/6212/6444 6547/6212/6444 6548/6212/6446 6516/6212/6446
f 6516/6212/6446 6548/6212/6446 6549/6212/6416 6517/6212/6416
f 6517/6212/6416 6549/6212/6416 6550/6212/6417 6518/6212/6417
f 6518/6212/6417 6550/6212/6417 6551/6212/6420 6519/6212/6420
f 6519/6212/6420 6551/6212/6420 6552/6212/6422 6520/6212/6422
f 6520/6212/6422 6552/6212/6422 6553/6212/6454 6521/6212/6454
f 6639/6212/6454 6642/6212/6454 6643/6212/6454 6640/6212/6454
f 6640/6212/6419 6641/6212/6419 6644/6212/6419 6643/6212/6419 6642/6212/6419 6639/6212/6419
f 6522/6212/6453 6554/6212/6453 6555/6212/6430 6523/6212/6430
f 6523/6212/6430 6555/6212/6430 6556/6212/6433 6524/6212/6433
f 6524/6212/6433 6556/6212/6433 6557/6212/6436 6525/6212/6436
f 6525/6212/6436 6557/6212/6436 6558/6212/6439 6526/6212/6439
f 6526/6212/6439 6558/6212/6439 6559/6212/6428 6527/6212/6428
f 6527/6212/6428 6559/6212/6428 6560/6212/6429 6528/6212/6429
f 6528/6212/6429 6560/6212/6429 6561/6212/6432 6529/6212/6432
f 6529/6212/6432 6561/6212/6432 6562/6212/6435 6530/6212/6435
f 6731/6212/6416 6763/6212/6416 6764/6212/6417 6732/6212/6417
f 6718/6212/6418 6750/6212/6418 6751/6212/6419 6719/6212/6419
f 6732/6212/6417 6764/6212/6417 6765/6212/6420 6733/6212/6420
f 6719/6212/6419 6751/6212/6419 6752/6212/6421 6720/6212/6421
f 6733/6212/6420 6765/6212/6420 6766/6212/6422 6734/6212/6422
f 6720/6212/6421 6752/6212/6421 6753/6212/6423 6721/6212/6423
f 6734/6212/6422 6766/6212/6422 6767/6212/6424 6735/6212/6424
f 6721/6212/6423 6753/6212/6423 6754/6212/6425 6722/6212/6425
f 6735/6212/6424 6767/6212/6424 6768/6212/6426 6736/6212/6426
f 6722/6212/6425 6754/6212/6425 6755/6212/6427 6723/6212/6427
f 6710/6212/6428 6742/6212/6428 6741/6212/6429 6709/6212/6429
f 6736/6212/6426 6768/6212/6426 6769/6212/6430 6737/6212/6430
f 6723/6212/6427 6755/6212/6427 6756/6212/6431 6724/6212/6431
f 6709/6212/6429 6741/6212/6429 6743/6212/6432 6711/6212/6432
f 6737/6212/6430 6769/6212/6430 6770/6212/6433 6738/6212/6433
f 6724/6212/6431 6756/6212/6431 6757/6212/6434 6725/6212/6434
f 6711/6212/6432 6743/6212/6432 6744/6212/6435 6712/6212/6435
f 6738/6212/6433 6770/6212/6433 6771/6212/6436 6739/6212/6436
f 6725/6212/6434 6757/6212/6434 6758/6212/6437 6726/6212/6437
f 6712/6212/6435 6744/6212/6435 6745/6212/6438 6713/6212/6438
f 6739/6212/6436 6771/6212/6436 6772/6212/6439 6740/6212/6439
f 6726/6212/6437 6758/6212/6437 6759/6212/6440 6727/6212/6440
f 6713/6212/6438 6745/6212/6438 6746/6212/6441 6714/6212/6441
f 6740/6212/6439 6772/6212/6439 6742/6212/6428 6710/6212/6428
f 6727/6212/6440 6759/6212/6440 6760/6212/6442 6728/6212/6442
f 6714/6212/6441 6746/6212/6441 6747/6212/6443 6715/6212/6443
f 6728/6212/6442 6760/6212/6442 6761/6212/6444 6729/6212/6444
f 6715/6212/6443 6747/6212/6443 6748/6212/6445 6716/6212/6445
f 6729/6212/6444 6761/6212/6444 6762/6212/6446 6730/6212/6446
f 6716/6212/6445 6748/6212/6445 6749/6212/6447 6717/6212/6447
f 6730/6212/6446 6762/6212/6446 6763/6212/6416 6731/6212/6416
f 6717/6212/6447 6749/6212/6447 6750/6212/6418 6718/6212/6418
f 6645/6212/6449 6710/6212/6449 6709/6212/6449 6646/6212/6449
f 6646/6212/6449 6709/6212/6449 6711/6212/6449 6647/6212/6449
f 6647/6212/6449 6711/6212/6449 6712/6212/6449 6648/6212/6449
f 6648/6212/6449 6712/6212/6449 6713/6212/6449 6649/6212/6449
f 6649/6212/6449 6713/6212/6449 6714/6212/6449 6650/6212/6449
f 6650/6212/6449 6714/6212/6449 6715/6212/6449 6651/6212/6449
f 6651/6212/6449 6715/6212/6449 6716/6212/6449 6652/6212/6449
f 6652/6212/6449 6716/6212/6449 6717/6212/6449 6653/6212/6449
f 6653/6212/6449 6717/6212/6449 6718/6212/6449 6654/6212/6449
f 6654/6212/6449 6718/6212/6449 6719/6212/6449 6655/6212/6449
f 6655/6212/6449 6719/6212/6449 6720/6212/6449 6656/6212/6449
f 6656/6212/6449 6720/6212/6449 6721/6212/6449 6657/6212/6449
f 6657/6212/6449 6721/6212/6449 6722/6212/6449 6658/6212/6449
f 6658/6212/6449 6722/6212/6449 6723/6212/6449 6659/6212/6449
f 6659/6212/6449 6723/6212/6449 6724/6212/6449 6660/6212/6449
f 6660/6212/6449 6724/6212/6449 6725/6212/6449 6661/6212/6449
f 6661/6212/6449 6725/6212/6449 6726/6212/6449 6662/6212/6449
f 6662/6212/6449 6726/6212/6449 6727/6212/6449 6663/6212/6449
f 6663/6212/6449 6727/6212/6449 6728/6212/6449 6664/6212/6449
f 6664/6212/6449 6728/6212/6449 6729/6212/6449 6665/6212/6449
f 6665/6212/6449 6729/6212/6449 6730/6212/6449 6666/6212/6449
f 6666/6212/6449 6730/6212/6449 6731/6212/6449 6667/6212/6449
f 6667/6212/6449 6731/6212/6449 6732/6212/6449 6668/6212/6449
f 6668/6212/6449 6732/6212/6449 6733/6212/6449 6669/6212/6449
f 6669/6212/6449 6733/6212/6449 6734/6212/6449 6670/6212/6449
f 6670/6212/6449 6734/6212/6449 6735/6212/6449 6671/6212/6449
f 6671/6212/6449 6735/6212/6449 6736/6212/6449 6672/6212/6449
f 6672/6212/6449 6736/6212/6449 6737/6212/6449 6673/6212/6449
f 6673/6212/6449 6737/6212/6449 6738/6212/6449 6674/6212/6449
f 6674/6212/6449 6738/6212/6449 6739/6212/6449 6675/6212/6449
f 6675/6212/6449 6739/6212/6449 6740/6212/6449 6676/6212/6449
f 6676/6212/6449 6740/6212/6449 6710/6212/6449 6645/6212/6449
f 6677/6212/6448 6741/6212/6448 6742/6212/6448 6678/6212/6448
f 6679/6212/6448 6743/6212/6448 6741/6212/6448 6677/6212/6448
f 6680/6212/6448 6744/6212/6448 6743/6212/6448 6679/6212/6448
f 6681/6212/6448 6745/6212/6448 6744/6212/6448 6680/6212/6448
f 6682/6212/6448 6746/6212/6448 6745/6212/6448 6681/6212/6448
f 6683/6212/6448 6747/6212/6448 6746/6212/6448 6682/6212/6448
f 6684/6212/6448 6748/6212/6448 6747/6212/6448 6683/6212/6448
f 6685/6212/6448 6749/6212/6448 6748/6212/6448 6684/6212/6448
f 6686/6212/6448 6750/6212/6448 6749/6212/6448 6685/6212/6448
f 6687/6212/6448 6751/6212/6448 6750/6212/6448 6686/6212/6448
f 6688/6212/6448 6752/6212/6448 6751/6212/6448 6687/6212/6448
f 6689/6212/6448 6753/6212/6448 6752/6212/6448 6688/6212/6448
f 6690/6212/6448 6754/6212/6448 6753/6212/6448 6689/6212/6448
f 6691/6212/6448 6755/6212/6448 6754/6212/6448 6690/6212/6448
f 6692/6212/6448 6756/6212/6448 6755/6212/6448 6691/6212/6448
f 6693/6212/6448 6757/6212/6448 6756/6212/6448 6692/6212/6448
f 6694/6212/6448 6758/6212/6448 6757/6212/6448 6693/6212/6448
f 6695/6212/6448 6759/6212/6448 6758/6212/6448 6694/6212/6448
f 6696/6212/6448 6760/6212/6448 6759/6212/6448 6695/6212/6448
f 6697/6212/6448 6761/6212/6448 6760/6212/6448 6696/6212/6448
f 6698/6212/6448 6762/6212/6448 6761/6212/6448 6697/6212/6448
f 6699/6212/6448 6763/6212/6448 6762/6212/6448 6698/6212/6448
f 6700/6212/6448 6764/6212/6448 6763/6212/6448 6699/6212/6448
f 6701/6212/6448 6765/6212/6448 6764/6212/6448 6700/6212/6448
f 6702/6212/6448 6766/6212/6448 6765/6212/6448 6701/6212/6448
f 6703/6212/6448 6767/6212/6448 6766/6212/6448 6702/6212/6448
f 6704/6212/6448 6768/6212/6448 6767/6212/6448 6703/6212/6448
f 6705/6212/6448 6769/6212/6448 6768/6212/6448 6704/6212/6448
f 6706/6212/6448 6770/6212/6448 6769/6212/6448 6705/6212/6448
f 6707/6212/6448 6771/6212/6448 6770/6212/6448 6706/6212/6448
f 6708/6212/6448 6772/6212/6448 6771/6212/6448 6707/6212/6448
f 6678/6212/6448 6742/6212/6448 6772/6212/6448 6708/6212/6448
f 6672/6212/6450 6673/6212/6450 6674/6212/6452 6706/6212/6452 6705/6212/6450 6704/6212/6450 6703/6212/6451 6671/6212/6451
f 6670/6212/6418 6671/6212/6451 6703/6212/6451 6702/6212/6418
f 6673/6212/6453 6672/6212/6453 6704/6212/6453 6705/6212/6453
f 6669/6212/6447 6670/6212/6418 6702/6212/6418 6701/6212/6447
f 6668/6212/6445 6669/6212/6447 6701/6212/6447 6700/6212/6445
f 6667/6212/6443 6668/6212/6445 6700/6212/6445 6699/6212/6443
f 6666/6212/6441 6667/6212/6443 6699/6212/6443 6698/6212/6441
f 6665/6212/6438 6666/6212/6441 6698/6212/6441 6697/6212/6438
f 6664/6212/6435 6665/6212/6438 6697/6212/6438 6696/6212/6435
f 6674/6212/6452 6675/6212/6427 6707/6212/6427 6706/6212/6452
f 6675/6212/6427 6676/6212/6431 6708/6212/6431 6707/6212/6427
f 6676/6212/6431 6645/6212/6434 6678/6212/6434 6708/6212/6431
f 6645/6212/6434 6646/6212/6437 6677/6212/6437 6678/6212/6434
f 6646/6212/6437 6647/6212/6440 6679/6212/6440 6677/6212/6437
f 6647/6212/6440 6648/6212/6442 6680/6212/6442 6679/6212/6440
f 6648/6212/6442 6649/6212/6444 6681/6212/6444 6680/6212/6442
f 6649/6212/6444 6650/6212/6446 6682/6212/6446 6681/6212/6444
f 6650/6212/6446 6651/6212/6416 6683/6212/6416 6682/6212/6446
f 6651/6212/6416 6652/6212/6417 6684/6212/6417 6683/6212/6416
f 6652/6212/6417 6653/6212/6420 6685/6212/6420 6684/6212/6417
f 6653/6212/6420 6654/6212/6422 6686/6212/6422 6685/6212/6420
f 6654/6212/6422 6655/6212/6454 6687/6212/6454 6686/6212/6422
f 6773/6212/6454 6774/6212/6454 6777/6212/6454 6776/6212/6454
f 6774/6212/6419 6773/6212/6419 6776/6212/6419 6777/6212/6419 6778/6212/6419 6775/6212/6419
f 6656/6212/6453 6657/6212/6430 6689/6212/6430 6688/6212/6453
f 6657/6212/6430 6658/6212/6433 6690/6212/6433 6689/6212/6430
f 6658/6212/6433 6659/6212/6436 6691/6212/6436 6690/6212/6433
f 6659/6212/6436 6660/6212/6439 6692/6212/6439 6691/6212/6436
f 6660/6212/6439 6661/6212/6428 6693/6212/6428 6692/6212/6439
f 6661/6212/6428 6662/6212/6429 6694/6212/6429 6693/6212/6428
f 6662/6212/6429 6663/6212/6432 6695/6212/6432 6694/6212/6429
f 6663/6212/6432 6664/6212/6435 6696/6212/6435 6695/6212/6432
f 6865/6212/6424 6897/6212/6424 6898/6212/6422 6866/6212/6422
f 6852/6212/6445 6884/6212/6445 6885/6212/6443 6853/6212/6443
f 6866/6212/6422 6898/6212/6422 6899/6212/6420 6867/6212/6420
f 6853/6212/6443 6885/6212/6443 6886/6212/6441 6854/6212/6441
f 6867/6212/6420 6899/6212/6420 6900/6212/6417 6868/6212/6417
f 6854/6212/6441 6886/6212/6441 6887/6212/6438 6855/6212/6438
f 6868/6212/6417 6900/6212/6417 6901/6212/6416 6869/6212/6416
f 6855/6212/6438 6887/6212/6438 6888/6212/6435 6856/6212/6435
f 6869/6212/6416 6901/6212/6416 6902/6212/6446 6870/6212/6446
f 6856/6212/6435 6888/6212/6435 6889/6212/6432 6857/6212/6432
f 6844/6212/6434 6876/6212/6434 6875/6212/6431 6843/6212/6431
f 6870/6212/6446 6902/6212/6446 6903/6212/6444 6871/6212/6444
f 6857/6212/6432 6889/6212/6432 6890/6212/6429 6858/6212/6429
f 6843/6212/6431 6875/6212/6431 6877/6212/6427 6845/6212/6427
f 6871/6212/6444 6903/6212/6444 6904/6212/6442 6872/6212/6442
f 6858/6212/6429 6890/6212/6429 6891/6212/6428 6859/6212/6428
f 6845/6212/6427 6877/6212/6427 6878/6212/6425 6846/6212/6425
f 6872/6212/6442 6904/6212/6442 6905/6212/6440 6873/6212/6440
f 6859/6212/6428 6891/6212/6428 6892/6212/6439 6860/6212/6439
f 6846/6212/6425 6878/6212/6425 6879/6212/6423 6847/6212/6423
f 6873/6212/6440 6905/6212/6440 6906/6212/6437 6874/6212/6437
f 6860/6212/6439 6892/6212/6439 6893/6212/6436 6861/6212/6436
f 6847/6212/6423 6879/6212/6423 6880/6212/6421 6848/6212/6421
f 6874/6212/6437 6906/6212/6437 6876/6212/6434 6844/6212/6434
f 6861/6212/6436 6893/6212/6436 6894/6212/6433 6862/6212/6433
f 6848/6212/6421 6880/6212/6421 6881/6212/6419 6849/6212/6419
f 6862/6212/6433 6894/6212/6433 6895/6212/6430 6863/6212/6430
f 6849/6212/6419 6881/6212/6419 6882/6212/6418 6850/6212/6418
f 6863/6212/6430 6895/6212/6430 6896/6212/6426 6864/6212/6426
f 6850/6212/6418 6882/6212/6418 6883/6212/6447 6851/6212/6447
f 6864/6212/6426 6896/6212/6426 6897/6212/6424 6865/6212/6424
f 6851/6212/6447 6883/6212/6447 6884/6212/6445 6852/6212/6445
f 6779/6212/6448 6844/6212/6448 6843/6212/6448 6780/6212/6448
f 6780/6212/6448 6843/6212/6448 6845/6212/6448 6781/6212/6448
f 6781/6212/6448 6845/6212/6448 6846/6212/6448 6782/6212/6448
f 6782/6212/6448 6846/6212/6448 6847/6212/6448 6783/6212/6448
f 6783/6212/6448 6847/6212/6448 6848/6212/6448 6784/6212/6448
f 6784/6212/6448 6848/6212/6448 6849/6212/6448 6785/6212/6448
f 6785/6212/6448 6849/6212/6448 6850/6212/6448 6786/6212/6448
f 6786/6212/6448 6850/6212/6448 6851/6212/6448 6787/6212/6448
f 6787/6212/6448 6851/6212/6448 6852/6212/6448 6788/6212/6448
f 6788/6212/6448 6852/6212/6448 6853/6212/6448 6789/6212/6448
f 6789/6212/6448 6853/6212/6448 6854/6212/6448 6790/6212/6448
f 6790/6212/6448 6854/6212/6448 6855/6212/6448 6791/6212/6448
f 6791/6212/6448 6855/6212/6448 6856/6212/6448 6792/6212/6448
f 6792/6212/6448 6856/6212/6448 6857/6212/6448 6793/6212/6448
f 6793/6212/6448 6857/6212/6448 6858/6212/6448 6794/6212/6448
f 6794/6212/6448 6858/6212/6448 6859/6212/6448 6795/6212/6448
f 6795/6212/6448 6859/6212/6448 6860/6212/6448 6796/6212/6448
f 6796/6212/6448 6860/6212/6448 6861/6212/6448 6797/6212/6448
f 6797/6212/6448 6861/6212/6448 6862/6212/6448 6798/6212/6448
f 6798/6212/6448 6862/6212/6448 6863/6212/6448 6799/6212/6448
f 6799/6212/6448 6863/6212/6448 6864/6212/6448 6800/6212/6448
f 6800/6212/6448 6864/6212/6448 6865/6212/6448 6801/6212/6448
f 6801/6212/6448 6865/6212/6448 6866/6212/6448 6802/6212/6448
f 6802/6212/6448 6866/6212/6448 6867/6212/6448 6803/6212/6448
f 6803/6212/6448 6867/6212/6448 6868/6212/6448 6804/6212/6448
f 6804/6212/6448 6868/6212/6448 6869/6212/6448 6805/6212/6448
f 6805/6212/6448 6869/6212/6448 6870/6212/6448 6806/6212/6448
f 6806/6212/6448 6870/6212/6448 6871/6212/6448 6807/6212/6448
f 6807/6212/6448 6871/6212/6448 6872/6212/6448 6808/6212/6448
f 6808/6212/6448 6872/6212/6448 6873/6212/6448 6809/6212/6448
f 6809/6212/6448 6873/6212/6448 6874/6212/6448 6810/6212/6448
f 6810/6212/6448 6874/6212/6448 6844/6212/6448 6779/6212/6448
f 6811/6212/6449 6875/6212/6449 6876/6212/6449 6812/6212/6449
f 6813/6212/6449 6877/6212/6449 6875/6212/6449 6811/6212/6449
f 6814/6212/6449 6878/6212/6449 6877/6212/6449 6813/6212/6449
f 6815/6212/6449 6879/6212/6449 6878/6212/6449 6814/6212/6449
f 6816/6212/6449 6880/6212/6449 6879/6212/6449 6815/6212/6449
f 6817/6212/6449 6881/6212/6449 6880/6212/6449 6816/6212/6449
f 6818/6212/6449 6882/6212/6449 6881/6212/6449 6817/6212/6449
f 6819/6212/6449 6883/6212/6449 6882/6212/6449 6818/6212/6449
f 6820/6212/6449 6884/6212/6449 6883/6212/6449 6819/6212/6449
f 6821/6212/6449 6885/6212/6449 6884/6212/6449 6820/6212/6449
f 6822/6212/6449 6886/6212/6449 6885/6212/6449 6821/6212/6449
f 6823/6212/6449 6887/6212/6449 6886/6212/6449 6822/6212/6449
f 6824/6212/6449 6888/6212/6449 6887/6212/6449 6823/6212/6449
f 6825/6212/6449 6889/6212/6449 6888/6212/6449 6824/6212/6449
f 6826/6212/6449 6890/6212/6449 6889/6212/6449 6825/6212/6449
f 6827/6212/6449 6891/6212/6449 6890/6212/6449 6826/6212/6449
f 6828/6212/6449 6892/6212/6449 6891/6212/6449 6827/6212/6449
f 6829/6212/6449 6893/6212/6449 6892/6212/6449 6828/6212/6449
f 6830/6212/6449 6894/6212/6449 6893/6212/6449 6829/6212/6449
f 6831/6212/6449 6895/6212/6449 6894/6212/6449 6830/6212/6449
f 6832/6212/6449 6896/6212/6449 6895/6212/6449 6831/6212/6449
f 6833/6212/6449 6897/6212/6449 6896/6212/6449 6832/6212/6449
f 6834/6212/6449 6898/6212/6449 6897/6212/6449 6833/6212/6449
f 6835/6212/6449 6899/6212/6449 6898/6212/6449 6834/6212/6449
f 6836/6212/6449 6900/6212/6449 6899/6212/6449 6835/6212/6449
f 6837/6212/6449 6901/6212/6449 6900/6212/6449 6836/6212/6449
f 6838/6212/6449 6902/6212/6449 6901/6212/6449 6837/6212/6449
f 6839/6212/6449 6903/6212/6449 6902/6212/6449 6838/6212/6449
f 6840/6212/6449 6904/6212/6449 6903/6212/6449 6839/6212/6449
f 6841/6212/6449 6905/6212/6449 6904/6212/6449 6840/6212/6449
f 6842/6212/6449 6906/6212/6449 6905/6212/6449 6841/6212/6449
f 6812/6212/6449 6876/6212/6449 6906/6212/6449 6842/6212/6449
f 6806/6212/6455 6807/6212/6455 6808/6212/6456 6840/6212/6456 6839/6212/6455 6838/6212/6455 6837/6212/6457 6805/6212/6457
f 6804/6212/6445 6805/6212/6457 6837/6212/6457 6836/6212/6445
f 6807/6212/6458 6806/6212/6458 6838/6212/6458 6839/6212/6458
f 6803/6212/6447 6804/6212/6445 6836/6212/6445 6835/6212/6447
f 6802/6212/6418 6803/6212/6447 6835/6212/6447 6834/6212/6418
f 6801/6212/6419 6802/6212/6418 6834/6212/6418 6833/6212/6419
f 6800/6212/6421 6801/6212/6419 6833/6212/6419 6832/6212/6421
f 6799/6212/6423 6800/6212/6421 6832/6212/6421 6831/6212/6423
f 6798/6212/6425 6799/6212/6423 6831/6212/6423 6830/6212/6425
f 6808/6212/6456 6809/6212/6432 6841/6212/6432 6840/6212/6456
f 6809/6212/6432 6810/6212/6429 6842/6212/6429 6841/6212/6432
f 6810/6212/6429 6779/6212/6428 6812/6212/6428 6842/6212/6429
f 6779/6212/6428 6780/6212/6439 6811/6212/6439 6812/6212/6428
f 6780/6212/6439 6781/6212/6436 6813/6212/6436 6811/6212/6439
f 6781/6212/6436 6782/6212/6433 6814/6212/6433 6813/6212/6436
f 6782/6212/6433 6783/6212/6430 6815/6212/6430 6814/6212/6433
f 6783/6212/6430 6784/6212/6426 6816/6212/6426 6815/6212/6430
f 6784/6212/6426 6785/6212/6424 6817/6212/6424 6816/6212/6426
f 6785/6212/6424 6786/6212/6422 6818/6212/6422 6817/6212/6424
f 6786/6212/6422 6787/6212/6420 6819/6212/6420 6818/6212/6422
f 6787/6212/6420 6788/6212/6417 6820/6212/6417 6819/6212/6420
f 6788/6212/6417 6789/6212/6459 6821/6212/6459 6820/6212/6417
f 6907/6212/6459 6908/6212/6459 6911/6212/6459 6910/6212/6459
f 6908/6212/6443 6907/6212/6443 6910/6212/6443 6911/6212/6443 6912/6212/6443 6909/6212/6443
f 6790/6212/6458 6791/6212/6444 6823/6212/6444 6822/6212/6458
f 6791/6212/6444 6792/6212/6442 6824/6212/6442 6823/6212/6444
f 6792/6212/6442 6793/6212/6440 6825/6212/6440 6824/6212/6442
f 6793/6212/6440 6794/6212/6437 6826/6212/6437 6825/6212/6440
f 6794/6212/6437 6795/6212/6434 6827/6212/6434 6826/6212/6437
f 6795/6212/6434 6796/6212/6431 6828/6212/6431 6827/6212/6434
f 6796/6212/6431 6797/6212/6427 6829/6212/6427 6828/6212/6431
f 6797/6212/6427 6798/6212/6425 6830/6212/6425 6829/6212/6427
f 6999/6212/6424 7000/6212/6422 7032/6212/6422 7031/6212/6424
f 6986/6212/6445 6987/6212/6443 7019/6212/6443 7018/6212/6445
f 7000/6212/6422 7001/6212/6420 7033/6212/6420 7032/6212/6422
f 6987/6212/6443 6988/6212/6441 7020/6212/6441 7019/6212/6443
f 7001/6212/6420 7002/6212/6417 7034/6212/6417 7033/6212/6420
f 6988/6212/6441 6989/6212/6438 7021/6212/6438 7020/6212/6441
f 7002/6212/6417 7003/6212/6416 7035/6212/6416 7034/6212/6417
f 6989/6212/6438 6990/6212/6435 7022/6212/6435 7021/6212/6438
f 7003/6212/6416 7004/6212/6446 7036/6212/6446 7035/6212/6416
f 6990/6212/6435 6991/6212/6432 7023/6212/6432 7022/6212/6435
f 6978/6212/6434 6977/6212/6431 7009/6212/6431 7010/6212/6434
f 7004/6212/6446 7005/6212/6444 7037/6212/6444 7036/6212/6446
f 6991/6212/6432 6992/6212/6429 7024/6212/6429 7023/6212/6432
f 6977/6212/6431 6979/6212/6427 7011/6212/6427 7009/6212/6431
f 7005/6212/6444 7006/6212/6442 7038/6212/6442 7037/6212/6444
f 6992/6212/6429 6993/6212/6428 7025/6212/6428 7024/6212/6429
f 6979/6212/6427 6980/6212/6425 7012/6212/6425 7011/6212/6427
f 7006/6212/6442 7007/6212/6440 7039/6212/6440 7038/6212/6442
f 6993/6212/6428 6994/6212/6439 7026/6212/6439 7025/6212/6428
f 6980/6212/6425 6981/6212/6423 7013/6212/6423 7012/6212/6425
f 7007/6212/6440 7008/6212/6437 7040/6212/6437 7039/6212/6440
f 6994/6212/6439 6995/6212/6436 7027/6212/6436 7026/6212/6439
f 6981/6212/6423 6982/6212/6421 7014/6212/6421 7013/6212/6423
f 7008/6212/6437 6978/6212/6434 7010/6212/6434 7040/6212/6437
f 6995/6212/6436 6996/6212/6433 7028/6212/6433 7027/6212/6436
f 6982/6212/6421 6983/6212/6419 7015/6212/6419 7014/6212/6421
f 6996/6212/6433 6997/6212/6430 7029/6212/6430 7028/6212/6433
f 6983/6212/6419 6984/6212/6418 7016/6212/6418 7015/6212/6419
f 6997/6212/6430 6998/6212/6426 7030/6212/6426 7029/6212/6430
f 6984/6212/6418 6985/6212/6447 7017/6212/6447 7016/6212/6418
f 6998/6212/6426 6999/6212/6424 7031/6212/6424 7030/6212/6426
f 6985/6212/6447 6986/6212/6445 7018/6212/6445 7017/6212/6447
f 6913/6212/6449 6914/6212/6449 6977/6212/6449 6978/6212/6449
f 6914/6212/6449 6915/6212/6449 6979/6212/6449 6977/6212/6449
f 6915/6212/6449 6916/6212/6449 6980/6212/6449 6979/6212/6449
f 6916/6212/6449 6917/6212/6449 6981/6212/6449 6980/6212/6449
f 6917/6212/6449 6918/6212/6449 6982/6212/6449 6981/6212/6449
f 6918/6212/6449 6919/6212/6449 6983/6212/6449 6982/6212/6449
f 6919/6212/6449 6920/6212/6449 6984/6212/6449 6983/6212/6449
f 6920/6212/6449 6921/6212/6449 6985/6212/6449 6984/6212/6449
f 6921/6212/6449 6922/6212/6449 6986/6212/6449 6985/6212/6449
f 6922/6212/6449 6923/6212/6449 6987/6212/6449 6986/6212/6449
f 6923/6212/6449 6924/6212/6449 6988/6212/6449 6987/6212/6449
f 6924/6212/6449 6925/6212/6449 6989/6212/6449 6988/6212/6449
f 6925/6212/6449 6926/6212/6449 6990/6212/6449 6989/6212/6449
f 6926/6212/6449 6927/6212/6449 6991/6212/6449 6990/6212/6449
f 6927/6212/6449 6928/6212/6449 6992/6212/6449 6991/6212/6449
f 6928/6212/6449 6929/6212/6449 6993/6212/6449 6992/6212/6449
f 6929/6212/6449 6930/6212/6449 6994/6212/6449 6993/6212/6449
f 6930/6212/6449 6931/6212/6449 6995/6212/6449 6994/6212/6449
f 6931/6212/6449 6932/6212/6449 6996/6212/6449 6995/6212/6449
f 6932/6212/6449 6933/6212/6449 6997/6212/6449 6996/6212/6449
f 6933/6212/6449 6934/6212/6449 6998/6212/6449 6997/6212/6449
f 6934/6212/6449 6935/6212/6449 6999/6212/6449 6998/6212/6449
f 6935/6212/6449 6936/6212/6449 7000/6212/6449 6999/6212/6449
f 6936/6212/6449 6937/6212/6449 7001/6212/6449 7000/6212/6449
f 6937/6212/6449 6938/6212/6449 7002/6212/6449 7001/6212/6449
f 6938/6212/6449 6939/6212/6449 7003/6212/6449 7002/6212/6449
f 6939/6212/6449 6940/6212/6449 7004/6212/6449 7003/6212/6449
f 6940/6212/6449 6941/6212/6449 7005/6212/6449 7004/6212/6449
f 6941/6212/6449 6942/6212/6449 7006/6212/6449 7005/6212/6449
f 6942/6212/6449 6943/6212/6449 7007/6212/6449 7006/6212/6449
f 6943/6212/6449 6944/6212/6449 7008/6212/6449 7007/6212/6449
f 6944/6212/6449 6913/6212/6449 6978/6212/6449 7008/6212/6449
f 6945/6212/6448 6946/6212/6448 7010/6212/6448 7009/6212/6448
f 6947/6212/6448 6945/6212/6448 7009/6212/6448 7011/6212/6448
f 6948/6212/6448 6947/6212/6448 7011/6212/6448 7012/6212/6448
f 6949/6212/6448 6948/6212/6448 7012/6212/6448 7013/6212/6448
f 6950/6212/6448 6949/6212/6448 7013/6212/6448 7014/6212/6448
f 6951/6212/6448 6950/6212/6448 7014/6212/6448 7015/6212/6448
f 6952/6212/6448 6951/6212/6448 7015/6212/6448 7016/6212/6448
f 6953/6212/6448 6952/6212/6448 7016/6212/6448 7017/6212/6448
f 6954/6212/6448 6953/6212/6448 7017/6212/6448 7018/6212/6448
f 6955/6212/6448 6954/6212/6448 7018/6212/6448 7019/6212/6448
f 6956/6212/6448 6955/6212/6448 7019/6212/6448 7020/6212/6448
f 6957/6212/6448 6956/6212/6448 7020/6212/6448 7021/6212/6448
f 6958/6212/6448 6957/6212/6448 7021/6212/6448 7022/6212/6448
f 6959/6212/6448 6958/6212/6448 7022/6212/6448 7023/6212/6448
f 6960/6212/6448 6959/6212/6448 7023/6212/6448 7024/6212/6448
f 6961/6212/6448 6960/6212/6448 7024/6212/6448 7025/6212/6448
f 6962/6212/6448 6961/6212/6448 7025/6212/6448 7026/6212/6448
f 6963/6212/6448 6962/6212/6448 7026/6212/6448 7027/6212/6448
f 6964/6212/6448 6963/6212/6448 7027/6212/6448 7028/6212/6448
f 6965/6212/6448 6964/6212/6448 7028/6212/6448 7029/6212/6448
f 6966/6212/6448 6965/6212/6448 7029/6212/6448 7030/6212/6448
f 6967/6212/6448 6966/6212/6448 7030/6212/6448 7031/6212/6448
f 6968/6212/6448 6967/6212/6448 7031/6212/6448 7032/6212/6448
f 6969/6212/6448 6968/6212/6448 7032/6212/6448 7033/6212/6448
f 6970/6212/6448 6969/6212/6448 7033/6212/6448 7034/6212/6448
f 6971/6212/6448 6970/6212/6448 7034/6212/6448 7035/6212/6448
f 6972/6212/6448 6971/6212/6448 7035/6212/6448 7036/6212/6448
f 6973/6212/6448 6972/6212/6448 7036/6212/6448 7037/6212/6448
f 6974/6212/6448 6973/6212/6448 7037/6212/6448 7038/6212/6448
f 6975/6212/6448 6974/6212/6448 7038/6212/6448 7039/6212/6448
f 6976/6212/6448 6975/6212/6448 7039/6212/6448 7040/6212/6448
f 6946/6212/6448 6976/6212/6448 7040/6212/6448 7010/6212/6448
f 6940/6212/6455 6939/6212/6457 6971/6212/6457 6972/6212/6455 6973/6212/6455 6974/6212/6456 6942/6212/6456 6941/6212/6455
f 6938/6212/6445 6970/6212/6445 6971/6212/6457 6939/6212/6457
f 6941/6212/6458 6973/6212/6458 6972/6212/6458 6940/6212/6458
f 6937/6212/6447 6969/6212/6447 6970/6212/6445 6938/6212/6445
f 6936/6212/6418 6968/6212/6418 6969/6212/6447 6937/6212/6447
f 6935/6212/6419 6967/6212/6419 6968/6212/6418 6936/6212/6418
f 6934/6212/6421 6966/6212/6421 6967/6212/6419 6935/6212/6419
f 6933/6212/6423 6965/6212/6423 6966/6212/6421 6934/6212/6421
f 6932/6212/6425 6964/6212/6425 6965/6212/6423 6933/6212/6423
f 6942/6212/6456 6974/6212/6456 6975/6212/6432 6943/6212/6432
f 6943/6212/6432 6975/6212/6432 6976/6212/6429 6944/6212/6429
f 6944/6212/6429 6976/6212/6429 6946/6212/6428 6913/6212/6428
f 6913/6212/6428 6946/6212/6428 6945/6212/6439 6914/6212/6439
f 6914/6212/6439 6945/6212/6439 6947/6212/6436 6915/6212/6436
f 6915/6212/6436 6947/6212/6436 6948/6212/6433 6916/6212/6433
f 6916/6212/6433 6948/6212/6433 6949/6212/6430 6917/6212/6430
f 6917/6212/6430 6949/6212/6430 6950/6212/6426 6918/6212/6426
f 6918/6212/6426 6950/6212/6426 6951/6212/6424 6919/6212/6424
f 6919/6212/6424 6951/6212/6424 6952/6212/6422 6920/6212/6422
f 6920/6212/6422 6952/6212/6422 6953/6212/6420 6921/6212/6420
f 6921/6212/6420 6953/6212/6420 6954/6212/6417 6922/6212/6417
f 6922/6212/6417 6954/6212/6417 6955/6212/6459 6923/6212/6459
f 7041/6212/6459 7044/6212/6459 7045/6212/6459 7042/6212/6459
f 7042/6212/6443 7043/6212/6443 7046/6212/6443 7045/6212/6443 7044/6212/6443 7041/6212/6443
f 6924/6212/6458 6956/6212/6458 6957/6212/6444 6925/6212/6444
f 6925/6212/6444 6957/6212/6444 6958/6212/6442 6926/6212/6442
f 6926/6212/6442 6958/6212/6442 6959/6212/6440 6927/6212/6440
f 6927/6212/6440 6959/6212/6440 6960/6212/6437 6928/6212/6437
f 6928/6212/6437 6960/6212/6437 6961/6212/6434 6929/6212/6434
f 6929/6212/6434 6961/6212/6434 6962/6212/6431 6930/6212/6431
f 6930/6212/6431 6962/6212/6431 6963/6212/6427 6931/6212/6427
f 6931/6212/6427 6963/6212/6427 6964/6212/6425 6932/6212/6425
o Plane
v 0.031632 -0.013528 -1.099717
v 0.031632 0.343916 -1.122852
v 0.031632 -0.013528 -1.431178
v 0.031632 0.219803 -1.431178
v 0.031632 -0.013528 -1.265448
v 0.031632 0.167910 -1.284197
v -0.031632 -0.013528 -1.099717
v -0.031632 0.343916 -1.122852
v -0.031632 -0.013528 -1.431178
v -0.031632 0.219803 -1.431178
v -0.031632 -0.013528 -1.265447
v -0.031632 0.167910 -1.284197
v 0.031632 0.013528 -1.099717
v 0.031632 -0.343916 -1.122852
v 0.031632 0.013528 -1.431178
v 0.031632 -0.219803 -1.431178
v 0.031632 0.013528 -1.265447
v 0.031632 -0.167910 -1.284197
v -0.031632 0.013528 -1.099717
v -0.031632 -0.343916 -1.122852
v -0.031632 0.013528 -1.431178
v -0.031632 -0.219803 -1.431178
v -0.031632 0.013528 -1.265447
v -0.031632 -0.167910 -1.284197
vn -1.0000 -0.0000 -0.0000
vn 1.0000 -0.0000 -0.0000
vt 0.000000 0.500000
vt 1.000000 0.500000
vt 1.000000 1.000000
vt 0.000000 1.000000
vt 0.000000 0.000000
vt 1.000000 0.000000
s 0
usemtl Llave
f 7051/6213/6460 7052/6214/6460 7050/6215/6460 7049/6216/6460
f 7047/6217/6460 7048/6218/6460 7052/6214/6460 7051/6213/6460
f 7057/6213/6461 7055/6216/6461 7056/6215/6461 7058/6214/6461
f 7053/6217/6461 7057/6213/6461 7058/6214/6461 7054/6218/6461
f 7063/6213/6460 7061/6216/6460 7062/6215/6460 7064/6214/6460
f 7059/6217/6460 7063/6213/6460 7064/6214/6460 7060/6218/6460
f 7069/6213/6461 7070/6214/6461 7068/6215/6461 7067/6216/6461
f 7065/6217/6461 7066/6218/6461 7070/6214/6461 7069/6213/6461
o Plane.001
v -0.031816 0.146129 -1.431380
v 0.032463 0.146129 -1.431380
v -0.031816 -0.146397 -1.431380
v 0.032463 -0.146397 -1.431380
vn -0.0000 -0.0000 -1.0000
vt 0.000000 0.000000
vt 1.000000 0.000000
vt 1.000000 1.000000
vt 0.000000 1.000000
s 0
usemtl Llave
f 7071/6219/6462 7072/6220/6462 7074/6221/6462 7073/6222/6462
o Plane.002
v -0.032741 0.313021 -1.120882
v 0.031537 0.313021 -1.120882
v -0.032741 0.143258 -1.110292
v 0.031537 0.143258 -1.110292
v 0.032741 0.313021 -1.120882
v -0.031537 0.313021 -1.120882
v 0.032741 0.143258 -1.110292
v -0.031537 0.143258 -1.110292
v -0.032741 -0.313021 -1.120882
v 0.031537 -0.313021 -1.120882
v -0.032741 -0.143258 -1.110292
v 0.031537 -0.143258 -1.110292
v 0.032741 -0.313021 -1.120882
v -0.031537 -0.313021 -1.120882
v 0.032741 -0.143258 -1.110292
v -0.031537 -0.143258 -1.110292
vn -0.0000 -0.0623 -0.9981
vn -0.0000 0.0623 -0.9981
vt 0.000000 0.000000
vt 1.000000 0.000000
vt 1.000000 1.000000
vt 0.000000 1.000000
s 0
usemtl Llave
f 7075/6223/6463 7076/6224/6463 7078/6225/6463 7077/6226/6463
f 7079/6223/6463 7081/6226/6463 7082/6225/6463 7080/6224/6463
f 7083/6223/6464 7085/6226/6464 7086/6225/6464 7084/6224/6464
f 7087/6223/6464 7088/6224/6464 7090/6225/6464 7089/6226/6464
