# Blender 3.5.0
# www.blender.org
mtllib Mario Plant.mtl
o Circle.001
v -1.801652 2.897111 -10.218063
v -1.846752 2.897111 -10.175178
v -1.882619 2.897111 -10.124316
v -1.907875 2.897111 -10.067435
v -1.921548 2.897111 -10.006721
v -1.923114 2.897111 -9.944504
v -1.912512 2.897111 -9.883178
v -1.890149 2.897111 -9.825099
v -1.856886 2.897111 -9.772498
v -1.813999 2.897111 -9.727398
v -1.763139 2.897111 -9.691530
v -1.706258 2.897111 -9.666275
v -1.645542 2.897111 -9.652601
v -1.583326 2.897111 -9.651035
v -1.522000 2.897111 -9.661638
v -1.463921 2.897111 -9.684000
v -1.411320 2.897111 -9.717264
v -1.366220 2.897111 -9.760150
v -1.330353 2.897111 -9.811011
v -1.305097 2.897111 -9.867892
v -1.291424 2.897111 -9.928607
v -1.289858 2.897111 -9.990824
v -1.300460 2.897111 -10.052150
v -1.322823 2.897111 -10.110229
v -1.356086 2.897111 -10.162829
v -1.398973 2.897111 -10.207930
v -1.449833 2.897111 -10.243797
v -1.506714 2.897111 -10.269053
v -1.567430 2.897111 -10.282726
v -1.629646 2.897111 -10.284292
v -1.690972 2.897111 -10.273689
v -1.749051 2.897111 -10.251328
v -1.807285 3.011054 -10.141090
v -1.769593 3.011054 -10.176932
v -1.837261 3.011054 -10.098584
v -1.858368 3.011054 -10.051046
v -1.869795 3.011054 -10.000305
v -1.871104 3.011054 -9.948308
v -1.862243 3.011054 -9.897056
v -1.843554 3.011054 -9.848516
v -1.815754 3.011054 -9.804557
v -1.779913 3.011054 -9.766865
v -1.737406 3.011054 -9.736889
v -1.689869 3.011054 -9.715782
v -1.639127 3.011054 -9.704354
v -1.587131 3.011054 -9.703046
v -1.535878 3.011054 -9.711906
v -1.487339 3.011054 -9.730596
v -1.443379 3.011054 -9.758395
v -1.405686 3.011054 -9.794237
v -1.375711 3.011054 -9.836743
v -1.354604 3.011054 -9.884281
v -1.343177 3.011054 -9.935022
v -1.341868 3.011054 -9.987020
v -1.350729 3.011054 -10.038272
v -1.369418 3.011054 -10.086811
v -1.397218 3.011054 -10.130771
v -1.433059 3.011054 -10.168463
v -1.475566 3.011054 -10.198439
v -1.523103 3.011054 -10.219545
v -1.573845 3.011054 -10.230973
v -1.625841 3.011054 -10.232282
v -1.677094 3.011054 -10.223421
v -1.725633 3.011054 -10.204732
v -1.846752 3.011054 -10.175178
v -1.801652 3.011054 -10.218063
v -1.882619 3.011054 -10.124316
v -1.907875 3.011054 -10.067435
v -1.921548 3.011054 -10.006721
v -1.923114 3.011054 -9.944504
v -1.912512 3.011054 -9.883178
v -1.890149 3.011054 -9.825099
v -1.856886 3.011054 -9.772498
v -1.813999 3.011054 -9.727398
v -1.763139 3.011054 -9.691530
v -1.706258 3.011054 -9.666275
v -1.645542 3.011054 -9.652601
v -1.583326 3.011054 -9.651035
v -1.522000 3.011054 -9.661638
v -1.463921 3.011054 -9.684000
v -1.411320 3.011054 -9.717264
v -1.366220 3.011054 -9.760150
v -1.330353 3.011054 -9.811011
v -1.305097 3.011054 -9.867892
v -1.291424 3.011054 -9.928607
v -1.289858 3.011054 -9.990824
v -1.300460 3.011054 -10.052150
v -1.322823 3.011054 -10.110229
v -1.356086 3.011054 -10.162829
v -1.398973 3.011054 -10.207930
v -1.449833 3.011054 -10.243797
v -1.506714 3.011054 -10.269053
v -1.567430 3.011054 -10.282726
v -1.629646 3.011054 -10.284292
v -1.690972 3.011054 -10.273689
v -1.749051 3.011054 -10.251328
v -1.807285 2.975578 -10.141090
v -1.769593 2.975578 -10.176932
v -1.837261 2.975578 -10.098584
v -1.858368 2.975578 -10.051046
v -1.869795 2.975578 -10.000305
v -1.871104 2.975578 -9.948308
v -1.862243 2.975578 -9.897056
v -1.843554 2.975578 -9.848516
v -1.815754 2.975578 -9.804557
v -1.779913 2.975578 -9.766865
v -1.737406 2.975578 -9.736889
v -1.689869 2.975578 -9.715782
v -1.639127 2.975578 -9.704354
v -1.587131 2.975578 -9.703046
v -1.535878 2.975578 -9.711906
v -1.487339 2.975578 -9.730596
v -1.443379 2.975578 -9.758395
v -1.405686 2.975578 -9.794237
v -1.375711 2.975578 -9.836743
v -1.354604 2.975578 -9.884281
v -1.343177 2.975578 -9.935022
v -1.341868 2.975578 -9.987020
v -1.350729 2.975578 -10.038272
v -1.369418 2.975578 -10.086811
v -1.397218 2.975578 -10.130771
v -1.433059 2.975578 -10.168463
v -1.475566 2.975578 -10.198439
v -1.523103 2.975578 -10.219545
v -1.573845 2.975578 -10.230973
v -1.625841 2.975578 -10.232282
v -1.677094 2.975578 -10.223421
v -1.725633 2.975578 -10.204732
v -1.807285 2.977676 -10.141090
v -1.769593 2.977676 -10.176932
v -1.837261 2.977676 -10.098584
v -1.858368 2.977676 -10.051046
v -1.869795 2.977676 -10.000305
v -1.871104 2.977676 -9.948308
v -1.862243 2.977676 -9.897056
v -1.843554 2.977676 -9.848516
v -1.815754 2.977676 -9.804557
v -1.779913 2.977676 -9.766865
v -1.737406 2.977676 -9.736889
v -1.689869 2.977676 -9.715782
v -1.639127 2.977676 -9.704354
v -1.587131 2.977676 -9.703046
v -1.535878 2.977676 -9.711906
v -1.487339 2.977676 -9.730596
v -1.443379 2.977676 -9.758395
v -1.405686 2.977676 -9.794237
v -1.375711 2.977676 -9.836743
v -1.354604 2.977676 -9.884281
v -1.343177 2.977676 -9.935022
v -1.341868 2.977676 -9.987020
v -1.350729 2.977676 -10.038272
v -1.369418 2.977676 -10.086811
v -1.397218 2.977676 -10.130771
v -1.433059 2.977676 -10.168463
v -1.475566 2.977676 -10.198439
v -1.523103 2.977676 -10.219545
v -1.573845 2.977676 -10.230973
v -1.625841 2.977676 -10.232282
v -1.677094 2.977676 -10.223421
v -1.725633 2.977676 -10.204732
v -1.866886 3.381381 -10.192567
v -1.818007 3.381381 -10.239047
v -1.905759 3.381381 -10.137444
v -1.933131 3.381381 -10.075796
v -1.947950 3.381381 -10.009994
v -1.949647 3.381381 -9.942563
v -1.938157 3.381381 -9.876099
v -1.913920 3.381381 -9.813152
v -1.877869 3.381381 -9.756144
v -1.831389 3.381381 -9.707263
v -1.776266 3.381381 -9.668390
v -1.714618 3.381381 -9.641019
v -1.648815 3.381381 -9.626200
v -1.581386 3.381381 -9.624502
v -1.514920 3.381381 -9.635993
v -1.451974 3.381381 -9.660230
v -1.394965 3.381381 -9.696280
v -1.346086 3.381381 -9.742761
v -1.307213 3.381381 -9.797884
v -1.279841 3.381381 -9.859531
v -1.265021 3.381381 -9.925334
v -1.263324 3.381381 -9.992764
v -1.274815 3.381381 -10.059229
v -1.299052 3.381381 -10.122175
v -1.335103 3.381381 -10.179184
v -1.381583 3.381381 -10.228065
v -1.436706 3.381381 -10.266937
v -1.498353 3.381381 -10.294309
v -1.564157 3.381381 -10.309128
v -1.631586 3.381381 -10.310825
v -1.698052 3.381381 -10.299335
v -1.760998 3.381381 -10.275098
v -1.866886 3.481797 -10.192567
v -1.818007 3.481797 -10.239047
v -1.905759 3.481797 -10.137444
v -1.933131 3.481797 -10.075796
v -1.947950 3.481797 -10.009994
v -1.949647 3.481797 -9.942563
v -1.938157 3.481797 -9.876099
v -1.913920 3.481797 -9.813152
v -1.877869 3.481797 -9.756144
v -1.831389 3.481797 -9.707263
v -1.776266 3.481797 -9.668390
v -1.714618 3.481797 -9.641019
v -1.648815 3.481797 -9.626200
v -1.581386 3.481797 -9.624502
v -1.514920 3.481797 -9.635993
v -1.451974 3.481797 -9.660230
v -1.394965 3.481797 -9.696280
v -1.346086 3.481797 -9.742761
v -1.307213 3.481797 -9.797884
v -1.279841 3.481797 -9.859531
v -1.265021 3.481797 -9.925334
v -1.263324 3.481797 -9.992764
v -1.274815 3.481797 -10.059229
v -1.299052 3.481797 -10.122175
v -1.335103 3.481797 -10.179184
v -1.381583 3.481797 -10.228065
v -1.436706 3.481797 -10.266937
v -1.498353 3.481797 -10.294309
v -1.564157 3.481797 -10.309128
v -1.631586 3.481797 -10.310825
v -1.698052 3.481797 -10.299335
v -1.760998 3.481797 -10.275098
v -1.906435 3.381381 -10.226724
v -1.850131 3.381381 -10.280263
v -1.951211 3.381381 -10.163229
v -1.982741 3.381381 -10.092218
v -1.999810 3.381381 -10.016422
v -2.001765 3.381381 -9.938751
v -1.988529 3.381381 -9.862192
v -1.960612 3.381381 -9.789685
v -1.919086 3.381381 -9.724018
v -1.865546 3.381381 -9.667715
v -1.802051 3.381381 -9.622938
v -1.731041 3.381381 -9.591409
v -1.655244 3.381381 -9.574339
v -1.577573 3.381381 -9.572385
v -1.501014 3.381381 -9.585621
v -1.428508 3.381381 -9.613538
v -1.362841 3.381381 -9.655065
v -1.306537 3.381381 -9.708604
v -1.261760 3.381381 -9.772099
v -1.230231 3.381381 -9.843109
v -1.213161 3.381381 -9.918905
v -1.211207 3.381381 -9.996576
v -1.224443 3.381381 -10.073135
v -1.252360 3.381381 -10.145642
v -1.293886 3.381381 -10.211309
v -1.347426 3.381381 -10.267612
v -1.410921 3.381381 -10.312389
v -1.481931 3.381381 -10.343919
v -1.557728 3.381381 -10.360989
v -1.635399 3.381381 -10.362943
v -1.711958 3.381381 -10.349707
v -1.784464 3.381381 -10.321790
v -1.906435 3.481797 -10.226724
v -1.850131 3.481797 -10.280263
v -1.951211 3.481797 -10.163229
v -1.982741 3.481797 -10.092218
v -1.999810 3.481797 -10.016422
v -2.001765 3.481797 -9.938751
v -1.988529 3.481797 -9.862192
v -1.960612 3.481797 -9.789685
v -1.919086 3.481797 -9.724018
v -1.865546 3.481797 -9.667715
v -1.802051 3.481797 -9.622938
v -1.731041 3.481797 -9.591409
v -1.655244 3.481797 -9.574339
v -1.577573 3.481797 -9.572385
v -1.501014 3.481797 -9.585621
v -1.428508 3.481797 -9.613538
v -1.362841 3.481797 -9.655065
v -1.306537 3.481797 -9.708604
v -1.261760 3.481797 -9.772099
v -1.230231 3.481797 -9.843109
v -1.213161 3.481797 -9.918905
v -1.211207 3.481797 -9.996576
v -1.224443 3.481797 -10.073135
v -1.252360 3.481797 -10.145642
v -1.293886 3.481797 -10.211309
v -1.347426 3.481797 -10.267612
v -1.410921 3.481797 -10.312389
v -1.481931 3.481797 -10.343919
v -1.557728 3.481797 -10.360989
v -1.635399 3.481797 -10.362943
v -1.711958 3.481797 -10.349707
v -1.784464 3.481797 -10.321790
v -1.865840 3.426178 -10.191663
v -1.817157 3.426178 -10.237957
v -1.904557 3.426178 -10.136762
v -1.931819 3.426178 -10.075361
v -1.946579 3.426178 -10.009823
v -1.948269 3.426178 -9.942664
v -1.936824 3.426178 -9.876466
v -1.912685 3.426178 -9.813772
v -1.876779 3.426178 -9.756993
v -1.830485 3.426178 -9.708309
v -1.775584 3.426178 -9.669593
v -1.714184 3.426178 -9.642331
v -1.648645 3.426178 -9.627571
v -1.581486 3.426178 -9.625881
v -1.515288 3.426178 -9.637325
v -1.452595 3.426178 -9.661465
v -1.395815 3.426178 -9.697371
v -1.347132 3.426178 -9.743665
v -1.308415 3.426178 -9.798566
v -1.281153 3.426178 -9.859966
v -1.266393 3.426178 -9.925505
v -1.264703 3.426178 -9.992663
v -1.276148 3.426178 -10.058862
v -1.300287 3.426178 -10.121555
v -1.336193 3.426178 -10.178334
v -1.382487 3.426178 -10.227018
v -1.437388 3.426178 -10.265735
v -1.498788 3.426178 -10.292996
v -1.564327 3.426178 -10.307756
v -1.631485 3.426178 -10.309446
v -1.697684 3.426178 -10.298002
v -1.760377 3.426178 -10.273863
v -1.866886 3.426178 -10.192567
v -1.818007 3.426178 -10.239047
v -1.905759 3.426178 -10.137444
v -1.933131 3.426178 -10.075796
v -1.947950 3.426178 -10.009994
v -1.949647 3.426178 -9.942563
v -1.938157 3.426178 -9.876099
v -1.913920 3.426178 -9.813152
v -1.877869 3.426178 -9.756144
v -1.831389 3.426178 -9.707263
v -1.776266 3.426178 -9.668390
v -1.714618 3.426178 -9.641019
v -1.648815 3.426178 -9.626200
v -1.581386 3.426178 -9.624502
v -1.514920 3.426178 -9.635993
v -1.451974 3.426178 -9.660230
v -1.394965 3.426178 -9.696280
v -1.346086 3.426178 -9.742761
v -1.307213 3.426178 -9.797884
v -1.279841 3.426178 -9.859531
v -1.265021 3.426178 -9.925334
v -1.263324 3.426178 -9.992764
v -1.274815 3.426178 -10.059229
v -1.299052 3.426178 -10.122175
v -1.335103 3.426178 -10.179184
v -1.381583 3.426178 -10.228065
v -1.436706 3.426178 -10.266937
v -1.498353 3.426178 -10.294309
v -1.564157 3.426178 -10.309128
v -1.631586 3.426178 -10.310825
v -1.698052 3.426178 -10.299335
v -1.760998 3.426178 -10.275098
vn -0.5991 -0.6111 -0.5174
vn -0.4866 -0.6111 -0.6243
vn -0.3555 -0.6111 -0.7073
vn -0.2106 -0.6111 -0.7630
vn -0.0577 -0.6111 -0.7895
vn 0.0974 -0.6111 -0.7855
vn 0.2488 -0.6111 -0.7515
vn 0.3906 -0.6111 -0.6885
vn 0.5174 -0.6111 -0.5991
vn 0.6243 -0.6111 -0.4866
vn 0.7073 -0.6111 -0.3555
vn 0.7630 -0.6111 -0.2106
vn 0.7895 -0.6111 -0.0577
vn 0.7855 -0.6111 0.0974
vn 0.7515 -0.6111 0.2488
vn 0.6885 -0.6111 0.3906
vn 0.5991 -0.6111 0.5174
vn 0.4866 -0.6111 0.6243
vn 0.3555 -0.6111 0.7073
vn 0.2106 -0.6111 0.7630
vn 0.0577 -0.6111 0.7894
vn -0.0974 -0.6111 0.7855
vn -0.2488 -0.6111 0.7515
vn -0.3906 -0.6111 0.6885
vn -0.5174 -0.6111 0.5991
vn -0.6243 -0.6111 0.4866
vn -0.7073 -0.6111 0.3555
vn -0.7630 -0.6111 0.2106
vn -0.7895 -0.6111 0.0577
vn -0.7855 -0.6111 -0.0974
vn -0.7515 -0.6111 -0.2488
vn -0.6885 -0.6111 -0.3906
vn -0.4627 0.6585 -0.5936
vn -0.5696 0.6585 -0.4919
vn -0.5991 0.6111 -0.5174
vn -0.4866 0.6111 -0.6243
vn 0.5991 0.6111 0.5174
vn 0.4866 0.6111 0.6243
vn -0.7855 0.6111 -0.0974
vn -0.7515 0.6111 -0.2488
vn -0.3555 0.6111 -0.7073
vn -0.2106 0.6111 -0.7630
vn 0.6885 0.6111 0.3906
vn -0.7895 0.6111 0.0577
vn 0.7515 0.6111 0.2488
vn -0.7630 0.6111 0.2106
vn 0.7855 0.6111 0.0974
vn -0.7073 0.6111 0.3555
vn 0.7895 0.6111 -0.0577
vn -0.6243 0.6111 0.4866
vn 0.7630 0.6111 -0.2106
vn -0.5174 0.6111 0.5991
vn 0.7073 0.6111 -0.3555
vn -0.3906 0.6111 0.6885
vn 0.6243 0.6111 -0.4866
vn -0.2488 0.6111 0.7515
vn 0.5174 0.6111 -0.5991
vn -0.0974 0.6111 0.7855
vn 0.3906 0.6111 -0.6885
vn 0.0577 0.6111 0.7895
vn 0.2488 0.6111 -0.7515
vn 0.2106 0.6111 0.7630
vn 0.0974 0.6111 -0.7855
vn 0.3555 0.6111 0.7073
vn -0.6885 0.6111 -0.3906
vn -0.0577 0.6111 -0.7895
vn 0.5696 0.6585 0.4919
vn 0.4627 0.6585 0.5936
vn 0.6546 0.6585 0.3714
vn 0.7145 0.6585 0.2365
vn 0.7469 0.6585 0.0926
vn 0.7506 0.6585 -0.0549
vn 0.7255 0.6585 -0.2003
vn 0.6724 0.6585 -0.3380
vn 0.5936 0.6585 -0.4627
vn 0.4919 0.6585 -0.5696
vn 0.3714 0.6585 -0.6546
vn 0.2365 0.6585 -0.7145
vn 0.0926 0.6585 -0.7469
vn -0.0549 0.6585 -0.7506
vn -0.2003 0.6585 -0.7255
vn -0.3380 0.6585 -0.6724
vn -0.6546 0.6585 -0.3714
vn -0.7145 0.6585 -0.2365
vn -0.7469 0.6585 -0.0926
vn -0.7506 0.6585 0.0549
vn -0.7255 0.6585 0.2003
vn -0.6724 0.6585 0.3380
vn -0.5936 0.6585 0.4627
vn -0.4919 0.6585 0.5696
vn -0.3714 0.6585 0.6546
vn -0.2365 0.6585 0.7145
vn -0.0926 0.6585 0.7469
vn 0.0549 0.6585 0.7506
vn 0.2003 0.6585 0.7255
vn 0.3380 0.6585 0.6724
vn 0.7894 0.6111 -0.0577
vn -0.0577 0.6111 -0.7894
vn -0.7894 0.6111 0.0577
vn 0.0577 0.6111 0.7894
vn -0.5413 -0.6989 -0.4675
vn -0.4397 -0.6989 -0.5641
vn -0.3212 -0.6989 -0.6391
vn -0.1903 -0.6989 -0.6894
vn -0.0522 -0.6989 -0.7133
vn 0.0880 -0.6989 -0.7098
vn 0.2248 -0.6989 -0.6790
vn 0.3529 -0.6989 -0.6221
vn 0.4675 -0.6989 -0.5413
vn 0.5641 -0.6989 -0.4397
vn 0.6391 -0.6989 -0.3212
vn 0.6894 -0.6989 -0.1903
vn 0.7133 -0.6989 -0.0522
vn 0.7098 -0.6989 0.0880
vn 0.6790 -0.6989 0.2248
vn 0.6221 -0.6989 0.3529
vn 0.5413 -0.6989 0.4675
vn 0.4397 -0.6989 0.5641
vn 0.3212 -0.6989 0.6391
vn 0.1903 -0.6989 0.6894
vn 0.0522 -0.6989 0.7133
vn -0.0880 -0.6989 0.7098
vn -0.2248 -0.6989 0.6790
vn -0.3529 -0.6989 0.6221
vn -0.4675 -0.6989 0.5413
vn -0.5641 -0.6989 0.4397
vn -0.6391 -0.6989 0.3212
vn -0.6894 -0.6989 0.1903
vn -0.7133 -0.6989 0.0522
vn -0.7098 -0.6989 -0.0880
vn -0.6790 -0.6989 -0.2248
vn -0.6221 -0.6989 -0.3529
vn 0.1784 -0.7422 0.6460
vn 0.3010 -0.7422 0.5988
vn 0.5988 -0.7422 -0.3010
vn 0.6460 -0.7422 -0.1784
vn -0.3307 -0.7422 0.5829
vn -0.4381 -0.7422 0.5072
vn 0.5286 -0.7422 -0.4120
vn -0.2106 -0.7422 0.6362
vn 0.4381 -0.7422 -0.5072
vn -0.0824 -0.7422 0.6651
vn 0.3307 -0.7422 -0.5829
vn 0.0489 -0.7422 0.6684
vn 0.2106 -0.7422 -0.6362
vn -0.5072 -0.7422 -0.4381
vn -0.4120 -0.7422 -0.5286
vn 0.0824 -0.7422 -0.6651
vn -0.5829 -0.7422 -0.3307
vn -0.0489 -0.7422 -0.6684
vn 0.4120 -0.7422 0.5286
vn -0.6362 -0.7422 -0.2106
vn -0.1784 -0.7422 -0.6460
vn 0.5072 -0.7422 0.4381
vn -0.6651 -0.7422 -0.0824
vn -0.3010 -0.7422 -0.5988
vn 0.5829 -0.7422 0.3307
vn -0.6684 -0.7422 0.0489
vn 0.6362 -0.7422 0.2106
vn -0.6460 -0.7422 0.1784
vn 0.6651 -0.7422 0.0824
vn -0.5988 -0.7422 0.3010
vn 0.6684 -0.7422 -0.0489
vn -0.5286 -0.7422 0.4120
vn -0.0577 -0.6111 -0.7894
vn -0.0000 1.0000 -0.0000
vt 0.000000 0.000000
vt 0.000000 0.000000
vt 0.000000 0.000000
vt 0.000000 0.000000
vt 0.000000 0.000000
vt 0.000000 0.000000
vt 0.000000 0.000000
vt 0.000000 0.000000
vt 0.000000 0.000000
vt 0.000000 0.000000
vt 0.000000 0.000000
vt 0.000000 0.000000
vt 0.000000 0.000000
vt 0.000000 0.000000
vt 0.000000 0.000000
vt 0.000000 0.000000
vt 0.000000 0.000000
vt 0.000000 0.000000
vt 0.000000 0.000000
vt 0.000000 0.000000
vt 0.000000 0.000000
vt 0.000000 0.000000
vt 0.000000 0.000000
vt 0.000000 0.000000
vt 0.000000 0.000000
vt 0.000000 0.000000
vt 0.000000 0.000000
vt 0.000000 0.000000
vt 0.000000 0.000000
vt 0.000000 0.000000
vt 0.000000 0.000000
vt 0.000000 0.000000
vt 0.000000 0.000000
vt 0.000000 0.000000
vt 0.000000 0.000000
vt 0.000000 0.000000
vt 0.000000 0.000000
vt 0.000000 0.000000
vt 0.000000 0.000000
vt 0.000000 0.000000
vt 0.000000 0.000000
vt 0.000000 0.000000
vt 0.000000 0.000000
vt 0.000000 0.000000
vt 0.000000 0.000000
vt 0.000000 0.000000
vt 0.000000 0.000000
vt 0.000000 0.000000
vt 0.000000 0.000000
vt 0.000000 0.000000
vt 0.000000 0.000000
vt 0.000000 0.000000
vt 0.000000 0.000000
vt 0.000000 0.000000
vt 0.000000 0.000000
vt 0.000000 0.000000
vt 0.000000 0.000000
vt 0.000000 0.000000
vt 0.000000 0.000000
vt 0.000000 0.000000
vt 0.000000 0.000000
vt 0.000000 0.000000
vt 0.000000 0.000000
vt 0.000000 0.000000
vt 0.000000 0.000000
vt 0.000000 0.000000
vt 0.000000 0.000000
vt 0.000000 0.000000
vt 0.000000 0.000000
vt 0.000000 0.000000
vt 0.000000 0.000000
vt 0.000000 0.000000
vt 0.000000 0.000000
vt 0.000000 0.000000
vt 0.000000 0.000000
vt 0.000000 0.000000
vt 0.000000 0.000000
vt 0.000000 0.000000
vt 0.000000 0.000000
vt 0.000000 0.000000
vt 0.000000 0.000000
vt 0.000000 0.000000
vt 0.000000 0.000000
vt 0.000000 0.000000
vt 0.000000 0.000000
vt 0.000000 0.000000
vt 0.000000 0.000000
vt 0.000000 0.000000
vt 0.000000 0.000000
vt 0.000000 0.000000
vt 0.000000 0.000000
vt 0.000000 0.000000
vt 0.000000 0.000000
vt 0.000000 0.000000
vt 0.000000 0.000000
vt 0.000000 0.000000
vt 0.000000 0.000000
vt 0.000000 0.000000
vt 0.000000 0.000000
vt 0.000000 0.000000
vt 0.000000 0.000000
vt 0.000000 0.000000
vt 0.000000 0.000000
vt 0.000000 0.000000
vt 0.000000 0.000000
vt 0.000000 0.000000
vt 0.000000 0.000000
vt 0.000000 0.000000
vt 0.000000 0.000000
vt 0.000000 0.000000
vt 0.000000 0.000000
vt 0.000000 0.000000
vt 0.000000 0.000000
vt 0.000000 0.000000
vt 0.000000 0.000000
vt 0.000000 0.000000
vt 0.000000 0.000000
vt 0.000000 0.000000
vt 0.000000 0.000000
vt 0.000000 0.000000
vt 0.000000 0.000000
vt 0.000000 0.000000
vt 0.000000 0.000000
vt 0.000000 0.000000
vt 0.000000 0.000000
vt 0.000000 0.000000
vt 0.000000 0.000000
vt 0.000000 0.000000
vt 0.000000 0.000000
vt 0.000000 0.000000
vt 0.000000 0.000000
vt 0.000000 0.000000
vt 0.000000 0.000000
vt 0.000000 0.000000
vt 0.000000 0.000000
vt 0.000000 0.000000
vt 0.000000 0.000000
vt 0.000000 0.000000
vt 0.000000 0.000000
vt 0.000000 0.000000
vt 0.000000 0.000000
vt 0.000000 0.000000
vt 0.000000 0.000000
vt 0.000000 0.000000
vt 0.000000 0.000000
vt 0.000000 0.000000
vt 0.000000 0.000000
vt 0.000000 0.000000
vt 0.000000 0.000000
vt 0.000000 0.000000
vt 0.000000 0.000000
vt 0.000000 0.000000
vt 0.000000 0.000000
vt 0.000000 0.000000
vt 0.000000 0.000000
vt 0.000000 0.000000
vt 0.000000 0.000000
vt 0.000000 0.000000
vt 0.000000 0.000000
vt 0.000000 0.000000
vt 0.000000 0.000000
vt 0.000000 0.000000
vt 0.000000 0.000000
vt 0.000000 0.000000
vt 0.000000 0.000000
vt 0.000000 0.000000
vt 0.000000 0.000000
vt 0.000000 0.000000
vt 0.000000 0.000000
vt 0.000000 0.000000
vt 0.000000 0.000000
vt 0.000000 0.000000
vt 0.000000 0.000000
vt 0.000000 0.000000
vt 0.000000 0.000000
vt 0.000000 0.000000
vt 0.000000 0.000000
vt 0.000000 0.000000
vt 0.000000 0.000000
vt 0.000000 0.000000
vt 0.000000 0.000000
vt 0.000000 0.000000
vt 0.000000 0.000000
vt 0.000000 0.000000
vt 0.000000 0.000000
vt 0.000000 0.000000
vt 0.000000 0.000000
vt 0.000000 0.000000
vt 0.000000 0.000000
vt 0.000000 0.000000
vt 0.000000 0.000000
vt 0.000000 0.000000
vt 0.000000 0.000000
vt 0.000000 0.000000
vt 0.000000 0.000000
vt 0.000000 0.000000
vt 0.000000 0.000000
vt 0.000000 0.000000
vt 0.000000 0.000000
vt 0.000000 0.000000
vt 0.000000 0.000000
vt 0.000000 0.000000
vt 0.000000 0.000000
vt 0.000000 0.000000
vt 0.000000 0.000000
vt 0.000000 0.000000
vt 0.000000 0.000000
vt 0.000000 0.000000
vt 0.000000 0.000000
vt 0.000000 0.000000
vt 0.000000 0.000000
vt 0.000000 0.000000
vt 0.000000 0.000000
vt 0.000000 0.000000
vt 0.000000 0.000000
vt 0.000000 0.000000
vt 0.000000 0.000000
vt 0.000000 0.000000
vt 0.000000 0.000000
vt 0.000000 0.000000
vt 0.000000 0.000000
vt 0.000000 0.000000
vt 0.000000 0.000000
vt 0.000000 0.000000
vt 0.000000 0.000000
vt 0.000000 0.000000
vt 0.000000 0.000000
vt 0.000000 0.000000
vt 0.000000 0.000000
vt 0.000000 0.000000
vt 0.000000 0.000000
vt 0.000000 0.000000
vt 0.000000 0.000000
vt 0.000000 0.000000
vt 0.000000 0.000000
vt 0.000000 0.000000
vt 0.000000 0.000000
vt 0.000000 0.000000
vt 0.000000 0.000000
vt 0.000000 0.000000
vt 0.000000 0.000000
vt 0.000000 0.000000
vt 0.000000 0.000000
vt 0.000000 0.000000
vt 0.000000 0.000000
vt 0.000000 0.000000
vt 0.000000 0.000000
vt 0.000000 0.000000
vt 0.000000 0.000000
vt 0.000000 0.000000
vt 0.000000 0.000000
vt 0.000000 0.000000
vt 0.000000 0.000000
vt 0.000000 0.000000
vt 0.000000 0.000000
vt 0.000000 0.000000
vt 0.000000 0.000000
vt 0.000000 0.000000
vt 0.000000 0.000000
vt 0.000000 0.000000
vt 0.000000 0.000000
vt 0.000000 0.000000
vt 0.000000 0.000000
vt 0.000000 0.000000
vt 0.000000 0.000000
vt 0.000000 0.000000
vt 0.000000 0.000000
vt 0.000000 0.000000
vt 0.000000 0.000000
vt 0.000000 0.000000
vt 0.000000 0.000000
vt 0.000000 0.000000
vt 0.000000 0.000000
vt 0.000000 0.000000
vt 0.000000 0.000000
vt 0.000000 0.000000
vt 0.000000 0.000000
vt 0.000000 0.000000
vt 0.000000 0.000000
vt 0.000000 0.000000
vt 0.000000 0.000000
vt 0.000000 0.000000
vt 0.000000 0.000000
vt 0.000000 0.000000
vt 0.000000 0.000000
vt 0.000000 0.000000
vt 0.000000 0.000000
vt 0.000000 0.000000
vt 0.000000 0.000000
vt 0.000000 0.000000
vt 0.000000 0.000000
vt 0.000000 0.000000
vt 0.000000 0.000000
vt 0.000000 0.000000
vt 0.000000 0.000000
vt 0.000000 0.000000
vt 0.000000 0.000000
vt 0.000000 0.000000
vt 0.000000 0.000000
vt 0.000000 0.000000
vt 0.000000 0.000000
vt 0.000000 0.000000
vt 0.000000 0.000000
vt 0.000000 0.000000
vt 0.000000 0.000000
vt 0.000000 0.000000
vt 0.000000 0.000000
vt 0.000000 0.000000
vt 0.000000 0.000000
vt 0.000000 0.000000
vt 0.000000 0.000000
vt 0.000000 0.000000
vt 0.000000 0.000000
vt 0.000000 0.000000
vt 0.000000 0.000000
vt 0.000000 0.000000
vt 0.000000 0.000000
vt 0.000000 0.000000
vt 0.000000 0.000000
vt 0.000000 0.000000
vt 0.000000 0.000000
vt 0.000000 0.000000
vt 0.000000 0.000000
vt 0.000000 0.000000
vt 0.000000 0.000000
vt 0.000000 0.000000
vt 0.000000 0.000000
vt 0.000000 0.000000
vt 0.000000 0.000000
vt 0.000000 0.000000
vt 0.000000 0.000000
vt 0.000000 0.000000
vt 0.000000 0.000000
vt 0.000000 0.000000
vt 0.000000 0.000000
vt 0.000000 0.000000
vt 0.000000 0.000000
vt 0.000000 0.000000
vt 0.000000 0.000000
vt 0.000000 0.000000
vt 0.000000 0.000000
vt 0.000000 0.000000
vt 0.000000 0.000000
vt 0.000000 0.000000
vt 0.000000 0.000000
vt 0.000000 0.000000
vt 0.000000 0.000000
vt 0.000000 0.000000
vt 0.000000 0.000000
vt 0.000000 0.000000
vt 0.000000 0.000000
vt 0.000000 0.000000
s 1
usemtl Material.024
f 2/2/1 1/1/2 32/32/3 31/31/4 30/30/5 29/29/6 28/28/7 27/27/8 26/26/9 25/25/10 24/24/11 23/23/12 22/22/13 21/21/14 20/20/15 19/19/16 18/18/17 17/17/18 16/16/19 15/15/20 14/14/21 13/13/22 12/12/23 11/11/24 10/10/25 9/9/26 8/8/27 7/7/28 6/6/29 5/5/30 4/4/31 3/3/32
f 49/49/33 50/50/34 114/114/35 113/113/36
f 17/17/18 18/18/17 82/82/37 81/81/38
f 4/4/31 5/5/30 69/69/39 68/68/40
f 31/31/4 32/32/3 96/96/41 95/95/42
f 18/18/17 19/19/16 83/83/43 82/82/37
f 5/5/30 6/6/29 70/70/44 69/69/39
f 32/32/3 1/1/2 66/66/36 96/96/41
f 19/19/16 20/20/15 84/84/45 83/83/43
f 6/6/29 7/7/28 71/71/46 70/70/44
f 20/20/15 21/21/14 85/85/47 84/84/45
f 7/7/28 8/8/27 72/72/48 71/71/46
f 21/21/14 22/22/13 86/86/49 85/85/47
f 8/8/27 9/9/26 73/73/50 72/72/48
f 22/22/13 23/23/12 87/87/51 86/86/49
f 9/9/26 10/10/25 74/74/52 73/73/50
f 23/23/12 24/24/11 88/88/53 87/87/51
f 10/10/25 11/11/24 75/75/54 74/74/52
f 24/24/11 25/25/10 89/89/55 88/88/53
f 11/11/24 12/12/23 76/76/56 75/75/54
f 25/25/10 26/26/9 90/90/57 89/89/55
f 12/12/23 13/13/22 77/77/58 76/76/56
f 26/26/9 27/27/8 91/91/59 90/90/57
f 13/13/22 14/14/21 78/78/60 77/77/58
f 27/27/8 28/28/7 92/92/61 91/91/59
f 14/14/21 15/15/20 79/79/62 78/78/60
f 1/1/2 2/2/1 65/65/35 66/66/36
f 28/28/7 29/29/6 93/93/63 92/92/61
f 15/15/20 16/16/19 80/80/64 79/79/62
f 2/2/1 3/3/32 67/67/65 65/65/35
f 29/29/6 30/30/5 94/94/66 93/93/63
f 16/16/19 17/17/18 81/81/38 80/80/64
f 3/3/32 4/4/31 68/68/40 67/67/65
f 30/30/5 31/31/4 95/95/42 94/94/66
f 33/33/67 34/34/68 66/66/36 65/65/35
f 35/35/69 33/33/67 65/65/35 67/67/65
f 36/36/70 35/35/69 67/67/65 68/68/40
f 37/37/71 36/36/70 68/68/40 69/69/39
f 38/38/72 37/37/71 69/69/39 70/70/44
f 39/39/73 38/38/72 70/70/44 71/71/46
f 40/40/74 39/39/73 71/71/46 72/72/48
f 41/41/75 40/40/74 72/72/48 73/73/50
f 42/42/76 41/41/75 73/73/50 74/74/52
f 43/43/77 42/42/76 74/74/52 75/75/54
f 44/44/78 43/43/77 75/75/54 76/76/56
f 45/45/79 44/44/78 76/76/56 77/77/58
f 46/46/80 45/45/79 77/77/58 78/78/60
f 47/47/81 46/46/80 78/78/60 79/79/62
f 48/48/82 47/47/81 79/79/62 80/80/64
f 49/49/33 48/48/82 80/80/64 81/81/38
f 50/50/34 49/49/33 81/81/38 82/82/37
f 51/51/83 50/50/34 82/82/37 83/83/43
f 52/52/84 51/51/83 83/83/43 84/84/45
f 53/53/85 52/52/84 84/84/45 85/85/47
f 54/54/86 53/53/85 85/85/47 86/86/49
f 55/55/87 54/54/86 86/86/49 87/87/51
f 56/56/88 55/55/87 87/87/51 88/88/53
f 57/57/89 56/56/88 88/88/53 89/89/55
f 58/58/90 57/57/89 89/89/55 90/90/57
f 59/59/91 58/58/90 90/90/57 91/91/59
f 60/60/92 59/59/91 91/91/59 92/92/61
f 61/61/93 60/60/92 92/92/61 93/93/63
f 62/62/94 61/61/93 93/93/63 94/94/66
f 63/63/95 62/62/94 94/94/66 95/95/42
f 64/64/96 63/63/95 95/95/42 96/96/41
f 34/34/68 64/64/96 96/96/41 66/66/36
f 97/97/37 99/99/43 100/100/45 101/101/47 102/102/97 103/103/51 104/104/53 105/105/55 106/106/57 107/107/59 108/108/61 109/109/63 110/110/98 111/111/42 112/112/41 113/113/36 114/114/35 115/115/65 116/116/40 117/117/39 118/118/99 119/119/46 120/120/48 121/121/50 122/122/52 123/123/54 124/124/56 125/125/58 126/126/100 127/127/62 128/128/64 98/98/38
f 36/36/70 37/37/71 101/101/47 100/100/45
f 63/63/95 64/64/96 128/128/64 127/127/62
f 50/50/34 51/51/83 115/115/65 114/114/35
f 37/37/71 38/38/72 102/102/97 101/101/47
f 64/64/96 34/34/68 98/98/38 128/128/64
f 51/51/83 52/52/84 116/116/40 115/115/65
f 38/38/72 39/39/73 103/103/51 102/102/97
f 52/52/84 53/53/85 117/117/39 116/116/40
f 39/39/73 40/40/74 104/104/53 103/103/51
f 53/53/85 54/54/86 118/118/99 117/117/39
f 40/40/74 41/41/75 105/105/55 104/104/53
f 54/54/86 55/55/87 119/119/46 118/118/99
f 41/41/75 42/42/76 106/106/57 105/105/55
f 55/55/87 56/56/88 120/120/48 119/119/46
f 42/42/76 43/43/77 107/107/59 106/106/57
f 56/56/88 57/57/89 121/121/50 120/120/48
f 43/43/77 44/44/78 108/108/61 107/107/59
f 57/57/89 58/58/90 122/122/52 121/121/50
f 44/44/78 45/45/79 109/109/63 108/108/61
f 58/58/90 59/59/91 123/123/54 122/122/52
f 45/45/79 46/46/80 110/110/98 109/109/63
f 59/59/91 60/60/92 124/124/56 123/123/54
f 46/46/80 47/47/81 111/111/42 110/110/98
f 34/34/68 33/33/67 97/97/37 98/98/38
f 60/60/92 61/61/93 125/125/58 124/124/56
f 47/47/81 48/48/82 112/112/41 111/111/42
f 33/33/67 35/35/69 99/99/43 97/97/37
f 61/61/93 62/62/94 126/126/100 125/125/58
f 48/48/82 49/49/33 113/113/36 112/112/41
f 35/35/69 36/36/70 100/100/45 99/99/43
f 62/62/94 63/63/95 127/127/62 126/126/100
f 129/129/101 130/130/102 160/160/103 159/159/104 158/158/105 157/157/106 156/156/107 155/155/108 154/154/109 153/153/110 152/152/111 151/151/112 150/150/113 149/149/114 148/148/115 147/147/116 146/146/117 145/145/118 144/144/119 143/143/120 142/142/121 141/141/122 140/140/123 139/139/124 138/138/125 137/137/126 136/136/127 135/135/128 134/134/129 133/133/130 132/132/131 131/131/132
f 175/175/133 176/176/134 240/240/19 239/239/20
f 151/151/112 152/152/111 184/184/135 183/183/136
f 138/138/125 139/139/124 171/171/137 170/170/138
f 152/152/111 153/153/110 185/185/139 184/184/135
f 139/139/124 140/140/123 172/172/140 171/171/137
f 153/153/110 154/154/109 186/186/141 185/185/139
f 140/140/123 141/141/122 173/173/142 172/172/140
f 154/154/109 155/155/108 187/187/143 186/186/141
f 141/141/122 142/142/121 174/174/144 173/173/142
f 155/155/108 156/156/107 188/188/145 187/187/143
f 142/142/121 143/143/120 175/175/133 174/174/144
f 130/130/102 129/129/101 161/161/146 162/162/147
f 156/156/107 157/157/106 189/189/148 188/188/145
f 143/143/120 144/144/119 176/176/134 175/175/133
f 129/129/101 131/131/132 163/163/149 161/161/146
f 157/157/106 158/158/105 190/190/150 189/189/148
f 144/144/119 145/145/118 177/177/151 176/176/134
f 131/131/132 132/132/131 164/164/152 163/163/149
f 158/158/105 159/159/104 191/191/153 190/190/150
f 145/145/118 146/146/117 178/178/154 177/177/151
f 132/132/131 133/133/130 165/165/155 164/164/152
f 159/159/104 160/160/103 192/192/156 191/191/153
f 146/146/117 147/147/116 179/179/157 178/178/154
f 133/133/130 134/134/129 166/166/158 165/165/155
f 160/160/103 130/130/102 162/162/147 192/192/156
f 147/147/116 148/148/115 180/180/159 179/179/157
f 134/134/129 135/135/128 167/167/160 166/166/158
f 148/148/115 149/149/114 181/181/161 180/180/159
f 135/135/128 136/136/127 168/168/162 167/167/160
f 149/149/114 150/150/113 182/182/163 181/181/161
f 136/136/127 137/137/126 169/169/164 168/168/162
f 150/150/113 151/151/112 183/183/136 182/182/163
f 137/137/126 138/138/125 170/170/138 169/169/164
f 213/213/85 214/214/86 342/342/44 341/341/39
f 196/196/70 195/195/69 259/259/65 260/260/40
f 222/222/94 221/221/93 285/285/63 286/286/98
f 174/174/144 175/175/133 239/239/20 238/238/21
f 195/195/69 193/193/67 257/257/35 259/259/65
f 221/221/93 220/220/92 284/284/61 285/285/63
f 173/173/142 174/174/144 238/238/21 237/237/22
f 193/193/67 194/194/68 258/258/36 257/257/35
f 220/220/92 219/219/91 283/283/59 284/284/61
f 172/172/140 173/173/142 237/237/22 236/236/23
f 219/219/91 218/218/90 282/282/57 283/283/59
f 171/171/137 172/172/140 236/236/23 235/235/24
f 218/218/90 217/217/89 281/281/55 282/282/57
f 170/170/138 171/171/137 235/235/24 234/234/25
f 217/217/89 216/216/88 280/280/53 281/281/55
f 169/169/164 170/170/138 234/234/25 233/233/26
f 216/216/88 215/215/87 279/279/51 280/280/53
f 168/168/162 169/169/164 233/233/26 232/232/27
f 215/215/87 214/214/86 278/278/97 279/279/51
f 167/167/160 168/168/162 232/232/27 231/231/28
f 214/214/86 213/213/85 277/277/47 278/278/97
f 166/166/158 167/167/160 231/231/28 230/230/29
f 192/192/156 162/162/147 226/226/2 256/256/3
f 213/213/85 212/212/84 276/276/45 277/277/47
f 165/165/155 166/166/158 230/230/29 229/229/30
f 191/191/153 192/192/156 256/256/3 255/255/4
f 212/212/84 211/211/83 275/275/43 276/276/45
f 164/164/152 165/165/155 229/229/30 228/228/31
f 190/190/150 191/191/153 255/255/4 254/254/165
f 211/211/83 210/210/34 274/274/37 275/275/43
f 163/163/149 164/164/152 228/228/31 227/227/32
f 189/189/148 190/190/150 254/254/165 253/253/6
f 255/255/4 256/256/3 288/288/41 287/287/42
f 242/242/17 243/243/16 275/275/43 274/274/37
f 229/229/30 230/230/29 262/262/99 261/261/39
f 256/256/3 226/226/2 258/258/36 288/288/41
f 243/243/16 244/244/15 276/276/45 275/275/43
f 230/230/29 231/231/28 263/263/46 262/262/99
f 244/244/15 245/245/14 277/277/47 276/276/45
f 231/231/28 232/232/27 264/264/48 263/263/46
f 245/245/14 246/246/13 278/278/97 277/277/47
f 232/232/27 233/233/26 265/265/50 264/264/48
f 246/246/13 247/247/12 279/279/51 278/278/97
f 233/233/26 234/234/25 266/266/52 265/265/50
f 247/247/12 248/248/11 280/280/53 279/279/51
f 234/234/25 235/235/24 267/267/54 266/266/52
f 248/248/11 249/249/10 281/281/55 280/280/53
f 235/235/24 236/236/23 268/268/56 267/267/54
f 249/249/10 250/250/9 282/282/57 281/281/55
f 236/236/23 237/237/22 269/269/58 268/268/56
f 250/250/9 251/251/8 283/283/59 282/282/57
f 237/237/22 238/238/21 270/270/100 269/269/58
f 251/251/8 252/252/7 284/284/61 283/283/59
f 238/238/21 239/239/20 271/271/62 270/270/100
f 226/226/2 225/225/1 257/257/35 258/258/36
f 252/252/7 253/253/6 285/285/63 284/284/61
f 239/239/20 240/240/19 272/272/64 271/271/62
f 225/225/1 227/227/32 259/259/65 257/257/35
f 253/253/6 254/254/165 286/286/98 285/285/63
f 240/240/19 241/241/18 273/273/38 272/272/64
f 227/227/32 228/228/31 260/260/40 259/259/65
f 254/254/165 255/255/4 287/287/42 286/286/98
f 241/241/18 242/242/17 274/274/37 273/273/38
f 228/228/31 229/229/30 261/261/39 260/260/40
f 223/223/95 222/222/94 286/286/98 287/287/42
f 197/197/71 196/196/70 260/260/40 261/261/39
f 176/176/134 177/177/151 241/241/18 240/240/19
f 224/224/96 223/223/95 287/287/42 288/288/41
f 198/198/72 197/197/71 261/261/39 262/262/99
f 177/177/151 178/178/154 242/242/17 241/241/18
f 194/194/68 224/224/96 288/288/41 258/258/36
f 199/199/73 198/198/72 262/262/99 263/263/46
f 178/178/154 179/179/157 243/243/16 242/242/17
f 200/200/74 199/199/73 263/263/46 264/264/48
f 179/179/157 180/180/159 244/244/15 243/243/16
f 201/201/75 200/200/74 264/264/48 265/265/50
f 180/180/159 181/181/161 245/245/14 244/244/15
f 202/202/76 201/201/75 265/265/50 266/266/52
f 181/181/161 182/182/163 246/246/13 245/245/14
f 203/203/77 202/202/76 266/266/52 267/267/54
f 182/182/163 183/183/136 247/247/12 246/246/13
f 204/204/78 203/203/77 267/267/54 268/268/56
f 183/183/136 184/184/135 248/248/11 247/247/12
f 205/205/79 204/204/78 268/268/56 269/269/58
f 184/184/135 185/185/139 249/249/10 248/248/11
f 206/206/80 205/205/79 269/269/58 270/270/100
f 185/185/139 186/186/141 250/250/9 249/249/10
f 207/207/81 206/206/80 270/270/100 271/271/62
f 186/186/141 187/187/143 251/251/8 250/250/9
f 208/208/82 207/207/81 271/271/62 272/272/64
f 187/187/143 188/188/145 252/252/7 251/251/8
f 162/162/147 161/161/146 225/225/1 226/226/2
f 209/209/33 208/208/82 272/272/64 273/273/38
f 188/188/145 189/189/148 253/253/6 252/252/7
f 161/161/146 163/163/149 227/227/32 225/225/1
f 210/210/34 209/209/33 273/273/38 274/274/37
f 200/200/74 201/201/75 329/329/55 328/328/53
f 214/214/86 215/215/87 343/343/46 342/342/44
f 201/201/75 202/202/76 330/330/57 329/329/55
f 215/215/87 216/216/88 344/344/48 343/343/46
f 202/202/76 203/203/77 331/331/59 330/330/57
f 216/216/88 217/217/89 345/345/50 344/344/48
f 203/203/77 204/204/78 332/332/61 331/331/59
f 217/217/89 218/218/90 346/346/52 345/345/50
f 204/204/78 205/205/79 333/333/63 332/332/61
f 218/218/90 219/219/91 347/347/54 346/346/52
f 205/205/79 206/206/80 334/334/98 333/333/63
f 219/219/91 220/220/92 348/348/56 347/347/54
f 206/206/80 207/207/81 335/335/42 334/334/98
f 194/194/68 193/193/67 321/321/37 322/322/38
f 220/220/92 221/221/93 349/349/58 348/348/56
f 207/207/81 208/208/82 336/336/41 335/335/42
f 193/193/67 195/195/69 323/323/43 321/321/37
f 221/221/93 222/222/94 350/350/100 349/349/58
f 208/208/82 209/209/33 337/337/36 336/336/41
f 195/195/69 196/196/70 324/324/45 323/323/43
f 222/222/94 223/223/95 351/351/62 350/350/100
f 209/209/33 210/210/34 338/338/35 337/337/36
f 196/196/70 197/197/71 325/325/47 324/324/45
f 223/223/95 224/224/96 352/352/64 351/351/62
f 210/210/34 211/211/83 339/339/65 338/338/35
f 197/197/71 198/198/72 326/326/49 325/325/47
f 224/224/96 194/194/68 322/322/38 352/352/64
f 211/211/83 212/212/84 340/340/40 339/339/65
f 198/198/72 199/199/73 327/327/51 326/326/49
f 212/212/84 213/213/85 341/341/39 340/340/40
f 199/199/73 200/200/74 328/328/53 327/327/51
f 289/289/166 290/290/166 322/322/38 321/321/37
f 291/291/166 289/289/166 321/321/37 323/323/43
f 292/292/166 291/291/166 323/323/43 324/324/45
f 293/293/166 292/292/166 324/324/45 325/325/47
f 294/294/166 293/293/166 325/325/47 326/326/49
f 295/295/166 294/294/166 326/326/49 327/327/51
f 296/296/166 295/295/166 327/327/51 328/328/53
f 297/297/166 296/296/166 328/328/53 329/329/55
f 298/298/166 297/297/166 329/329/55 330/330/57
f 299/299/166 298/298/166 330/330/57 331/331/59
f 300/300/166 299/299/166 331/331/59 332/332/61
f 301/301/166 300/300/166 332/332/61 333/333/63
f 302/302/166 301/301/166 333/333/63 334/334/98
f 303/303/166 302/302/166 334/334/98 335/335/42
f 304/304/166 303/303/166 335/335/42 336/336/41
f 305/305/166 304/304/166 336/336/41 337/337/36
f 306/306/166 305/305/166 337/337/36 338/338/35
f 307/307/166 306/306/166 338/338/35 339/339/65
f 308/308/166 307/307/166 339/339/65 340/340/40
f 309/309/166 308/308/166 340/340/40 341/341/39
f 310/310/166 309/309/166 341/341/39 342/342/44
f 311/311/166 310/310/166 342/342/44 343/343/46
f 312/312/166 311/311/166 343/343/46 344/344/48
f 313/313/166 312/312/166 344/344/48 345/345/50
f 314/314/166 313/313/166 345/345/50 346/346/52
f 315/315/166 314/314/166 346/346/52 347/347/54
f 316/316/166 315/315/166 347/347/54 348/348/56
f 317/317/166 316/316/166 348/348/56 349/349/58
f 318/318/166 317/317/166 349/349/58 350/350/100
f 319/319/166 318/318/166 350/350/100 351/351/62
f 320/320/166 319/319/166 351/351/62 352/352/64
f 290/290/166 320/320/166 352/352/64 322/322/38
o Cube
v -1.580706 4.020896 -9.647145
v -1.580706 4.504694 -9.647145
v -1.878118 4.020896 -10.028728
v -1.878118 4.504694 -10.028728
v -1.199123 4.020896 -9.944557
v -1.199123 4.504694 -9.944557
v -1.496535 4.020896 -10.326140
v -1.496535 4.504694 -10.326140
v -1.845469 3.985612 -9.929442
v -1.771221 3.967888 -9.805350
v -1.669015 3.985612 -9.703050
v -1.586845 4.119277 -9.597625
v -1.589928 4.262795 -9.572749
v -1.586845 4.406313 -9.597625
v -1.669015 4.539978 -9.703049
v -1.771221 4.557702 -9.805350
v -1.845469 4.539978 -9.929442
v -1.927639 4.406313 -10.034867
v -1.952514 4.262795 -10.037951
v -1.927639 4.119277 -10.034867
v -1.595821 3.985612 -10.293491
v -1.719913 3.967888 -10.219244
v -1.822214 3.985612 -10.117037
v -1.822214 4.539978 -10.117037
v -1.719913 4.557702 -10.219243
v -1.595821 4.539978 -10.293491
v -1.231772 3.985612 -10.043843
v -1.408226 3.985612 -10.270237
v -1.408226 4.539978 -10.270236
v -1.231772 4.539978 -10.043843
v -1.481420 3.985612 -9.679794
v -1.357328 3.967888 -9.754043
v -1.255027 3.985612 -9.856249
v -1.255027 4.539978 -9.856249
v -1.357328 4.557702 -9.754042
v -1.481420 4.539978 -9.679794
v -1.722762 4.109839 -9.649193
v -1.737873 4.262795 -9.626997
v -1.722762 4.415751 -9.649193
v -1.836953 4.101623 -9.754118
v -1.858962 4.262795 -9.736963
v -1.836953 4.423967 -9.754118
v -1.910820 4.109839 -9.890472
v -1.936033 4.262795 -9.881238
v -1.910820 4.415751 -9.890472
v -1.876071 4.109839 -10.170784
v -1.898267 4.262795 -10.185895
v -1.876071 4.415751 -10.170784
v -1.771146 4.101623 -10.284975
v -1.788300 4.262795 -10.306984
v -1.771146 4.423967 -10.284975
v -1.634791 4.109839 -10.358842
v -1.634791 4.415751 -10.358842
v -1.201170 4.109839 -9.802502
v -1.201170 4.415751 -9.802502
v -1.306095 4.101623 -9.688311
v -1.288941 4.262795 -9.666302
v -1.306095 4.423967 -9.688311
v -1.442450 4.109839 -9.614444
v -1.433216 4.262795 -9.589231
v -1.442450 4.415751 -9.614444
v -1.753290 3.910112 -10.013254
v -1.637701 3.884549 -10.113764
v -1.512009 3.910112 -10.201312
v -1.665741 3.884549 -9.887563
v -1.538621 3.856644 -9.986643
v -1.411500 3.884549 -10.085723
v -1.565232 3.910112 -9.771974
v -1.439541 3.884549 -9.859522
v -1.323952 3.910112 -9.960032
v -1.512009 4.615478 -10.201312
v -1.637701 4.641041 -10.113764
v -1.753290 4.615478 -10.013254
v -1.411500 4.641041 -10.085723
v -1.538621 4.668945 -9.986643
v -1.665741 4.641041 -9.887563
v -1.323951 4.615478 -9.960032
v -1.439541 4.641041 -9.859522
v -1.565232 4.615478 -9.771974
v -1.473411 4.383308 -10.373602
v -1.507137 4.426736 -10.363040
v -1.473183 4.142565 -10.373569
v -1.507375 4.098722 -10.362945
v -1.319457 3.940687 -10.157610
v -1.292655 3.995081 -10.178353
v -1.292610 4.530419 -10.178388
v -1.319526 4.584994 -10.157606
v -1.166149 4.426974 -9.925034
v -1.147392 4.382794 -9.955661
v -1.147242 4.143515 -9.955402
v -1.166366 4.098140 -9.925174
v -1.687029 4.262795 -10.379527
v -1.601020 4.262795 -10.388578
v -1.164088 4.262795 -9.827990
v -1.193866 4.262795 -9.746794
v -1.210250 4.026524 -10.056677
v -1.180439 4.083193 -10.074454
v -1.215894 4.509796 -10.053311
v -1.186108 4.453174 -10.071074
v -1.372366 4.068498 -10.306170
v -1.396810 4.011999 -10.281676
v -1.400957 4.523177 -10.277520
v -1.376519 4.466691 -10.302009
v -1.218514 4.453174 -10.045825
v -1.325016 4.530419 -10.153139
v -1.212844 4.083193 -10.049206
v -1.179647 4.143515 -9.930154
v -1.179797 4.382793 -9.930412
v -1.325060 3.995080 -10.153105
v -1.196494 4.262795 -9.802742
v -1.633425 4.262795 -10.363330
v -1.505589 4.142565 -10.348322
v -1.408924 4.466691 -10.276761
v -1.505816 4.383307 -10.348354
v -1.404772 4.068497 -10.280922
vn -0.4872 -0.3362 0.8060
vn -0.5182 -0.0000 0.8553
vn -0.7887 -0.0000 0.6147
vn -0.7370 -0.3560 0.5745
vn -0.4872 0.3362 0.8060
vn -0.7370 0.3560 0.5745
vn -0.9559 -0.0000 0.2937
vn -0.9005 -0.3362 0.2757
vn -0.9005 0.3362 0.2757
vn -0.1004 -0.5774 0.8103
vn -0.1167 -0.3157 0.9417
vn -0.3351 -0.6709 0.6615
vn -0.1230 -0.0000 0.9924
vn -0.1167 0.3157 0.9417
vn -0.1004 0.5774 0.8103
vn -0.3351 0.6709 0.6615
vn -0.5577 0.7071 0.4347
vn -0.7233 0.6709 0.1635
vn -0.8103 0.5774 -0.1004
vn -0.9417 0.3157 -0.1167
vn -0.9924 -0.0000 -0.1230
vn -0.9417 -0.3157 -0.1167
vn -0.7233 -0.6709 0.1635
vn -0.8103 -0.5774 -0.1004
vn -0.5577 -0.7071 0.4347
vn -0.8060 -0.3362 -0.4872
vn -0.8553 -0.0000 -0.5182
vn -0.6366 -0.0000 -0.7712
vn -0.5828 -0.3687 -0.7241
vn -0.8060 0.3362 -0.4872
vn -0.5828 0.3687 -0.7241
vn 0.8186 -0.3354 0.4662
vn 0.7765 0.0001 0.6301
vn 0.5924 -0.0000 0.8056
vn 0.5599 -0.3687 0.7420
vn -0.4214 0.0001 -0.9069
vn -0.2528 -0.3358 -0.9074
vn -0.6615 -0.6709 -0.3351
vn -0.6615 0.6709 -0.3351
vn -0.4347 0.7071 -0.5577
vn -0.1635 0.6709 -0.7233
vn -0.2530 0.3359 -0.9073
vn 0.0138 -0.3937 -0.9191
vn -0.4347 -0.7071 -0.5577
vn -0.1635 -0.6709 -0.7233
vn 0.1273 -0.5550 -0.8220
vn 0.2986 -0.8741 0.3832
vn -0.0259 -0.9991 -0.0333
vn -0.0174 -0.9996 -0.0224
vn 0.3047 -0.8684 0.3911
vn 0.0101 0.3910 -0.9203
vn 0.4149 0.8523 -0.3186
vn 0.2626 0.9429 -0.2047
vn 0.4682 0.8804 0.0758
vn 0.7409 0.6520 -0.1614
vn 0.8946 0.3948 0.2093
vn 0.8679 0.4477 -0.2152
vn 0.8273 0.5562 0.0789
vn 0.8183 0.3357 0.4666
vn -0.3654 0.8041 -0.4690
vn -0.2993 0.8734 -0.3842
vn -0.2978 0.8748 -0.3822
vn -0.4253 0.7219 -0.5459
vn 0.8250 -0.5590 0.0829
vn 0.8946 -0.3977 0.2038
vn 0.6615 -0.6709 0.3351
vn -0.3000 -0.8727 -0.3851
vn -0.3875 -0.7762 -0.4974
vn -0.4341 -0.7080 -0.5571
vn -0.3024 -0.8705 -0.3882
vn 0.0408 -0.8804 -0.4725
vn 0.3385 -0.6512 -0.6792
vn 0.4250 -0.8442 -0.3265
vn 0.2627 -0.9429 -0.2047
vn 0.5599 0.3687 0.7420
vn 0.2937 -0.0000 0.9559
vn 0.2757 -0.3362 0.9005
vn 0.2757 0.3362 0.9005
vn -0.0269 0.9990 -0.0345
vn -0.0171 0.9996 -0.0219
vn 0.7397 -0.6540 -0.1587
vn 0.8668 -0.4538 -0.2067
vn 0.6615 0.6709 0.3351
vn -0.6146 0.0010 -0.7888
vn -0.6146 -0.0001 -0.7888
vn 0.4347 0.7071 0.5577
vn 0.1635 0.6709 0.7233
vn 0.1635 -0.6709 0.7233
vn 0.4347 -0.7071 0.5577
vn -0.4718 -0.8797 -0.0585
vn -0.2189 -0.9345 -0.2808
vn -0.0000 -1.0000 -0.0000
vn -0.2808 -0.9345 0.2189
vn 0.2189 -0.9345 0.2808
vn -0.0585 -0.8797 0.4718
vn 0.4682 -0.8804 0.0757
vn 0.4344 0.4382 -0.7870
vn 0.3421 0.6489 -0.6797
vn 0.4240 -0.4453 -0.7886
vn 0.0407 0.8804 -0.4725
vn -0.2189 0.9345 -0.2808
vn -0.0000 1.0000 -0.0000
vn -0.4718 0.8797 -0.0585
vn -0.2808 0.9345 0.2189
vn 0.2189 0.9345 0.2808
vn -0.0585 0.8797 0.4718
vn 0.1327 0.5517 -0.8235
vn 0.3000 0.8728 0.3851
vn 0.3036 0.8695 0.3896
vn 0.4116 -0.7427 0.5282
vn 0.4450 -0.6897 0.5712
vn 0.3949 0.7663 0.5068
vn 0.4373 0.7026 0.5613
vn 0.6146 0.0012 0.7888
vn 0.6146 0.0006 0.7888
vt 0.375000 0.000000
vt 0.375000 1.000000
vt 0.125000 0.750000
vt 0.625000 0.000000
vt 0.625000 1.000000
vt 0.875000 0.750000
vt 0.375000 0.250000
vt 0.125000 0.500000
vt 0.625000 0.250000
vt 0.875000 0.500000
vt 0.375000 0.750000
vt 0.625000 0.750000
vt 0.375000 0.500000
vt 0.625000 0.500000
vt 0.375000 0.187500
vt 0.125000 0.562500
vt 0.375000 0.125000
vt 0.125000 0.625000
vt 0.375000 0.062500
vt 0.125000 0.687500
vt 0.437500 0.000000
vt 0.437500 1.000000
vt 0.500000 0.000000
vt 0.500000 1.000000
vt 0.562500 0.000000
vt 0.562500 1.000000
vt 0.625000 0.062500
vt 0.875000 0.687500
vt 0.625000 0.125000
vt 0.875000 0.625000
vt 0.625000 0.187500
vt 0.875000 0.562500
vt 0.562500 0.250000
vt 0.500000 0.250000
vt 0.437500 0.250000
vt 0.375000 0.437500
vt 0.312500 0.500000
vt 0.375000 0.375000
vt 0.250000 0.500000
vt 0.375000 0.312500
vt 0.187500 0.500000
vt 0.625000 0.312500
vt 0.812500 0.500000
vt 0.625000 0.375000
vt 0.750000 0.500000
vt 0.687500 0.500000
vt 0.625000 0.437500
vt 0.375000 0.687500
vt 0.375000 0.562500
vt 0.625000 0.562500
vt 0.625000 0.687500
vt 0.375000 0.937500
vt 0.187500 0.750000
vt 0.375000 0.875000
vt 0.250000 0.750000
vt 0.375000 0.812500
vt 0.312500 0.750000
vt 0.625000 0.812500
vt 0.687500 0.750000
vt 0.625000 0.875000
vt 0.750000 0.750000
vt 0.625000 0.937500
vt 0.812500 0.750000
vt 0.437500 0.062500
vt 0.500000 0.062500
vt 0.562500 0.062500
vt 0.437500 0.125000
vt 0.500000 0.125000
vt 0.562500 0.125000
vt 0.437500 0.187500
vt 0.500000 0.187500
vt 0.562500 0.187500
vt 0.437500 0.312500
vt 0.500000 0.312500
vt 0.562500 0.312500
vt 0.437500 0.375000
vt 0.500000 0.375000
vt 0.562500 0.375000
vt 0.437500 0.437500
vt 0.562500 0.437500
vt 0.437500 0.812500
vt 0.562500 0.812500
vt 0.437500 0.875000
vt 0.500000 0.875000
vt 0.562500 0.875000
vt 0.437500 0.937500
vt 0.500000 0.937500
vt 0.562500 0.937500
vt 0.187500 0.562500
vt 0.250000 0.562500
vt 0.312500 0.562500
vt 0.187500 0.625000
vt 0.250000 0.625000
vt 0.312500 0.625000
vt 0.187500 0.687500
vt 0.250000 0.687500
vt 0.312500 0.687500
vt 0.687500 0.562500
vt 0.750000 0.562500
vt 0.812500 0.562500
vt 0.687500 0.625000
vt 0.750000 0.625000
vt 0.812500 0.625000
vt 0.687500 0.687500
vt 0.750000 0.687500
vt 0.812500 0.687500
vt 0.552495 0.504890
vt 0.553039 0.506274
vt 0.570840 0.491898
vt 0.574530 0.492678
vt 0.579754 0.492139
vt 0.447629 0.504959
vt 0.447077 0.506359
vt 0.429110 0.491790
vt 0.425403 0.492569
vt 0.420256 0.492176
vt 0.363582 0.625946
vt 0.361184 0.624042
vt 0.361187 0.625859
vt 0.363582 0.623958
vt 0.387708 0.625000
vt 0.612250 0.625000
vt 0.636457 0.623938
vt 0.638864 0.624022
vt 0.638858 0.625845
vt 0.636456 0.625933
vt 0.579763 0.757782
vt 0.570935 0.758233
vt 0.574662 0.757449
vt 0.552274 0.745048
vt 0.552824 0.743626
vt 0.448017 0.745231
vt 0.447497 0.743713
vt 0.425033 0.757406
vt 0.420113 0.757569
vt 0.428858 0.758218
vt 0.501089 0.422179
vt 0.501144 0.418959
vt 0.498856 0.418959
vt 0.498911 0.422179
vt 0.500000 0.454652
vt 0.500000 0.795349
vt 0.501089 0.827821
vt 0.498856 0.831041
vt 0.498911 0.827821
vt 0.501144 0.831041
vt 0.395583 0.687500
vt 0.424094 0.687500
vt 0.609815 0.687500
vt 0.581328 0.687500
vt 0.416701 0.562500
vt 0.388276 0.562500
vt 0.616547 0.562500
vt 0.588129 0.562500
vt 0.581328 0.687500
vt 0.612250 0.625000
vt 0.424094 0.687500
vt 0.448017 0.745231
vt 0.447497 0.743713
vt 0.552274 0.745048
vt 0.552824 0.743626
vt 0.387708 0.625000
vt 0.500000 0.795349
vt 0.500000 0.454652
vt 0.447629 0.504959
vt 0.447077 0.506359
vt 0.588129 0.562500
vt 0.552495 0.504890
vt 0.553039 0.506274
vt 0.416701 0.562500
s 1
usemtl Material.019
f 389/416/167 390/417/168 393/420/169 392/419/170
f 390/417/168 391/418/171 394/421/172 393/420/169
f 392/419/170 393/420/169 396/423/173 395/422/174
f 393/420/169 394/421/172 397/424/175 396/423/173
f 353/353/176 364/373/177 389/416/167 363/371/178
f 364/373/177 365/375/179 390/417/168 389/416/167
f 365/375/179 366/377/180 391/418/171 390/417/168
f 366/377/180 354/356/181 367/379/182 391/418/171
f 391/418/171 367/379/182 368/381/183 394/421/172
f 394/421/172 368/381/183 369/383/184 397/424/175
f 397/424/175 369/383/184 356/361/185 370/385/186
f 396/423/173 397/424/175 370/385/186 371/386/187
f 395/422/174 396/423/173 371/386/187 372/387/188
f 361/367/189 395/422/174 372/387/188 355/359/190
f 362/369/191 392/419/170 395/422/174 361/367/189
f 363/371/178 389/416/167 392/419/170 362/369/191
f 398/425/192 399/426/193 402/429/194 401/428/195
f 399/426/193 400/427/196 403/430/197 402/429/194
f 406/433/198 447/495/199 409/436/200 408/435/201
f 401/428/195 402/429/194 444/489/202 404/431/203
f 355/359/190 372/387/188 398/425/192 375/392/204
f 372/387/188 371/386/187 399/426/193 398/425/192
f 371/386/187 370/385/186 400/427/196 399/426/193
f 370/385/186 356/361/185 376/394/205 400/427/196
f 400/427/196 376/394/205 377/396/206 403/430/197
f 403/430/197 377/396/206 378/399/207 405/432/208
f 404/431/203 444/490/202 435/466/209
f 374/390/210 401/428/195 404/431/203 373/388/211
f 375/392/204 398/425/192 401/428/195 374/390/210
f 373/388/211 404/431/203 435/467/209 359/365/212
f 455/506/213 438/474/214 457/508/215 465/519/216
f 444/491/202 405/432/208 433/461/217
f 439/475/218 426/453/219 429/456/220 382/403/221
f 440/479/222 450/501/223 382/403/221 358/364/224
f 447/496/199 440/480/222 407/434/225
f 442/484/226 449/500/227 458/509/228 459/510/229
f 357/363/230 443/486/231 406/433/198 385/408/232
f 451/502/233 441/482/234 460/512/235 456/507/236
f 416/443/237 380/401/238 436/469/239 419/446/240
f 438/474/214 451/502/233 456/507/236 457/508/215
f 447/497/199 407/434/225 410/437/241 409/436/200
f 408/435/201 409/436/200 412/439/242 411/438/243
f 409/436/200 410/437/241 413/440/244 412/439/242
f 449/500/227 437/473/245 461/514/246 458/509/228
f 379/400/247 448/499/248 443/487/231 357/363/230
f 440/481/222 358/364/224 386/410/249 407/434/225
f 446/494/250 442/485/226 459/511/229 462/515/251
f 407/434/225 386/410/249 387/412/252 410/437/241
f 410/437/241 387/412/252 388/414/253 413/440/244
f 413/440/244 388/414/253 354/357/181 366/378/180
f 412/439/242 413/440/244 366/378/180 365/376/179
f 411/438/243 412/439/242 365/376/179 364/374/177
f 383/404/254 411/438/243 364/374/177 353/354/176
f 384/406/255 408/435/201 411/438/243 383/404/254
f 385/408/232 406/433/198 408/435/201 384/406/255
f 414/441/256 415/442/257 418/445/258 417/444/259
f 415/442/257 416/443/237 419/446/240 418/445/258
f 417/444/259 418/445/258 421/448/260 420/447/261
f 418/445/258 419/446/240 422/449/262 421/448/260
f 355/360/190 375/393/204 414/441/256 361/368/189
f 375/393/204 374/391/210 415/442/257 414/441/256
f 374/391/210 373/389/211 416/443/237 415/442/257
f 373/389/211 359/365/212 380/401/238 416/443/237
f 439/476/218 454/505/263 381/402/264
f 380/401/238 453/504/265 436/470/239
f 422/449/262 379/400/247 357/363/230 385/409/232
f 421/448/260 422/449/262 385/409/232 384/407/255
f 420/447/261 421/448/260 384/407/255 383/405/254
f 363/372/178 420/447/261 383/405/254 353/355/176
f 362/370/191 417/444/259 420/447/261 363/372/178
f 361/368/189 414/441/256 417/444/259 362/370/191
f 423/450/266 424/451/267 427/454/268 426/453/219
f 424/451/267 425/452/269 428/455/270 427/454/268
f 426/453/219 427/454/268 430/457/271 429/456/220
f 427/454/268 428/455/270 431/458/272 430/457/271
f 360/366/273 378/398/207 423/450/266 381/402/264
f 378/398/207 377/397/206 424/451/267 423/450/266
f 377/397/206 376/395/205 425/452/269 424/451/267
f 376/395/205 356/362/185 369/384/184 425/452/269
f 425/452/269 369/384/184 368/382/183 428/455/270
f 428/455/270 368/382/183 367/380/182 431/458/272
f 431/458/272 367/380/182 354/358/181 388/415/253
f 430/457/271 431/458/272 388/415/253 387/413/252
f 429/456/220 430/457/271 387/413/252 386/411/249
f 382/403/221 429/456/220 386/411/249 358/364/224
f 437/473/245 452/503/274 467/522/275 461/514/246
f 450/501/223 439/477/218 382/403/221
f 432/459/276 455/506/213 465/519/216 466/520/277
f 447/498/199 406/433/198 443/488/231
f 452/503/274 434/464/278 464/517/279 467/522/275
f 434/465/278 445/493/280 463/516/281 464/518/279
f 402/429/194 403/430/197 405/432/208 444/492/202
f 441/483/234 446/494/250 462/515/251 460/513/235
f 359/365/212 435/468/209 453/504/265 380/401/238
f 445/493/280 432/460/276 466/521/277 463/516/281
f 448/499/248 379/400/247 436/471/239
f 381/402/264 423/450/266 426/453/219 439/478/218
f 419/446/240 436/472/239 379/400/247 422/449/262
f 405/432/208 378/399/207 360/366/273 433/462/217
f 454/505/263 433/463/217 360/366/273 381/402/264
o Cone.003
v -1.278806 4.456803 -10.267003
v -1.270709 4.458350 -10.275389
v -1.263713 4.459214 -10.284451
v -1.258088 4.459362 -10.293839
v -1.254050 4.458789 -10.303196
v -1.251754 4.457517 -10.312160
v -1.251288 4.455594 -10.320385
v -1.252670 4.453094 -10.327558
v -1.255847 4.450114 -10.333402
v -1.260696 4.446768 -10.337691
v -1.267033 4.443184 -10.340262
v -1.274612 4.439501 -10.341017
v -1.283143 4.435860 -10.339925
v -1.292298 4.432401 -10.337029
v -1.301725 4.429256 -10.332439
v -1.311062 4.426547 -10.326334
v -1.319950 4.424377 -10.318946
v -1.328048 4.422831 -10.310560
v -1.335043 4.421967 -10.301498
v -1.340668 4.421818 -10.292109
v -1.344706 4.422391 -10.282753
v -1.347003 4.423664 -10.273790
v -1.347469 4.425587 -10.265564
v -1.346087 4.428086 -10.258391
v -1.342910 4.431067 -10.252548
v -1.338060 4.434412 -10.248258
v -1.331724 4.437996 -10.245687
v -1.324144 4.441679 -10.244932
v -1.315613 4.445320 -10.246024
v -1.306458 4.448780 -10.248920
v -1.297031 4.451925 -10.253510
v -1.287694 4.454634 -10.259615
v -1.250428 4.334196 -10.265329
vn 0.6931 0.1700 0.7006
vn 0.7711 0.1756 0.6120
vn 0.8445 0.1675 0.5086
vn 0.9118 0.1434 0.3848
vn 0.9672 0.0992 0.2337
vn 0.9983 0.0296 0.0497
vn 0.9838 -0.0682 -0.1658
vn 0.9000 -0.1887 -0.3930
vn 0.7413 -0.3138 -0.5933
vn 0.5354 -0.4216 -0.7318
vn 0.3238 -0.5020 -0.8020
vn 0.1334 -0.5580 -0.8190
vn -0.0279 -0.5972 -0.8016
vn -0.1624 -0.6261 -0.7627
vn -0.2753 -0.6492 -0.7091
vn -0.3716 -0.6691 -0.6436
vn -0.4550 -0.6874 -0.5661
vn -0.5278 -0.7044 -0.4746
vn -0.5905 -0.7197 -0.3651
vn -0.6413 -0.7314 -0.2320
vn -0.6748 -0.7348 -0.0685
vn -0.6799 -0.7216 0.1302
vn -0.6401 -0.6788 0.3599
vn -0.5398 -0.5940 0.5964
vn -0.3812 -0.4690 0.7967
vn -0.1918 -0.3254 0.9259
vn -0.0054 -0.1900 0.9818
vn 0.1591 -0.0776 0.9842
vn 0.2984 0.0093 0.9544
vn 0.4165 0.0739 0.9061
vn -0.4068 0.8842 -0.2297
vn 0.5186 0.1203 0.8465
vn 0.6097 0.1517 0.7780
vt 0.750000 0.490000
vt 0.250000 0.490000
vt 0.296822 0.485388
vt 0.796822 0.485388
vt 0.341844 0.471731
vt 0.841844 0.471731
vt 0.383337 0.449553
vt 0.883337 0.449553
vt 0.419706 0.419706
vt 0.919706 0.419706
vt 0.449553 0.383337
vt 0.949553 0.383337
vt 0.471731 0.341844
vt 0.971731 0.341844
vt 0.485388 0.296822
vt 0.985388 0.296822
vt 0.490000 0.250000
vt 0.990000 0.250000
vt 0.485388 0.203178
vt 0.985388 0.203178
vt 0.471731 0.158156
vt 0.971731 0.158156
vt 0.449553 0.116663
vt 0.949553 0.116663
vt 0.419706 0.080294
vt 0.919706 0.080294
vt 0.383337 0.050447
vt 0.883337 0.050447
vt 0.341844 0.028269
vt 0.841844 0.028269
vt 0.296822 0.014612
vt 0.796822 0.014612
vt 0.250000 0.010000
vt 0.750000 0.010000
vt 0.203178 0.014612
vt 0.703178 0.014612
vt 0.158156 0.028269
vt 0.658156 0.028269
vt 0.116663 0.050447
vt 0.616663 0.050447
vt 0.080294 0.080294
vt 0.580294 0.080294
vt 0.050447 0.116663
vt 0.550447 0.116663
vt 0.028269 0.158156
vt 0.528269 0.158156
vt 0.014612 0.203178
vt 0.514612 0.203178
vt 0.010000 0.250000
vt 0.510000 0.250000
vt 0.014612 0.296822
vt 0.514612 0.296822
vt 0.028269 0.341844
vt 0.528269 0.341844
vt 0.050447 0.383337
vt 0.550447 0.383337
vt 0.080294 0.419706
vt 0.580294 0.419706
vt 0.116663 0.449553
vt 0.616663 0.449553
vt 0.658156 0.471731
vt 0.158156 0.471731
vt 0.703178 0.485388
vt 0.203178 0.485388
vt 0.250000 0.250000
s 0
usemtl Material.021
f 468/524/282 500/587/282 469/525/282
f 469/525/283 500/587/283 470/527/283
f 470/527/284 500/587/284 471/529/284
f 471/529/285 500/587/285 472/531/285
f 472/531/286 500/587/286 473/533/286
f 473/533/287 500/587/287 474/535/287
f 474/535/288 500/587/288 475/537/288
f 475/537/289 500/587/289 476/539/289
f 476/539/290 500/587/290 477/541/290
f 477/541/291 500/587/291 478/543/291
f 478/543/292 500/587/292 479/545/292
f 479/545/293 500/587/293 480/547/293
f 480/547/294 500/587/294 481/549/294
f 481/549/295 500/587/295 482/551/295
f 482/551/296 500/587/296 483/553/296
f 483/553/297 500/587/297 484/555/297
f 484/555/298 500/587/298 485/557/298
f 485/557/299 500/587/299 486/559/299
f 486/559/300 500/587/300 487/561/300
f 487/561/301 500/587/301 488/563/301
f 488/563/302 500/587/302 489/565/302
f 489/565/303 500/587/303 490/567/303
f 490/567/304 500/587/304 491/569/304
f 491/569/305 500/587/305 492/571/305
f 492/571/306 500/587/306 493/573/306
f 493/573/307 500/587/307 494/575/307
f 494/575/308 500/587/308 495/577/308
f 495/577/309 500/587/309 496/579/309
f 496/579/310 500/587/310 497/581/310
f 497/581/311 500/587/311 498/584/311
f 468/523/312 469/526/312 470/528/312 471/530/312 472/532/312 473/534/312 474/536/312 475/538/312 476/540/312 477/542/312 478/544/312 479/546/312 480/548/312 481/550/312 482/552/312 483/554/312 484/556/312 485/558/312 486/560/312 487/562/312 488/564/312 489/566/312 490/568/312 491/570/312 492/572/312 493/574/312 494/576/312 495/578/312 496/580/312 497/582/312 498/583/312 499/585/312
f 498/584/313 500/587/313 499/586/313
f 499/586/314 500/587/314 468/524/314
o Cube.001
v -1.439539 4.343051 -10.327646
v -1.509150 4.437464 -10.361362
v -1.439637 4.183671 -10.328017
v -1.509116 4.087930 -10.360927
v -1.320237 3.934504 -10.155533
v -1.293926 4.063666 -10.178740
v -1.293877 4.462208 -10.178805
v -1.320308 4.591531 -10.155495
v -1.168672 4.438322 -9.923911
v -1.183146 4.341843 -9.999128
v -1.182678 4.185311 -9.998436
v -1.169185 4.086689 -9.924453
v -1.691393 4.262973 -10.373646
v -1.556939 4.263002 -10.324466
v -1.215408 4.262975 -9.886392
v -1.200657 4.262962 -9.743912
v -1.208396 4.016511 -10.052516
v -1.202104 4.137486 -10.102390
v -1.214058 4.518934 -10.048785
v -1.208068 4.398283 -10.099057
v -1.350634 4.124121 -10.277880
v -1.400776 4.003643 -10.284554
v -1.405127 4.530901 -10.280310
v -1.354929 4.410465 -10.273609
v -1.179064 4.491745 -10.268424
v -1.225471 4.587865 -10.229528
v -1.118000 4.514415 -10.126650
v -1.084564 4.417300 -10.173790
v -1.050174 4.176702 -10.055733
v -1.076076 4.091001 -9.996583
v -1.111722 4.021539 -10.130729
v -1.079170 4.119015 -10.177286
v -1.075317 4.433794 -9.996233
v -1.050849 4.350331 -10.057864
v -1.225801 3.937994 -10.229149
v -1.178838 4.032980 -10.268619
v -1.070216 4.262978 -9.938252
v -1.115169 4.263002 -9.811202
v -1.349837 4.175319 -10.441736
v -1.416023 4.092553 -10.433698
v -1.605209 4.263013 -10.439986
v -1.470934 4.263047 -10.452437
v -1.348830 4.351317 -10.440978
v -1.415761 4.432758 -10.434235
v -1.306781 4.526848 -10.353798
v -1.252199 4.430209 -10.375754
v -1.247891 4.104966 -10.379525
v -1.301938 4.008063 -10.358400
vn 0.4570 -0.6983 0.5509
vn 0.3286 -0.8721 0.3626
vn 0.7048 -0.7094 0.0073
vn 0.7602 -0.5640 0.3225
vn -0.6016 -0.0009 -0.7988
vn -0.4376 0.6712 -0.5983
vn -0.1211 0.5221 -0.8442
vn -0.4575 -0.0001 -0.8892
vn 0.4359 -0.8581 0.2715
vn 0.5035 -0.7941 0.3405
vn 0.5859 -0.4878 -0.6471
vn 0.7835 -0.3395 -0.5204
vn 0.0467 -0.9989 -0.0028
vn 0.3523 -0.9035 -0.2439
vn 0.4326 0.8589 0.2739
vn 0.1412 0.9788 -0.1487
vn 0.7600 0.1314 -0.6365
vn 0.7824 0.3591 -0.5088
vn -0.3356 -0.0030 -0.9420
vn -0.1891 -0.8151 -0.5475
vn 0.7904 -0.4992 -0.3550
vn 0.9743 -0.0022 -0.2251
vn -0.1579 -0.8635 -0.4789
vn 0.1356 -0.9799 -0.1461
vn 0.7551 -0.1704 -0.6331
vn 0.6833 -0.3676 -0.6308
vn -0.2747 -0.8698 -0.4099
vn 0.1430 -0.7278 -0.6708
vn 0.4639 0.6863 0.5601
vn 0.6259 -0.0013 0.7799
vn 0.7488 -0.0005 0.6628
vn 0.7740 0.5437 0.3245
vn -0.2756 0.8696 -0.4097
vn 0.1314 0.7388 -0.6610
vn 0.3617 0.8972 -0.2535
vn 0.6919 0.7217 0.0188
vn 0.6741 0.3888 -0.6280
vn 0.8065 0.5060 -0.3059
vn -0.1242 -0.5368 -0.8345
vn 0.4633 -0.0014 -0.8862
vn 0.5521 0.4965 -0.6698
vn -0.4317 -0.6815 -0.5909
vn 0.8270 -0.0015 0.5622
vn -0.1574 0.8683 -0.4703
vn 0.4902 0.8087 0.3251
vn -0.1749 0.8309 -0.5283
vn 0.0457 0.9990 -0.0016
vn 0.3310 0.8693 0.3672
vt 0.552495 0.504890
vt 0.553039 0.506274
vt 0.570840 0.491898
vt 0.579754 0.492139
vt 0.447629 0.504959
vt 0.447077 0.506359
vt 0.429110 0.491790
vt 0.420256 0.492176
vt 0.361187 0.625859
vt 0.361184 0.624042
vt 0.387708 0.625000
vt 0.612250 0.625000
vt 0.638864 0.624022
vt 0.638858 0.625845
vt 0.570935 0.758233
vt 0.579763 0.757782
vt 0.552824 0.743626
vt 0.552274 0.745048
vt 0.448017 0.745231
vt 0.447497 0.743713
vt 0.420113 0.757569
vt 0.428858 0.758218
vt 0.498856 0.418959
vt 0.501144 0.418959
vt 0.500000 0.454652
vt 0.500000 0.795349
vt 0.498856 0.831041
vt 0.501144 0.831041
vt 0.395583 0.687500
vt 0.424094 0.687500
vt 0.609815 0.687500
vt 0.581328 0.687500
vt 0.416701 0.562500
vt 0.388276 0.562500
vt 0.616547 0.562500
vt 0.588129 0.562500
vt 0.612250 0.625000
vt 0.638864 0.624022
vt 0.638858 0.625845
vt 0.609815 0.687500
vt 0.581328 0.687500
vt 0.448017 0.745231
vt 0.447497 0.743713
vt 0.420113 0.757569
vt 0.428858 0.758218
vt 0.395583 0.687500
vt 0.424094 0.687500
vt 0.570935 0.758233
vt 0.579763 0.757782
vt 0.552274 0.745048
vt 0.552824 0.743626
vt 0.361187 0.625859
vt 0.361184 0.624042
vt 0.387708 0.625000
vt 0.500000 0.795349
vt 0.498856 0.831041
vt 0.501144 0.831041
vt 0.447629 0.504959
vt 0.447077 0.506359
vt 0.429110 0.491790
vt 0.420256 0.492176
vt 0.498856 0.418959
vt 0.501144 0.418959
vt 0.500000 0.454652
vt 0.552495 0.504890
vt 0.553039 0.506274
vt 0.579754 0.492139
vt 0.570840 0.491898
vt 0.616547 0.562500
vt 0.588129 0.562500
vt 0.416701 0.562500
vt 0.388276 0.562500
s 1
usemtl Material.020
f 512/608/315 517/616/316 531/633/317 530/631/318
f 513/610/319 502/590/320 544/655/321 541/649/322
f 524/623/323 501/588/324 543/652/325 546/657/326
f 517/616/316 505/596/327 535/639/328 531/633/317
f 521/620/329 506/598/330 536/641/331 547/658/332
f 515/613/333 510/604/334 534/638/335 537/642/336
f 520/619/337 507/599/338 525/624/339 528/628/340
f 510/605/334 520/619/337 528/628/340 534/637/335
f 505/597/327 522/621/341 548/659/342 535/640/328
f 509/602/343 516/614/344 538/643/345 533/635/346
f 502/591/320 523/622/347 545/656/348 544/654/321
f 507/599/338 524/623/323 546/657/326 525/624/339
f 526/626/349 527/627/350 528/628/340 525/624/339
f 530/631/318 531/633/317 532/634/351 529/629/352
f 527/627/350 533/636/346 534/637/335 528/628/340
f 531/633/317 535/639/328 536/641/331 532/634/351
f 538/644/345 530/632/318 529/630/352 537/642/336
f 533/635/346 538/643/345 537/642/336 534/638/335
f 540/647/353 541/650/322 542/651/354 539/646/355
f 544/654/321 545/656/348 546/657/326 543/652/325
f 548/659/342 540/648/353 539/645/355 547/658/332
f 545/656/348 526/625/349 525/624/339 546/657/326
f 535/640/328 548/659/342 547/658/332 536/641/331
f 541/649/322 544/655/321 543/653/325 542/651/354
f 504/594/356 513/611/319 541/650/322 540/647/353
f 501/589/324 514/612/357 542/651/354 543/653/325
f 506/598/330 518/617/358 532/634/351 536/641/331
f 522/621/341 504/595/356 540/648/353 548/659/342
f 503/592/359 521/620/329 547/658/332 539/645/355
f 518/617/358 511/606/360 529/629/352 532/634/351
f 514/612/357 503/593/359 539/646/355 542/651/354
f 516/615/344 512/609/315 530/632/318 538/644/345
f 523/622/347 508/600/361 526/625/349 545/656/348
f 519/618/362 509/603/343 533/636/346 527/627/350
f 508/601/361 519/618/362 527/627/350 526/626/349
f 511/607/360 515/613/333 537/642/336 529/630/352
o Cone
v -1.394758 4.400374 -10.355453
v -1.386602 4.401806 -10.363802
v -1.379481 4.402422 -10.372786
v -1.373668 4.402201 -10.382059
v -1.369387 4.401149 -10.391264
v -1.366802 4.399309 -10.400048
v -1.366013 4.396749 -10.408073
v -1.367050 4.393570 -10.415032
v -1.369873 4.389893 -10.420656
v -1.374374 4.385859 -10.424729
v -1.380379 4.381623 -10.427095
v -1.387659 4.377348 -10.427664
v -1.395932 4.373199 -10.426412
v -1.404881 4.369335 -10.423388
v -1.414163 4.365904 -10.418709
v -1.423421 4.363038 -10.412554
v -1.432298 4.360847 -10.405159
v -1.440454 4.359416 -10.396810
v -1.447575 4.358800 -10.387826
v -1.453388 4.359022 -10.378553
v -1.457669 4.360073 -10.369348
v -1.460253 4.361914 -10.360563
v -1.461042 4.364473 -10.352538
v -1.460005 4.367652 -10.345579
v -1.457182 4.371329 -10.339955
v -1.452682 4.375363 -10.335882
v -1.446676 4.379599 -10.333516
v -1.439397 4.383873 -10.332948
v -1.431124 4.388023 -10.334200
v -1.422174 4.391887 -10.337224
v -1.412892 4.395318 -10.341903
v -1.403635 4.398184 -10.348058
v -1.357781 4.280718 -10.342972
vn 0.6631 0.2774 0.6952
vn 0.7425 0.2813 0.6079
vn 0.8187 0.2701 0.5067
vn 0.8903 0.2408 0.3865
vn 0.9522 0.1883 0.2407
vn 0.9923 0.1061 0.0637
vn 0.9897 -0.0100 -0.1429
vn 0.9198 -0.1547 -0.3606
vn 0.7751 -0.3071 -0.5522
vn 0.5806 -0.4407 -0.6846
vn 0.3768 -0.5419 -0.7512
vn 0.1913 -0.6128 -0.7667
vn 0.0329 -0.6620 -0.7488
vn -0.1001 -0.6973 -0.7098
vn -0.2123 -0.7240 -0.6563
vn -0.3083 -0.7454 -0.5910
vn -0.3920 -0.7632 -0.5137
vn -0.4654 -0.7778 -0.4223
vn -0.5294 -0.7886 -0.3130
vn -0.5822 -0.7928 -0.1802
vn -0.6191 -0.7851 -0.0176
vn -0.6297 -0.7559 0.1791
vn -0.5983 -0.6914 0.4050
vn -0.5097 -0.5803 0.6352
vn -0.3649 -0.4278 0.8269
vn -0.1892 -0.2606 0.9467
vn -0.0142 -0.1079 0.9941
vn 0.1418 0.0160 0.9898
vn 0.2752 0.1100 0.9551
vn 0.3894 0.1788 0.9035
vn -0.4633 0.8301 -0.3103
vn 0.4894 0.2275 0.8419
vn 0.5794 0.2596 0.7726
vt 0.750000 0.490000
vt 0.250000 0.490000
vt 0.296822 0.485388
vt 0.796822 0.485388
vt 0.341844 0.471731
vt 0.841844 0.471731
vt 0.383337 0.449553
vt 0.883337 0.449553
vt 0.419706 0.419706
vt 0.919706 0.419706
vt 0.449553 0.383337
vt 0.949553 0.383337
vt 0.471731 0.341844
vt 0.971731 0.341844
vt 0.485388 0.296822
vt 0.985388 0.296822
vt 0.490000 0.250000
vt 0.990000 0.250000
vt 0.485388 0.203178
vt 0.985388 0.203178
vt 0.471731 0.158156
vt 0.971731 0.158156
vt 0.449553 0.116663
vt 0.949553 0.116663
vt 0.419706 0.080294
vt 0.919706 0.080294
vt 0.383337 0.050447
vt 0.883337 0.050447
vt 0.341844 0.028269
vt 0.841844 0.028269
vt 0.296822 0.014612
vt 0.796822 0.014612
vt 0.250000 0.010000
vt 0.750000 0.010000
vt 0.203178 0.014612
vt 0.703178 0.014612
vt 0.158156 0.028269
vt 0.658156 0.028269
vt 0.116663 0.050447
vt 0.616663 0.050447
vt 0.080294 0.080294
vt 0.580294 0.080294
vt 0.050447 0.116663
vt 0.550447 0.116663
vt 0.028269 0.158156
vt 0.528269 0.158156
vt 0.014612 0.203178
vt 0.514612 0.203178
vt 0.010000 0.250000
vt 0.510000 0.250000
vt 0.014612 0.296822
vt 0.514612 0.296822
vt 0.028269 0.341844
vt 0.528269 0.341844
vt 0.050447 0.383337
vt 0.550447 0.383337
vt 0.080294 0.419706
vt 0.580294 0.419706
vt 0.116663 0.449553
vt 0.616663 0.449553
vt 0.658156 0.471731
vt 0.158156 0.471731
vt 0.703178 0.485388
vt 0.203178 0.485388
vt 0.250000 0.250000
s 0
usemtl Material.021
f 549/661/363 581/724/363 550/662/363
f 550/662/364 581/724/364 551/664/364
f 551/664/365 581/724/365 552/666/365
f 552/666/366 581/724/366 553/668/366
f 553/668/367 581/724/367 554/670/367
f 554/670/368 581/724/368 555/672/368
f 555/672/369 581/724/369 556/674/369
f 556/674/370 581/724/370 557/676/370
f 557/676/371 581/724/371 558/678/371
f 558/678/372 581/724/372 559/680/372
f 559/680/373 581/724/373 560/682/373
f 560/682/374 581/724/374 561/684/374
f 561/684/375 581/724/375 562/686/375
f 562/686/376 581/724/376 563/688/376
f 563/688/377 581/724/377 564/690/377
f 564/690/378 581/724/378 565/692/378
f 565/692/379 581/724/379 566/694/379
f 566/694/380 581/724/380 567/696/380
f 567/696/381 581/724/381 568/698/381
f 568/698/382 581/724/382 569/700/382
f 569/700/383 581/724/383 570/702/383
f 570/702/384 581/724/384 571/704/384
f 571/704/385 581/724/385 572/706/385
f 572/706/386 581/724/386 573/708/386
f 573/708/387 581/724/387 574/710/387
f 574/710/388 581/724/388 575/712/388
f 575/712/389 581/724/389 576/714/389
f 576/714/390 581/724/390 577/716/390
f 577/716/391 581/724/391 578/718/391
f 578/718/392 581/724/392 579/721/392
f 549/660/393 550/663/393 551/665/393 552/667/393 553/669/393 554/671/393 555/673/393 556/675/393 557/677/393 558/679/393 559/681/393 560/683/393 561/685/393 562/687/393 563/689/393 564/691/393 565/693/393 566/695/393 567/697/393 568/699/393 569/701/393 570/703/393 571/705/393 572/707/393 573/709/393 574/711/393 575/713/393 576/715/393 577/717/393 578/719/393 579/720/393 580/722/393
f 579/721/394 581/724/394 580/723/394
f 580/723/395 581/724/395 549/661/395
o Cone.005
v -1.435203 4.144601 -10.380853
v -1.431033 4.145934 -10.391767
v -1.425816 4.146530 -10.401976
v -1.419752 4.146367 -10.411087
v -1.413074 4.145451 -10.418752
v -1.406039 4.143817 -10.424673
v -1.398917 4.141528 -10.428626
v -1.391982 4.138671 -10.430457
v -1.385501 4.135357 -10.430096
v -1.379722 4.131713 -10.427557
v -1.374868 4.127879 -10.422937
v -1.371124 4.124002 -10.416415
v -1.368636 4.120232 -10.408240
v -1.367498 4.116713 -10.398727
v -1.367755 4.113580 -10.388243
v -1.369396 4.110954 -10.377188
v -1.372359 4.108936 -10.365988
v -1.376529 4.107603 -10.355074
v -1.381746 4.107007 -10.344865
v -1.387810 4.107170 -10.335753
v -1.394488 4.108086 -10.328089
v -1.401523 4.109720 -10.322167
v -1.408644 4.112009 -10.318214
v -1.415579 4.114866 -10.316383
v -1.422061 4.118179 -10.316745
v -1.427840 4.121823 -10.319283
v -1.432694 4.125658 -10.323903
v -1.436437 4.129534 -10.330425
v -1.438926 4.133305 -10.338600
v -1.440063 4.136824 -10.348113
v -1.439807 4.139956 -10.358598
v -1.438166 4.142582 -10.369653
v -1.352444 4.230695 -10.341112
vn -0.6708 0.7224 -0.1681
vn -0.6186 0.7367 -0.2731
vn -0.5459 0.7484 -0.3767
vn -0.4471 0.7549 -0.4798
vn -0.3138 0.7516 -0.5802
vn -0.1375 0.7294 -0.6702
vn 0.0846 0.6751 -0.7328
vn 0.3367 0.5775 -0.7438
vn 0.5790 0.4399 -0.6865
vn 0.7695 0.2865 -0.5708
vn 0.8929 0.1447 -0.4265
vn 0.9599 0.0288 -0.2789
vn 0.9883 -0.0596 -0.1403
vn 0.9921 -0.1245 -0.0129
vn 0.9798 -0.1703 0.1050
vn 0.9554 -0.2005 0.2166
vn 0.9204 -0.2170 0.3252
vn 0.8738 -0.2202 0.4337
vn 0.8124 -0.2090 0.5444
vn 0.7307 -0.1807 0.6583
vn 0.6205 -0.1307 0.7732
vn 0.4714 -0.0534 0.8803
vn 0.2758 0.0545 0.9597
vn 0.0410 0.1872 0.9815
vn -0.2013 0.3247 0.9242
vn -0.4090 0.4432 0.7977
vn -0.5589 0.5313 0.6366
vn -0.6532 0.5922 0.4719
vn -0.7046 0.6339 0.3188
vn -0.7257 0.6639 0.1806
vn -0.4266 -0.8637 -0.2685
vn -0.7246 0.6869 0.0556
vn -0.7058 0.7059 -0.0595
vt 0.750000 0.490000
vt 0.250000 0.490000
vt 0.296822 0.485388
vt 0.796822 0.485388
vt 0.341844 0.471731
vt 0.841844 0.471731
vt 0.383337 0.449553
vt 0.883337 0.449553
vt 0.419706 0.419706
vt 0.919706 0.419706
vt 0.449553 0.383337
vt 0.949553 0.383337
vt 0.471731 0.341844
vt 0.971731 0.341844
vt 0.485388 0.296822
vt 0.985388 0.296822
vt 0.490000 0.250000
vt 0.990000 0.250000
vt 0.485388 0.203178
vt 0.985388 0.203178
vt 0.471731 0.158156
vt 0.971731 0.158156
vt 0.449553 0.116663
vt 0.949553 0.116663
vt 0.419706 0.080294
vt 0.919706 0.080294
vt 0.383337 0.050447
vt 0.883337 0.050447
vt 0.341844 0.028269
vt 0.841844 0.028269
vt 0.296822 0.014612
vt 0.796822 0.014612
vt 0.250000 0.010000
vt 0.750000 0.010000
vt 0.203178 0.014612
vt 0.703178 0.014612
vt 0.158156 0.028269
vt 0.658156 0.028269
vt 0.116663 0.050447
vt 0.616663 0.050447
vt 0.080294 0.080294
vt 0.580294 0.080294
vt 0.050447 0.116663
vt 0.550447 0.116663
vt 0.028269 0.158156
vt 0.528269 0.158156
vt 0.014612 0.203178
vt 0.514612 0.203178
vt 0.010000 0.250000
vt 0.510000 0.250000
vt 0.014612 0.296822
vt 0.514612 0.296822
vt 0.028269 0.341844
vt 0.528269 0.341844
vt 0.050447 0.383337
vt 0.550447 0.383337
vt 0.080294 0.419706
vt 0.580294 0.419706
vt 0.116663 0.449553
vt 0.616663 0.449553
vt 0.658156 0.471731
vt 0.158156 0.471731
vt 0.703178 0.485388
vt 0.203178 0.485388
vt 0.250000 0.250000
s 0
usemtl Material.021
f 582/726/396 614/789/396 583/727/396
f 583/727/397 614/789/397 584/729/397
f 584/729/398 614/789/398 585/731/398
f 585/731/399 614/789/399 586/733/399
f 586/733/400 614/789/400 587/735/400
f 587/735/401 614/789/401 588/737/401
f 588/737/402 614/789/402 589/739/402
f 589/739/403 614/789/403 590/741/403
f 590/741/404 614/789/404 591/743/404
f 591/743/405 614/789/405 592/745/405
f 592/745/406 614/789/406 593/747/406
f 593/747/407 614/789/407 594/749/407
f 594/749/408 614/789/408 595/751/408
f 595/751/409 614/789/409 596/753/409
f 596/753/410 614/789/410 597/755/410
f 597/755/411 614/789/411 598/757/411
f 598/757/412 614/789/412 599/759/412
f 599/759/413 614/789/413 600/761/413
f 600/761/414 614/789/414 601/763/414
f 601/763/415 614/789/415 602/765/415
f 602/765/416 614/789/416 603/767/416
f 603/767/417 614/789/417 604/769/417
f 604/769/418 614/789/418 605/771/418
f 605/771/419 614/789/419 606/773/419
f 606/773/420 614/789/420 607/775/420
f 607/775/421 614/789/421 608/777/421
f 608/777/422 614/789/422 609/779/422
f 609/779/423 614/789/423 610/781/423
f 610/781/424 614/789/424 611/783/424
f 611/783/425 614/789/425 612/786/425
f 582/725/426 583/728/426 584/730/426 585/732/426 586/734/426 587/736/426 588/738/426 589/740/426 590/742/426 591/744/426 592/746/426 593/748/426 594/750/426 595/752/426 596/754/426 597/756/426 598/758/426 599/760/426 600/762/426 601/764/426 602/766/426 603/768/426 604/770/426 605/772/426 606/774/426 607/776/426 608/778/426 609/780/426 610/782/426 611/784/426 612/785/426 613/787/426
f 612/786/427 614/789/427 613/788/427
f 613/788/428 614/789/428 582/726/428
o Cone.006
v -1.341725 4.096212 -10.291616
v -1.337555 4.097545 -10.302530
v -1.332337 4.098141 -10.312739
v -1.326273 4.097978 -10.321851
v -1.319595 4.097062 -10.329515
v -1.312560 4.095428 -10.335437
v -1.305439 4.093139 -10.339390
v -1.298504 4.090282 -10.341221
v -1.292022 4.086968 -10.340859
v -1.286243 4.083324 -10.338321
v -1.281389 4.079490 -10.333701
v -1.277646 4.075613 -10.327179
v -1.275157 4.071843 -10.319004
v -1.274020 4.068324 -10.309491
v -1.274276 4.065191 -10.299006
v -1.275917 4.062565 -10.287951
v -1.278880 4.060547 -10.276752
v -1.283050 4.059214 -10.265838
v -1.288267 4.058618 -10.255629
v -1.294331 4.058781 -10.246517
v -1.301009 4.059697 -10.238853
v -1.308044 4.061331 -10.232931
v -1.315166 4.063620 -10.228978
v -1.322101 4.066477 -10.227147
v -1.328582 4.069790 -10.227509
v -1.334361 4.073434 -10.230047
v -1.339215 4.077269 -10.234667
v -1.342959 4.081145 -10.241189
v -1.345447 4.084916 -10.249364
v -1.346585 4.088435 -10.258877
v -1.346328 4.091568 -10.269361
v -1.344687 4.094193 -10.280416
v -1.258965 4.182306 -10.251876
vn -0.6708 0.7224 -0.1681
vn -0.6186 0.7367 -0.2731
vn -0.5459 0.7484 -0.3767
vn -0.4471 0.7549 -0.4798
vn -0.3138 0.7516 -0.5802
vn -0.1375 0.7294 -0.6702
vn 0.0846 0.6751 -0.7328
vn 0.3367 0.5775 -0.7438
vn 0.5790 0.4399 -0.6865
vn 0.7695 0.2865 -0.5708
vn 0.8929 0.1447 -0.4265
vn 0.9599 0.0288 -0.2789
vn 0.9883 -0.0596 -0.1403
vn 0.9921 -0.1245 -0.0129
vn 0.9798 -0.1703 0.1050
vn 0.9554 -0.2005 0.2166
vn 0.9204 -0.2170 0.3252
vn 0.8738 -0.2202 0.4337
vn 0.8124 -0.2090 0.5444
vn 0.7307 -0.1807 0.6583
vn 0.6205 -0.1307 0.7732
vn 0.4714 -0.0534 0.8803
vn 0.2758 0.0545 0.9597
vn 0.0410 0.1872 0.9815
vn -0.2013 0.3247 0.9242
vn -0.4090 0.4432 0.7977
vn -0.5589 0.5313 0.6366
vn -0.6532 0.5922 0.4719
vn -0.7046 0.6339 0.3188
vn -0.7257 0.6639 0.1806
vn -0.4266 -0.8637 -0.2685
vn -0.7246 0.6869 0.0556
vn -0.7058 0.7059 -0.0595
vt 0.750000 0.490000
vt 0.250000 0.490000
vt 0.296822 0.485388
vt 0.796822 0.485388
vt 0.341844 0.471731
vt 0.841844 0.471731
vt 0.383337 0.449553
vt 0.883337 0.449553
vt 0.419706 0.419706
vt 0.919706 0.419706
vt 0.449553 0.383337
vt 0.949553 0.383337
vt 0.471731 0.341844
vt 0.971731 0.341844
vt 0.485388 0.296822
vt 0.985388 0.296822
vt 0.490000 0.250000
vt 0.990000 0.250000
vt 0.485388 0.203178
vt 0.985388 0.203178
vt 0.471731 0.158156
vt 0.971731 0.158156
vt 0.449553 0.116663
vt 0.949553 0.116663
vt 0.419706 0.080294
vt 0.919706 0.080294
vt 0.383337 0.050447
vt 0.883337 0.050447
vt 0.341844 0.028269
vt 0.841844 0.028269
vt 0.296822 0.014612
vt 0.796822 0.014612
vt 0.250000 0.010000
vt 0.750000 0.010000
vt 0.203178 0.014612
vt 0.703178 0.014612
vt 0.158156 0.028269
vt 0.658156 0.028269
vt 0.116663 0.050447
vt 0.616663 0.050447
vt 0.080294 0.080294
vt 0.580294 0.080294
vt 0.050447 0.116663
vt 0.550447 0.116663
vt 0.028269 0.158156
vt 0.528269 0.158156
vt 0.014612 0.203178
vt 0.514612 0.203178
vt 0.010000 0.250000
vt 0.510000 0.250000
vt 0.014612 0.296822
vt 0.514612 0.296822
vt 0.028269 0.341844
vt 0.528269 0.341844
vt 0.050447 0.383337
vt 0.550447 0.383337
vt 0.080294 0.419706
vt 0.580294 0.419706
vt 0.116663 0.449553
vt 0.616663 0.449553
vt 0.658156 0.471731
vt 0.158156 0.471731
vt 0.703178 0.485388
vt 0.203178 0.485388
vt 0.250000 0.250000
s 0
usemtl Material.021
f 615/791/429 647/854/429 616/792/429
f 616/792/430 647/854/430 617/794/430
f 617/794/431 647/854/431 618/796/431
f 618/796/432 647/854/432 619/798/432
f 619/798/433 647/854/433 620/800/433
f 620/800/434 647/854/434 621/802/434
f 621/802/435 647/854/435 622/804/435
f 622/804/436 647/854/436 623/806/436
f 623/806/437 647/854/437 624/808/437
f 624/808/438 647/854/438 625/810/438
f 625/810/439 647/854/439 626/812/439
f 626/812/440 647/854/440 627/814/440
f 627/814/441 647/854/441 628/816/441
f 628/816/442 647/854/442 629/818/442
f 629/818/443 647/854/443 630/820/443
f 630/820/444 647/854/444 631/822/444
f 631/822/445 647/854/445 632/824/445
f 632/824/446 647/854/446 633/826/446
f 633/826/447 647/854/447 634/828/447
f 634/828/448 647/854/448 635/830/448
f 635/830/449 647/854/449 636/832/449
f 636/832/450 647/854/450 637/834/450
f 637/834/451 647/854/451 638/836/451
f 638/836/452 647/854/452 639/838/452
f 639/838/453 647/854/453 640/840/453
f 640/840/454 647/854/454 641/842/454
f 641/842/455 647/854/455 642/844/455
f 642/844/456 647/854/456 643/846/456
f 643/846/457 647/854/457 644/848/457
f 644/848/458 647/854/458 645/851/458
f 615/790/459 616/793/459 617/795/459 618/797/459 619/799/459 620/801/459 621/803/459 622/805/459 623/807/459 624/809/459 625/811/459 626/813/459 627/815/459 628/817/459 629/819/459 630/821/459 631/823/459 632/825/459 633/827/459 634/829/459 635/831/459 636/833/459 637/835/459 638/837/459 639/839/459 640/841/459 641/843/459 642/845/459 643/847/459 644/849/459 645/850/459 646/852/459
f 645/851/460 647/854/460 646/853/460
f 646/853/461 647/854/461 615/791/461
o Cone.008
v -1.183712 4.099731 -10.109534
v -1.195137 4.099528 -10.106758
v -1.206501 4.098746 -10.105323
v -1.217366 4.097417 -10.105284
v -1.227315 4.095590 -10.106643
v -1.235966 4.093336 -10.109346
v -1.242987 4.090743 -10.113292
v -1.248106 4.087908 -10.118327
v -1.251129 4.084941 -10.124259
v -1.251939 4.081958 -10.130859
v -1.250503 4.079071 -10.137875
v -1.246879 4.076392 -10.145034
v -1.241205 4.074024 -10.152064
v -1.233698 4.072057 -10.158694
v -1.224648 4.070569 -10.164670
v -1.214402 4.069614 -10.169761
v -1.203355 4.069232 -10.173771
v -1.191929 4.069435 -10.176547
v -1.180566 4.070217 -10.177982
v -1.169701 4.071546 -10.178021
v -1.159752 4.073373 -10.176662
v -1.151101 4.075626 -10.173959
v -1.144080 4.078220 -10.170013
v -1.138960 4.081055 -10.164978
v -1.135937 4.084021 -10.159046
v -1.135128 4.087005 -10.152446
v -1.136563 4.089892 -10.145431
v -1.140188 4.092571 -10.138270
v -1.145862 4.094939 -10.131241
v -1.153369 4.096905 -10.124610
v -1.162419 4.098394 -10.118635
v -1.172664 4.099348 -10.113544
v -1.207114 4.194046 -10.189521
vn 0.1660 0.6615 0.7314
vn 0.0490 0.6615 0.7484
vn -0.0781 0.6598 0.7474
vn -0.2190 0.6543 0.7239
vn -0.3761 0.6407 0.6694
vn -0.5471 0.6117 0.5714
vn -0.7183 0.5570 0.4168
vn -0.8596 0.4686 0.2037
vn -0.9353 0.3510 -0.0440
vn -0.9324 0.2247 -0.2832
vn -0.8692 0.1116 -0.4817
vn -0.7742 0.0225 -0.6325
vn -0.6676 -0.0423 -0.7433
vn -0.5588 -0.0866 -0.8248
vn -0.4506 -0.1142 -0.8854
vn -0.3423 -0.1278 -0.9308
vn -0.2320 -0.1287 -0.9642
vn -0.1165 -0.1169 -0.9863
vn 0.0076 -0.0912 -0.9958
vn 0.1439 -0.0488 -0.9884
vn 0.2950 0.0140 -0.9554
vn 0.4588 0.1010 -0.8828
vn 0.6230 0.2122 -0.7529
vn 0.7597 0.3375 -0.5559
vn 0.8354 0.4551 -0.3082
vn 0.8370 0.5446 -0.0529
vn 0.7808 0.6010 0.1704
vn 0.6931 0.6321 0.3465
vn 0.5926 0.6478 0.4788
vn 0.4883 0.6553 0.5763
vn 0.1129 -0.9105 0.3978
vn 0.3831 0.6588 0.6475
vn 0.2763 0.6606 0.6981
vt 0.750000 0.490000
vt 0.250000 0.490000
vt 0.296822 0.485388
vt 0.796822 0.485388
vt 0.341844 0.471731
vt 0.841844 0.471731
vt 0.383337 0.449553
vt 0.883337 0.449553
vt 0.419706 0.419706
vt 0.919706 0.419706
vt 0.449553 0.383337
vt 0.949553 0.383337
vt 0.471731 0.341844
vt 0.971731 0.341844
vt 0.485388 0.296822
vt 0.985388 0.296822
vt 0.490000 0.250000
vt 0.990000 0.250000
vt 0.485388 0.203178
vt 0.985388 0.203178
vt 0.471731 0.158156
vt 0.971731 0.158156
vt 0.449553 0.116663
vt 0.949553 0.116663
vt 0.419706 0.080294
vt 0.919706 0.080294
vt 0.383337 0.050447
vt 0.883337 0.050447
vt 0.341844 0.028269
vt 0.841844 0.028269
vt 0.296822 0.014612
vt 0.796822 0.014612
vt 0.250000 0.010000
vt 0.750000 0.010000
vt 0.203178 0.014612
vt 0.703178 0.014612
vt 0.158156 0.028269
vt 0.658156 0.028269
vt 0.116663 0.050447
vt 0.616663 0.050447
vt 0.080294 0.080294
vt 0.580294 0.080294
vt 0.050447 0.116663
vt 0.550447 0.116663
vt 0.028269 0.158156
vt 0.528269 0.158156
vt 0.014612 0.203178
vt 0.514612 0.203178
vt 0.010000 0.250000
vt 0.510000 0.250000
vt 0.014612 0.296822
vt 0.514612 0.296822
vt 0.028269 0.341844
vt 0.528269 0.341844
vt 0.050447 0.383337
vt 0.550447 0.383337
vt 0.080294 0.419706
vt 0.580294 0.419706
vt 0.116663 0.449553
vt 0.616663 0.449553
vt 0.658156 0.471731
vt 0.158156 0.471731
vt 0.703178 0.485388
vt 0.203178 0.485388
vt 0.250000 0.250000
s 0
usemtl Material.021
f 648/856/462 680/919/462 649/857/462
f 649/857/463 680/919/463 650/859/463
f 650/859/464 680/919/464 651/861/464
f 651/861/465 680/919/465 652/863/465
f 652/863/466 680/919/466 653/865/466
f 653/865/467 680/919/467 654/867/467
f 654/867/468 680/919/468 655/869/468
f 655/869/469 680/919/469 656/871/469
f 656/871/470 680/919/470 657/873/470
f 657/873/471 680/919/471 658/875/471
f 658/875/472 680/919/472 659/877/472
f 659/877/473 680/919/473 660/879/473
f 660/879/474 680/919/474 661/881/474
f 661/881/475 680/919/475 662/883/475
f 662/883/476 680/919/476 663/885/476
f 663/885/477 680/919/477 664/887/477
f 664/887/478 680/919/478 665/889/478
f 665/889/479 680/919/479 666/891/479
f 666/891/480 680/919/480 667/893/480
f 667/893/481 680/919/481 668/895/481
f 668/895/482 680/919/482 669/897/482
f 669/897/483 680/919/483 670/899/483
f 670/899/484 680/919/484 671/901/484
f 671/901/485 680/919/485 672/903/485
f 672/903/486 680/919/486 673/905/486
f 673/905/487 680/919/487 674/907/487
f 674/907/488 680/919/488 675/909/488
f 675/909/489 680/919/489 676/911/489
f 676/911/490 680/919/490 677/913/490
f 677/913/491 680/919/491 678/916/491
f 648/855/492 649/858/492 650/860/492 651/862/492 652/864/492 653/866/492 654/868/492 655/870/492 656/872/492 657/874/492 658/876/492 659/878/492 660/880/492 661/882/492 662/884/492 663/886/492 664/888/492 665/890/492 666/892/492 667/894/492 668/896/492 669/898/492 670/900/492 671/902/492 672/904/492 673/906/492 674/908/492 675/910/492 676/912/492 677/914/492 678/915/492 679/917/492
f 678/916/493 680/919/493 679/918/493
f 679/918/494 680/919/494 648/856/494
o Cone.009
v -1.120565 4.124993 -10.023751
v -1.131990 4.124790 -10.020975
v -1.143353 4.124009 -10.019540
v -1.154218 4.122679 -10.019501
v -1.164168 4.120852 -10.020860
v -1.172819 4.118598 -10.023563
v -1.179839 4.116005 -10.027509
v -1.184959 4.113170 -10.032544
v -1.187982 4.110204 -10.038476
v -1.188791 4.107220 -10.045076
v -1.187356 4.104333 -10.052092
v -1.183732 4.101654 -10.059251
v -1.178057 4.099286 -10.066281
v -1.170551 4.097320 -10.072911
v -1.161501 4.095831 -10.078887
v -1.151255 4.094877 -10.083978
v -1.140207 4.094494 -10.087988
v -1.128782 4.094697 -10.090764
v -1.117419 4.095479 -10.092199
v -1.106554 4.096808 -10.092238
v -1.096604 4.098635 -10.090879
v -1.087953 4.100889 -10.088176
v -1.080933 4.103483 -10.084230
v -1.075813 4.106318 -10.079195
v -1.072790 4.109283 -10.073263
v -1.071981 4.112267 -10.066663
v -1.073416 4.115154 -10.059648
v -1.077040 4.117834 -10.052487
v -1.082715 4.120202 -10.045458
v -1.090221 4.122168 -10.038827
v -1.099271 4.123656 -10.032852
v -1.109517 4.124610 -10.027761
v -1.143966 4.219308 -10.103738
vn 0.1660 0.6615 0.7314
vn 0.0490 0.6615 0.7484
vn -0.0781 0.6598 0.7474
vn -0.2190 0.6543 0.7239
vn -0.3761 0.6407 0.6694
vn -0.5471 0.6117 0.5714
vn -0.7183 0.5570 0.4168
vn -0.8596 0.4686 0.2037
vn -0.9353 0.3510 -0.0440
vn -0.9324 0.2247 -0.2832
vn -0.8692 0.1116 -0.4817
vn -0.7742 0.0225 -0.6325
vn -0.6676 -0.0423 -0.7433
vn -0.5588 -0.0866 -0.8248
vn -0.4506 -0.1142 -0.8854
vn -0.3423 -0.1278 -0.9308
vn -0.2320 -0.1287 -0.9642
vn -0.1165 -0.1169 -0.9863
vn 0.0076 -0.0912 -0.9958
vn 0.1439 -0.0488 -0.9884
vn 0.2950 0.0140 -0.9554
vn 0.4588 0.1010 -0.8828
vn 0.6230 0.2122 -0.7529
vn 0.7597 0.3375 -0.5559
vn 0.8354 0.4551 -0.3082
vn 0.8370 0.5446 -0.0529
vn 0.7808 0.6010 0.1704
vn 0.6931 0.6321 0.3465
vn 0.5926 0.6478 0.4788
vn 0.4883 0.6553 0.5763
vn 0.1129 -0.9105 0.3978
vn 0.3831 0.6588 0.6475
vn 0.2763 0.6606 0.6981
vt 0.750000 0.490000
vt 0.250000 0.490000
vt 0.296822 0.485388
vt 0.796822 0.485388
vt 0.341844 0.471731
vt 0.841844 0.471731
vt 0.383337 0.449553
vt 0.883337 0.449553
vt 0.419706 0.419706
vt 0.919706 0.419706
vt 0.449553 0.383337
vt 0.949553 0.383337
vt 0.471731 0.341844
vt 0.971731 0.341844
vt 0.485388 0.296822
vt 0.985388 0.296822
vt 0.490000 0.250000
vt 0.990000 0.250000
vt 0.485388 0.203178
vt 0.985388 0.203178
vt 0.471731 0.158156
vt 0.971731 0.158156
vt 0.449553 0.116663
vt 0.949553 0.116663
vt 0.419706 0.080294
vt 0.919706 0.080294
vt 0.383337 0.050447
vt 0.883337 0.050447
vt 0.341844 0.028269
vt 0.841844 0.028269
vt 0.296822 0.014612
vt 0.796822 0.014612
vt 0.250000 0.010000
vt 0.750000 0.010000
vt 0.203178 0.014612
vt 0.703178 0.014612
vt 0.158156 0.028269
vt 0.658156 0.028269
vt 0.116663 0.050447
vt 0.616663 0.050447
vt 0.080294 0.080294
vt 0.580294 0.080294
vt 0.050447 0.116663
vt 0.550447 0.116663
vt 0.028269 0.158156
vt 0.528269 0.158156
vt 0.014612 0.203178
vt 0.514612 0.203178
vt 0.010000 0.250000
vt 0.510000 0.250000
vt 0.014612 0.296822
vt 0.514612 0.296822
vt 0.028269 0.341844
vt 0.528269 0.341844
vt 0.050447 0.383337
vt 0.550447 0.383337
vt 0.080294 0.419706
vt 0.580294 0.419706
vt 0.116663 0.449553
vt 0.616663 0.449553
vt 0.658156 0.471731
vt 0.158156 0.471731
vt 0.703178 0.485388
vt 0.203178 0.485388
vt 0.250000 0.250000
s 0
usemtl Material.021
f 681/921/495 713/984/495 682/922/495
f 682/922/496 713/984/496 683/924/496
f 683/924/497 713/984/497 684/926/497
f 684/926/498 713/984/498 685/928/498
f 685/928/499 713/984/499 686/930/499
f 686/930/500 713/984/500 687/932/500
f 687/932/501 713/984/501 688/934/501
f 688/934/502 713/984/502 689/936/502
f 689/936/503 713/984/503 690/938/503
f 690/938/504 713/984/504 691/940/504
f 691/940/505 713/984/505 692/942/505
f 692/942/506 713/984/506 693/944/506
f 693/944/507 713/984/507 694/946/507
f 694/946/508 713/984/508 695/948/508
f 695/948/509 713/984/509 696/950/509
f 696/950/510 713/984/510 697/952/510
f 697/952/511 713/984/511 698/954/511
f 698/954/512 713/984/512 699/956/512
f 699/956/513 713/984/513 700/958/513
f 700/958/514 713/984/514 701/960/514
f 701/960/515 713/984/515 702/962/515
f 702/962/516 713/984/516 703/964/516
f 703/964/517 713/984/517 704/966/517
f 704/966/518 713/984/518 705/968/518
f 705/968/519 713/984/519 706/970/519
f 706/970/520 713/984/520 707/972/520
f 707/972/521 713/984/521 708/974/521
f 708/974/522 713/984/522 709/976/522
f 709/976/523 713/984/523 710/978/523
f 710/978/524 713/984/524 711/981/524
f 681/920/525 682/923/525 683/925/525 684/927/525 685/929/525 686/931/525 687/933/525 688/935/525 689/937/525 690/939/525 691/941/525 692/943/525 693/945/525 694/947/525 695/949/525 696/951/525 697/953/525 698/955/525 699/957/525 700/959/525 701/961/525 702/963/525 703/965/525 704/967/525 705/969/525 706/971/525 707/973/525 708/975/525 709/977/525 710/979/525 711/980/525 712/982/525
f 711/981/526 713/984/526 712/983/526
f 712/983/527 713/984/527 681/921/527
o Cone.010
v -1.161635 4.413161 -10.116774
v -1.153761 4.416347 -10.124906
v -1.147156 4.420074 -10.133524
v -1.142072 4.424196 -10.142298
v -1.138705 4.428557 -10.150889
v -1.137186 4.432989 -10.158970
v -1.137571 4.437320 -10.166227
v -1.139847 4.441386 -10.172383
v -1.143926 4.445029 -10.177201
v -1.149651 4.448110 -10.180495
v -1.156802 4.450510 -10.182140
v -1.165105 4.452136 -10.182073
v -1.174240 4.452927 -10.180294
v -1.183856 4.452852 -10.176874
v -1.193583 4.451914 -10.171943
v -1.203049 4.450150 -10.165690
v -1.211888 4.447625 -10.158358
v -1.219762 4.444439 -10.150226
v -1.226368 4.440712 -10.141607
v -1.231452 4.436590 -10.132833
v -1.234818 4.432229 -10.124242
v -1.236338 4.427797 -10.116162
v -1.235952 4.423466 -10.108905
v -1.233676 4.419400 -10.102749
v -1.229597 4.415757 -10.097931
v -1.223872 4.412676 -10.094636
v -1.216721 4.410276 -10.092991
v -1.208419 4.408650 -10.093059
v -1.199284 4.407859 -10.094837
v -1.189668 4.407934 -10.098258
v -1.179940 4.408872 -10.103189
v -1.170475 4.410636 -10.109441
v -1.207295 4.328104 -10.197529
vn 0.6413 -0.6806 0.3543
vn 0.7122 -0.6501 0.2649
vn 0.7723 -0.6152 0.1584
vn 0.8189 -0.5731 0.0300
vn 0.8455 -0.5190 -0.1256
vn 0.8390 -0.4465 -0.3111
vn 0.7801 -0.3493 -0.5191
vn 0.6517 -0.2274 -0.7236
vn 0.4579 -0.0945 -0.8840
vn 0.2325 0.0263 -0.9722
vn 0.0151 0.1186 -0.9928
vn -0.1730 0.1795 -0.9684
vn -0.3288 0.2141 -0.9198
vn -0.4576 0.2283 -0.8593
vn -0.5659 0.2265 -0.7928
vn -0.6591 0.2112 -0.7218
vn -0.7412 0.1832 -0.6459
vn -0.8143 0.1416 -0.5629
vn -0.8788 0.0843 -0.4696
vn -0.9324 0.0079 -0.3613
vn -0.9682 -0.0922 -0.2326
vn -0.9726 -0.2189 -0.0790
vn -0.9243 -0.3689 0.0981
vn -0.8027 -0.5252 0.2825
vn -0.6090 -0.6581 0.4428
vn -0.3766 -0.7445 0.5512
vn -0.1487 -0.7839 0.6028
vn 0.0503 -0.7907 0.6102
vn 0.2154 -0.7793 0.5885
vn 0.3511 -0.7591 0.5481
vn 0.1706 0.8500 0.4983
vn 0.4638 -0.7349 0.4947
vn 0.5592 -0.7086 0.4302
vt 0.750000 0.490000
vt 0.250000 0.490000
vt 0.296822 0.485388
vt 0.796822 0.485388
vt 0.341844 0.471731
vt 0.841844 0.471731
vt 0.383337 0.449553
vt 0.883337 0.449553
vt 0.419706 0.419706
vt 0.919706 0.419706
vt 0.449553 0.383337
vt 0.949553 0.383337
vt 0.471731 0.341844
vt 0.971731 0.341844
vt 0.485388 0.296822
vt 0.985388 0.296822
vt 0.490000 0.250000
vt 0.990000 0.250000
vt 0.485388 0.203178
vt 0.985388 0.203178
vt 0.471731 0.158156
vt 0.971731 0.158156
vt 0.449553 0.116663
vt 0.949553 0.116663
vt 0.419706 0.080294
vt 0.919706 0.080294
vt 0.383337 0.050447
vt 0.883337 0.050447
vt 0.341844 0.028269
vt 0.841844 0.028269
vt 0.296822 0.014612
vt 0.796822 0.014612
vt 0.250000 0.010000
vt 0.750000 0.010000
vt 0.203178 0.014612
vt 0.703178 0.014612
vt 0.158156 0.028269
vt 0.658156 0.028269
vt 0.116663 0.050447
vt 0.616663 0.050447
vt 0.080294 0.080294
vt 0.580294 0.080294
vt 0.050447 0.116663
vt 0.550447 0.116663
vt 0.028269 0.158156
vt 0.528269 0.158156
vt 0.014612 0.203178
vt 0.514612 0.203178
vt 0.010000 0.250000
vt 0.510000 0.250000
vt 0.014612 0.296822
vt 0.514612 0.296822
vt 0.028269 0.341844
vt 0.528269 0.341844
vt 0.050447 0.383337
vt 0.550447 0.383337
vt 0.080294 0.419706
vt 0.580294 0.419706
vt 0.116663 0.449553
vt 0.616663 0.449553
vt 0.658156 0.471731
vt 0.158156 0.471731
vt 0.703178 0.485388
vt 0.203178 0.485388
vt 0.250000 0.250000
s 0
usemtl Material.021
f 714/986/528 746/1049/528 715/987/528
f 715/987/529 746/1049/529 716/989/529
f 716/989/530 746/1049/530 717/991/530
f 717/991/531 746/1049/531 718/993/531
f 718/993/532 746/1049/532 719/995/532
f 719/995/533 746/1049/533 720/997/533
f 720/997/534 746/1049/534 721/999/534
f 721/999/535 746/1049/535 722/1001/535
f 722/1001/536 746/1049/536 723/1003/536
f 723/1003/537 746/1049/537 724/1005/537
f 724/1005/538 746/1049/538 725/1007/538
f 725/1007/539 746/1049/539 726/1009/539
f 726/1009/540 746/1049/540 727/1011/540
f 727/1011/541 746/1049/541 728/1013/541
f 728/1013/542 746/1049/542 729/1015/542
f 729/1015/543 746/1049/543 730/1017/543
f 730/1017/544 746/1049/544 731/1019/544
f 731/1019/545 746/1049/545 732/1021/545
f 732/1021/546 746/1049/546 733/1023/546
f 733/1023/547 746/1049/547 734/1025/547
f 734/1025/548 746/1049/548 735/1027/548
f 735/1027/549 746/1049/549 736/1029/549
f 736/1029/550 746/1049/550 737/1031/550
f 737/1031/551 746/1049/551 738/1033/551
f 738/1033/552 746/1049/552 739/1035/552
f 739/1035/553 746/1049/553 740/1037/553
f 740/1037/554 746/1049/554 741/1039/554
f 741/1039/555 746/1049/555 742/1041/555
f 742/1041/556 746/1049/556 743/1043/556
f 743/1043/557 746/1049/557 744/1046/557
f 714/985/558 715/988/558 716/990/558 717/992/558 718/994/558 719/996/558 720/998/558 721/1000/558 722/1002/558 723/1004/558 724/1006/558 725/1008/558 726/1010/558 727/1012/558 728/1014/558 729/1016/558 730/1018/558 731/1020/558 732/1022/558 733/1024/558 734/1026/558 735/1028/558 736/1030/558 737/1032/558 738/1034/558 739/1036/558 740/1038/558 741/1040/558 742/1042/558 743/1044/558 744/1045/558 745/1047/558
f 744/1046/559 746/1049/559 745/1048/559
f 745/1048/560 746/1049/560 714/986/560
o Cone.011
v -1.102458 4.379503 -10.006784
v -1.094584 4.382689 -10.014916
v -1.087978 4.386416 -10.023535
v -1.082895 4.390539 -10.032309
v -1.079528 4.394899 -10.040900
v -1.078009 4.399331 -10.048981
v -1.078394 4.403663 -10.056238
v -1.080670 4.407728 -10.062394
v -1.084749 4.411371 -10.067212
v -1.090474 4.414452 -10.070506
v -1.097625 4.416852 -10.072151
v -1.105928 4.418478 -10.072083
v -1.115062 4.419270 -10.070305
v -1.124678 4.419195 -10.066885
v -1.134406 4.418257 -10.061954
v -1.143872 4.416492 -10.055701
v -1.152711 4.413968 -10.048368
v -1.160585 4.410781 -10.040236
v -1.167191 4.407055 -10.031618
v -1.172275 4.402932 -10.022844
v -1.175641 4.398571 -10.014253
v -1.177161 4.394140 -10.006173
v -1.176775 4.389808 -9.998916
v -1.174499 4.385743 -9.992760
v -1.170420 4.382100 -9.987942
v -1.164695 4.379019 -9.984647
v -1.157544 4.376619 -9.983002
v -1.149242 4.374992 -9.983069
v -1.140107 4.374201 -9.984848
v -1.130491 4.374276 -9.988269
v -1.120763 4.375214 -9.993199
v -1.111298 4.376979 -9.999452
v -1.148118 4.294446 -10.087540
vn 0.6413 -0.6806 0.3543
vn 0.7122 -0.6501 0.2649
vn 0.7723 -0.6152 0.1584
vn 0.8189 -0.5731 0.0300
vn 0.8455 -0.5190 -0.1256
vn 0.8390 -0.4465 -0.3111
vn 0.7801 -0.3493 -0.5191
vn 0.6517 -0.2274 -0.7236
vn 0.4579 -0.0945 -0.8840
vn 0.2325 0.0263 -0.9722
vn 0.0151 0.1186 -0.9928
vn -0.1730 0.1795 -0.9684
vn -0.3288 0.2141 -0.9198
vn -0.4576 0.2283 -0.8593
vn -0.5659 0.2265 -0.7928
vn -0.6591 0.2112 -0.7218
vn -0.7412 0.1832 -0.6459
vn -0.8143 0.1416 -0.5629
vn -0.8788 0.0843 -0.4696
vn -0.9324 0.0079 -0.3613
vn -0.9682 -0.0922 -0.2326
vn -0.9726 -0.2189 -0.0790
vn -0.9243 -0.3689 0.0981
vn -0.8027 -0.5252 0.2825
vn -0.6090 -0.6581 0.4428
vn -0.3766 -0.7445 0.5512
vn -0.1487 -0.7839 0.6028
vn 0.0503 -0.7907 0.6102
vn 0.2154 -0.7793 0.5885
vn 0.3511 -0.7591 0.5481
vn 0.1706 0.8500 0.4983
vn 0.4638 -0.7349 0.4947
vn 0.5592 -0.7086 0.4302
vt 0.750000 0.490000
vt 0.250000 0.490000
vt 0.296822 0.485388
vt 0.796822 0.485388
vt 0.341844 0.471731
vt 0.841844 0.471731
vt 0.383337 0.449553
vt 0.883337 0.449553
vt 0.419706 0.419706
vt 0.919706 0.419706
vt 0.449553 0.383337
vt 0.949553 0.383337
vt 0.471731 0.341844
vt 0.971731 0.341844
vt 0.485388 0.296822
vt 0.985388 0.296822
vt 0.490000 0.250000
vt 0.990000 0.250000
vt 0.485388 0.203178
vt 0.985388 0.203178
vt 0.471731 0.158156
vt 0.971731 0.158156
vt 0.449553 0.116663
vt 0.949553 0.116663
vt 0.419706 0.080294
vt 0.919706 0.080294
vt 0.383337 0.050447
vt 0.883337 0.050447
vt 0.341844 0.028269
vt 0.841844 0.028269
vt 0.296822 0.014612
vt 0.796822 0.014612
vt 0.250000 0.010000
vt 0.750000 0.010000
vt 0.203178 0.014612
vt 0.703178 0.014612
vt 0.158156 0.028269
vt 0.658156 0.028269
vt 0.116663 0.050447
vt 0.616663 0.050447
vt 0.080294 0.080294
vt 0.580294 0.080294
vt 0.050447 0.116663
vt 0.550447 0.116663
vt 0.028269 0.158156
vt 0.528269 0.158156
vt 0.014612 0.203178
vt 0.514612 0.203178
vt 0.010000 0.250000
vt 0.510000 0.250000
vt 0.014612 0.296822
vt 0.514612 0.296822
vt 0.028269 0.341844
vt 0.528269 0.341844
vt 0.050447 0.383337
vt 0.550447 0.383337
vt 0.080294 0.419706
vt 0.580294 0.419706
vt 0.116663 0.449553
vt 0.616663 0.449553
vt 0.658156 0.471731
vt 0.158156 0.471731
vt 0.703178 0.485388
vt 0.203178 0.485388
vt 0.250000 0.250000
s 0
usemtl Material.021
f 747/1051/561 779/1114/561 748/1052/561
f 748/1052/562 779/1114/562 749/1054/562
f 749/1054/563 779/1114/563 750/1056/563
f 750/1056/564 779/1114/564 751/1058/564
f 751/1058/565 779/1114/565 752/1060/565
f 752/1060/566 779/1114/566 753/1062/566
f 753/1062/567 779/1114/567 754/1064/567
f 754/1064/568 779/1114/568 755/1066/568
f 755/1066/569 779/1114/569 756/1068/569
f 756/1068/570 779/1114/570 757/1070/570
f 757/1070/571 779/1114/571 758/1072/571
f 758/1072/572 779/1114/572 759/1074/572
f 759/1074/573 779/1114/573 760/1076/573
f 760/1076/574 779/1114/574 761/1078/574
f 761/1078/575 779/1114/575 762/1080/575
f 762/1080/576 779/1114/576 763/1082/576
f 763/1082/577 779/1114/577 764/1084/577
f 764/1084/578 779/1114/578 765/1086/578
f 765/1086/579 779/1114/579 766/1088/579
f 766/1088/580 779/1114/580 767/1090/580
f 767/1090/581 779/1114/581 768/1092/581
f 768/1092/582 779/1114/582 769/1094/582
f 769/1094/583 779/1114/583 770/1096/583
f 770/1096/584 779/1114/584 771/1098/584
f 771/1098/585 779/1114/585 772/1100/585
f 772/1100/586 779/1114/586 773/1102/586
f 773/1102/587 779/1114/587 774/1104/587
f 774/1104/588 779/1114/588 775/1106/588
f 775/1106/589 779/1114/589 776/1108/589
f 776/1108/590 779/1114/590 777/1111/590
f 747/1050/591 748/1053/591 749/1055/591 750/1057/591 751/1059/591 752/1061/591 753/1063/591 754/1065/591 755/1067/591 756/1069/591 757/1071/591 758/1073/591 759/1075/591 760/1077/591 761/1079/591 762/1081/591 763/1083/591 764/1085/591 765/1087/591 766/1089/591 767/1091/591 768/1093/591 769/1095/591 770/1097/591 771/1099/591 772/1101/591 773/1103/591 774/1105/591 775/1107/591 776/1109/591 777/1110/591 778/1112/591
f 777/1111/592 779/1114/592 778/1113/592
f 778/1113/593 779/1114/593 747/1051/593
o NurbsPath
v -1.863812 4.322508 -9.818527
v -1.864702 4.310620 -9.832440
v -1.859695 4.294742 -9.840089
v -1.850132 4.279128 -9.839424
v -1.838575 4.267962 -9.830623
v -1.828121 4.264235 -9.816045
v -1.821572 4.268948 -9.799595
v -1.820681 4.280836 -9.785682
v -1.825688 4.296714 -9.778032
v -1.835251 4.312328 -9.778698
v -1.846808 4.323494 -9.787498
v -1.857262 4.327220 -9.802077
v -1.897060 4.301428 -9.799359
v -1.897465 4.289849 -9.813553
v -1.891682 4.274464 -9.821650
v -1.881261 4.259395 -9.821480
v -1.868993 4.248681 -9.813088
v -1.858167 4.245192 -9.798725
v -1.851682 4.249862 -9.782238
v -1.851277 4.261442 -9.768044
v -1.857060 4.276827 -9.759948
v -1.867482 4.291895 -9.760118
v -1.879749 4.302609 -9.768509
v -1.890575 4.306099 -9.782872
v -1.926562 4.279638 -9.781694
v -1.926465 4.268431 -9.796188
v -1.919881 4.253639 -9.804766
v -1.908573 4.239227 -9.805126
v -1.895573 4.229055 -9.797174
v -1.884364 4.225850 -9.783040
v -1.877948 4.230470 -9.766512
v -1.878045 4.241677 -9.752017
v -1.884630 4.256468 -9.743441
v -1.895937 4.270881 -9.743080
v -1.908937 4.281052 -9.751032
v -1.920147 4.284257 -9.765165
v -1.952492 4.257205 -9.765475
v -1.951877 4.246448 -9.780293
v -1.944468 4.232371 -9.789386
v -1.932251 4.218749 -9.790317
v -1.918500 4.209229 -9.782835
v -1.906898 4.206364 -9.768947
v -1.900555 4.210921 -9.752372
v -1.901170 4.221679 -9.737554
v -1.908579 4.235754 -9.728461
v -1.920796 4.249377 -9.727530
v -1.934548 4.258896 -9.735012
v -1.946149 4.261762 -9.748900
v -1.974998 4.234198 -9.750658
v -1.973858 4.223979 -9.765822
v -1.965616 4.210758 -9.775464
v -1.952480 4.198077 -9.776999
v -1.937971 4.189335 -9.770018
v -1.925976 4.186873 -9.756388
v -1.919709 4.191352 -9.739764
v -1.920850 4.201571 -9.724599
v -1.929092 4.214791 -9.714957
v -1.942228 4.227472 -9.713422
v -1.956737 4.236215 -9.720404
v -1.968732 4.238676 -9.734034
v -1.994216 4.210680 -9.737206
v -1.992555 4.201100 -9.752734
v -1.983489 4.188890 -9.762954
v -1.969448 4.177321 -9.765123
v -1.954194 4.169494 -9.758663
v -1.941813 4.167505 -9.745304
v -1.935625 4.171888 -9.728625
v -1.937286 4.181468 -9.713096
v -1.946352 4.193678 -9.702877
v -1.960393 4.205246 -9.700706
v -1.975647 4.213074 -9.707167
v -1.988027 4.215063 -9.720526
v -2.010264 4.186718 -9.725089
v -2.008104 4.177886 -9.740996
v -1.998251 4.166855 -9.751810
v -1.983346 4.156581 -9.754633
v -1.967383 4.149816 -9.748709
v -1.954638 4.148373 -9.735624
v -1.948528 4.152638 -9.718886
v -1.950688 4.161470 -9.702980
v -1.960541 4.172502 -9.692166
v -1.975446 4.182776 -9.689343
v -1.991409 4.189541 -9.695268
v -2.004154 4.190984 -9.708351
v -2.023250 4.162392 -9.714292
v -2.020632 4.154420 -9.730580
v -2.010061 4.144739 -9.741991
v -1.994369 4.135942 -9.745469
v -1.977762 4.130386 -9.740081
v -1.964689 4.129561 -9.727270
v -1.958653 4.133687 -9.710470
v -1.961271 4.141658 -9.694182
v -1.971842 4.151340 -9.682771
v -1.987533 4.160137 -9.679294
v -2.004140 4.165692 -9.684682
v -2.017213 4.166518 -9.697492
v -2.033269 4.137796 -9.704803
v -2.030258 4.130792 -9.721464
v -2.019073 4.122622 -9.733458
v -2.002712 4.115475 -9.737571
v -1.985557 4.111266 -9.732700
v -1.972207 4.111122 -9.720153
v -1.966238 4.115083 -9.703289
v -1.969250 4.122087 -9.686628
v -1.980435 4.130257 -9.674635
v -1.996796 4.137404 -9.670522
v -2.013950 4.141613 -9.675392
v -2.027300 4.141757 -9.687940
v -2.040423 4.113052 -9.696620
v -2.037105 4.107110 -9.713631
v -2.025445 4.100587 -9.726169
v -2.008566 4.095233 -9.730874
v -1.990992 4.092481 -9.726485
v -1.977431 4.093069 -9.714179
v -1.971516 4.096839 -9.697252
v -1.974834 4.102782 -9.680242
v -1.986494 4.109304 -9.667704
v -2.003373 4.114658 -9.662998
v -2.020947 4.117410 -9.667387
v -2.034509 4.116822 -9.679693
v -2.044823 4.088303 -9.689737
v -2.041305 4.083491 -9.707063
v -2.029335 4.078712 -9.720085
v -2.012120 4.075248 -9.725315
v -1.994274 4.074026 -9.721352
v -1.980578 4.075374 -9.709256
v -1.974702 4.078931 -9.692270
v -1.978220 4.083743 -9.674945
v -1.990190 4.088521 -9.661923
v -2.007405 4.091986 -9.656693
v -2.025251 4.093207 -9.660657
v -2.038947 4.091860 -9.672751
v -2.046608 4.063708 -9.684145
v -2.043005 4.060063 -9.701735
v -2.030904 4.057072 -9.715163
v -2.013549 4.055537 -9.720832
v -1.995589 4.055869 -9.717222
v -1.981838 4.057980 -9.705300
v -1.975978 4.061302 -9.688261
v -1.979582 4.064948 -9.670671
v -1.991682 4.067938 -9.657242
v -2.009038 4.069473 -9.651573
v -2.026997 4.069141 -9.655184
v -2.040749 4.067031 -9.667106
v -2.045945 4.039426 -9.679816
v -2.042373 4.036949 -9.697616
v -2.030319 4.035733 -9.711361
v -2.013015 4.036104 -9.717369
v -1.995095 4.037962 -9.714031
v -1.981363 4.040811 -9.702241
v -1.975497 4.043885 -9.685158
v -1.979070 4.046362 -9.667358
v -1.991123 4.047578 -9.653614
v -2.008428 4.047207 -9.647605
v -2.026347 4.045348 -9.650943
v -2.040080 4.042500 -9.662733
v -2.043030 4.015598 -9.676712
v -2.039595 4.014257 -9.694659
v -2.027749 4.014750 -9.708628
v -2.010665 4.016947 -9.714875
v -1.992922 4.020258 -9.711726
v -1.979273 4.023795 -9.700027
v -1.973376 4.026612 -9.682909
v -1.976811 4.027953 -9.664962
v -1.988657 4.027460 -9.650993
v -2.005741 4.025263 -9.644747
v -2.023484 4.021953 -9.647895
v -2.037133 4.018415 -9.659595
v -2.038077 3.992338 -9.674776
v -2.034870 3.992073 -9.692814
v -2.023362 3.994169 -9.706916
v -2.006638 3.998065 -9.713305
v -1.989178 4.002716 -9.710269
v -1.975661 4.006876 -9.698621
v -1.969709 4.009432 -9.681482
v -1.972916 4.009697 -9.663445
v -1.984424 4.007601 -9.649343
v -2.001148 4.003706 -9.642953
v -2.018608 3.999054 -9.645989
v -2.032125 3.994894 -9.657638
v -2.031309 3.969722 -9.673942
v -2.028399 3.970454 -9.692016
v -2.017328 3.974017 -9.706173
v -2.001063 3.979456 -9.712621
v -1.983962 3.985313 -9.709629
v -1.970607 3.990020 -9.698002
v -1.964577 3.992314 -9.680853
v -1.967488 3.991582 -9.662779
v -1.978559 3.988019 -9.648622
v -1.994824 3.982581 -9.642174
v -2.011925 3.976723 -9.645165
v -2.025280 3.972017 -9.656793
v -2.022947 3.947792 -9.674135
v -2.020381 3.949433 -9.692202
v -2.009810 3.954313 -9.706348
v -1.994066 3.961125 -9.712785
v -1.977367 3.968043 -9.709785
v -1.964188 3.973213 -9.698153
v -1.958061 3.975251 -9.681007
v -1.960627 3.973610 -9.662940
v -1.971198 3.968729 -9.648793
v -1.986942 3.961918 -9.642358
v -2.003641 3.955000 -9.645357
v -2.016819 3.949829 -9.656988
v -2.013198 3.926558 -9.675283
v -2.011006 3.929017 -9.693307
v -2.000968 3.935063 -9.707392
v -1.985772 3.943076 -9.713763
v -1.969492 3.950908 -9.710714
v -1.956488 3.956461 -9.699062
v -1.950246 3.958248 -9.681930
v -1.952438 3.955789 -9.663906
v -1.962476 3.949743 -9.649821
v -1.977672 3.941730 -9.643450
v -1.993952 3.933898 -9.646499
v -2.006956 3.928344 -9.658151
v -2.002260 3.906010 -9.677315
v -2.000455 3.909199 -9.695267
v -1.990957 3.916264 -9.709251
v -1.976310 3.925312 -9.715522
v -1.960441 3.933919 -9.712397
v -1.947599 3.939778 -9.700715
v -1.941227 3.941320 -9.683606
v -1.943032 3.938131 -9.665654
v -1.952530 3.931066 -9.651670
v -1.967177 3.922018 -9.645400
v -1.983047 3.913411 -9.648524
v -1.995888 3.907552 -9.660206
v -1.990314 3.886120 -9.680162
v -1.988896 3.889956 -9.698022
v -1.979926 3.897905 -9.711881
v -1.965808 3.907835 -9.718025
v -1.950324 3.917087 -9.714809
v -1.937623 3.923181 -9.703094
v -1.931109 3.924484 -9.686019
v -1.932526 3.920648 -9.668159
v -1.941496 3.912700 -9.654300
v -1.955614 3.902769 -9.648155
v -1.971098 3.893517 -9.651372
v -1.983799 3.887424 -9.663087
v -1.977529 3.866851 -9.683762
v -1.976490 3.871260 -9.701514
v -1.968023 3.879968 -9.715232
v -1.954395 3.890641 -9.721238
v -1.939259 3.900419 -9.717924
v -1.926671 3.906683 -9.706178
v -1.920002 3.907754 -9.689146
v -1.921041 3.903345 -9.671392
v -1.929509 3.894637 -9.657675
v -1.943136 3.883964 -9.651669
v -1.958272 3.874185 -9.654983
v -1.970860 3.867922 -9.666730
v -1.964064 3.848157 -9.688053
v -1.963389 3.853072 -9.705690
v -1.955387 3.862428 -9.719260
v -1.942202 3.873718 -9.725125
v -1.927368 3.883917 -9.721715
v -1.914859 3.890291 -9.709943
v -1.908027 3.891134 -9.692964
v -1.908702 3.886219 -9.675325
v -1.916704 3.876862 -9.661757
v -1.929889 3.865572 -9.655891
v -1.944723 3.855374 -9.659302
v -1.957232 3.848999 -9.671074
v -1.950070 3.829988 -9.692982
v -1.949738 3.835351 -9.710498
v -1.942158 3.845256 -9.723919
v -1.929360 3.857050 -9.729648
v -1.914775 3.867572 -9.726151
v -1.902309 3.874004 -9.714363
v -1.895304 3.874621 -9.697444
v -1.895636 3.869259 -9.679928
v -1.903216 3.859353 -9.666507
v -1.916014 3.847559 -9.660777
v -1.930600 3.837037 -9.664275
v -1.943065 3.830606 -9.676063
v -1.935690 3.812292 -9.698493
v -1.935678 3.818049 -9.715887
v -1.928470 3.828414 -9.729165
v -1.915998 3.840611 -9.734770
v -1.901604 3.851369 -9.731198
v -1.889145 3.857808 -9.719408
v -1.881958 3.858201 -9.702559
v -1.881970 3.852443 -9.685165
v -1.889178 3.842078 -9.671887
v -1.901650 3.829882 -9.666283
v -1.916044 3.819124 -9.669854
v -1.928504 3.812685 -9.681644
v -1.921063 3.795010 -9.704537
v -1.921345 3.801116 -9.721809
v -1.914457 3.811861 -9.734955
v -1.902246 3.824366 -9.740452
v -1.887983 3.835280 -9.736826
v -1.875490 3.841679 -9.725050
v -1.868114 3.841848 -9.708280
v -1.867832 3.835742 -9.691007
v -1.874720 3.824997 -9.677861
v -1.886931 3.812492 -9.672365
v -1.901194 3.801578 -9.675990
v -1.913687 3.795179 -9.687766
v -1.906321 3.778084 -9.711063
v -1.906870 3.784497 -9.728218
v -1.900248 3.795547 -9.741246
v -1.888230 3.808275 -9.746657
v -1.874036 3.819269 -9.743001
v -1.861470 3.825583 -9.731257
v -1.853898 3.825526 -9.714574
v -1.853349 3.819113 -9.697419
v -1.859971 3.808062 -9.684391
v -1.871989 3.795335 -9.678981
v -1.886183 3.784341 -9.682636
v -1.898749 3.778027 -9.694380
v -1.891596 3.761450 -9.718024
v -1.892382 3.768132 -9.735066
v -1.885969 3.779420 -9.747995
v -1.874076 3.792288 -9.753347
v -1.859888 3.803288 -9.749689
v -1.847207 3.809474 -9.737999
v -1.839432 3.809187 -9.721411
v -1.838646 3.802504 -9.704370
v -1.845059 3.791217 -9.691441
v -1.856953 3.778349 -9.686088
v -1.871141 3.767348 -9.689747
v -1.883821 3.761163 -9.701436
v -1.877013 3.745042 -9.725371
v -1.878007 3.751959 -9.742309
v -1.871745 3.763417 -9.755161
v -1.859905 3.776346 -9.760487
v -1.845660 3.787281 -9.756857
v -1.832826 3.793293 -9.745245
v -1.824842 3.792770 -9.728762
v -1.823848 3.785853 -9.711824
v -1.830109 3.774395 -9.698972
v -1.841949 3.761466 -9.693646
v -1.856195 3.750531 -9.697277
v -1.869029 3.744519 -9.708889
v -1.862694 3.728791 -9.733058
v -1.863865 3.735909 -9.749900
v -1.857696 3.747473 -9.762703
v -1.845840 3.760383 -9.768037
v -1.831473 3.771181 -9.764472
v -1.818446 3.776973 -9.752963
v -1.810249 3.776207 -9.736595
v -1.809078 3.769089 -9.719753
v -1.815247 3.757525 -9.706950
v -1.827103 3.744615 -9.701616
v -1.841470 3.733817 -9.705181
v -1.854497 3.728025 -9.716689
v -1.848759 3.712625 -9.741036
v -1.850074 3.719912 -9.757795
v -1.843939 3.731515 -9.770578
v -1.831997 3.744325 -9.775962
v -1.817448 3.754910 -9.772502
v -1.804190 3.760434 -9.761126
v -1.795776 3.759416 -9.744882
v -1.794460 3.752129 -9.728123
v -1.800595 3.740525 -9.715339
v -1.812537 3.727715 -9.709956
v -1.827086 3.717130 -9.713416
v -1.840344 3.711607 -9.724792
v -1.835318 3.696466 -9.749262
v -1.836746 3.703888 -9.765952
v -1.830588 3.715463 -9.778750
v -1.818493 3.728089 -9.784226
v -1.803702 3.738383 -9.780914
v -1.790179 3.743586 -9.769701
v -1.781546 3.742304 -9.753591
v -1.780118 3.734882 -9.736900
v -1.786277 3.723307 -9.724103
v -1.798372 3.710681 -9.718626
v -1.813163 3.700387 -9.721938
v -1.826686 3.695184 -9.733151
v -1.822480 3.680233 -9.757690
v -1.823988 3.687757 -9.774328
v -1.817751 3.699232 -9.787178
v -1.805440 3.711583 -9.792797
v -1.790353 3.721502 -9.789679
v -1.776534 3.726329 -9.778660
v -1.767684 3.724772 -9.762692
v -1.766176 3.717248 -9.746055
v -1.772414 3.705774 -9.733205
v -1.784725 3.693422 -9.727586
v -1.799812 3.683504 -9.730703
v -1.813631 3.678677 -9.741723
v -1.810344 3.663840 -9.766280
v -1.811900 3.671428 -9.782884
v -1.805533 3.682726 -9.795826
v -1.792948 3.694708 -9.801639
v -1.777519 3.704161 -9.798763
v -1.763379 3.708555 -9.787971
v -1.754318 3.706710 -9.772155
v -1.752762 3.699121 -9.755550
v -1.759130 3.687823 -9.742608
v -1.771714 3.675842 -9.736796
v -1.787143 3.666388 -9.739671
v -1.801283 3.661995 -9.750463
v -1.799002 3.647190 -9.774993
v -1.800575 3.654804 -9.791584
v -1.794032 3.665844 -9.804661
v -1.781128 3.677354 -9.810719
v -1.765320 3.686249 -9.808135
v -1.750843 3.690145 -9.797603
v -1.741577 3.688000 -9.781942
v -1.740005 3.680387 -9.765351
v -1.746547 3.669346 -9.752275
v -1.759451 3.657836 -9.746217
v -1.775259 3.648941 -9.748800
v -1.789736 3.645045 -9.759333
v -1.788536 3.630181 -9.783794
v -1.790097 3.637776 -9.800395
v -1.783344 3.648473 -9.813649
v -1.770085 3.659405 -9.820005
v -1.753875 3.667643 -9.817760
v -1.739055 3.670980 -9.807517
v -1.729598 3.668522 -9.792018
v -1.728036 3.660927 -9.775417
v -1.734789 3.650230 -9.762163
v -1.748048 3.639298 -9.755807
v -1.764258 3.631060 -9.758052
v -1.779078 3.627723 -9.768296
v -1.779019 3.612694 -9.792658
v -1.780545 3.620225 -9.809291
v -1.773557 3.630488 -9.822763
v -1.759927 3.640735 -9.829467
v -1.743307 3.648218 -9.827604
v -1.728151 3.650934 -9.817674
v -1.718519 3.648154 -9.802338
v -1.716992 3.640623 -9.785706
v -1.723980 3.630359 -9.772232
v -1.737610 3.620113 -9.765529
v -1.754230 3.612629 -9.767392
v -1.769387 3.609914 -9.777322
v -1.770519 3.594595 -9.801562
v -1.771992 3.602013 -9.818251
v -1.764760 3.611755 -9.831981
v -1.750759 3.621210 -9.839072
v -1.733742 3.627844 -9.837626
v -1.718268 3.629881 -9.828029
v -1.708483 3.626774 -9.812853
v -1.707009 3.619356 -9.796165
v -1.714242 3.609615 -9.782435
v -1.728242 3.600160 -9.775344
v -1.745259 3.593525 -9.776791
v -1.760734 3.591489 -9.786387
v -1.763097 3.575734 -9.810494
v -1.764507 3.582989 -9.827260
v -1.757036 3.592124 -9.841276
v -1.742687 3.600689 -9.848787
v -1.725304 3.606390 -9.847782
v -1.709544 3.607700 -9.838529
v -1.699632 3.604267 -9.823507
v -1.698222 3.597011 -9.806743
v -1.705692 3.587877 -9.792727
v -1.720041 3.579312 -9.785214
v -1.737425 3.573610 -9.786221
v -1.753184 3.572301 -9.795473
v -1.756817 3.555936 -9.819447
v -1.758160 3.562981 -9.836307
v -1.750473 3.571433 -9.850631
v -1.735816 3.579026 -9.858582
v -1.718116 3.583726 -9.858027
v -1.702116 3.584274 -9.849118
v -1.692102 3.580522 -9.834241
v -1.690758 3.573477 -9.817381
v -1.698445 3.565025 -9.803057
v -1.713102 3.557432 -9.795106
v -1.730802 3.552732 -9.795660
v -1.746803 3.552184 -9.804569
v -1.751745 3.535011 -9.828415
v -1.753027 3.541802 -9.845384
v -1.745160 3.549510 -9.860025
v -1.730252 3.556069 -9.868419
v -1.712299 3.559722 -9.868313
v -1.696109 3.559489 -9.859737
v -1.686022 3.555434 -9.844990
v -1.684740 3.548643 -9.828021
v -1.692606 3.540935 -9.813378
v -1.707514 3.534376 -9.804986
v -1.725468 3.530723 -9.805091
v -1.741657 3.530955 -9.813667
v -1.747957 3.512750 -9.837395
v -1.749189 3.519250 -9.854481
v -1.741189 3.526172 -9.869440
v -1.726099 3.531661 -9.878263
v -1.707963 3.534246 -9.878589
v -1.691641 3.533235 -9.870326
v -1.681506 3.528898 -9.855692
v -1.680273 3.522398 -9.838606
v -1.688274 3.515476 -9.823647
v -1.703364 3.509988 -9.814823
v -1.721500 3.507403 -9.814498
v -1.737822 3.508414 -9.822760
v -1.745541 3.488937 -9.846379
v -1.746740 3.495117 -9.863585
v -1.738657 3.501231 -9.878849
v -1.723457 3.505641 -9.888081
v -1.705213 3.507165 -9.888804
v -1.688813 3.505396 -9.880829
v -1.678653 3.500807 -9.866289
v -1.677453 3.494627 -9.849083
v -1.685536 3.488513 -9.833818
v -1.700736 3.484103 -9.824588
v -1.718980 3.482579 -9.823864
v -1.735380 3.484348 -9.831840
v -1.744593 3.463350 -9.855355
v -1.745780 3.469189 -9.872681
v -1.737666 3.474495 -9.888228
v -1.722426 3.477844 -9.897831
v -1.704143 3.478340 -9.898916
v -1.687716 3.475850 -9.891192
v -1.677546 3.471041 -9.876730
v -1.676360 3.465202 -9.859405
v -1.684474 3.459896 -9.843857
v -1.699714 3.456547 -9.834254
v -1.717997 3.456051 -9.833170
v -1.734424 3.458541 -9.840893
v -1.745220 3.435766 -9.864303
v -1.746414 3.441256 -9.881742
v -1.738317 3.445771 -9.897546
v -1.723099 3.448101 -9.907478
v -1.704837 3.447622 -9.908880
v -1.688424 3.444463 -9.901374
v -1.678259 3.439469 -9.886971
v -1.677065 3.433980 -9.869533
v -1.685161 3.429465 -9.853728
v -1.700380 3.427134 -9.843796
v -1.718642 3.427613 -9.842394
v -1.735054 3.430772 -9.849900
v -1.747529 3.405967 -9.873195
v -1.748750 3.411106 -9.890738
v -1.740711 3.414865 -9.906769
v -1.725566 3.416235 -9.916988
v -1.707373 3.414851 -9.918660
v -1.691007 3.411083 -9.911335
v -1.680853 3.405940 -9.896977
v -1.679632 3.400801 -9.879434
v -1.687671 3.397043 -9.863404
v -1.702816 3.395672 -9.853184
v -1.721009 3.397056 -9.851513
v -1.737375 3.400825 -9.858837
v -1.751631 3.373741 -9.881998
v -1.752896 3.378536 -9.899637
v -1.744946 3.381582 -9.915861
v -1.729913 3.382064 -9.926324
v -1.711824 3.379853 -9.928222
v -1.695527 3.375540 -9.921045
v -1.685387 3.370283 -9.906719
v -1.684123 3.365489 -9.889081
v -1.692072 3.362443 -9.872857
v -1.707105 3.361961 -9.862394
v -1.725194 3.364172 -9.860497
v -1.741492 3.368484 -9.867672
v -1.757632 3.338879 -9.890676
v -1.758953 3.343339 -9.908399
v -1.751117 3.345725 -9.924788
v -1.736222 3.345396 -9.935452
v -1.718260 3.342441 -9.937535
v -1.702044 3.337651 -9.930478
v -1.691919 3.332310 -9.916173
v -1.690598 3.327850 -9.898451
v -1.698434 3.325464 -9.882063
v -1.713329 3.325793 -9.871398
v -1.731290 3.328748 -9.869314
v -1.747506 3.333538 -9.876371
v -1.765627 3.301189 -9.899187
v -1.767016 3.305331 -9.916981
v -1.759308 3.307105 -9.933508
v -1.744570 3.306036 -9.944340
v -1.726750 3.302411 -9.946575
v -1.710623 3.297200 -9.939613
v -1.700510 3.291801 -9.925321
v -1.699121 3.287659 -9.907527
v -1.706828 3.285885 -9.891000
v -1.721567 3.286954 -9.880168
v -1.739387 3.290579 -9.877934
v -1.755514 3.295789 -9.884895
vn -0.6180 0.7442 -0.2535
vn -0.6407 0.7292 -0.2403
vn -0.4583 0.8603 0.2231
vn -0.4347 0.8759 0.2093
vn -0.6373 0.4147 -0.6495
vn -0.6531 0.4043 -0.6403
vn -0.4868 -0.0261 -0.8731
vn -0.4914 -0.0289 -0.8704
vn -0.2054 -0.4610 -0.8633
vn -0.1978 -0.4555 -0.8680
vn 0.1317 -0.7726 -0.6210
vn 0.1497 -0.7604 -0.6319
vn 0.4337 -0.8760 -0.2109
vn 0.4573 -0.8605 -0.2248
vn 0.6186 -0.7427 0.2564
vn 0.6413 -0.7276 0.2434
vn 0.6363 -0.4089 0.6542
vn 0.6518 -0.3982 0.6454
vn 0.4826 0.0346 0.8752
vn 0.4867 0.0378 0.8728
vn 0.1997 0.4679 0.8609
vn 0.1914 0.4627 0.8656
vn -0.1359 0.7752 0.6169
vn -0.1542 0.7632 0.6275
vn -0.6864 0.6954 -0.2128
vn -0.5061 0.8250 0.2516
vn -0.6848 0.3811 -0.6211
vn -0.5008 -0.0353 -0.8648
vn -0.1822 -0.4434 -0.8776
vn 0.1862 -0.7331 -0.6541
vn 0.5049 -0.8252 -0.2534
vn 0.6870 -0.6937 0.2162
vn 0.6831 -0.3747 0.6269
vn 0.4951 0.0446 0.8677
vn 0.1748 0.4509 0.8753
vn -0.1914 0.7359 0.6495
vn -0.7334 0.6547 -0.1832
vn -0.5551 0.7824 0.2822
vn -0.7174 0.3532 -0.6005
vn -0.5104 -0.0430 -0.8589
vn -0.1662 -0.4288 -0.8880
vn 0.2237 -0.7002 -0.6780
vn 0.5538 -0.7827 -0.2841
vn 0.7339 -0.6530 0.1870
vn 0.7152 -0.3466 0.6070
vn 0.5035 0.0526 0.8624
vn 0.1575 0.4365 0.8858
vn -0.2296 0.7030 0.6731
vn -0.7808 0.6061 -0.1518
vn -0.6047 0.7316 0.3148
vn -0.7502 0.3199 -0.5787
vn -0.5200 -0.0521 -0.8526
vn -0.1499 -0.4114 -0.8991
vn 0.2617 -0.6609 -0.7034
vn 0.6033 -0.7320 -0.3168
vn 0.7813 -0.6044 0.1560
vn 0.7474 -0.3131 0.5860
vn 0.5119 0.0619 0.8568
vn 0.1398 0.4191 0.8971
vn -0.2684 0.6635 0.6983
vn -0.8274 0.5489 -0.1189
vn -0.6536 0.6716 0.3490
vn -0.7825 0.2807 -0.5558
vn -0.5293 -0.0628 -0.8461
vn -0.1337 -0.3907 -0.9108
vn 0.2993 -0.6144 -0.7301
vn 0.6520 -0.6720 -0.3510
vn 0.8279 -0.5471 0.1236
vn 0.7790 -0.2739 0.5641
vn 0.5199 0.0725 0.8512
vn 0.1222 0.3982 0.9091
vn -0.3068 0.6168 0.7249
vn -0.8719 0.4823 -0.0851
vn -0.7002 0.6017 0.3842
vn -0.8131 0.2352 -0.5324
vn -0.5381 -0.0751 -0.8395
vn -0.1181 -0.3665 -0.9229
vn 0.3352 -0.5601 -0.7576
vn 0.6986 -0.6022 -0.3863
vn 0.8723 -0.4805 0.0902
vn 0.8089 -0.2285 0.5417
vn 0.5272 0.0844 0.8455
vn 0.1052 0.3735 0.9216
vn -0.3435 0.5622 0.7523
vn -0.9123 0.4064 -0.0512
vn -0.7428 0.5218 0.4196
vn -0.8409 0.1834 -0.5091
vn -0.5460 -0.0890 -0.8331
vn -0.1038 -0.3386 -0.9352
vn 0.3681 -0.4979 -0.7853
vn 0.7411 -0.5223 -0.4217
vn 0.9127 -0.4046 0.0568
vn 0.8361 -0.1771 0.5193
vn 0.5337 0.0975 0.8400
vn 0.0894 0.3449 0.9344
vn -0.3771 0.4996 0.7799
vn -0.9467 0.3217 -0.0185
vn -0.7790 0.4325 0.4539
vn -0.8645 0.1258 -0.4866
vn -0.5525 -0.1041 -0.8270
vn -0.0913 -0.3072 -0.9473
vn 0.3962 -0.4281 -0.8122
vn 0.7774 -0.4330 -0.4562
vn 0.9471 -0.3200 0.0244
vn 0.8590 -0.1201 0.4976
vn 0.5391 0.1116 0.8348
vn 0.0759 0.3123 0.9469
vn -0.4058 0.4293 0.8069
vn -0.9732 0.2299 0.0120
vn -0.8070 0.3353 0.4860
vn -0.8826 0.0636 -0.4659
vn -0.5573 -0.1202 -0.8215
vn -0.0816 -0.2725 -0.9587
vn 0.4181 -0.3519 -0.8375
vn 0.8055 -0.3358 -0.4883
vn 0.9736 -0.2282 -0.0058
vn 0.8766 -0.0587 0.4776
vn 0.5430 0.1261 0.8302
vn 0.0653 0.2763 0.9589
vn -0.4280 0.3524 0.8322
vn -0.9903 0.1332 0.0390
vn -0.8252 0.2327 0.5146
vn -0.8942 -0.0016 -0.4477
vn -0.5603 -0.1365 -0.8170
vn -0.0750 -0.2353 -0.9690
vn 0.4325 -0.2710 -0.8599
vn 0.8238 -0.2331 -0.5168
vn 0.9908 -0.1316 -0.0325
vn 0.8880 0.0055 0.4598
vn 0.5455 0.1407 0.8262
vn 0.0583 0.2375 0.9696
vn -0.4425 0.2709 0.8549
vn -0.9975 0.0347 0.0614
vn -0.8329 0.1278 0.5385
vn -0.8990 -0.0676 -0.4327
vn -0.5614 -0.1524 -0.8134
vn -0.0720 -0.1966 -0.9778
vn 0.4387 -0.1878 -0.8788
vn 0.8315 -0.1279 -0.5406
vn 0.9979 -0.0332 -0.0548
vn 0.8927 0.0704 0.4450
vn 0.5467 0.1546 0.8230
vn 0.0555 0.1971 0.9788
vn -0.4485 0.1871 0.8740
vn -0.9949 -0.0623 0.0787
vn -0.8300 0.0238 0.5572
vn -0.8972 -0.1322 -0.4213
vn -0.5608 -0.1671 -0.8109
vn -0.0728 -0.1573 -0.9849
vn 0.4367 -0.1049 -0.8935
vn 0.8288 -0.0238 -0.5590
vn 0.9954 0.0637 -0.0721
vn 0.8911 0.1338 0.4336
vn 0.5465 0.1675 0.8205
vn 0.0569 0.1564 0.9861
vn -0.4461 0.1037 0.8890
vn -0.9837 -0.1550 0.0907
vn -0.8179 -0.0760 0.5703
vn -0.8897 -0.1932 -0.4136
vn -0.5588 -0.1801 -0.8095
vn -0.0770 -0.1186 -0.9899
vn 0.4273 -0.0247 -0.9038
vn 0.8168 0.0761 -0.5719
vn 0.9841 0.1562 -0.0843
vn 0.8840 0.1938 0.4255
vn 0.5455 0.1789 0.8188
vn 0.0622 0.1163 0.9913
vn -0.4360 0.0231 0.8996
vn -0.9656 -0.2410 0.0978
vn -0.7981 -0.1692 0.5783
vn -0.8777 -0.2492 -0.4093
vn -0.5561 -0.1910 -0.8089
vn -0.0843 -0.0813 -0.9931
vn 0.4117 0.0508 -0.9099
vn 0.7971 0.1694 -0.5796
vn 0.9659 0.2420 -0.0916
vn 0.8725 0.2488 0.4205
vn 0.5439 0.1885 0.8177
vn 0.0708 0.0780 0.9944
vn -0.4196 -0.0527 0.9062
vn -0.9425 -0.3188 0.1006
vn -0.7727 -0.2542 0.5816
vn -0.8627 -0.2990 -0.4078
vn -0.5531 -0.1996 -0.8089
vn -0.0942 -0.0461 -0.9945
vn 0.3915 0.1203 -0.9123
vn 0.7719 0.2545 -0.5826
vn 0.9428 0.3195 -0.0946
vn 0.8581 0.2979 0.4183
vn 0.5422 0.1960 0.8171
vn 0.0821 0.0422 0.9957
vn -0.3985 -0.1224 0.9090
vn -0.9164 -0.3877 0.0999
vn -0.7438 -0.3302 0.5812
vn -0.8461 -0.3424 -0.4085
vn -0.5502 -0.2057 -0.8093
vn -0.1059 -0.0134 -0.9943
vn 0.3681 0.1832 -0.9116
vn 0.7431 0.3305 -0.5818
vn 0.9168 0.3881 -0.0942
vn 0.8421 0.3406 0.4182
vn 0.5407 0.2016 0.8167
vn 0.0954 0.0090 0.9954
vn -0.3742 -0.1853 0.9086
vn -0.8890 -0.4476 0.0965
vn -0.7131 -0.3971 0.5777
vn -0.8290 -0.3793 -0.4109
vn -0.5478 -0.2096 -0.8099
vn -0.1190 0.0167 -0.9928
vn 0.3429 0.2392 -0.9084
vn 0.7127 0.3973 -0.5781
vn 0.8895 0.4478 -0.0912
vn 0.8256 0.3771 0.4197
vn 0.5396 0.2051 0.8165
vn 0.1099 -0.0212 0.9937
vn -0.3481 -0.2413 0.9059
vn -0.8619 -0.4988 0.0913
vn -0.6823 -0.4551 0.5722
vn -0.8126 -0.4099 -0.4143
vn -0.5463 -0.2114 -0.8105
vn -0.1329 0.0443 -0.9901
vn 0.3171 0.2887 -0.9034
vn 0.6820 0.4554 -0.5723
vn 0.8624 0.4988 -0.0864
vn 0.8097 0.4075 0.4223
vn 0.5393 0.2068 0.8163
vn 0.1252 -0.0487 0.9909
vn -0.3215 -0.2907 0.9012
vn -0.8361 -0.5420 0.0850
vn -0.6523 -0.5050 0.5652
vn -0.7975 -0.4348 -0.4183
vn -0.5458 -0.2113 -0.8108
vn -0.1473 0.0695 -0.9867
vn 0.2917 0.3321 -0.8970
vn 0.6523 0.5053 -0.5650
vn 0.8366 0.5419 -0.0804
vn 0.7951 0.4323 0.4254
vn 0.5399 0.2067 0.8159
vn 0.1408 -0.0736 0.9873
vn -0.2952 -0.3338 0.8952
vn -0.8123 -0.5779 0.0782
vn -0.6242 -0.5474 0.5575
vn -0.7843 -0.4545 -0.4223
vn -0.5465 -0.2094 -0.8108
vn -0.1617 0.0924 -0.9825
vn 0.2671 0.3699 -0.8899
vn 0.6243 0.5477 -0.5570
vn 0.8129 0.5777 -0.0739
vn 0.7823 0.4519 0.4287
vn 0.5416 0.2051 0.8153
vn 0.1564 -0.0962 0.9830
vn -0.2700 -0.3713 0.8884
vn -0.7913 -0.6073 0.0714
vn -0.5984 -0.5831 0.5494
vn -0.7733 -0.4695 -0.4261
vn -0.5485 -0.2059 -0.8104
vn -0.1761 0.1134 -0.9778
vn 0.2441 0.4026 -0.8822
vn 0.5987 0.5835 -0.5487
vn 0.7919 0.6069 -0.0673
vn 0.7717 0.4670 0.4317
vn 0.5444 0.2019 0.8142
vn 0.1718 -0.1167 0.9782
vn -0.2462 -0.4038 0.8811
vn -0.7733 -0.6307 0.0650
vn -0.5755 -0.6129 0.5415
vn -0.7649 -0.4802 -0.4294
vn -0.5518 -0.2009 -0.8094
vn -0.1903 0.1327 -0.9727
vn 0.2228 0.4309 -0.8744
vn 0.5760 0.6132 -0.5405
vn 0.7740 0.6303 -0.0611
vn 0.7636 0.4778 0.4343
vn 0.5484 0.1974 0.8126
vn 0.1868 -0.1354 0.9730
vn -0.2243 -0.4318 0.8737
vn -0.7587 -0.6488 0.0592
vn -0.5556 -0.6372 0.5341
vn -0.7592 -0.4870 -0.4318
vn -0.5564 -0.1946 -0.8078
vn -0.2040 0.1504 -0.9673
vn 0.2035 0.4553 -0.8668
vn 0.5564 0.6376 -0.5328
vn 0.7594 0.6483 -0.0556
vn 0.7582 0.4847 0.4361
vn 0.5537 0.1915 0.8104
vn 0.2014 -0.1526 0.9675
vn -0.2044 -0.4557 0.8663
vn -0.7476 -0.6619 0.0546
vn -0.5391 -0.6567 0.5274
vn -0.7563 -0.4901 -0.4333
vn -0.5624 -0.1868 -0.8055
vn -0.2173 0.1669 -0.9617
vn 0.1865 0.4760 -0.8594
vn 0.5401 0.6571 -0.5259
vn 0.7483 0.6614 -0.0512
vn 0.7555 0.4881 0.4370
vn 0.5603 0.1843 0.8075
vn 0.2154 -0.1685 0.9619
vn -0.1868 -0.4761 0.8593
vn -0.7402 -0.6705 0.0512
vn -0.5260 -0.6716 0.5218
vn -0.7564 -0.4899 -0.4335
vn -0.5697 -0.1778 -0.8024
vn -0.2300 0.1823 -0.9560
vn 0.1717 0.4935 -0.8526
vn 0.5272 0.6720 -0.5201
vn 0.7409 0.6699 -0.0480
vn 0.7557 0.4881 0.4366
vn 0.5682 0.1758 0.8039
vn 0.2289 -0.1833 0.9560
vn -0.1714 -0.4933 0.8528
vn -0.7365 -0.6746 0.0493
vn -0.5165 -0.6822 0.5175
vn -0.7593 -0.4863 -0.4324
vn -0.5784 -0.1673 -0.7984
vn -0.2421 0.1968 -0.9501
vn 0.1594 0.5080 -0.8465
vn 0.5179 0.6827 -0.5155
vn 0.7372 0.6740 -0.0463
vn 0.7589 0.4848 0.4349
vn 0.5774 0.1660 0.7994
vn 0.2417 -0.1971 0.9501
vn -0.1585 -0.5074 0.8470
vn -0.7366 -0.6745 0.0493
vn -0.5106 -0.6888 0.5147
vn -0.7652 -0.4794 -0.4296
vn -0.5884 -0.1555 -0.7935
vn -0.2535 0.2104 -0.9442
vn 0.1496 0.5196 -0.8412
vn 0.5122 0.6892 -0.5124
vn 0.7374 0.6739 -0.0465
vn 0.7649 0.4782 0.4316
vn 0.5879 0.1547 0.7940
vn 0.2538 -0.2100 0.9442
vn -0.1481 -0.5187 0.8421
vn -0.7405 -0.6701 0.0513
vn -0.5083 -0.6912 0.5137
vn -0.7740 -0.4692 -0.4251
vn -0.5997 -0.1420 -0.7875
vn -0.2641 0.2233 -0.9383
vn 0.1423 0.5285 -0.8370
vn 0.5102 0.6917 -0.5111
vn 0.7412 0.6695 -0.0487
vn 0.7738 0.4682 0.4265
vn 0.5996 0.1420 0.7876
vn 0.2652 -0.2222 0.9382
vn -0.1402 -0.5272 0.8381
vn -0.7480 -0.6613 0.0556
vn -0.5096 -0.6895 0.5146
vn -0.7857 -0.4554 -0.4187
vn -0.6120 -0.1270 -0.7806
vn -0.2739 0.2355 -0.9325
vn 0.1375 0.5345 -0.8339
vn 0.5118 0.6900 -0.5118
vn 0.7488 0.6606 -0.0531
vn 0.7856 0.4548 0.4196
vn 0.6125 0.1276 0.7801
vn 0.2759 -0.2338 0.9323
vn -0.1348 -0.5329 0.8354
vn -0.7592 -0.6479 0.0623
vn -0.5144 -0.6835 0.5178
vn -0.7999 -0.4379 -0.4102
vn -0.6254 -0.1102 -0.7724
vn -0.2829 0.2471 -0.9268
vn 0.1354 0.5377 -0.8322
vn 0.5170 0.6839 -0.5148
vn 0.7600 0.6472 -0.0600
vn 0.7999 0.4377 0.4105
vn 0.6264 0.1114 0.7715
vn 0.2856 -0.2447 0.9266
vn -0.1319 -0.5358 0.8340
vn -0.7737 -0.6295 0.0717
vn -0.5226 -0.6730 0.5234
vn -0.8166 -0.4166 -0.3996
vn -0.6397 -0.0914 -0.7632
vn -0.2908 0.2580 -0.9213
vn 0.1358 0.5378 -0.8320
vn 0.5255 0.6733 -0.5201
vn 0.7744 0.6288 -0.0696
vn 0.8167 0.4167 0.3992
vn 0.6412 0.0934 0.7617
vn 0.2944 -0.2551 0.9210
vn -0.1315 -0.5357 0.8341
vn -0.7911 -0.6059 0.0839
vn -0.5338 -0.6576 0.5316
vn -0.8353 -0.3910 -0.3866
vn -0.6544 -0.0707 -0.7528
vn -0.2977 0.2683 -0.9162
vn 0.1385 0.5348 -0.8336
vn 0.5370 0.6578 -0.5281
vn 0.7918 0.6052 -0.0821
vn 0.8355 0.3914 0.3857
vn 0.6566 0.0733 0.7507
vn 0.3022 -0.2648 0.9157
vn -0.1334 -0.5324 0.8359
vn -0.8109 -0.5768 0.0990
vn -0.5477 -0.6370 0.5424
vn -0.8555 -0.3610 -0.3713
vn -0.6694 -0.0479 -0.7414
vn -0.3034 0.2777 -0.9115
vn 0.1434 0.5282 -0.8369
vn 0.5511 0.6372 -0.5388
vn 0.8115 0.5762 -0.0974
vn 0.8558 0.3618 0.3698
vn 0.6722 0.0510 0.7386
vn 0.3090 -0.2737 0.9108
vn -0.1375 -0.5258 0.8394
vn -0.8323 -0.5419 0.1169
vn -0.5635 -0.6111 0.5560
vn -0.8765 -0.3264 -0.3539
vn -0.6842 -0.0230 -0.7290
vn -0.3080 0.2862 -0.9073
vn 0.1500 0.5180 -0.8421
vn 0.5672 0.6111 -0.5521
vn 0.8329 0.5413 -0.1155
vn 0.8769 0.3276 0.3517
vn 0.6876 0.0266 0.7256
vn 0.3146 -0.2819 0.9064
vn -0.1433 -0.5156 0.8448
vn -0.8544 -0.5012 0.1373
vn -0.5805 -0.5795 0.5720
vn -0.8975 -0.2874 -0.3346
vn -0.6983 0.0038 -0.7158
vn -0.3115 0.2935 -0.9038
vn 0.1580 0.5039 -0.8492
vn 0.5845 0.5794 -0.5681
vn 0.8549 0.5006 -0.1362
vn 0.8980 0.2889 0.3318
vn 0.7024 0.0002 0.7118
vn 0.3190 -0.2891 0.9026
vn -0.1505 -0.5016 0.8519
vn -0.8761 -0.4548 0.1599
vn -0.5978 -0.5425 0.5902
vn -0.9176 -0.2441 -0.3137
vn -0.7113 0.0324 -0.7022
vn -0.3138 0.2995 -0.9010
vn 0.1668 0.4858 -0.8580
vn 0.6019 0.5422 -0.5863
vn 0.8765 0.4543 -0.1591
vn 0.9183 0.2459 0.3103
vn 0.7160 -0.0281 0.6976
vn 0.3223 -0.2952 0.8994
vn -0.1586 -0.4837 0.8607
vn -0.8964 -0.4032 0.1841
vn -0.6143 -0.5003 0.6102
vn -0.9360 -0.1971 -0.2918
vn -0.7226 0.0621 -0.6884
vn -0.3153 0.3040 -0.8990
vn 0.1756 0.4639 -0.8683
vn 0.6186 0.4998 -0.6063
vn 0.8967 0.4029 -0.1835
vn 0.9367 0.1991 0.2879
vn 0.7279 -0.0579 0.6832
vn 0.3245 -0.2999 0.8971
vn -0.1669 -0.4622 0.8710
vn -0.9141 -0.3474 0.2091
vn -0.6291 -0.4536 0.6312
vn -0.9517 -0.1472 -0.2696
vn -0.7321 0.0926 -0.6749
vn -0.3160 0.3069 -0.8978
vn 0.1837 0.4385 -0.8798
vn 0.6334 0.4530 -0.6274
vn 0.9142 0.3472 -0.2088
vn 0.9526 0.1493 0.2652
vn 0.7378 -0.0885 0.6692
vn 0.3258 -0.3032 0.8955
vn -0.1747 -0.4371 0.8823
vn -0.9284 -0.2885 0.2342
vn -0.6413 -0.4034 0.6526
vn -0.9641 -0.0955 -0.2477
vn -0.7393 0.1230 -0.6620
vn -0.3161 0.3080 -0.8973
vn 0.1906 0.4101 -0.8919
vn 0.6455 0.4027 -0.6490
vn 0.9284 0.2885 -0.2341
vn 0.9651 0.0977 0.2429
vn 0.7454 -0.1192 0.6559
vn 0.3263 -0.3049 0.8948
vn -0.1814 -0.4092 0.8942
vn -0.9387 -0.2281 0.2584
vn -0.6504 -0.3510 0.6736
vn -0.9730 -0.0434 -0.2268
vn -0.7444 0.1528 -0.6501
vn -0.3161 0.3074 -0.8976
vn 0.1957 0.3794 -0.9043
vn 0.6543 0.3502 -0.6702
vn 0.9387 0.2282 -0.2586
vn 0.9740 0.0455 0.2217
vn 0.7505 -0.1494 0.6437
vn 0.3262 -0.3049 0.8948
vn -0.1867 -0.3790 0.9064
vn -0.9450 -0.1675 0.2811
vn -0.6560 -0.2977 0.6936
vn -0.9782 0.0080 -0.2075
vn -0.7473 0.1811 -0.6393
vn -0.3160 0.3051 -0.8984
vn 0.1988 0.3473 -0.9164
vn 0.6596 0.2969 -0.6905
vn 0.9448 0.1678 -0.2815
vn 0.9793 -0.0059 0.2023
vn 0.7535 -0.1782 0.6329
vn 0.3259 -0.3033 0.8954
vn -0.1901 -0.3473 0.9183
vn -0.9472 -0.1085 0.3016
vn -0.6581 -0.2449 0.7119
vn -0.9801 0.0573 -0.1902
vn -0.7484 0.2074 -0.6300
vn -0.3161 0.3014 -0.8996
vn 0.1998 0.3146 -0.9279
vn 0.6615 0.2441 -0.7092
vn 0.9470 0.1088 -0.3022
vn 0.9812 -0.0554 0.1850
vn 0.7544 -0.2051 0.6236
vn 0.3256 -0.3003 0.8966
vn -0.1916 -0.3151 0.9295
vn -0.9460 -0.0521 0.3198
vn -0.6572 -0.1938 0.7284
vn -0.9791 0.1036 -0.1751
vn -0.7480 0.2312 -0.6221
vn -0.3165 0.2964 -0.9011
vn 0.1988 0.2823 -0.9385
vn 0.6602 0.1930 -0.7259
vn 0.9458 0.0525 -0.3206
vn 0.9802 -0.1020 0.1699
vn 0.7537 -0.2295 0.6158
vn 0.3254 -0.2959 0.8981
vn -0.1912 -0.2830 0.9399
vn -0.9420 0.0006 0.3355
vn -0.6537 -0.1453 0.7427
vn -0.9759 0.1463 -0.1622
vn -0.7466 0.2524 -0.6156
vn -0.3173 0.2905 -0.9028
vn 0.1960 0.2509 -0.9480
vn 0.6563 0.1445 -0.7405
vn 0.9417 -0.0002 -0.3364
vn 0.9769 -0.1449 0.1572
vn 0.7519 -0.2512 0.6096
vn 0.3255 -0.2905 0.8998
vn -0.1892 -0.2519 0.9491
vn -0.9360 0.0491 0.3487
vn -0.6482 -0.1000 0.7549
vn -0.9710 0.1849 -0.1515
vn -0.7445 0.2707 -0.6103
vn -0.3185 0.2838 -0.9045
vn 0.1919 0.2209 -0.9562
vn 0.6504 0.0993 -0.7531
vn 0.9356 -0.0486 -0.3497
vn 0.9720 -0.1837 0.1467
vn 0.7493 -0.2700 0.6047
vn 0.3259 -0.2842 0.9017
vn -0.1858 -0.2221 0.9572
vn -0.9285 0.0930 0.3596
vn -0.6413 -0.0584 0.7651
vn -0.9652 0.2193 -0.1428
vn -0.7420 0.2864 -0.6061
vn -0.3201 0.2766 -0.9061
vn 0.1868 0.1928 -0.9633
vn 0.6431 0.0578 -0.7636
vn 0.9281 -0.0926 -0.3607
vn 0.9660 -0.2183 0.1383
vn 0.7464 -0.2860 0.6009
vn 0.3267 -0.2772 0.9035
vn -0.1814 -0.1940 0.9641
vn -0.9243 0.1138 0.3644
vn -0.6374 -0.0385 0.7695
vn -0.9619 0.2354 -0.1388
vn -0.7408 0.2936 -0.6042
vn -0.3211 0.2729 -0.9069
vn 0.1839 0.1793 -0.9665
vn 0.6391 0.0380 -0.7682
vn 0.9239 -0.1134 -0.3656
vn 0.9627 -0.2346 0.1345
vn 0.7448 -0.2933 0.5994
vn 0.3271 -0.2736 0.9045
vn -0.1790 -0.1804 0.9672
vt 0.000000 1.000000
vt 0.000000 0.000000
vt 0.000000 0.083333
vt 0.000000 0.166667
vt 0.000000 0.250000
vt 0.000000 0.333333
vt 0.000000 0.416667
vt 0.000000 0.500000
vt 0.000000 0.583333
vt 0.000000 0.666667
vt 0.000000 0.750000
vt 0.000000 0.833333
vt 0.000000 0.916667
vt 0.021277 1.000000
vt 0.021277 0.000000
vt 0.021277 0.083333
vt 0.021277 0.166667
vt 0.021277 0.250000
vt 0.021277 0.333333
vt 0.021277 0.416667
vt 0.021277 0.500000
vt 0.021277 0.583333
vt 0.021277 0.666667
vt 0.021277 0.750000
vt 0.021277 0.833333
vt 0.021277 0.916667
vt 0.042553 1.000000
vt 0.042553 0.000000
vt 0.042553 0.083333
vt 0.042553 0.166667
vt 0.042553 0.250000
vt 0.042553 0.333333
vt 0.042553 0.416667
vt 0.042553 0.500000
vt 0.042553 0.583333
vt 0.042553 0.666667
vt 0.042553 0.750000
vt 0.042553 0.833333
vt 0.042553 0.916667
vt 0.063830 1.000000
vt 0.063830 0.000000
vt 0.063830 0.083333
vt 0.063830 0.166667
vt 0.063830 0.250000
vt 0.063830 0.333333
vt 0.063830 0.416667
vt 0.063830 0.500000
vt 0.063830 0.583333
vt 0.063830 0.666667
vt 0.063830 0.750000
vt 0.063830 0.833333
vt 0.063830 0.916667
vt 0.085106 1.000000
vt 0.085106 0.000000
vt 0.085106 0.083333
vt 0.085106 0.166667
vt 0.085106 0.250000
vt 0.085106 0.333333
vt 0.085106 0.416667
vt 0.085106 0.500000
vt 0.085106 0.583333
vt 0.085106 0.666667
vt 0.085106 0.750000
vt 0.085106 0.833333
vt 0.085106 0.916667
vt 0.106383 1.000000
vt 0.106383 0.000000
vt 0.106383 0.083333
vt 0.106383 0.166667
vt 0.106383 0.250000
vt 0.106383 0.333333
vt 0.106383 0.416667
vt 0.106383 0.500000
vt 0.106383 0.583333
vt 0.106383 0.666667
vt 0.106383 0.750000
vt 0.106383 0.833333
vt 0.106383 0.916667
vt 0.127660 1.000000
vt 0.127660 0.000000
vt 0.127660 0.083333
vt 0.127660 0.166667
vt 0.127660 0.250000
vt 0.127660 0.333333
vt 0.127660 0.416667
vt 0.127660 0.500000
vt 0.127660 0.583333
vt 0.127660 0.666667
vt 0.127660 0.750000
vt 0.127660 0.833333
vt 0.127660 0.916667
vt 0.148936 1.000000
vt 0.148936 0.000000
vt 0.148936 0.083333
vt 0.148936 0.166667
vt 0.148936 0.250000
vt 0.148936 0.333333
vt 0.148936 0.416667
vt 0.148936 0.500000
vt 0.148936 0.583333
vt 0.148936 0.666667
vt 0.148936 0.750000
vt 0.148936 0.833333
vt 0.148936 0.916667
vt 0.170213 1.000000
vt 0.170213 0.000000
vt 0.170213 0.083333
vt 0.170213 0.166667
vt 0.170213 0.250000
vt 0.170213 0.333333
vt 0.170213 0.416667
vt 0.170213 0.500000
vt 0.170213 0.583333
vt 0.170213 0.666667
vt 0.170213 0.750000
vt 0.170213 0.833333
vt 0.170213 0.916667
vt 0.191489 1.000000
vt 0.191489 0.000000
vt 0.191489 0.083333
vt 0.191489 0.166667
vt 0.191489 0.250000
vt 0.191489 0.333333
vt 0.191489 0.416667
vt 0.191489 0.500000
vt 0.191489 0.583333
vt 0.191489 0.666667
vt 0.191489 0.750000
vt 0.191489 0.833333
vt 0.191489 0.916667
vt 0.212766 1.000000
vt 0.212766 0.000000
vt 0.212766 0.083333
vt 0.212766 0.166667
vt 0.212766 0.250000
vt 0.212766 0.333333
vt 0.212766 0.416667
vt 0.212766 0.500000
vt 0.212766 0.583333
vt 0.212766 0.666667
vt 0.212766 0.750000
vt 0.212766 0.833333
vt 0.212766 0.916667
vt 0.234043 1.000000
vt 0.234043 0.000000
vt 0.234043 0.083333
vt 0.234043 0.166667
vt 0.234043 0.250000
vt 0.234043 0.333333
vt 0.234043 0.416667
vt 0.234043 0.500000
vt 0.234043 0.583333
vt 0.234043 0.666667
vt 0.234043 0.750000
vt 0.234043 0.833333
vt 0.234043 0.916667
vt 0.255319 1.000000
vt 0.255319 0.000000
vt 0.255319 0.083333
vt 0.255319 0.166667
vt 0.255319 0.250000
vt 0.255319 0.333333
vt 0.255319 0.416667
vt 0.255319 0.500000
vt 0.255319 0.583333
vt 0.255319 0.666667
vt 0.255319 0.750000
vt 0.255319 0.833333
vt 0.255319 0.916667
vt 0.276596 1.000000
vt 0.276596 0.000000
vt 0.276596 0.083333
vt 0.276596 0.166667
vt 0.276596 0.250000
vt 0.276596 0.333333
vt 0.276596 0.416667
vt 0.276596 0.500000
vt 0.276596 0.583333
vt 0.276596 0.666667
vt 0.276596 0.750000
vt 0.276596 0.833333
vt 0.276596 0.916667
vt 0.297872 1.000000
vt 0.297872 0.000000
vt 0.297872 0.083333
vt 0.297872 0.166667
vt 0.297872 0.250000
vt 0.297872 0.333333
vt 0.297872 0.416667
vt 0.297872 0.500000
vt 0.297872 0.583333
vt 0.297872 0.666667
vt 0.297872 0.750000
vt 0.297872 0.833333
vt 0.297872 0.916667
vt 0.319149 1.000000
vt 0.319149 0.000000
vt 0.319149 0.083333
vt 0.319149 0.166667
vt 0.319149 0.250000
vt 0.319149 0.333333
vt 0.319149 0.416667
vt 0.319149 0.500000
vt 0.319149 0.583333
vt 0.319149 0.666667
vt 0.319149 0.750000
vt 0.319149 0.833333
vt 0.319149 0.916667
vt 0.340426 1.000000
vt 0.340426 0.000000
vt 0.340426 0.083333
vt 0.340426 0.166667
vt 0.340426 0.250000
vt 0.340426 0.333333
vt 0.340426 0.416667
vt 0.340426 0.500000
vt 0.340426 0.583333
vt 0.340426 0.666667
vt 0.340426 0.750000
vt 0.340426 0.833333
vt 0.340426 0.916667
vt 0.361702 1.000000
vt 0.361702 0.000000
vt 0.361702 0.083333
vt 0.361702 0.166667
vt 0.361702 0.250000
vt 0.361702 0.333333
vt 0.361702 0.416667
vt 0.361702 0.500000
vt 0.361702 0.583333
vt 0.361702 0.666667
vt 0.361702 0.750000
vt 0.361702 0.833333
vt 0.361702 0.916667
vt 0.382979 1.000000
vt 0.382979 0.000000
vt 0.382979 0.083333
vt 0.382979 0.166667
vt 0.382979 0.250000
vt 0.382979 0.333333
vt 0.382979 0.416667
vt 0.382979 0.500000
vt 0.382979 0.583333
vt 0.382979 0.666667
vt 0.382979 0.750000
vt 0.382979 0.833333
vt 0.382979 0.916667
vt 0.404255 1.000000
vt 0.404255 0.000000
vt 0.404255 0.083333
vt 0.404255 0.166667
vt 0.404255 0.250000
vt 0.404255 0.333333
vt 0.404255 0.416667
vt 0.404255 0.500000
vt 0.404255 0.583333
vt 0.404255 0.666667
vt 0.404255 0.750000
vt 0.404255 0.833333
vt 0.404255 0.916667
vt 0.425532 1.000000
vt 0.425532 0.000000
vt 0.425532 0.083333
vt 0.425532 0.166667
vt 0.425532 0.250000
vt 0.425532 0.333333
vt 0.425532 0.416667
vt 0.425532 0.500000
vt 0.425532 0.583333
vt 0.425532 0.666667
vt 0.425532 0.750000
vt 0.425532 0.833333
vt 0.425532 0.916667
vt 0.446809 1.000000
vt 0.446809 0.000000
vt 0.446809 0.083333
vt 0.446809 0.166667
vt 0.446809 0.250000
vt 0.446809 0.333333
vt 0.446809 0.416667
vt 0.446809 0.500000
vt 0.446809 0.583333
vt 0.446809 0.666667
vt 0.446809 0.750000
vt 0.446809 0.833333
vt 0.446809 0.916667
vt 0.468085 1.000000
vt 0.468085 0.000000
vt 0.468085 0.083333
vt 0.468085 0.166667
vt 0.468085 0.250000
vt 0.468085 0.333333
vt 0.468085 0.416667
vt 0.468085 0.500000
vt 0.468085 0.583333
vt 0.468085 0.666667
vt 0.468085 0.750000
vt 0.468085 0.833333
vt 0.468085 0.916667
vt 0.489362 1.000000
vt 0.489362 0.000000
vt 0.489362 0.083333
vt 0.489362 0.166667
vt 0.489362 0.250000
vt 0.489362 0.333333
vt 0.489362 0.416667
vt 0.489362 0.500000
vt 0.489362 0.583333
vt 0.489362 0.666667
vt 0.489362 0.750000
vt 0.489362 0.833333
vt 0.489362 0.916667
vt 0.510638 1.000000
vt 0.510638 0.000000
vt 0.510638 0.083333
vt 0.510638 0.166667
vt 0.510638 0.250000
vt 0.510638 0.333333
vt 0.510638 0.416667
vt 0.510638 0.500000
vt 0.510638 0.583333
vt 0.510638 0.666667
vt 0.510638 0.750000
vt 0.510638 0.833333
vt 0.510638 0.916667
vt 0.531915 1.000000
vt 0.531915 0.000000
vt 0.531915 0.083333
vt 0.531915 0.166667
vt 0.531915 0.250000
vt 0.531915 0.333333
vt 0.531915 0.416667
vt 0.531915 0.500000
vt 0.531915 0.583333
vt 0.531915 0.666667
vt 0.531915 0.750000
vt 0.531915 0.833333
vt 0.531915 0.916667
vt 0.553191 1.000000
vt 0.553191 0.000000
vt 0.553191 0.083333
vt 0.553191 0.166667
vt 0.553191 0.250000
vt 0.553191 0.333333
vt 0.553191 0.416667
vt 0.553191 0.500000
vt 0.553191 0.583333
vt 0.553191 0.666667
vt 0.553191 0.750000
vt 0.553191 0.833333
vt 0.553191 0.916667
vt 0.574468 1.000000
vt 0.574468 0.000000
vt 0.574468 0.083333
vt 0.574468 0.166667
vt 0.574468 0.250000
vt 0.574468 0.333333
vt 0.574468 0.416667
vt 0.574468 0.500000
vt 0.574468 0.583333
vt 0.574468 0.666667
vt 0.574468 0.750000
vt 0.574468 0.833333
vt 0.574468 0.916667
vt 0.595745 1.000000
vt 0.595745 0.000000
vt 0.595745 0.083333
vt 0.595745 0.166667
vt 0.595745 0.250000
vt 0.595745 0.333333
vt 0.595745 0.416667
vt 0.595745 0.500000
vt 0.595745 0.583333
vt 0.595745 0.666667
vt 0.595745 0.750000
vt 0.595745 0.833333
vt 0.595745 0.916667
vt 0.617021 1.000000
vt 0.617021 0.000000
vt 0.617021 0.083333
vt 0.617021 0.166667
vt 0.617021 0.250000
vt 0.617021 0.333333
vt 0.617021 0.416667
vt 0.617021 0.500000
vt 0.617021 0.583333
vt 0.617021 0.666667
vt 0.617021 0.750000
vt 0.617021 0.833333
vt 0.617021 0.916667
vt 0.638298 1.000000
vt 0.638298 0.000000
vt 0.638298 0.083333
vt 0.638298 0.166667
vt 0.638298 0.250000
vt 0.638298 0.333333
vt 0.638298 0.416667
vt 0.638298 0.500000
vt 0.638298 0.583333
vt 0.638298 0.666667
vt 0.638298 0.750000
vt 0.638298 0.833333
vt 0.638298 0.916667
vt 0.659574 1.000000
vt 0.659574 0.000000
vt 0.659574 0.083333
vt 0.659574 0.166667
vt 0.659574 0.250000
vt 0.659574 0.333333
vt 0.659574 0.416667
vt 0.659574 0.500000
vt 0.659574 0.583333
vt 0.659574 0.666667
vt 0.659574 0.750000
vt 0.659574 0.833333
vt 0.659574 0.916667
vt 0.680851 1.000000
vt 0.680851 0.000000
vt 0.680851 0.083333
vt 0.680851 0.166667
vt 0.680851 0.250000
vt 0.680851 0.333333
vt 0.680851 0.416667
vt 0.680851 0.500000
vt 0.680851 0.583333
vt 0.680851 0.666667
vt 0.680851 0.750000
vt 0.680851 0.833333
vt 0.680851 0.916667
vt 0.702128 1.000000
vt 0.702128 0.000000
vt 0.702128 0.083333
vt 0.702128 0.166667
vt 0.702128 0.250000
vt 0.702128 0.333333
vt 0.702128 0.416667
vt 0.702128 0.500000
vt 0.702128 0.583333
vt 0.702128 0.666667
vt 0.702128 0.750000
vt 0.702128 0.833333
vt 0.702128 0.916667
vt 0.723404 1.000000
vt 0.723404 0.000000
vt 0.723404 0.083333
vt 0.723404 0.166667
vt 0.723404 0.250000
vt 0.723404 0.333333
vt 0.723404 0.416667
vt 0.723404 0.500000
vt 0.723404 0.583333
vt 0.723404 0.666667
vt 0.723404 0.750000
vt 0.723404 0.833333
vt 0.723404 0.916667
vt 0.744681 1.000000
vt 0.744681 0.000000
vt 0.744681 0.083333
vt 0.744681 0.166667
vt 0.744681 0.250000
vt 0.744681 0.333333
vt 0.744681 0.416667
vt 0.744681 0.500000
vt 0.744681 0.583333
vt 0.744681 0.666667
vt 0.744681 0.750000
vt 0.744681 0.833333
vt 0.744681 0.916667
vt 0.765957 1.000000
vt 0.765957 0.000000
vt 0.765957 0.083333
vt 0.765957 0.166667
vt 0.765957 0.250000
vt 0.765957 0.333333
vt 0.765957 0.416667
vt 0.765957 0.500000
vt 0.765957 0.583333
vt 0.765957 0.666667
vt 0.765957 0.750000
vt 0.765957 0.833333
vt 0.765957 0.916667
vt 0.787234 1.000000
vt 0.787234 0.000000
vt 0.787234 0.083333
vt 0.787234 0.166667
vt 0.787234 0.250000
vt 0.787234 0.333333
vt 0.787234 0.416667
vt 0.787234 0.500000
vt 0.787234 0.583333
vt 0.787234 0.666667
vt 0.787234 0.750000
vt 0.787234 0.833333
vt 0.787234 0.916667
vt 0.808511 1.000000
vt 0.808511 0.000000
vt 0.808511 0.083333
vt 0.808511 0.166667
vt 0.808511 0.250000
vt 0.808511 0.333333
vt 0.808511 0.416667
vt 0.808511 0.500000
vt 0.808511 0.583333
vt 0.808511 0.666667
vt 0.808511 0.750000
vt 0.808511 0.833333
vt 0.808511 0.916667
vt 0.829787 1.000000
vt 0.829787 0.000000
vt 0.829787 0.083333
vt 0.829787 0.166667
vt 0.829787 0.250000
vt 0.829787 0.333333
vt 0.829787 0.416667
vt 0.829787 0.500000
vt 0.829787 0.583333
vt 0.829787 0.666667
vt 0.829787 0.750000
vt 0.829787 0.833333
vt 0.829787 0.916667
vt 0.851064 1.000000
vt 0.851064 0.000000
vt 0.851064 0.083333
vt 0.851064 0.166667
vt 0.851064 0.250000
vt 0.851064 0.333333
vt 0.851064 0.416667
vt 0.851064 0.500000
vt 0.851064 0.583333
vt 0.851064 0.666667
vt 0.851064 0.750000
vt 0.851064 0.833333
vt 0.851064 0.916667
vt 0.872340 1.000000
vt 0.872340 0.000000
vt 0.872340 0.083333
vt 0.872340 0.166667
vt 0.872340 0.250000
vt 0.872340 0.333333
vt 0.872340 0.416667
vt 0.872340 0.500000
vt 0.872340 0.583333
vt 0.872340 0.666667
vt 0.872340 0.750000
vt 0.872340 0.833333
vt 0.872340 0.916667
vt 0.893617 1.000000
vt 0.893617 0.000000
vt 0.893617 0.083333
vt 0.893617 0.166667
vt 0.893617 0.250000
vt 0.893617 0.333333
vt 0.893617 0.416667
vt 0.893617 0.500000
vt 0.893617 0.583333
vt 0.893617 0.666667
vt 0.893617 0.750000
vt 0.893617 0.833333
vt 0.893617 0.916667
vt 0.914894 1.000000
vt 0.914894 0.000000
vt 0.914894 0.083333
vt 0.914894 0.166667
vt 0.914894 0.250000
vt 0.914894 0.333333
vt 0.914894 0.416667
vt 0.914894 0.500000
vt 0.914894 0.583333
vt 0.914894 0.666667
vt 0.914894 0.750000
vt 0.914894 0.833333
vt 0.914894 0.916667
vt 0.936170 1.000000
vt 0.936170 0.000000
vt 0.936170 0.083333
vt 0.936170 0.166667
vt 0.936170 0.250000
vt 0.936170 0.333333
vt 0.936170 0.416667
vt 0.936170 0.500000
vt 0.936170 0.583333
vt 0.936170 0.666667
vt 0.936170 0.750000
vt 0.936170 0.833333
vt 0.936170 0.916667
vt 0.957447 1.000000
vt 0.957447 0.000000
vt 0.957447 0.083333
vt 0.957447 0.166667
vt 0.957447 0.250000
vt 0.957447 0.333333
vt 0.957447 0.416667
vt 0.957447 0.500000
vt 0.957447 0.583333
vt 0.957447 0.666667
vt 0.957447 0.750000
vt 0.957447 0.833333
vt 0.957447 0.916667
vt 0.978723 1.000000
vt 0.978723 0.000000
vt 0.978723 0.083333
vt 0.978723 0.166667
vt 0.978723 0.250000
vt 0.978723 0.333333
vt 0.978723 0.416667
vt 0.978723 0.500000
vt 0.978723 0.583333
vt 0.978723 0.666667
vt 0.978723 0.750000
vt 0.978723 0.833333
vt 0.978723 0.916667
vt 1.000000 1.000000
vt 1.000000 0.000000
vt 1.000000 0.083333
vt 1.000000 0.166667
vt 1.000000 0.250000
vt 1.000000 0.333333
vt 1.000000 0.416667
vt 1.000000 0.500000
vt 1.000000 0.583333
vt 1.000000 0.666667
vt 1.000000 0.750000
vt 1.000000 0.833333
vt 1.000000 0.916667
s 1
usemtl Material.023
f 780/1115/594 792/1128/595 803/1140/596 791/1127/597
f 781/1117/598 793/1130/599 792/1129/595 780/1116/594
f 782/1118/600 794/1131/601 793/1130/599 781/1117/598
f 783/1119/602 795/1132/603 794/1131/601 782/1118/600
f 784/1120/604 796/1133/605 795/1132/603 783/1119/602
f 785/1121/606 797/1134/607 796/1133/605 784/1120/604
f 786/1122/608 798/1135/609 797/1134/607 785/1121/606
f 787/1123/610 799/1136/611 798/1135/609 786/1122/608
f 788/1124/612 800/1137/613 799/1136/611 787/1123/610
f 789/1125/614 801/1138/615 800/1137/613 788/1124/612
f 790/1126/616 802/1139/617 801/1138/615 789/1125/614
f 791/1127/597 803/1140/596 802/1139/617 790/1126/616
f 792/1128/595 804/1141/618 815/1153/619 803/1140/596
f 793/1130/599 805/1143/620 804/1142/618 792/1129/595
f 794/1131/601 806/1144/621 805/1143/620 793/1130/599
f 795/1132/603 807/1145/622 806/1144/621 794/1131/601
f 796/1133/605 808/1146/623 807/1145/622 795/1132/603
f 797/1134/607 809/1147/624 808/1146/623 796/1133/605
f 798/1135/609 810/1148/625 809/1147/624 797/1134/607
f 799/1136/611 811/1149/626 810/1148/625 798/1135/609
f 800/1137/613 812/1150/627 811/1149/626 799/1136/611
f 801/1138/615 813/1151/628 812/1150/627 800/1137/613
f 802/1139/617 814/1152/629 813/1151/628 801/1138/615
f 803/1140/596 815/1153/619 814/1152/629 802/1139/617
f 804/1141/618 816/1154/630 827/1166/631 815/1153/619
f 805/1143/620 817/1156/632 816/1155/630 804/1142/618
f 806/1144/621 818/1157/633 817/1156/632 805/1143/620
f 807/1145/622 819/1158/634 818/1157/633 806/1144/621
f 808/1146/623 820/1159/635 819/1158/634 807/1145/622
f 809/1147/624 821/1160/636 820/1159/635 808/1146/623
f 810/1148/625 822/1161/637 821/1160/636 809/1147/624
f 811/1149/626 823/1162/638 822/1161/637 810/1148/625
f 812/1150/627 824/1163/639 823/1162/638 811/1149/626
f 813/1151/628 825/1164/640 824/1163/639 812/1150/627
f 814/1152/629 826/1165/641 825/1164/640 813/1151/628
f 815/1153/619 827/1166/631 826/1165/641 814/1152/629
f 816/1154/630 828/1167/642 839/1179/643 827/1166/631
f 817/1156/632 829/1169/644 828/1168/642 816/1155/630
f 818/1157/633 830/1170/645 829/1169/644 817/1156/632
f 819/1158/634 831/1171/646 830/1170/645 818/1157/633
f 820/1159/635 832/1172/647 831/1171/646 819/1158/634
f 821/1160/636 833/1173/648 832/1172/647 820/1159/635
f 822/1161/637 834/1174/649 833/1173/648 821/1160/636
f 823/1162/638 835/1175/650 834/1174/649 822/1161/637
f 824/1163/639 836/1176/651 835/1175/650 823/1162/638
f 825/1164/640 837/1177/652 836/1176/651 824/1163/639
f 826/1165/641 838/1178/653 837/1177/652 825/1164/640
f 827/1166/631 839/1179/643 838/1178/653 826/1165/641
f 828/1167/642 840/1180/654 851/1192/655 839/1179/643
f 829/1169/644 841/1182/656 840/1181/654 828/1168/642
f 830/1170/645 842/1183/657 841/1182/656 829/1169/644
f 831/1171/646 843/1184/658 842/1183/657 830/1170/645
f 832/1172/647 844/1185/659 843/1184/658 831/1171/646
f 833/1173/648 845/1186/660 844/1185/659 832/1172/647
f 834/1174/649 846/1187/661 845/1186/660 833/1173/648
f 835/1175/650 847/1188/662 846/1187/661 834/1174/649
f 836/1176/651 848/1189/663 847/1188/662 835/1175/650
f 837/1177/652 849/1190/664 848/1189/663 836/1176/651
f 838/1178/653 850/1191/665 849/1190/664 837/1177/652
f 839/1179/643 851/1192/655 850/1191/665 838/1178/653
f 840/1180/654 852/1193/666 863/1205/667 851/1192/655
f 841/1182/656 853/1195/668 852/1194/666 840/1181/654
f 842/1183/657 854/1196/669 853/1195/668 841/1182/656
f 843/1184/658 855/1197/670 854/1196/669 842/1183/657
f 844/1185/659 856/1198/671 855/1197/670 843/1184/658
f 845/1186/660 857/1199/672 856/1198/671 844/1185/659
f 846/1187/661 858/1200/673 857/1199/672 845/1186/660
f 847/1188/662 859/1201/674 858/1200/673 846/1187/661
f 848/1189/663 860/1202/675 859/1201/674 847/1188/662
f 849/1190/664 861/1203/676 860/1202/675 848/1189/663
f 850/1191/665 862/1204/677 861/1203/676 849/1190/664
f 851/1192/655 863/1205/667 862/1204/677 850/1191/665
f 852/1193/666 864/1206/678 875/1218/679 863/1205/667
f 853/1195/668 865/1208/680 864/1207/678 852/1194/666
f 854/1196/669 866/1209/681 865/1208/680 853/1195/668
f 855/1197/670 867/1210/682 866/1209/681 854/1196/669
f 856/1198/671 868/1211/683 867/1210/682 855/1197/670
f 857/1199/672 869/1212/684 868/1211/683 856/1198/671
f 858/1200/673 870/1213/685 869/1212/684 857/1199/672
f 859/1201/674 871/1214/686 870/1213/685 858/1200/673
f 860/1202/675 872/1215/687 871/1214/686 859/1201/674
f 861/1203/676 873/1216/688 872/1215/687 860/1202/675
f 862/1204/677 874/1217/689 873/1216/688 861/1203/676
f 863/1205/667 875/1218/679 874/1217/689 862/1204/677
f 864/1206/678 876/1219/690 887/1231/691 875/1218/679
f 865/1208/680 877/1221/692 876/1220/690 864/1207/678
f 866/1209/681 878/1222/693 877/1221/692 865/1208/680
f 867/1210/682 879/1223/694 878/1222/693 866/1209/681
f 868/1211/683 880/1224/695 879/1223/694 867/1210/682
f 869/1212/684 881/1225/696 880/1224/695 868/1211/683
f 870/1213/685 882/1226/697 881/1225/696 869/1212/684
f 871/1214/686 883/1227/698 882/1226/697 870/1213/685
f 872/1215/687 884/1228/699 883/1227/698 871/1214/686
f 873/1216/688 885/1229/700 884/1228/699 872/1215/687
f 874/1217/689 886/1230/701 885/1229/700 873/1216/688
f 875/1218/679 887/1231/691 886/1230/701 874/1217/689
f 876/1219/690 888/1232/702 899/1244/703 887/1231/691
f 877/1221/692 889/1234/704 888/1233/702 876/1220/690
f 878/1222/693 890/1235/705 889/1234/704 877/1221/692
f 879/1223/694 891/1236/706 890/1235/705 878/1222/693
f 880/1224/695 892/1237/707 891/1236/706 879/1223/694
f 881/1225/696 893/1238/708 892/1237/707 880/1224/695
f 882/1226/697 894/1239/709 893/1238/708 881/1225/696
f 883/1227/698 895/1240/710 894/1239/709 882/1226/697
f 884/1228/699 896/1241/711 895/1240/710 883/1227/698
f 885/1229/700 897/1242/712 896/1241/711 884/1228/699
f 886/1230/701 898/1243/713 897/1242/712 885/1229/700
f 887/1231/691 899/1244/703 898/1243/713 886/1230/701
f 888/1232/702 900/1245/714 911/1257/715 899/1244/703
f 889/1234/704 901/1247/716 900/1246/714 888/1233/702
f 890/1235/705 902/1248/717 901/1247/716 889/1234/704
f 891/1236/706 903/1249/718 902/1248/717 890/1235/705
f 892/1237/707 904/1250/719 903/1249/718 891/1236/706
f 893/1238/708 905/1251/720 904/1250/719 892/1237/707
f 894/1239/709 906/1252/721 905/1251/720 893/1238/708
f 895/1240/710 907/1253/722 906/1252/721 894/1239/709
f 896/1241/711 908/1254/723 907/1253/722 895/1240/710
f 897/1242/712 909/1255/724 908/1254/723 896/1241/711
f 898/1243/713 910/1256/725 909/1255/724 897/1242/712
f 899/1244/703 911/1257/715 910/1256/725 898/1243/713
f 900/1245/714 912/1258/726 923/1270/727 911/1257/715
f 901/1247/716 913/1260/728 912/1259/726 900/1246/714
f 902/1248/717 914/1261/729 913/1260/728 901/1247/716
f 903/1249/718 915/1262/730 914/1261/729 902/1248/717
f 904/1250/719 916/1263/731 915/1262/730 903/1249/718
f 905/1251/720 917/1264/732 916/1263/731 904/1250/719
f 906/1252/721 918/1265/733 917/1264/732 905/1251/720
f 907/1253/722 919/1266/734 918/1265/733 906/1252/721
f 908/1254/723 920/1267/735 919/1266/734 907/1253/722
f 909/1255/724 921/1268/736 920/1267/735 908/1254/723
f 910/1256/725 922/1269/737 921/1268/736 909/1255/724
f 911/1257/715 923/1270/727 922/1269/737 910/1256/725
f 912/1258/726 924/1271/738 935/1283/739 923/1270/727
f 913/1260/728 925/1273/740 924/1272/738 912/1259/726
f 914/1261/729 926/1274/741 925/1273/740 913/1260/728
f 915/1262/730 927/1275/742 926/1274/741 914/1261/729
f 916/1263/731 928/1276/743 927/1275/742 915/1262/730
f 917/1264/732 929/1277/744 928/1276/743 916/1263/731
f 918/1265/733 930/1278/745 929/1277/744 917/1264/732
f 919/1266/734 931/1279/746 930/1278/745 918/1265/733
f 920/1267/735 932/1280/747 931/1279/746 919/1266/734
f 921/1268/736 933/1281/748 932/1280/747 920/1267/735
f 922/1269/737 934/1282/749 933/1281/748 921/1268/736
f 923/1270/727 935/1283/739 934/1282/749 922/1269/737
f 924/1271/738 936/1284/750 947/1296/751 935/1283/739
f 925/1273/740 937/1286/752 936/1285/750 924/1272/738
f 926/1274/741 938/1287/753 937/1286/752 925/1273/740
f 927/1275/742 939/1288/754 938/1287/753 926/1274/741
f 928/1276/743 940/1289/755 939/1288/754 927/1275/742
f 929/1277/744 941/1290/756 940/1289/755 928/1276/743
f 930/1278/745 942/1291/757 941/1290/756 929/1277/744
f 931/1279/746 943/1292/758 942/1291/757 930/1278/745
f 932/1280/747 944/1293/759 943/1292/758 931/1279/746
f 933/1281/748 945/1294/760 944/1293/759 932/1280/747
f 934/1282/749 946/1295/761 945/1294/760 933/1281/748
f 935/1283/739 947/1296/751 946/1295/761 934/1282/749
f 936/1284/750 948/1297/762 959/1309/763 947/1296/751
f 937/1286/752 949/1299/764 948/1298/762 936/1285/750
f 938/1287/753 950/1300/765 949/1299/764 937/1286/752
f 939/1288/754 951/1301/766 950/1300/765 938/1287/753
f 940/1289/755 952/1302/767 951/1301/766 939/1288/754
f 941/1290/756 953/1303/768 952/1302/767 940/1289/755
f 942/1291/757 954/1304/769 953/1303/768 941/1290/756
f 943/1292/758 955/1305/770 954/1304/769 942/1291/757
f 944/1293/759 956/1306/771 955/1305/770 943/1292/758
f 945/1294/760 957/1307/772 956/1306/771 944/1293/759
f 946/1295/761 958/1308/773 957/1307/772 945/1294/760
f 947/1296/751 959/1309/763 958/1308/773 946/1295/761
f 948/1297/762 960/1310/774 971/1322/775 959/1309/763
f 949/1299/764 961/1312/776 960/1311/774 948/1298/762
f 950/1300/765 962/1313/777 961/1312/776 949/1299/764
f 951/1301/766 963/1314/778 962/1313/777 950/1300/765
f 952/1302/767 964/1315/779 963/1314/778 951/1301/766
f 953/1303/768 965/1316/780 964/1315/779 952/1302/767
f 954/1304/769 966/1317/781 965/1316/780 953/1303/768
f 955/1305/770 967/1318/782 966/1317/781 954/1304/769
f 956/1306/771 968/1319/783 967/1318/782 955/1305/770
f 957/1307/772 969/1320/784 968/1319/783 956/1306/771
f 958/1308/773 970/1321/785 969/1320/784 957/1307/772
f 959/1309/763 971/1322/775 970/1321/785 958/1308/773
f 960/1310/774 972/1323/786 983/1335/787 971/1322/775
f 961/1312/776 973/1325/788 972/1324/786 960/1311/774
f 962/1313/777 974/1326/789 973/1325/788 961/1312/776
f 963/1314/778 975/1327/790 974/1326/789 962/1313/777
f 964/1315/779 976/1328/791 975/1327/790 963/1314/778
f 965/1316/780 977/1329/792 976/1328/791 964/1315/779
f 966/1317/781 978/1330/793 977/1329/792 965/1316/780
f 967/1318/782 979/1331/794 978/1330/793 966/1317/781
f 968/1319/783 980/1332/795 979/1331/794 967/1318/782
f 969/1320/784 981/1333/796 980/1332/795 968/1319/783
f 970/1321/785 982/1334/797 981/1333/796 969/1320/784
f 971/1322/775 983/1335/787 982/1334/797 970/1321/785
f 972/1323/786 984/1336/798 995/1348/799 983/1335/787
f 973/1325/788 985/1338/800 984/1337/798 972/1324/786
f 974/1326/789 986/1339/801 985/1338/800 973/1325/788
f 975/1327/790 987/1340/802 986/1339/801 974/1326/789
f 976/1328/791 988/1341/803 987/1340/802 975/1327/790
f 977/1329/792 989/1342/804 988/1341/803 976/1328/791
f 978/1330/793 990/1343/805 989/1342/804 977/1329/792
f 979/1331/794 991/1344/806 990/1343/805 978/1330/793
f 980/1332/795 992/1345/807 991/1344/806 979/1331/794
f 981/1333/796 993/1346/808 992/1345/807 980/1332/795
f 982/1334/797 994/1347/809 993/1346/808 981/1333/796
f 983/1335/787 995/1348/799 994/1347/809 982/1334/797
f 984/1336/798 996/1349/810 1007/1361/811 995/1348/799
f 985/1338/800 997/1351/812 996/1350/810 984/1337/798
f 986/1339/801 998/1352/813 997/1351/812 985/1338/800
f 987/1340/802 999/1353/814 998/1352/813 986/1339/801
f 988/1341/803 1000/1354/815 999/1353/814 987/1340/802
f 989/1342/804 1001/1355/816 1000/1354/815 988/1341/803
f 990/1343/805 1002/1356/817 1001/1355/816 989/1342/804
f 991/1344/806 1003/1357/818 1002/1356/817 990/1343/805
f 992/1345/807 1004/1358/819 1003/1357/818 991/1344/806
f 993/1346/808 1005/1359/820 1004/1358/819 992/1345/807
f 994/1347/809 1006/1360/821 1005/1359/820 993/1346/808
f 995/1348/799 1007/1361/811 1006/1360/821 994/1347/809
f 996/1349/810 1008/1362/822 1019/1374/823 1007/1361/811
f 997/1351/812 1009/1364/824 1008/1363/822 996/1350/810
f 998/1352/813 1010/1365/825 1009/1364/824 997/1351/812
f 999/1353/814 1011/1366/826 1010/1365/825 998/1352/813
f 1000/1354/815 1012/1367/827 1011/1366/826 999/1353/814
f 1001/1355/816 1013/1368/828 1012/1367/827 1000/1354/815
f 1002/1356/817 1014/1369/829 1013/1368/828 1001/1355/816
f 1003/1357/818 1015/1370/830 1014/1369/829 1002/1356/817
f 1004/1358/819 1016/1371/831 1015/1370/830 1003/1357/818
f 1005/1359/820 1017/1372/832 1016/1371/831 1004/1358/819
f 1006/1360/821 1018/1373/833 1017/1372/832 1005/1359/820
f 1007/1361/811 1019/1374/823 1018/1373/833 1006/1360/821
f 1008/1362/822 1020/1375/834 1031/1387/835 1019/1374/823
f 1009/1364/824 1021/1377/836 1020/1376/834 1008/1363/822
f 1010/1365/825 1022/1378/837 1021/1377/836 1009/1364/824
f 1011/1366/826 1023/1379/838 1022/1378/837 1010/1365/825
f 1012/1367/827 1024/1380/839 1023/1379/838 1011/1366/826
f 1013/1368/828 1025/1381/840 1024/1380/839 1012/1367/827
f 1014/1369/829 1026/1382/841 1025/1381/840 1013/1368/828
f 1015/1370/830 1027/1383/842 1026/1382/841 1014/1369/829
f 1016/1371/831 1028/1384/843 1027/1383/842 1015/1370/830
f 1017/1372/832 1029/1385/844 1028/1384/843 1016/1371/831
f 1018/1373/833 1030/1386/845 1029/1385/844 1017/1372/832
f 1019/1374/823 1031/1387/835 1030/1386/845 1018/1373/833
f 1020/1375/834 1032/1388/846 1043/1400/847 1031/1387/835
f 1021/1377/836 1033/1390/848 1032/1389/846 1020/1376/834
f 1022/1378/837 1034/1391/849 1033/1390/848 1021/1377/836
f 1023/1379/838 1035/1392/850 1034/1391/849 1022/1378/837
f 1024/1380/839 1036/1393/851 1035/1392/850 1023/1379/838
f 1025/1381/840 1037/1394/852 1036/1393/851 1024/1380/839
f 1026/1382/841 1038/1395/853 1037/1394/852 1025/1381/840
f 1027/1383/842 1039/1396/854 1038/1395/853 1026/1382/841
f 1028/1384/843 1040/1397/855 1039/1396/854 1027/1383/842
f 1029/1385/844 1041/1398/856 1040/1397/855 1028/1384/843
f 1030/1386/845 1042/1399/857 1041/1398/856 1029/1385/844
f 1031/1387/835 1043/1400/847 1042/1399/857 1030/1386/845
f 1032/1388/846 1044/1401/858 1055/1413/859 1043/1400/847
f 1033/1390/848 1045/1403/860 1044/1402/858 1032/1389/846
f 1034/1391/849 1046/1404/861 1045/1403/860 1033/1390/848
f 1035/1392/850 1047/1405/862 1046/1404/861 1034/1391/849
f 1036/1393/851 1048/1406/863 1047/1405/862 1035/1392/850
f 1037/1394/852 1049/1407/864 1048/1406/863 1036/1393/851
f 1038/1395/853 1050/1408/865 1049/1407/864 1037/1394/852
f 1039/1396/854 1051/1409/866 1050/1408/865 1038/1395/853
f 1040/1397/855 1052/1410/867 1051/1409/866 1039/1396/854
f 1041/1398/856 1053/1411/868 1052/1410/867 1040/1397/855
f 1042/1399/857 1054/1412/869 1053/1411/868 1041/1398/856
f 1043/1400/847 1055/1413/859 1054/1412/869 1042/1399/857
f 1044/1401/858 1056/1414/870 1067/1426/871 1055/1413/859
f 1045/1403/860 1057/1416/872 1056/1415/870 1044/1402/858
f 1046/1404/861 1058/1417/873 1057/1416/872 1045/1403/860
f 1047/1405/862 1059/1418/874 1058/1417/873 1046/1404/861
f 1048/1406/863 1060/1419/875 1059/1418/874 1047/1405/862
f 1049/1407/864 1061/1420/876 1060/1419/875 1048/1406/863
f 1050/1408/865 1062/1421/877 1061/1420/876 1049/1407/864
f 1051/1409/866 1063/1422/878 1062/1421/877 1050/1408/865
f 1052/1410/867 1064/1423/879 1063/1422/878 1051/1409/866
f 1053/1411/868 1065/1424/880 1064/1423/879 1052/1410/867
f 1054/1412/869 1066/1425/881 1065/1424/880 1053/1411/868
f 1055/1413/859 1067/1426/871 1066/1425/881 1054/1412/869
f 1056/1414/870 1068/1427/882 1079/1439/883 1067/1426/871
f 1057/1416/872 1069/1429/884 1068/1428/882 1056/1415/870
f 1058/1417/873 1070/1430/885 1069/1429/884 1057/1416/872
f 1059/1418/874 1071/1431/886 1070/1430/885 1058/1417/873
f 1060/1419/875 1072/1432/887 1071/1431/886 1059/1418/874
f 1061/1420/876 1073/1433/888 1072/1432/887 1060/1419/875
f 1062/1421/877 1074/1434/889 1073/1433/888 1061/1420/876
f 1063/1422/878 1075/1435/890 1074/1434/889 1062/1421/877
f 1064/1423/879 1076/1436/891 1075/1435/890 1063/1422/878
f 1065/1424/880 1077/1437/892 1076/1436/891 1064/1423/879
f 1066/1425/881 1078/1438/893 1077/1437/892 1065/1424/880
f 1067/1426/871 1079/1439/883 1078/1438/893 1066/1425/881
f 1068/1427/882 1080/1440/894 1091/1452/895 1079/1439/883
f 1069/1429/884 1081/1442/896 1080/1441/894 1068/1428/882
f 1070/1430/885 1082/1443/897 1081/1442/896 1069/1429/884
f 1071/1431/886 1083/1444/898 1082/1443/897 1070/1430/885
f 1072/1432/887 1084/1445/899 1083/1444/898 1071/1431/886
f 1073/1433/888 1085/1446/900 1084/1445/899 1072/1432/887
f 1074/1434/889 1086/1447/901 1085/1446/900 1073/1433/888
f 1075/1435/890 1087/1448/902 1086/1447/901 1074/1434/889
f 1076/1436/891 1088/1449/903 1087/1448/902 1075/1435/890
f 1077/1437/892 1089/1450/904 1088/1449/903 1076/1436/891
f 1078/1438/893 1090/1451/905 1089/1450/904 1077/1437/892
f 1079/1439/883 1091/1452/895 1090/1451/905 1078/1438/893
f 1080/1440/894 1092/1453/906 1103/1465/907 1091/1452/895
f 1081/1442/896 1093/1455/908 1092/1454/906 1080/1441/894
f 1082/1443/897 1094/1456/909 1093/1455/908 1081/1442/896
f 1083/1444/898 1095/1457/910 1094/1456/909 1082/1443/897
f 1084/1445/899 1096/1458/911 1095/1457/910 1083/1444/898
f 1085/1446/900 1097/1459/912 1096/1458/911 1084/1445/899
f 1086/1447/901 1098/1460/913 1097/1459/912 1085/1446/900
f 1087/1448/902 1099/1461/914 1098/1460/913 1086/1447/901
f 1088/1449/903 1100/1462/915 1099/1461/914 1087/1448/902
f 1089/1450/904 1101/1463/916 1100/1462/915 1088/1449/903
f 1090/1451/905 1102/1464/917 1101/1463/916 1089/1450/904
f 1091/1452/895 1103/1465/907 1102/1464/917 1090/1451/905
f 1092/1453/906 1104/1466/918 1115/1478/919 1103/1465/907
f 1093/1455/908 1105/1468/920 1104/1467/918 1092/1454/906
f 1094/1456/909 1106/1469/921 1105/1468/920 1093/1455/908
f 1095/1457/910 1107/1470/922 1106/1469/921 1094/1456/909
f 1096/1458/911 1108/1471/923 1107/1470/922 1095/1457/910
f 1097/1459/912 1109/1472/924 1108/1471/923 1096/1458/911
f 1098/1460/913 1110/1473/925 1109/1472/924 1097/1459/912
f 1099/1461/914 1111/1474/926 1110/1473/925 1098/1460/913
f 1100/1462/915 1112/1475/927 1111/1474/926 1099/1461/914
f 1101/1463/916 1113/1476/928 1112/1475/927 1100/1462/915
f 1102/1464/917 1114/1477/929 1113/1476/928 1101/1463/916
f 1103/1465/907 1115/1478/919 1114/1477/929 1102/1464/917
f 1104/1466/918 1116/1479/930 1127/1491/931 1115/1478/919
f 1105/1468/920 1117/1481/932 1116/1480/930 1104/1467/918
f 1106/1469/921 1118/1482/933 1117/1481/932 1105/1468/920
f 1107/1470/922 1119/1483/934 1118/1482/933 1106/1469/921
f 1108/1471/923 1120/1484/935 1119/1483/934 1107/1470/922
f 1109/1472/924 1121/1485/936 1120/1484/935 1108/1471/923
f 1110/1473/925 1122/1486/937 1121/1485/936 1109/1472/924
f 1111/1474/926 1123/1487/938 1122/1486/937 1110/1473/925
f 1112/1475/927 1124/1488/939 1123/1487/938 1111/1474/926
f 1113/1476/928 1125/1489/940 1124/1488/939 1112/1475/927
f 1114/1477/929 1126/1490/941 1125/1489/940 1113/1476/928
f 1115/1478/919 1127/1491/931 1126/1490/941 1114/1477/929
f 1116/1479/930 1128/1492/942 1139/1504/943 1127/1491/931
f 1117/1481/932 1129/1494/944 1128/1493/942 1116/1480/930
f 1118/1482/933 1130/1495/945 1129/1494/944 1117/1481/932
f 1119/1483/934 1131/1496/946 1130/1495/945 1118/1482/933
f 1120/1484/935 1132/1497/947 1131/1496/946 1119/1483/934
f 1121/1485/936 1133/1498/948 1132/1497/947 1120/1484/935
f 1122/1486/937 1134/1499/949 1133/1498/948 1121/1485/936
f 1123/1487/938 1135/1500/950 1134/1499/949 1122/1486/937
f 1124/1488/939 1136/1501/951 1135/1500/950 1123/1487/938
f 1125/1489/940 1137/1502/952 1136/1501/951 1124/1488/939
f 1126/1490/941 1138/1503/953 1137/1502/952 1125/1489/940
f 1127/1491/931 1139/1504/943 1138/1503/953 1126/1490/941
f 1128/1492/942 1140/1505/954 1151/1517/955 1139/1504/943
f 1129/1494/944 1141/1507/956 1140/1506/954 1128/1493/942
f 1130/1495/945 1142/1508/957 1141/1507/956 1129/1494/944
f 1131/1496/946 1143/1509/958 1142/1508/957 1130/1495/945
f 1132/1497/947 1144/1510/959 1143/1509/958 1131/1496/946
f 1133/1498/948 1145/1511/960 1144/1510/959 1132/1497/947
f 1134/1499/949 1146/1512/961 1145/1511/960 1133/1498/948
f 1135/1500/950 1147/1513/962 1146/1512/961 1134/1499/949
f 1136/1501/951 1148/1514/963 1147/1513/962 1135/1500/950
f 1137/1502/952 1149/1515/964 1148/1514/963 1136/1501/951
f 1138/1503/953 1150/1516/965 1149/1515/964 1137/1502/952
f 1139/1504/943 1151/1517/955 1150/1516/965 1138/1503/953
f 1140/1505/954 1152/1518/966 1163/1530/967 1151/1517/955
f 1141/1507/956 1153/1520/968 1152/1519/966 1140/1506/954
f 1142/1508/957 1154/1521/969 1153/1520/968 1141/1507/956
f 1143/1509/958 1155/1522/970 1154/1521/969 1142/1508/957
f 1144/1510/959 1156/1523/971 1155/1522/970 1143/1509/958
f 1145/1511/960 1157/1524/972 1156/1523/971 1144/1510/959
f 1146/1512/961 1158/1525/973 1157/1524/972 1145/1511/960
f 1147/1513/962 1159/1526/974 1158/1525/973 1146/1512/961
f 1148/1514/963 1160/1527/975 1159/1526/974 1147/1513/962
f 1149/1515/964 1161/1528/976 1160/1527/975 1148/1514/963
f 1150/1516/965 1162/1529/977 1161/1528/976 1149/1515/964
f 1151/1517/955 1163/1530/967 1162/1529/977 1150/1516/965
f 1152/1518/966 1164/1531/978 1175/1543/979 1163/1530/967
f 1153/1520/968 1165/1533/980 1164/1532/978 1152/1519/966
f 1154/1521/969 1166/1534/981 1165/1533/980 1153/1520/968
f 1155/1522/970 1167/1535/982 1166/1534/981 1154/1521/969
f 1156/1523/971 1168/1536/983 1167/1535/982 1155/1522/970
f 1157/1524/972 1169/1537/984 1168/1536/983 1156/1523/971
f 1158/1525/973 1170/1538/985 1169/1537/984 1157/1524/972
f 1159/1526/974 1171/1539/986 1170/1538/985 1158/1525/973
f 1160/1527/975 1172/1540/987 1171/1539/986 1159/1526/974
f 1161/1528/976 1173/1541/988 1172/1540/987 1160/1527/975
f 1162/1529/977 1174/1542/989 1173/1541/988 1161/1528/976
f 1163/1530/967 1175/1543/979 1174/1542/989 1162/1529/977
f 1164/1531/978 1176/1544/990 1187/1556/991 1175/1543/979
f 1165/1533/980 1177/1546/992 1176/1545/990 1164/1532/978
f 1166/1534/981 1178/1547/993 1177/1546/992 1165/1533/980
f 1167/1535/982 1179/1548/994 1178/1547/993 1166/1534/981
f 1168/1536/983 1180/1549/995 1179/1548/994 1167/1535/982
f 1169/1537/984 1181/1550/996 1180/1549/995 1168/1536/983
f 1170/1538/985 1182/1551/997 1181/1550/996 1169/1537/984
f 1171/1539/986 1183/1552/998 1182/1551/997 1170/1538/985
f 1172/1540/987 1184/1553/999 1183/1552/998 1171/1539/986
f 1173/1541/988 1185/1554/1000 1184/1553/999 1172/1540/987
f 1174/1542/989 1186/1555/1001 1185/1554/1000 1173/1541/988
f 1175/1543/979 1187/1556/991 1186/1555/1001 1174/1542/989
f 1176/1544/990 1188/1557/1002 1199/1569/1003 1187/1556/991
f 1177/1546/992 1189/1559/1004 1188/1558/1002 1176/1545/990
f 1178/1547/993 1190/1560/1005 1189/1559/1004 1177/1546/992
f 1179/1548/994 1191/1561/1006 1190/1560/1005 1178/1547/993
f 1180/1549/995 1192/1562/1007 1191/1561/1006 1179/1548/994
f 1181/1550/996 1193/1563/1008 1192/1562/1007 1180/1549/995
f 1182/1551/997 1194/1564/1009 1193/1563/1008 1181/1550/996
f 1183/1552/998 1195/1565/1010 1194/1564/1009 1182/1551/997
f 1184/1553/999 1196/1566/1011 1195/1565/1010 1183/1552/998
f 1185/1554/1000 1197/1567/1012 1196/1566/1011 1184/1553/999
f 1186/1555/1001 1198/1568/1013 1197/1567/1012 1185/1554/1000
f 1187/1556/991 1199/1569/1003 1198/1568/1013 1186/1555/1001
f 1188/1557/1002 1200/1570/1014 1211/1582/1015 1199/1569/1003
f 1189/1559/1004 1201/1572/1016 1200/1571/1014 1188/1558/1002
f 1190/1560/1005 1202/1573/1017 1201/1572/1016 1189/1559/1004
f 1191/1561/1006 1203/1574/1018 1202/1573/1017 1190/1560/1005
f 1192/1562/1007 1204/1575/1019 1203/1574/1018 1191/1561/1006
f 1193/1563/1008 1205/1576/1020 1204/1575/1019 1192/1562/1007
f 1194/1564/1009 1206/1577/1021 1205/1576/1020 1193/1563/1008
f 1195/1565/1010 1207/1578/1022 1206/1577/1021 1194/1564/1009
f 1196/1566/1011 1208/1579/1023 1207/1578/1022 1195/1565/1010
f 1197/1567/1012 1209/1580/1024 1208/1579/1023 1196/1566/1011
f 1198/1568/1013 1210/1581/1025 1209/1580/1024 1197/1567/1012
f 1199/1569/1003 1211/1582/1015 1210/1581/1025 1198/1568/1013
f 1200/1570/1014 1212/1583/1026 1223/1595/1027 1211/1582/1015
f 1201/1572/1016 1213/1585/1028 1212/1584/1026 1200/1571/1014
f 1202/1573/1017 1214/1586/1029 1213/1585/1028 1201/1572/1016
f 1203/1574/1018 1215/1587/1030 1214/1586/1029 1202/1573/1017
f 1204/1575/1019 1216/1588/1031 1215/1587/1030 1203/1574/1018
f 1205/1576/1020 1217/1589/1032 1216/1588/1031 1204/1575/1019
f 1206/1577/1021 1218/1590/1033 1217/1589/1032 1205/1576/1020
f 1207/1578/1022 1219/1591/1034 1218/1590/1033 1206/1577/1021
f 1208/1579/1023 1220/1592/1035 1219/1591/1034 1207/1578/1022
f 1209/1580/1024 1221/1593/1036 1220/1592/1035 1208/1579/1023
f 1210/1581/1025 1222/1594/1037 1221/1593/1036 1209/1580/1024
f 1211/1582/1015 1223/1595/1027 1222/1594/1037 1210/1581/1025
f 1212/1583/1026 1224/1596/1038 1235/1608/1039 1223/1595/1027
f 1213/1585/1028 1225/1598/1040 1224/1597/1038 1212/1584/1026
f 1214/1586/1029 1226/1599/1041 1225/1598/1040 1213/1585/1028
f 1215/1587/1030 1227/1600/1042 1226/1599/1041 1214/1586/1029
f 1216/1588/1031 1228/1601/1043 1227/1600/1042 1215/1587/1030
f 1217/1589/1032 1229/1602/1044 1228/1601/1043 1216/1588/1031
f 1218/1590/1033 1230/1603/1045 1229/1602/1044 1217/1589/1032
f 1219/1591/1034 1231/1604/1046 1230/1603/1045 1218/1590/1033
f 1220/1592/1035 1232/1605/1047 1231/1604/1046 1219/1591/1034
f 1221/1593/1036 1233/1606/1048 1232/1605/1047 1220/1592/1035
f 1222/1594/1037 1234/1607/1049 1233/1606/1048 1221/1593/1036
f 1223/1595/1027 1235/1608/1039 1234/1607/1049 1222/1594/1037
f 1224/1596/1038 1236/1609/1050 1247/1621/1051 1235/1608/1039
f 1225/1598/1040 1237/1611/1052 1236/1610/1050 1224/1597/1038
f 1226/1599/1041 1238/1612/1053 1237/1611/1052 1225/1598/1040
f 1227/1600/1042 1239/1613/1054 1238/1612/1053 1226/1599/1041
f 1228/1601/1043 1240/1614/1055 1239/1613/1054 1227/1600/1042
f 1229/1602/1044 1241/1615/1056 1240/1614/1055 1228/1601/1043
f 1230/1603/1045 1242/1616/1057 1241/1615/1056 1229/1602/1044
f 1231/1604/1046 1243/1617/1058 1242/1616/1057 1230/1603/1045
f 1232/1605/1047 1244/1618/1059 1243/1617/1058 1231/1604/1046
f 1233/1606/1048 1245/1619/1060 1244/1618/1059 1232/1605/1047
f 1234/1607/1049 1246/1620/1061 1245/1619/1060 1233/1606/1048
f 1235/1608/1039 1247/1621/1051 1246/1620/1061 1234/1607/1049
f 1236/1609/1050 1248/1622/1062 1259/1634/1063 1247/1621/1051
f 1237/1611/1052 1249/1624/1064 1248/1623/1062 1236/1610/1050
f 1238/1612/1053 1250/1625/1065 1249/1624/1064 1237/1611/1052
f 1239/1613/1054 1251/1626/1066 1250/1625/1065 1238/1612/1053
f 1240/1614/1055 1252/1627/1067 1251/1626/1066 1239/1613/1054
f 1241/1615/1056 1253/1628/1068 1252/1627/1067 1240/1614/1055
f 1242/1616/1057 1254/1629/1069 1253/1628/1068 1241/1615/1056
f 1243/1617/1058 1255/1630/1070 1254/1629/1069 1242/1616/1057
f 1244/1618/1059 1256/1631/1071 1255/1630/1070 1243/1617/1058
f 1245/1619/1060 1257/1632/1072 1256/1631/1071 1244/1618/1059
f 1246/1620/1061 1258/1633/1073 1257/1632/1072 1245/1619/1060
f 1247/1621/1051 1259/1634/1063 1258/1633/1073 1246/1620/1061
f 1248/1622/1062 1260/1635/1074 1271/1647/1075 1259/1634/1063
f 1249/1624/1064 1261/1637/1076 1260/1636/1074 1248/1623/1062
f 1250/1625/1065 1262/1638/1077 1261/1637/1076 1249/1624/1064
f 1251/1626/1066 1263/1639/1078 1262/1638/1077 1250/1625/1065
f 1252/1627/1067 1264/1640/1079 1263/1639/1078 1251/1626/1066
f 1253/1628/1068 1265/1641/1080 1264/1640/1079 1252/1627/1067
f 1254/1629/1069 1266/1642/1081 1265/1641/1080 1253/1628/1068
f 1255/1630/1070 1267/1643/1082 1266/1642/1081 1254/1629/1069
f 1256/1631/1071 1268/1644/1083 1267/1643/1082 1255/1630/1070
f 1257/1632/1072 1269/1645/1084 1268/1644/1083 1256/1631/1071
f 1258/1633/1073 1270/1646/1085 1269/1645/1084 1257/1632/1072
f 1259/1634/1063 1271/1647/1075 1270/1646/1085 1258/1633/1073
f 1260/1635/1074 1272/1648/1086 1283/1660/1087 1271/1647/1075
f 1261/1637/1076 1273/1650/1088 1272/1649/1086 1260/1636/1074
f 1262/1638/1077 1274/1651/1089 1273/1650/1088 1261/1637/1076
f 1263/1639/1078 1275/1652/1090 1274/1651/1089 1262/1638/1077
f 1264/1640/1079 1276/1653/1091 1275/1652/1090 1263/1639/1078
f 1265/1641/1080 1277/1654/1092 1276/1653/1091 1264/1640/1079
f 1266/1642/1081 1278/1655/1093 1277/1654/1092 1265/1641/1080
f 1267/1643/1082 1279/1656/1094 1278/1655/1093 1266/1642/1081
f 1268/1644/1083 1280/1657/1095 1279/1656/1094 1267/1643/1082
f 1269/1645/1084 1281/1658/1096 1280/1657/1095 1268/1644/1083
f 1270/1646/1085 1282/1659/1097 1281/1658/1096 1269/1645/1084
f 1271/1647/1075 1283/1660/1087 1282/1659/1097 1270/1646/1085
f 1272/1648/1086 1284/1661/1098 1295/1673/1099 1283/1660/1087
f 1273/1650/1088 1285/1663/1100 1284/1662/1098 1272/1649/1086
f 1274/1651/1089 1286/1664/1101 1285/1663/1100 1273/1650/1088
f 1275/1652/1090 1287/1665/1102 1286/1664/1101 1274/1651/1089
f 1276/1653/1091 1288/1666/1103 1287/1665/1102 1275/1652/1090
f 1277/1654/1092 1289/1667/1104 1288/1666/1103 1276/1653/1091
f 1278/1655/1093 1290/1668/1105 1289/1667/1104 1277/1654/1092
f 1279/1656/1094 1291/1669/1106 1290/1668/1105 1278/1655/1093
f 1280/1657/1095 1292/1670/1107 1291/1669/1106 1279/1656/1094
f 1281/1658/1096 1293/1671/1108 1292/1670/1107 1280/1657/1095
f 1282/1659/1097 1294/1672/1109 1293/1671/1108 1281/1658/1096
f 1283/1660/1087 1295/1673/1099 1294/1672/1109 1282/1659/1097
f 1284/1661/1098 1296/1674/1110 1307/1686/1111 1295/1673/1099
f 1285/1663/1100 1297/1676/1112 1296/1675/1110 1284/1662/1098
f 1286/1664/1101 1298/1677/1113 1297/1676/1112 1285/1663/1100
f 1287/1665/1102 1299/1678/1114 1298/1677/1113 1286/1664/1101
f 1288/1666/1103 1300/1679/1115 1299/1678/1114 1287/1665/1102
f 1289/1667/1104 1301/1680/1116 1300/1679/1115 1288/1666/1103
f 1290/1668/1105 1302/1681/1117 1301/1680/1116 1289/1667/1104
f 1291/1669/1106 1303/1682/1118 1302/1681/1117 1290/1668/1105
f 1292/1670/1107 1304/1683/1119 1303/1682/1118 1291/1669/1106
f 1293/1671/1108 1305/1684/1120 1304/1683/1119 1292/1670/1107
f 1294/1672/1109 1306/1685/1121 1305/1684/1120 1293/1671/1108
f 1295/1673/1099 1307/1686/1111 1306/1685/1121 1294/1672/1109
f 1296/1674/1110 1308/1687/1122 1319/1699/1123 1307/1686/1111
f 1297/1676/1112 1309/1689/1124 1308/1688/1122 1296/1675/1110
f 1298/1677/1113 1310/1690/1125 1309/1689/1124 1297/1676/1112
f 1299/1678/1114 1311/1691/1126 1310/1690/1125 1298/1677/1113
f 1300/1679/1115 1312/1692/1127 1311/1691/1126 1299/1678/1114
f 1301/1680/1116 1313/1693/1128 1312/1692/1127 1300/1679/1115
f 1302/1681/1117 1314/1694/1129 1313/1693/1128 1301/1680/1116
f 1303/1682/1118 1315/1695/1130 1314/1694/1129 1302/1681/1117
f 1304/1683/1119 1316/1696/1131 1315/1695/1130 1303/1682/1118
f 1305/1684/1120 1317/1697/1132 1316/1696/1131 1304/1683/1119
f 1306/1685/1121 1318/1698/1133 1317/1697/1132 1305/1684/1120
f 1307/1686/1111 1319/1699/1123 1318/1698/1133 1306/1685/1121
f 1308/1687/1122 1320/1700/1134 1331/1712/1135 1319/1699/1123
f 1309/1689/1124 1321/1702/1136 1320/1701/1134 1308/1688/1122
f 1310/1690/1125 1322/1703/1137 1321/1702/1136 1309/1689/1124
f 1311/1691/1126 1323/1704/1138 1322/1703/1137 1310/1690/1125
f 1312/1692/1127 1324/1705/1139 1323/1704/1138 1311/1691/1126
f 1313/1693/1128 1325/1706/1140 1324/1705/1139 1312/1692/1127
f 1314/1694/1129 1326/1707/1141 1325/1706/1140 1313/1693/1128
f 1315/1695/1130 1327/1708/1142 1326/1707/1141 1314/1694/1129
f 1316/1696/1131 1328/1709/1143 1327/1708/1142 1315/1695/1130
f 1317/1697/1132 1329/1710/1144 1328/1709/1143 1316/1696/1131
f 1318/1698/1133 1330/1711/1145 1329/1710/1144 1317/1697/1132
f 1319/1699/1123 1331/1712/1135 1330/1711/1145 1318/1698/1133
f 1320/1700/1134 1332/1713/1146 1343/1725/1147 1331/1712/1135
f 1321/1702/1136 1333/1715/1148 1332/1714/1146 1320/1701/1134
f 1322/1703/1137 1334/1716/1149 1333/1715/1148 1321/1702/1136
f 1323/1704/1138 1335/1717/1150 1334/1716/1149 1322/1703/1137
f 1324/1705/1139 1336/1718/1151 1335/1717/1150 1323/1704/1138
f 1325/1706/1140 1337/1719/1152 1336/1718/1151 1324/1705/1139
f 1326/1707/1141 1338/1720/1153 1337/1719/1152 1325/1706/1140
f 1327/1708/1142 1339/1721/1154 1338/1720/1153 1326/1707/1141
f 1328/1709/1143 1340/1722/1155 1339/1721/1154 1327/1708/1142
f 1329/1710/1144 1341/1723/1156 1340/1722/1155 1328/1709/1143
f 1330/1711/1145 1342/1724/1157 1341/1723/1156 1329/1710/1144
f 1331/1712/1135 1343/1725/1147 1342/1724/1157 1330/1711/1145
f 1332/1713/1146 1344/1726/1158 1355/1738/1159 1343/1725/1147
f 1333/1715/1148 1345/1728/1160 1344/1727/1158 1332/1714/1146
f 1334/1716/1149 1346/1729/1161 1345/1728/1160 1333/1715/1148
f 1335/1717/1150 1347/1730/1162 1346/1729/1161 1334/1716/1149
f 1336/1718/1151 1348/1731/1163 1347/1730/1162 1335/1717/1150
f 1337/1719/1152 1349/1732/1164 1348/1731/1163 1336/1718/1151
f 1338/1720/1153 1350/1733/1165 1349/1732/1164 1337/1719/1152
f 1339/1721/1154 1351/1734/1166 1350/1733/1165 1338/1720/1153
f 1340/1722/1155 1352/1735/1167 1351/1734/1166 1339/1721/1154
f 1341/1723/1156 1353/1736/1168 1352/1735/1167 1340/1722/1155
f 1342/1724/1157 1354/1737/1169 1353/1736/1168 1341/1723/1156
f 1343/1725/1147 1355/1738/1159 1354/1737/1169 1342/1724/1157
o NurbsPath
v -1.863812 4.322508 -9.818527
v -1.864702 4.310620 -9.832440
v -1.859695 4.294742 -9.840089
v -1.850132 4.279128 -9.839424
v -1.838575 4.267962 -9.830623
v -1.828121 4.264235 -9.816045
v -1.821572 4.268948 -9.799595
v -1.820681 4.280836 -9.785682
v -1.825688 4.296714 -9.778032
v -1.835251 4.312328 -9.778698
v -1.846808 4.323494 -9.787498
v -1.857262 4.327220 -9.802077
v -1.897060 4.301428 -9.799359
v -1.897465 4.289849 -9.813553
v -1.891682 4.274464 -9.821650
v -1.881261 4.259395 -9.821480
v -1.868993 4.248681 -9.813088
v -1.858167 4.245192 -9.798725
v -1.851682 4.249862 -9.782238
v -1.851277 4.261442 -9.768044
v -1.857060 4.276827 -9.759948
v -1.867482 4.291895 -9.760118
v -1.879749 4.302609 -9.768509
v -1.890575 4.306099 -9.782872
v -1.926562 4.279638 -9.781694
v -1.926465 4.268431 -9.796188
v -1.919881 4.253639 -9.804766
v -1.908573 4.239227 -9.805126
v -1.895573 4.229055 -9.797174
v -1.884364 4.225850 -9.783040
v -1.877948 4.230470 -9.766512
v -1.878045 4.241677 -9.752017
v -1.884630 4.256468 -9.743441
v -1.895937 4.270881 -9.743080
v -1.908937 4.281052 -9.751032
v -1.920147 4.284257 -9.765165
v -1.952492 4.257205 -9.765475
v -1.951877 4.246448 -9.780293
v -1.944468 4.232371 -9.789386
v -1.932251 4.218749 -9.790317
v -1.918500 4.209229 -9.782835
v -1.906898 4.206364 -9.768947
v -1.900555 4.210921 -9.752372
v -1.901170 4.221679 -9.737554
v -1.908579 4.235754 -9.728461
v -1.920796 4.249377 -9.727530
v -1.934548 4.258896 -9.735012
v -1.946149 4.261762 -9.748900
v -1.974998 4.234198 -9.750658
v -1.973858 4.223979 -9.765822
v -1.965616 4.210758 -9.775464
v -1.952480 4.198077 -9.776999
v -1.937971 4.189335 -9.770018
v -1.925976 4.186873 -9.756388
v -1.919709 4.191352 -9.739764
v -1.920850 4.201571 -9.724599
v -1.929092 4.214791 -9.714957
v -1.942228 4.227472 -9.713422
v -1.956737 4.236215 -9.720404
v -1.968732 4.238676 -9.734034
v -1.994216 4.210680 -9.737206
v -1.992555 4.201100 -9.752734
v -1.983489 4.188890 -9.762954
v -1.969448 4.177321 -9.765123
v -1.954194 4.169494 -9.758663
v -1.941813 4.167505 -9.745304
v -1.935625 4.171888 -9.728625
v -1.937286 4.181468 -9.713096
v -1.946352 4.193678 -9.702877
v -1.960393 4.205246 -9.700706
v -1.975647 4.213074 -9.707167
v -1.988027 4.215063 -9.720526
v -2.010264 4.186718 -9.725089
v -2.008104 4.177886 -9.740996
v -1.998251 4.166855 -9.751810
v -1.983346 4.156581 -9.754633
v -1.967383 4.149816 -9.748709
v -1.954638 4.148373 -9.735624
v -1.948528 4.152638 -9.718886
v -1.950688 4.161470 -9.702980
v -1.960541 4.172502 -9.692166
v -1.975446 4.182776 -9.689343
v -1.991409 4.189541 -9.695268
v -2.004154 4.190984 -9.708351
v -2.023250 4.162392 -9.714292
v -2.020632 4.154420 -9.730580
v -2.010061 4.144739 -9.741991
v -1.994369 4.135942 -9.745469
v -1.977762 4.130386 -9.740081
v -1.964689 4.129561 -9.727270
v -1.958653 4.133687 -9.710470
v -1.961271 4.141658 -9.694182
v -1.971842 4.151340 -9.682771
v -1.987533 4.160137 -9.679294
v -2.004140 4.165692 -9.684682
v -2.017213 4.166518 -9.697492
v -2.033269 4.137796 -9.704803
v -2.030258 4.130792 -9.721464
v -2.019073 4.122622 -9.733458
v -2.002712 4.115475 -9.737571
v -1.985557 4.111266 -9.732700
v -1.972207 4.111122 -9.720153
v -1.966238 4.115083 -9.703289
v -1.969250 4.122087 -9.686628
v -1.980435 4.130257 -9.674635
v -1.996796 4.137404 -9.670522
v -2.013950 4.141613 -9.675392
v -2.027300 4.141757 -9.687940
v -2.040423 4.113052 -9.696620
v -2.037105 4.107110 -9.713631
v -2.025445 4.100587 -9.726169
v -2.008566 4.095233 -9.730874
v -1.990992 4.092481 -9.726485
v -1.977431 4.093069 -9.714179
v -1.971516 4.096839 -9.697252
v -1.974834 4.102782 -9.680242
v -1.986494 4.109304 -9.667704
v -2.003373 4.114658 -9.662998
v -2.020947 4.117410 -9.667387
v -2.034509 4.116822 -9.679693
v -2.044823 4.088303 -9.689737
v -2.041305 4.083491 -9.707063
v -2.029335 4.078712 -9.720085
v -2.012120 4.075248 -9.725315
v -1.994274 4.074026 -9.721352
v -1.980578 4.075374 -9.709256
v -1.974702 4.078931 -9.692270
v -1.978220 4.083743 -9.674945
v -1.990190 4.088521 -9.661923
v -2.007405 4.091986 -9.656693
v -2.025251 4.093207 -9.660657
v -2.038947 4.091860 -9.672751
v -2.046608 4.063708 -9.684145
v -2.043005 4.060063 -9.701735
v -2.030904 4.057072 -9.715163
v -2.013549 4.055537 -9.720832
v -1.995589 4.055869 -9.717222
v -1.981838 4.057980 -9.705300
v -1.975978 4.061302 -9.688261
v -1.979582 4.064948 -9.670671
v -1.991682 4.067938 -9.657242
v -2.009038 4.069473 -9.651573
v -2.026997 4.069141 -9.655184
v -2.040749 4.067031 -9.667106
v -2.045945 4.039426 -9.679816
v -2.042373 4.036949 -9.697616
v -2.030319 4.035733 -9.711361
v -2.013015 4.036104 -9.717369
v -1.995095 4.037962 -9.714031
v -1.981363 4.040811 -9.702241
v -1.975497 4.043885 -9.685158
v -1.979070 4.046362 -9.667358
v -1.991123 4.047578 -9.653614
v -2.008428 4.047207 -9.647605
v -2.026347 4.045348 -9.650943
v -2.040080 4.042500 -9.662733
v -2.043030 4.015598 -9.676712
v -2.039595 4.014257 -9.694659
v -2.027749 4.014750 -9.708628
v -2.010665 4.016947 -9.714875
v -1.992922 4.020258 -9.711726
v -1.979273 4.023795 -9.700027
v -1.973376 4.026612 -9.682909
v -1.976811 4.027953 -9.664962
v -1.988657 4.027460 -9.650993
v -2.005741 4.025263 -9.644747
v -2.023484 4.021953 -9.647895
v -2.037133 4.018415 -9.659595
v -2.038077 3.992338 -9.674776
v -2.034870 3.992073 -9.692814
v -2.023362 3.994169 -9.706916
v -2.006638 3.998065 -9.713305
v -1.989178 4.002716 -9.710269
v -1.975661 4.006876 -9.698621
v -1.969709 4.009432 -9.681482
v -1.972916 4.009697 -9.663445
v -1.984424 4.007601 -9.649343
v -2.001148 4.003706 -9.642953
v -2.018608 3.999054 -9.645989
v -2.032125 3.994894 -9.657638
v -2.031309 3.969722 -9.673942
v -2.028399 3.970454 -9.692016
v -2.017328 3.974017 -9.706173
v -2.001063 3.979456 -9.712621
v -1.983962 3.985313 -9.709629
v -1.970607 3.990020 -9.698002
v -1.964577 3.992314 -9.680853
v -1.967488 3.991582 -9.662779
v -1.978559 3.988019 -9.648622
v -1.994824 3.982581 -9.642174
v -2.011925 3.976723 -9.645165
v -2.025280 3.972017 -9.656793
v -2.022947 3.947792 -9.674135
v -2.020381 3.949433 -9.692202
v -2.009810 3.954313 -9.706348
v -1.994066 3.961125 -9.712785
v -1.977367 3.968043 -9.709785
v -1.964188 3.973213 -9.698153
v -1.958061 3.975251 -9.681007
v -1.960627 3.973610 -9.662940
v -1.971198 3.968729 -9.648793
v -1.986942 3.961918 -9.642358
v -2.003641 3.955000 -9.645357
v -2.016819 3.949829 -9.656988
v -2.013198 3.926558 -9.675283
v -2.011006 3.929017 -9.693307
v -2.000968 3.935063 -9.707392
v -1.985772 3.943076 -9.713763
v -1.969492 3.950908 -9.710714
v -1.956488 3.956461 -9.699062
v -1.950246 3.958248 -9.681930
v -1.952438 3.955789 -9.663906
v -1.962476 3.949743 -9.649821
v -1.977672 3.941730 -9.643450
v -1.993952 3.933898 -9.646499
v -2.006956 3.928344 -9.658151
v -2.002260 3.906010 -9.677315
v -2.000455 3.909199 -9.695267
v -1.990957 3.916264 -9.709251
v -1.976310 3.925312 -9.715522
v -1.960441 3.933919 -9.712397
v -1.947599 3.939778 -9.700715
v -1.941227 3.941320 -9.683606
v -1.943032 3.938131 -9.665654
v -1.952530 3.931066 -9.651670
v -1.967177 3.922018 -9.645400
v -1.983047 3.913411 -9.648524
v -1.995888 3.907552 -9.660206
v -1.990314 3.886120 -9.680162
v -1.988896 3.889956 -9.698022
v -1.979926 3.897905 -9.711881
v -1.965808 3.907835 -9.718025
v -1.950324 3.917087 -9.714809
v -1.937623 3.923181 -9.703094
v -1.931109 3.924484 -9.686019
v -1.932526 3.920648 -9.668159
v -1.941496 3.912700 -9.654300
v -1.955614 3.902769 -9.648155
v -1.971098 3.893517 -9.651372
v -1.983799 3.887424 -9.663087
v -1.977529 3.866851 -9.683762
v -1.976490 3.871260 -9.701514
v -1.968023 3.879968 -9.715232
v -1.954395 3.890641 -9.721238
v -1.939259 3.900419 -9.717924
v -1.926671 3.906683 -9.706178
v -1.920002 3.907754 -9.689146
v -1.921041 3.903345 -9.671392
v -1.929509 3.894637 -9.657675
v -1.943136 3.883964 -9.651669
v -1.958272 3.874185 -9.654983
v -1.970860 3.867922 -9.666730
v -1.964064 3.848157 -9.688053
v -1.963389 3.853072 -9.705690
v -1.955387 3.862428 -9.719260
v -1.942202 3.873718 -9.725125
v -1.927368 3.883917 -9.721715
v -1.914859 3.890291 -9.709943
v -1.908027 3.891134 -9.692964
v -1.908702 3.886219 -9.675325
v -1.916704 3.876862 -9.661757
v -1.929889 3.865572 -9.655891
v -1.944723 3.855374 -9.659302
v -1.957232 3.848999 -9.671074
v -1.950070 3.829988 -9.692982
v -1.949738 3.835351 -9.710498
v -1.942158 3.845256 -9.723919
v -1.929360 3.857050 -9.729648
v -1.914775 3.867572 -9.726151
v -1.902309 3.874004 -9.714363
v -1.895304 3.874621 -9.697444
v -1.895636 3.869259 -9.679928
v -1.903216 3.859353 -9.666507
v -1.916014 3.847559 -9.660777
v -1.930600 3.837037 -9.664275
v -1.943065 3.830606 -9.676063
v -1.935690 3.812292 -9.698493
v -1.935678 3.818049 -9.715887
v -1.928470 3.828414 -9.729165
v -1.915998 3.840611 -9.734770
v -1.901604 3.851369 -9.731198
v -1.889145 3.857808 -9.719408
v -1.881958 3.858201 -9.702559
v -1.881970 3.852443 -9.685165
v -1.889178 3.842078 -9.671887
v -1.901650 3.829882 -9.666283
v -1.916044 3.819124 -9.669854
v -1.928504 3.812685 -9.681644
v -1.921063 3.795010 -9.704537
v -1.921345 3.801116 -9.721809
v -1.914457 3.811861 -9.734955
v -1.902246 3.824366 -9.740452
v -1.887983 3.835280 -9.736826
v -1.875490 3.841679 -9.725050
v -1.868114 3.841848 -9.708280
v -1.867832 3.835742 -9.691007
v -1.874720 3.824997 -9.677861
v -1.886931 3.812492 -9.672365
v -1.901194 3.801578 -9.675990
v -1.913687 3.795179 -9.687766
v -1.906321 3.778084 -9.711063
v -1.906870 3.784497 -9.728218
v -1.900248 3.795547 -9.741246
v -1.888230 3.808275 -9.746657
v -1.874036 3.819269 -9.743001
v -1.861470 3.825583 -9.731257
v -1.853898 3.825526 -9.714574
v -1.853349 3.819113 -9.697419
v -1.859971 3.808062 -9.684391
v -1.871989 3.795335 -9.678981
v -1.886183 3.784341 -9.682636
v -1.898749 3.778027 -9.694380
v -1.891596 3.761450 -9.718024
v -1.892382 3.768132 -9.735066
v -1.885969 3.779420 -9.747995
v -1.874076 3.792288 -9.753347
v -1.859888 3.803288 -9.749689
v -1.847207 3.809474 -9.737999
v -1.839432 3.809187 -9.721411
v -1.838646 3.802504 -9.704370
v -1.845059 3.791217 -9.691441
v -1.856953 3.778349 -9.686088
v -1.871141 3.767348 -9.689747
v -1.883821 3.761163 -9.701436
v -1.877013 3.745042 -9.725371
v -1.878007 3.751959 -9.742309
v -1.871745 3.763417 -9.755161
v -1.859905 3.776346 -9.760487
v -1.845660 3.787281 -9.756857
v -1.832826 3.793293 -9.745245
v -1.824842 3.792770 -9.728762
v -1.823848 3.785853 -9.711824
v -1.830109 3.774395 -9.698972
v -1.841949 3.761466 -9.693646
v -1.856195 3.750531 -9.697277
v -1.869029 3.744519 -9.708889
v -1.862694 3.728791 -9.733058
v -1.863865 3.735909 -9.749900
v -1.857696 3.747473 -9.762703
v -1.845840 3.760383 -9.768037
v -1.831473 3.771181 -9.764472
v -1.818446 3.776973 -9.752963
v -1.810249 3.776207 -9.736595
v -1.809078 3.769089 -9.719753
v -1.815247 3.757525 -9.706950
v -1.827103 3.744615 -9.701616
v -1.841470 3.733817 -9.705181
v -1.854497 3.728025 -9.716689
v -1.848759 3.712625 -9.741036
v -1.850074 3.719912 -9.757795
v -1.843939 3.731515 -9.770578
v -1.831997 3.744325 -9.775962
v -1.817448 3.754910 -9.772502
v -1.804190 3.760434 -9.761126
v -1.795776 3.759416 -9.744882
v -1.794460 3.752129 -9.728123
v -1.800595 3.740525 -9.715339
v -1.812537 3.727715 -9.709956
v -1.827086 3.717130 -9.713416
v -1.840344 3.711607 -9.724792
v -1.835318 3.696466 -9.749262
v -1.836746 3.703888 -9.765952
v -1.830588 3.715463 -9.778750
v -1.818493 3.728089 -9.784226
v -1.803702 3.738383 -9.780914
v -1.790179 3.743586 -9.769701
v -1.781546 3.742304 -9.753591
v -1.780118 3.734882 -9.736900
v -1.786277 3.723307 -9.724103
v -1.798372 3.710681 -9.718626
v -1.813163 3.700387 -9.721938
v -1.826686 3.695184 -9.733151
v -1.822480 3.680233 -9.757690
v -1.823988 3.687757 -9.774328
v -1.817751 3.699232 -9.787178
v -1.805440 3.711583 -9.792797
v -1.790353 3.721502 -9.789679
v -1.776534 3.726329 -9.778660
v -1.767684 3.724772 -9.762692
v -1.766176 3.717248 -9.746055
v -1.772414 3.705774 -9.733205
v -1.784725 3.693422 -9.727586
v -1.799812 3.683504 -9.730703
v -1.813631 3.678677 -9.741723
v -1.810344 3.663840 -9.766280
v -1.811900 3.671428 -9.782884
v -1.805533 3.682726 -9.795826
v -1.792948 3.694708 -9.801639
v -1.777519 3.704161 -9.798763
v -1.763379 3.708555 -9.787971
v -1.754318 3.706710 -9.772155
v -1.752762 3.699121 -9.755550
v -1.759130 3.687823 -9.742608
v -1.771714 3.675842 -9.736796
v -1.787143 3.666388 -9.739671
v -1.801283 3.661995 -9.750463
v -1.799002 3.647190 -9.774993
v -1.800575 3.654804 -9.791584
v -1.794032 3.665844 -9.804661
v -1.781128 3.677354 -9.810719
v -1.765320 3.686249 -9.808135
v -1.750843 3.690145 -9.797603
v -1.741577 3.688000 -9.781942
v -1.740005 3.680387 -9.765351
v -1.746547 3.669346 -9.752275
v -1.759451 3.657836 -9.746217
v -1.775259 3.648941 -9.748800
v -1.789736 3.645045 -9.759333
v -1.788536 3.630181 -9.783794
v -1.790097 3.637776 -9.800395
v -1.783344 3.648473 -9.813649
v -1.770085 3.659405 -9.820005
v -1.753875 3.667643 -9.817760
v -1.739055 3.670980 -9.807517
v -1.729598 3.668522 -9.792018
v -1.728036 3.660927 -9.775417
v -1.734789 3.650230 -9.762163
v -1.748048 3.639298 -9.755807
v -1.764258 3.631060 -9.758052
v -1.779078 3.627723 -9.768296
v -1.779019 3.612694 -9.792658
v -1.780545 3.620225 -9.809291
v -1.773557 3.630488 -9.822763
v -1.759927 3.640735 -9.829467
v -1.743307 3.648218 -9.827604
v -1.728151 3.650934 -9.817674
v -1.718519 3.648154 -9.802338
v -1.716992 3.640623 -9.785706
v -1.723980 3.630359 -9.772232
v -1.737610 3.620113 -9.765529
v -1.754230 3.612629 -9.767392
v -1.769387 3.609914 -9.777322
v -1.770519 3.594595 -9.801562
v -1.771992 3.602013 -9.818251
v -1.764760 3.611755 -9.831981
v -1.750759 3.621210 -9.839072
v -1.733742 3.627844 -9.837626
v -1.718268 3.629881 -9.828029
v -1.708483 3.626774 -9.812853
v -1.707009 3.619356 -9.796165
v -1.714242 3.609615 -9.782435
v -1.728242 3.600160 -9.775344
v -1.745259 3.593525 -9.776791
v -1.760734 3.591489 -9.786387
v -1.763097 3.575734 -9.810494
v -1.764507 3.582989 -9.827260
v -1.757036 3.592124 -9.841276
v -1.742687 3.600689 -9.848787
v -1.725304 3.606390 -9.847782
v -1.709544 3.607700 -9.838529
v -1.699632 3.604267 -9.823507
v -1.698222 3.597011 -9.806743
v -1.705692 3.587877 -9.792727
v -1.720041 3.579312 -9.785214
v -1.737425 3.573610 -9.786221
v -1.753184 3.572301 -9.795473
v -1.756817 3.555936 -9.819447
v -1.758160 3.562981 -9.836307
v -1.750473 3.571433 -9.850631
v -1.735816 3.579026 -9.858582
v -1.718116 3.583726 -9.858027
v -1.702116 3.584274 -9.849118
v -1.692102 3.580522 -9.834241
v -1.690758 3.573477 -9.817381
v -1.698445 3.565025 -9.803057
v -1.713102 3.557432 -9.795106
v -1.730802 3.552732 -9.795660
v -1.746803 3.552184 -9.804569
v -1.751745 3.535011 -9.828415
v -1.753027 3.541802 -9.845384
v -1.745160 3.549510 -9.860025
v -1.730252 3.556069 -9.868419
v -1.712299 3.559722 -9.868313
v -1.696109 3.559489 -9.859737
v -1.686022 3.555434 -9.844990
v -1.684740 3.548643 -9.828021
v -1.692606 3.540935 -9.813378
v -1.707514 3.534376 -9.804986
v -1.725468 3.530723 -9.805091
v -1.741657 3.530955 -9.813667
v -1.747957 3.512750 -9.837395
v -1.749189 3.519250 -9.854481
v -1.741189 3.526172 -9.869440
v -1.726099 3.531661 -9.878263
v -1.707963 3.534246 -9.878589
v -1.691641 3.533235 -9.870326
v -1.681506 3.528898 -9.855692
v -1.680273 3.522398 -9.838606
v -1.688274 3.515476 -9.823647
v -1.703364 3.509988 -9.814823
v -1.721500 3.507403 -9.814498
v -1.737822 3.508414 -9.822760
v -1.745541 3.488937 -9.846379
v -1.746740 3.495117 -9.863585
v -1.738657 3.501231 -9.878849
v -1.723457 3.505641 -9.888081
v -1.705213 3.507165 -9.888804
v -1.688813 3.505396 -9.880829
v -1.678653 3.500807 -9.866289
v -1.677453 3.494627 -9.849083
v -1.685536 3.488513 -9.833818
v -1.700736 3.484103 -9.824588
v -1.718980 3.482579 -9.823864
v -1.735380 3.484348 -9.831840
v -1.744593 3.463350 -9.855355
v -1.745780 3.469189 -9.872681
v -1.737666 3.474495 -9.888228
v -1.722426 3.477844 -9.897831
v -1.704143 3.478340 -9.898916
v -1.687716 3.475850 -9.891192
v -1.677546 3.471041 -9.876730
v -1.676360 3.465202 -9.859405
v -1.684474 3.459896 -9.843857
v -1.699714 3.456547 -9.834254
v -1.717997 3.456051 -9.833170
v -1.734424 3.458541 -9.840893
v -1.745220 3.435766 -9.864303
v -1.746414 3.441256 -9.881742
v -1.738317 3.445771 -9.897546
v -1.723099 3.448101 -9.907478
v -1.704837 3.447622 -9.908880
v -1.688424 3.444463 -9.901374
v -1.678259 3.439469 -9.886971
v -1.677065 3.433980 -9.869533
v -1.685161 3.429465 -9.853728
v -1.700380 3.427134 -9.843796
v -1.718642 3.427613 -9.842394
v -1.735054 3.430772 -9.849900
v -1.747529 3.405967 -9.873195
v -1.748750 3.411106 -9.890738
v -1.740711 3.414865 -9.906769
v -1.725566 3.416235 -9.916988
v -1.707373 3.414851 -9.918660
v -1.691007 3.411083 -9.911335
v -1.680853 3.405940 -9.896977
v -1.679632 3.400801 -9.879434
v -1.687671 3.397043 -9.863404
v -1.702816 3.395672 -9.853184
v -1.721009 3.397056 -9.851513
v -1.737375 3.400825 -9.858837
v -1.751631 3.373741 -9.881998
v -1.752896 3.378536 -9.899637
v -1.744946 3.381582 -9.915861
v -1.729913 3.382064 -9.926324
v -1.711824 3.379853 -9.928222
v -1.695527 3.375540 -9.921045
v -1.685387 3.370283 -9.906719
v -1.684123 3.365489 -9.889081
v -1.692072 3.362443 -9.872857
v -1.707105 3.361961 -9.862394
v -1.725194 3.364172 -9.860497
v -1.741492 3.368484 -9.867672
v -1.757632 3.338879 -9.890676
v -1.758953 3.343339 -9.908399
v -1.751117 3.345725 -9.924788
v -1.736222 3.345396 -9.935452
v -1.718260 3.342441 -9.937535
v -1.702044 3.337651 -9.930478
v -1.691919 3.332310 -9.916173
v -1.690598 3.327850 -9.898451
v -1.698434 3.325464 -9.882063
v -1.713329 3.325793 -9.871398
v -1.731290 3.328748 -9.869314
v -1.747506 3.333538 -9.876371
v -1.765627 3.301189 -9.899187
v -1.767016 3.305331 -9.916981
v -1.759308 3.307105 -9.933508
v -1.744570 3.306036 -9.944340
v -1.726750 3.302411 -9.946575
v -1.710623 3.297200 -9.939613
v -1.700510 3.291801 -9.925321
v -1.699121 3.287659 -9.907527
v -1.706828 3.285885 -9.891000
v -1.721567 3.286954 -9.880168
v -1.739387 3.290579 -9.877934
v -1.755514 3.295789 -9.884895
vn -0.6180 0.7442 -0.2535
vn -0.6407 0.7292 -0.2403
vn -0.4583 0.8603 0.2231
vn -0.4347 0.8759 0.2093
vn -0.6373 0.4147 -0.6495
vn -0.6531 0.4043 -0.6403
vn -0.4868 -0.0261 -0.8731
vn -0.4914 -0.0289 -0.8704
vn -0.2054 -0.4610 -0.8633
vn -0.1978 -0.4555 -0.8680
vn 0.1317 -0.7726 -0.6210
vn 0.1497 -0.7604 -0.6319
vn 0.4337 -0.8760 -0.2109
vn 0.4573 -0.8605 -0.2248
vn 0.6186 -0.7427 0.2564
vn 0.6413 -0.7276 0.2434
vn 0.6363 -0.4089 0.6542
vn 0.6518 -0.3982 0.6454
vn 0.4826 0.0346 0.8752
vn 0.4867 0.0378 0.8728
vn 0.1997 0.4679 0.8609
vn 0.1914 0.4627 0.8656
vn -0.1359 0.7752 0.6169
vn -0.1542 0.7632 0.6275
vn -0.6864 0.6954 -0.2128
vn -0.5061 0.8250 0.2516
vn -0.6848 0.3811 -0.6211
vn -0.5008 -0.0353 -0.8648
vn -0.1822 -0.4434 -0.8776
vn 0.1862 -0.7331 -0.6541
vn 0.5049 -0.8252 -0.2534
vn 0.6870 -0.6937 0.2162
vn 0.6831 -0.3747 0.6269
vn 0.4951 0.0446 0.8677
vn 0.1748 0.4509 0.8753
vn -0.1914 0.7359 0.6495
vn -0.7334 0.6547 -0.1832
vn -0.5551 0.7824 0.2822
vn -0.7174 0.3532 -0.6005
vn -0.5104 -0.0430 -0.8589
vn -0.1662 -0.4288 -0.8880
vn 0.2237 -0.7002 -0.6780
vn 0.5538 -0.7827 -0.2841
vn 0.7339 -0.6530 0.1870
vn 0.7152 -0.3466 0.6070
vn 0.5035 0.0526 0.8624
vn 0.1575 0.4365 0.8858
vn -0.2296 0.7030 0.6731
vn -0.7808 0.6061 -0.1518
vn -0.6047 0.7316 0.3148
vn -0.7502 0.3199 -0.5787
vn -0.5200 -0.0521 -0.8526
vn -0.1499 -0.4114 -0.8991
vn 0.2617 -0.6609 -0.7034
vn 0.6033 -0.7320 -0.3168
vn 0.7813 -0.6044 0.1560
vn 0.7474 -0.3131 0.5860
vn 0.5119 0.0619 0.8568
vn 0.1398 0.4191 0.8971
vn -0.2684 0.6635 0.6983
vn -0.8274 0.5489 -0.1189
vn -0.6536 0.6716 0.3490
vn -0.7825 0.2807 -0.5558
vn -0.5293 -0.0628 -0.8461
vn -0.1337 -0.3907 -0.9108
vn 0.2993 -0.6144 -0.7301
vn 0.6520 -0.6720 -0.3510
vn 0.8279 -0.5471 0.1236
vn 0.7790 -0.2739 0.5641
vn 0.5199 0.0725 0.8512
vn 0.1222 0.3982 0.9091
vn -0.3068 0.6168 0.7249
vn -0.8719 0.4823 -0.0851
vn -0.7002 0.6017 0.3842
vn -0.8131 0.2352 -0.5324
vn -0.5381 -0.0751 -0.8395
vn -0.1181 -0.3665 -0.9229
vn 0.3352 -0.5601 -0.7576
vn 0.6986 -0.6022 -0.3863
vn 0.8723 -0.4805 0.0902
vn 0.8089 -0.2285 0.5417
vn 0.5272 0.0844 0.8455
vn 0.1052 0.3735 0.9216
vn -0.3435 0.5622 0.7523
vn -0.9123 0.4064 -0.0512
vn -0.7428 0.5218 0.4196
vn -0.8409 0.1834 -0.5091
vn -0.5460 -0.0890 -0.8331
vn -0.1038 -0.3386 -0.9352
vn 0.3681 -0.4979 -0.7853
vn 0.7411 -0.5223 -0.4217
vn 0.9127 -0.4046 0.0568
vn 0.8361 -0.1771 0.5193
vn 0.5337 0.0975 0.8400
vn 0.0894 0.3449 0.9344
vn -0.3771 0.4996 0.7799
vn -0.9467 0.3217 -0.0185
vn -0.7790 0.4325 0.4539
vn -0.8645 0.1258 -0.4866
vn -0.5525 -0.1041 -0.8270
vn -0.0913 -0.3072 -0.9473
vn 0.3962 -0.4281 -0.8122
vn 0.7774 -0.4330 -0.4562
vn 0.9471 -0.3200 0.0244
vn 0.8590 -0.1201 0.4976
vn 0.5391 0.1116 0.8348
vn 0.0759 0.3123 0.9469
vn -0.4058 0.4293 0.8069
vn -0.9732 0.2299 0.0120
vn -0.8070 0.3353 0.4860
vn -0.8826 0.0636 -0.4659
vn -0.5573 -0.1202 -0.8215
vn -0.0816 -0.2725 -0.9587
vn 0.4181 -0.3519 -0.8375
vn 0.8055 -0.3358 -0.4883
vn 0.9736 -0.2282 -0.0058
vn 0.8766 -0.0587 0.4776
vn 0.5430 0.1261 0.8302
vn 0.0653 0.2763 0.9589
vn -0.4280 0.3524 0.8322
vn -0.9903 0.1332 0.0390
vn -0.8252 0.2327 0.5146
vn -0.8942 -0.0016 -0.4477
vn -0.5603 -0.1365 -0.8170
vn -0.0750 -0.2353 -0.9690
vn 0.4325 -0.2710 -0.8599
vn 0.8238 -0.2331 -0.5168
vn 0.9908 -0.1316 -0.0325
vn 0.8880 0.0055 0.4598
vn 0.5455 0.1407 0.8262
vn 0.0583 0.2375 0.9696
vn -0.4425 0.2709 0.8549
vn -0.9975 0.0347 0.0614
vn -0.8329 0.1278 0.5385
vn -0.8990 -0.0676 -0.4327
vn -0.5614 -0.1524 -0.8134
vn -0.0720 -0.1966 -0.9778
vn 0.4387 -0.1878 -0.8788
vn 0.8315 -0.1279 -0.5406
vn 0.9979 -0.0332 -0.0548
vn 0.8927 0.0704 0.4450
vn 0.5467 0.1546 0.8230
vn 0.0555 0.1971 0.9788
vn -0.4485 0.1871 0.8740
vn -0.9949 -0.0623 0.0787
vn -0.8300 0.0238 0.5572
vn -0.8972 -0.1322 -0.4213
vn -0.5608 -0.1671 -0.8109
vn -0.0728 -0.1573 -0.9849
vn 0.4367 -0.1049 -0.8935
vn 0.8288 -0.0238 -0.5590
vn 0.9954 0.0637 -0.0721
vn 0.8911 0.1338 0.4336
vn 0.5465 0.1675 0.8205
vn 0.0569 0.1564 0.9861
vn -0.4461 0.1037 0.8890
vn -0.9837 -0.1550 0.0907
vn -0.8179 -0.0760 0.5703
vn -0.8897 -0.1932 -0.4136
vn -0.5588 -0.1801 -0.8095
vn -0.0770 -0.1186 -0.9899
vn 0.4273 -0.0247 -0.9038
vn 0.8168 0.0761 -0.5719
vn 0.9841 0.1562 -0.0843
vn 0.8840 0.1938 0.4255
vn 0.5455 0.1789 0.8188
vn 0.0622 0.1163 0.9913
vn -0.4360 0.0231 0.8996
vn -0.9656 -0.2410 0.0978
vn -0.7981 -0.1692 0.5783
vn -0.8777 -0.2492 -0.4093
vn -0.5561 -0.1910 -0.8089
vn -0.0843 -0.0813 -0.9931
vn 0.4117 0.0508 -0.9099
vn 0.7971 0.1694 -0.5796
vn 0.9659 0.2420 -0.0916
vn 0.8725 0.2488 0.4205
vn 0.5439 0.1885 0.8177
vn 0.0708 0.0780 0.9944
vn -0.4196 -0.0527 0.9062
vn -0.9425 -0.3188 0.1006
vn -0.7727 -0.2542 0.5816
vn -0.8627 -0.2990 -0.4078
vn -0.5531 -0.1996 -0.8089
vn -0.0942 -0.0461 -0.9945
vn 0.3915 0.1203 -0.9123
vn 0.7719 0.2545 -0.5826
vn 0.9428 0.3195 -0.0946
vn 0.8581 0.2979 0.4183
vn 0.5422 0.1960 0.8171
vn 0.0821 0.0422 0.9957
vn -0.3985 -0.1224 0.9090
vn -0.9164 -0.3877 0.0999
vn -0.7438 -0.3302 0.5812
vn -0.8461 -0.3424 -0.4085
vn -0.5502 -0.2057 -0.8093
vn -0.1059 -0.0134 -0.9943
vn 0.3681 0.1832 -0.9116
vn 0.7431 0.3305 -0.5818
vn 0.9168 0.3881 -0.0942
vn 0.8421 0.3406 0.4182
vn 0.5407 0.2016 0.8167
vn 0.0954 0.0090 0.9954
vn -0.3742 -0.1853 0.9086
vn -0.8890 -0.4476 0.0965
vn -0.7131 -0.3971 0.5777
vn -0.8290 -0.3793 -0.4109
vn -0.5478 -0.2096 -0.8099
vn -0.1190 0.0167 -0.9928
vn 0.3429 0.2392 -0.9084
vn 0.7127 0.3973 -0.5781
vn 0.8895 0.4478 -0.0912
vn 0.8256 0.3771 0.4197
vn 0.5396 0.2051 0.8165
vn 0.1099 -0.0212 0.9937
vn -0.3481 -0.2413 0.9059
vn -0.8619 -0.4988 0.0913
vn -0.6823 -0.4551 0.5722
vn -0.8126 -0.4099 -0.4143
vn -0.5463 -0.2114 -0.8105
vn -0.1329 0.0443 -0.9901
vn 0.3171 0.2887 -0.9034
vn 0.6820 0.4554 -0.5723
vn 0.8624 0.4988 -0.0864
vn 0.8097 0.4075 0.4223
vn 0.5393 0.2068 0.8163
vn 0.1252 -0.0487 0.9909
vn -0.3215 -0.2907 0.9012
vn -0.8361 -0.5420 0.0850
vn -0.6523 -0.5050 0.5652
vn -0.7975 -0.4348 -0.4183
vn -0.5458 -0.2113 -0.8108
vn -0.1473 0.0695 -0.9867
vn 0.2917 0.3321 -0.8970
vn 0.6523 0.5053 -0.5650
vn 0.8366 0.5419 -0.0804
vn 0.7951 0.4323 0.4254
vn 0.5399 0.2067 0.8159
vn 0.1408 -0.0736 0.9873
vn -0.2952 -0.3338 0.8952
vn -0.8123 -0.5779 0.0782
vn -0.6242 -0.5474 0.5575
vn -0.7843 -0.4545 -0.4223
vn -0.5465 -0.2094 -0.8108
vn -0.1617 0.0924 -0.9825
vn 0.2671 0.3699 -0.8899
vn 0.6243 0.5477 -0.5570
vn 0.8129 0.5777 -0.0739
vn 0.7823 0.4519 0.4287
vn 0.5416 0.2051 0.8153
vn 0.1564 -0.0962 0.9830
vn -0.2700 -0.3713 0.8884
vn -0.7913 -0.6073 0.0714
vn -0.5984 -0.5831 0.5494
vn -0.7733 -0.4695 -0.4261
vn -0.5485 -0.2059 -0.8104
vn -0.1761 0.1134 -0.9778
vn 0.2441 0.4026 -0.8822
vn 0.5987 0.5835 -0.5487
vn 0.7919 0.6069 -0.0673
vn 0.7717 0.4670 0.4317
vn 0.5444 0.2019 0.8142
vn 0.1718 -0.1167 0.9782
vn -0.2462 -0.4038 0.8811
vn -0.7733 -0.6307 0.0650
vn -0.5755 -0.6129 0.5415
vn -0.7649 -0.4802 -0.4294
vn -0.5518 -0.2009 -0.8094
vn -0.1903 0.1327 -0.9727
vn 0.2228 0.4309 -0.8744
vn 0.5760 0.6132 -0.5405
vn 0.7740 0.6303 -0.0611
vn 0.7636 0.4778 0.4343
vn 0.5484 0.1974 0.8126
vn 0.1868 -0.1354 0.9730
vn -0.2243 -0.4318 0.8737
vn -0.7587 -0.6488 0.0592
vn -0.5556 -0.6372 0.5341
vn -0.7592 -0.4870 -0.4318
vn -0.5564 -0.1946 -0.8078
vn -0.2040 0.1504 -0.9673
vn 0.2035 0.4553 -0.8668
vn 0.5564 0.6376 -0.5328
vn 0.7594 0.6483 -0.0556
vn 0.7582 0.4847 0.4361
vn 0.5537 0.1915 0.8104
vn 0.2014 -0.1526 0.9675
vn -0.2044 -0.4557 0.8663
vn -0.7476 -0.6619 0.0546
vn -0.5391 -0.6567 0.5274
vn -0.7563 -0.4901 -0.4333
vn -0.5624 -0.1868 -0.8055
vn -0.2173 0.1669 -0.9617
vn 0.1865 0.4760 -0.8594
vn 0.5401 0.6571 -0.5259
vn 0.7483 0.6614 -0.0512
vn 0.7555 0.4881 0.4370
vn 0.5603 0.1843 0.8075
vn 0.2154 -0.1685 0.9619
vn -0.1868 -0.4761 0.8593
vn -0.7402 -0.6705 0.0512
vn -0.5260 -0.6716 0.5218
vn -0.7564 -0.4899 -0.4335
vn -0.5697 -0.1778 -0.8024
vn -0.2300 0.1823 -0.9560
vn 0.1717 0.4935 -0.8526
vn 0.5272 0.6720 -0.5201
vn 0.7409 0.6699 -0.0480
vn 0.7557 0.4881 0.4366
vn 0.5682 0.1758 0.8039
vn 0.2289 -0.1833 0.9560
vn -0.1714 -0.4933 0.8528
vn -0.7365 -0.6746 0.0493
vn -0.5165 -0.6822 0.5175
vn -0.7593 -0.4863 -0.4324
vn -0.5784 -0.1673 -0.7984
vn -0.2421 0.1968 -0.9501
vn 0.1594 0.5080 -0.8465
vn 0.5179 0.6827 -0.5155
vn 0.7372 0.6740 -0.0463
vn 0.7589 0.4848 0.4349
vn 0.5774 0.1660 0.7994
vn 0.2417 -0.1971 0.9501
vn -0.1585 -0.5074 0.8470
vn -0.7366 -0.6745 0.0493
vn -0.5106 -0.6888 0.5147
vn -0.7652 -0.4794 -0.4296
vn -0.5884 -0.1555 -0.7935
vn -0.2535 0.2104 -0.9442
vn 0.1496 0.5196 -0.8412
vn 0.5122 0.6892 -0.5124
vn 0.7374 0.6739 -0.0465
vn 0.7649 0.4782 0.4316
vn 0.5879 0.1547 0.7940
vn 0.2538 -0.2100 0.9442
vn -0.1481 -0.5187 0.8421
vn -0.7405 -0.6701 0.0513
vn -0.5083 -0.6912 0.5137
vn -0.7740 -0.4692 -0.4251
vn -0.5997 -0.1420 -0.7875
vn -0.2641 0.2233 -0.9383
vn 0.1423 0.5285 -0.8370
vn 0.5102 0.6917 -0.5111
vn 0.7412 0.6695 -0.0487
vn 0.7738 0.4682 0.4265
vn 0.5996 0.1420 0.7876
vn 0.2652 -0.2222 0.9382
vn -0.1402 -0.5272 0.8381
vn -0.7480 -0.6613 0.0556
vn -0.5096 -0.6895 0.5146
vn -0.7857 -0.4554 -0.4187
vn -0.6120 -0.1270 -0.7806
vn -0.2739 0.2355 -0.9325
vn 0.1375 0.5345 -0.8339
vn 0.5118 0.6900 -0.5118
vn 0.7488 0.6606 -0.0531
vn 0.7856 0.4548 0.4196
vn 0.6125 0.1276 0.7801
vn 0.2759 -0.2338 0.9323
vn -0.1348 -0.5329 0.8354
vn -0.7592 -0.6479 0.0623
vn -0.5144 -0.6835 0.5178
vn -0.7999 -0.4379 -0.4102
vn -0.6254 -0.1102 -0.7724
vn -0.2829 0.2471 -0.9268
vn 0.1354 0.5377 -0.8322
vn 0.5170 0.6839 -0.5148
vn 0.7600 0.6472 -0.0600
vn 0.7999 0.4377 0.4105
vn 0.6264 0.1114 0.7715
vn 0.2856 -0.2447 0.9266
vn -0.1319 -0.5358 0.8340
vn -0.7737 -0.6295 0.0717
vn -0.5226 -0.6730 0.5234
vn -0.8166 -0.4166 -0.3996
vn -0.6397 -0.0914 -0.7632
vn -0.2908 0.2580 -0.9213
vn 0.1358 0.5378 -0.8320
vn 0.5255 0.6733 -0.5201
vn 0.7744 0.6288 -0.0696
vn 0.8167 0.4167 0.3992
vn 0.6412 0.0934 0.7617
vn 0.2944 -0.2551 0.9210
vn -0.1315 -0.5357 0.8341
vn -0.7911 -0.6059 0.0839
vn -0.5338 -0.6576 0.5316
vn -0.8353 -0.3910 -0.3866
vn -0.6544 -0.0707 -0.7528
vn -0.2977 0.2683 -0.9162
vn 0.1385 0.5348 -0.8336
vn 0.5370 0.6578 -0.5281
vn 0.7918 0.6052 -0.0821
vn 0.8355 0.3914 0.3857
vn 0.6566 0.0733 0.7507
vn 0.3022 -0.2648 0.9157
vn -0.1334 -0.5324 0.8359
vn -0.8109 -0.5768 0.0990
vn -0.5477 -0.6370 0.5424
vn -0.8555 -0.3610 -0.3713
vn -0.6694 -0.0479 -0.7414
vn -0.3034 0.2777 -0.9115
vn 0.1434 0.5282 -0.8369
vn 0.5511 0.6372 -0.5388
vn 0.8115 0.5762 -0.0974
vn 0.8558 0.3618 0.3698
vn 0.6722 0.0510 0.7386
vn 0.3090 -0.2737 0.9108
vn -0.1375 -0.5258 0.8394
vn -0.8323 -0.5419 0.1169
vn -0.5635 -0.6111 0.5560
vn -0.8765 -0.3264 -0.3539
vn -0.6842 -0.0230 -0.7290
vn -0.3080 0.2862 -0.9073
vn 0.1500 0.5180 -0.8421
vn 0.5672 0.6111 -0.5521
vn 0.8329 0.5413 -0.1155
vn 0.8769 0.3276 0.3517
vn 0.6876 0.0266 0.7256
vn 0.3146 -0.2819 0.9064
vn -0.1433 -0.5156 0.8448
vn -0.8544 -0.5012 0.1373
vn -0.5805 -0.5795 0.5720
vn -0.8975 -0.2874 -0.3346
vn -0.6983 0.0038 -0.7158
vn -0.3115 0.2935 -0.9038
vn 0.1580 0.5039 -0.8492
vn 0.5845 0.5794 -0.5681
vn 0.8549 0.5006 -0.1362
vn 0.8980 0.2889 0.3318
vn 0.7024 0.0002 0.7118
vn 0.3190 -0.2891 0.9026
vn -0.1505 -0.5016 0.8519
vn -0.8761 -0.4548 0.1599
vn -0.5978 -0.5425 0.5902
vn -0.9176 -0.2441 -0.3137
vn -0.7113 0.0324 -0.7022
vn -0.3138 0.2995 -0.9010
vn 0.1668 0.4858 -0.8580
vn 0.6019 0.5422 -0.5863
vn 0.8765 0.4543 -0.1591
vn 0.9183 0.2459 0.3103
vn 0.7160 -0.0281 0.6976
vn 0.3223 -0.2952 0.8994
vn -0.1586 -0.4837 0.8607
vn -0.8964 -0.4032 0.1841
vn -0.6143 -0.5003 0.6102
vn -0.9360 -0.1971 -0.2918
vn -0.7226 0.0621 -0.6884
vn -0.3153 0.3040 -0.8990
vn 0.1756 0.4639 -0.8683
vn 0.6186 0.4998 -0.6063
vn 0.8967 0.4029 -0.1835
vn 0.9367 0.1991 0.2879
vn 0.7279 -0.0579 0.6832
vn 0.3245 -0.2999 0.8971
vn -0.1669 -0.4622 0.8710
vn -0.9141 -0.3474 0.2091
vn -0.6291 -0.4536 0.6312
vn -0.9517 -0.1472 -0.2696
vn -0.7321 0.0926 -0.6749
vn -0.3160 0.3069 -0.8978
vn 0.1837 0.4385 -0.8798
vn 0.6334 0.4530 -0.6274
vn 0.9142 0.3472 -0.2088
vn 0.9526 0.1493 0.2652
vn 0.7378 -0.0885 0.6692
vn 0.3258 -0.3032 0.8955
vn -0.1747 -0.4371 0.8823
vn -0.9284 -0.2885 0.2342
vn -0.6413 -0.4034 0.6526
vn -0.9641 -0.0955 -0.2477
vn -0.7393 0.1230 -0.6620
vn -0.3161 0.3080 -0.8973
vn 0.1906 0.4101 -0.8919
vn 0.6455 0.4027 -0.6490
vn 0.9284 0.2885 -0.2341
vn 0.9651 0.0977 0.2429
vn 0.7454 -0.1192 0.6559
vn 0.3263 -0.3049 0.8948
vn -0.1814 -0.4092 0.8942
vn -0.9387 -0.2281 0.2584
vn -0.6504 -0.3510 0.6736
vn -0.9730 -0.0434 -0.2268
vn -0.7444 0.1528 -0.6501
vn -0.3161 0.3074 -0.8976
vn 0.1957 0.3794 -0.9043
vn 0.6543 0.3502 -0.6702
vn 0.9387 0.2282 -0.2586
vn 0.9740 0.0455 0.2217
vn 0.7505 -0.1494 0.6437
vn 0.3262 -0.3049 0.8948
vn -0.1867 -0.3790 0.9064
vn -0.9450 -0.1675 0.2811
vn -0.6560 -0.2977 0.6936
vn -0.9782 0.0080 -0.2075
vn -0.7473 0.1811 -0.6393
vn -0.3160 0.3051 -0.8984
vn 0.1988 0.3473 -0.9164
vn 0.6596 0.2969 -0.6905
vn 0.9448 0.1678 -0.2815
vn 0.9793 -0.0059 0.2023
vn 0.7535 -0.1782 0.6329
vn 0.3259 -0.3033 0.8954
vn -0.1901 -0.3473 0.9183
vn -0.9472 -0.1085 0.3016
vn -0.6581 -0.2449 0.7119
vn -0.9801 0.0573 -0.1902
vn -0.7484 0.2074 -0.6300
vn -0.3161 0.3014 -0.8996
vn 0.1998 0.3146 -0.9279
vn 0.6615 0.2441 -0.7092
vn 0.9470 0.1088 -0.3022
vn 0.9812 -0.0554 0.1850
vn 0.7544 -0.2051 0.6236
vn 0.3256 -0.3003 0.8966
vn -0.1916 -0.3151 0.9295
vn -0.9460 -0.0521 0.3198
vn -0.6572 -0.1938 0.7284
vn -0.9791 0.1036 -0.1751
vn -0.7480 0.2312 -0.6221
vn -0.3165 0.2964 -0.9011
vn 0.1988 0.2823 -0.9385
vn 0.6602 0.1930 -0.7259
vn 0.9458 0.0525 -0.3206
vn 0.9802 -0.1020 0.1699
vn 0.7537 -0.2295 0.6158
vn 0.3254 -0.2959 0.8981
vn -0.1912 -0.2830 0.9399
vn -0.9420 0.0006 0.3355
vn -0.6537 -0.1453 0.7427
vn -0.9759 0.1463 -0.1622
vn -0.7466 0.2524 -0.6156
vn -0.3173 0.2905 -0.9028
vn 0.1960 0.2509 -0.9480
vn 0.6563 0.1445 -0.7405
vn 0.9417 -0.0002 -0.3364
vn 0.9769 -0.1449 0.1572
vn 0.7519 -0.2512 0.6096
vn 0.3255 -0.2905 0.8998
vn -0.1892 -0.2519 0.9491
vn -0.9360 0.0491 0.3487
vn -0.6482 -0.1000 0.7549
vn -0.9710 0.1849 -0.1515
vn -0.7445 0.2707 -0.6103
vn -0.3185 0.2838 -0.9045
vn 0.1919 0.2209 -0.9562
vn 0.6504 0.0993 -0.7531
vn 0.9356 -0.0486 -0.3497
vn 0.9720 -0.1837 0.1467
vn 0.7493 -0.2700 0.6047
vn 0.3259 -0.2842 0.9017
vn -0.1858 -0.2221 0.9572
vn -0.9285 0.0930 0.3596
vn -0.6413 -0.0584 0.7651
vn -0.9652 0.2193 -0.1428
vn -0.7420 0.2864 -0.6061
vn -0.3201 0.2766 -0.9061
vn 0.1868 0.1928 -0.9633
vn 0.6431 0.0578 -0.7636
vn 0.9281 -0.0926 -0.3607
vn 0.9660 -0.2183 0.1383
vn 0.7464 -0.2860 0.6009
vn 0.3267 -0.2772 0.9035
vn -0.1814 -0.1940 0.9641
vn -0.9243 0.1138 0.3644
vn -0.6374 -0.0385 0.7695
vn -0.9619 0.2354 -0.1388
vn -0.7408 0.2936 -0.6042
vn -0.3211 0.2729 -0.9069
vn 0.1839 0.1793 -0.9665
vn 0.6391 0.0380 -0.7682
vn 0.9239 -0.1134 -0.3656
vn 0.9627 -0.2346 0.1345
vn 0.7448 -0.2933 0.5994
vn 0.3271 -0.2736 0.9045
vn -0.1790 -0.1804 0.9672
vt 0.000000 1.000000
vt 0.000000 0.000000
vt 0.000000 0.083333
vt 0.000000 0.166667
vt 0.000000 0.250000
vt 0.000000 0.333333
vt 0.000000 0.416667
vt 0.000000 0.500000
vt 0.000000 0.583333
vt 0.000000 0.666667
vt 0.000000 0.750000
vt 0.000000 0.833333
vt 0.000000 0.916667
vt 0.021277 1.000000
vt 0.021277 0.000000
vt 0.021277 0.083333
vt 0.021277 0.166667
vt 0.021277 0.250000
vt 0.021277 0.333333
vt 0.021277 0.416667
vt 0.021277 0.500000
vt 0.021277 0.583333
vt 0.021277 0.666667
vt 0.021277 0.750000
vt 0.021277 0.833333
vt 0.021277 0.916667
vt 0.042553 1.000000
vt 0.042553 0.000000
vt 0.042553 0.083333
vt 0.042553 0.166667
vt 0.042553 0.250000
vt 0.042553 0.333333
vt 0.042553 0.416667
vt 0.042553 0.500000
vt 0.042553 0.583333
vt 0.042553 0.666667
vt 0.042553 0.750000
vt 0.042553 0.833333
vt 0.042553 0.916667
vt 0.063830 1.000000
vt 0.063830 0.000000
vt 0.063830 0.083333
vt 0.063830 0.166667
vt 0.063830 0.250000
vt 0.063830 0.333333
vt 0.063830 0.416667
vt 0.063830 0.500000
vt 0.063830 0.583333
vt 0.063830 0.666667
vt 0.063830 0.750000
vt 0.063830 0.833333
vt 0.063830 0.916667
vt 0.085106 1.000000
vt 0.085106 0.000000
vt 0.085106 0.083333
vt 0.085106 0.166667
vt 0.085106 0.250000
vt 0.085106 0.333333
vt 0.085106 0.416667
vt 0.085106 0.500000
vt 0.085106 0.583333
vt 0.085106 0.666667
vt 0.085106 0.750000
vt 0.085106 0.833333
vt 0.085106 0.916667
vt 0.106383 1.000000
vt 0.106383 0.000000
vt 0.106383 0.083333
vt 0.106383 0.166667
vt 0.106383 0.250000
vt 0.106383 0.333333
vt 0.106383 0.416667
vt 0.106383 0.500000
vt 0.106383 0.583333
vt 0.106383 0.666667
vt 0.106383 0.750000
vt 0.106383 0.833333
vt 0.106383 0.916667
vt 0.127660 1.000000
vt 0.127660 0.000000
vt 0.127660 0.083333
vt 0.127660 0.166667
vt 0.127660 0.250000
vt 0.127660 0.333333
vt 0.127660 0.416667
vt 0.127660 0.500000
vt 0.127660 0.583333
vt 0.127660 0.666667
vt 0.127660 0.750000
vt 0.127660 0.833333
vt 0.127660 0.916667
vt 0.148936 1.000000
vt 0.148936 0.000000
vt 0.148936 0.083333
vt 0.148936 0.166667
vt 0.148936 0.250000
vt 0.148936 0.333333
vt 0.148936 0.416667
vt 0.148936 0.500000
vt 0.148936 0.583333
vt 0.148936 0.666667
vt 0.148936 0.750000
vt 0.148936 0.833333
vt 0.148936 0.916667
vt 0.170213 1.000000
vt 0.170213 0.000000
vt 0.170213 0.083333
vt 0.170213 0.166667
vt 0.170213 0.250000
vt 0.170213 0.333333
vt 0.170213 0.416667
vt 0.170213 0.500000
vt 0.170213 0.583333
vt 0.170213 0.666667
vt 0.170213 0.750000
vt 0.170213 0.833333
vt 0.170213 0.916667
vt 0.191489 1.000000
vt 0.191489 0.000000
vt 0.191489 0.083333
vt 0.191489 0.166667
vt 0.191489 0.250000
vt 0.191489 0.333333
vt 0.191489 0.416667
vt 0.191489 0.500000
vt 0.191489 0.583333
vt 0.191489 0.666667
vt 0.191489 0.750000
vt 0.191489 0.833333
vt 0.191489 0.916667
vt 0.212766 1.000000
vt 0.212766 0.000000
vt 0.212766 0.083333
vt 0.212766 0.166667
vt 0.212766 0.250000
vt 0.212766 0.333333
vt 0.212766 0.416667
vt 0.212766 0.500000
vt 0.212766 0.583333
vt 0.212766 0.666667
vt 0.212766 0.750000
vt 0.212766 0.833333
vt 0.212766 0.916667
vt 0.234043 1.000000
vt 0.234043 0.000000
vt 0.234043 0.083333
vt 0.234043 0.166667
vt 0.234043 0.250000
vt 0.234043 0.333333
vt 0.234043 0.416667
vt 0.234043 0.500000
vt 0.234043 0.583333
vt 0.234043 0.666667
vt 0.234043 0.750000
vt 0.234043 0.833333
vt 0.234043 0.916667
vt 0.255319 1.000000
vt 0.255319 0.000000
vt 0.255319 0.083333
vt 0.255319 0.166667
vt 0.255319 0.250000
vt 0.255319 0.333333
vt 0.255319 0.416667
vt 0.255319 0.500000
vt 0.255319 0.583333
vt 0.255319 0.666667
vt 0.255319 0.750000
vt 0.255319 0.833333
vt 0.255319 0.916667
vt 0.276596 1.000000
vt 0.276596 0.000000
vt 0.276596 0.083333
vt 0.276596 0.166667
vt 0.276596 0.250000
vt 0.276596 0.333333
vt 0.276596 0.416667
vt 0.276596 0.500000
vt 0.276596 0.583333
vt 0.276596 0.666667
vt 0.276596 0.750000
vt 0.276596 0.833333
vt 0.276596 0.916667
vt 0.297872 1.000000
vt 0.297872 0.000000
vt 0.297872 0.083333
vt 0.297872 0.166667
vt 0.297872 0.250000
vt 0.297872 0.333333
vt 0.297872 0.416667
vt 0.297872 0.500000
vt 0.297872 0.583333
vt 0.297872 0.666667
vt 0.297872 0.750000
vt 0.297872 0.833333
vt 0.297872 0.916667
vt 0.319149 1.000000
vt 0.319149 0.000000
vt 0.319149 0.083333
vt 0.319149 0.166667
vt 0.319149 0.250000
vt 0.319149 0.333333
vt 0.319149 0.416667
vt 0.319149 0.500000
vt 0.319149 0.583333
vt 0.319149 0.666667
vt 0.319149 0.750000
vt 0.319149 0.833333
vt 0.319149 0.916667
vt 0.340426 1.000000
vt 0.340426 0.000000
vt 0.340426 0.083333
vt 0.340426 0.166667
vt 0.340426 0.250000
vt 0.340426 0.333333
vt 0.340426 0.416667
vt 0.340426 0.500000
vt 0.340426 0.583333
vt 0.340426 0.666667
vt 0.340426 0.750000
vt 0.340426 0.833333
vt 0.340426 0.916667
vt 0.361702 1.000000
vt 0.361702 0.000000
vt 0.361702 0.083333
vt 0.361702 0.166667
vt 0.361702 0.250000
vt 0.361702 0.333333
vt 0.361702 0.416667
vt 0.361702 0.500000
vt 0.361702 0.583333
vt 0.361702 0.666667
vt 0.361702 0.750000
vt 0.361702 0.833333
vt 0.361702 0.916667
vt 0.382979 1.000000
vt 0.382979 0.000000
vt 0.382979 0.083333
vt 0.382979 0.166667
vt 0.382979 0.250000
vt 0.382979 0.333333
vt 0.382979 0.416667
vt 0.382979 0.500000
vt 0.382979 0.583333
vt 0.382979 0.666667
vt 0.382979 0.750000
vt 0.382979 0.833333
vt 0.382979 0.916667
vt 0.404255 1.000000
vt 0.404255 0.000000
vt 0.404255 0.083333
vt 0.404255 0.166667
vt 0.404255 0.250000
vt 0.404255 0.333333
vt 0.404255 0.416667
vt 0.404255 0.500000
vt 0.404255 0.583333
vt 0.404255 0.666667
vt 0.404255 0.750000
vt 0.404255 0.833333
vt 0.404255 0.916667
vt 0.425532 1.000000
vt 0.425532 0.000000
vt 0.425532 0.083333
vt 0.425532 0.166667
vt 0.425532 0.250000
vt 0.425532 0.333333
vt 0.425532 0.416667
vt 0.425532 0.500000
vt 0.425532 0.583333
vt 0.425532 0.666667
vt 0.425532 0.750000
vt 0.425532 0.833333
vt 0.425532 0.916667
vt 0.446809 1.000000
vt 0.446809 0.000000
vt 0.446809 0.083333
vt 0.446809 0.166667
vt 0.446809 0.250000
vt 0.446809 0.333333
vt 0.446809 0.416667
vt 0.446809 0.500000
vt 0.446809 0.583333
vt 0.446809 0.666667
vt 0.446809 0.750000
vt 0.446809 0.833333
vt 0.446809 0.916667
vt 0.468085 1.000000
vt 0.468085 0.000000
vt 0.468085 0.083333
vt 0.468085 0.166667
vt 0.468085 0.250000
vt 0.468085 0.333333
vt 0.468085 0.416667
vt 0.468085 0.500000
vt 0.468085 0.583333
vt 0.468085 0.666667
vt 0.468085 0.750000
vt 0.468085 0.833333
vt 0.468085 0.916667
vt 0.489362 1.000000
vt 0.489362 0.000000
vt 0.489362 0.083333
vt 0.489362 0.166667
vt 0.489362 0.250000
vt 0.489362 0.333333
vt 0.489362 0.416667
vt 0.489362 0.500000
vt 0.489362 0.583333
vt 0.489362 0.666667
vt 0.489362 0.750000
vt 0.489362 0.833333
vt 0.489362 0.916667
vt 0.510638 1.000000
vt 0.510638 0.000000
vt 0.510638 0.083333
vt 0.510638 0.166667
vt 0.510638 0.250000
vt 0.510638 0.333333
vt 0.510638 0.416667
vt 0.510638 0.500000
vt 0.510638 0.583333
vt 0.510638 0.666667
vt 0.510638 0.750000
vt 0.510638 0.833333
vt 0.510638 0.916667
vt 0.531915 1.000000
vt 0.531915 0.000000
vt 0.531915 0.083333
vt 0.531915 0.166667
vt 0.531915 0.250000
vt 0.531915 0.333333
vt 0.531915 0.416667
vt 0.531915 0.500000
vt 0.531915 0.583333
vt 0.531915 0.666667
vt 0.531915 0.750000
vt 0.531915 0.833333
vt 0.531915 0.916667
vt 0.553191 1.000000
vt 0.553191 0.000000
vt 0.553191 0.083333
vt 0.553191 0.166667
vt 0.553191 0.250000
vt 0.553191 0.333333
vt 0.553191 0.416667
vt 0.553191 0.500000
vt 0.553191 0.583333
vt 0.553191 0.666667
vt 0.553191 0.750000
vt 0.553191 0.833333
vt 0.553191 0.916667
vt 0.574468 1.000000
vt 0.574468 0.000000
vt 0.574468 0.083333
vt 0.574468 0.166667
vt 0.574468 0.250000
vt 0.574468 0.333333
vt 0.574468 0.416667
vt 0.574468 0.500000
vt 0.574468 0.583333
vt 0.574468 0.666667
vt 0.574468 0.750000
vt 0.574468 0.833333
vt 0.574468 0.916667
vt 0.595745 1.000000
vt 0.595745 0.000000
vt 0.595745 0.083333
vt 0.595745 0.166667
vt 0.595745 0.250000
vt 0.595745 0.333333
vt 0.595745 0.416667
vt 0.595745 0.500000
vt 0.595745 0.583333
vt 0.595745 0.666667
vt 0.595745 0.750000
vt 0.595745 0.833333
vt 0.595745 0.916667
vt 0.617021 1.000000
vt 0.617021 0.000000
vt 0.617021 0.083333
vt 0.617021 0.166667
vt 0.617021 0.250000
vt 0.617021 0.333333
vt 0.617021 0.416667
vt 0.617021 0.500000
vt 0.617021 0.583333
vt 0.617021 0.666667
vt 0.617021 0.750000
vt 0.617021 0.833333
vt 0.617021 0.916667
vt 0.638298 1.000000
vt 0.638298 0.000000
vt 0.638298 0.083333
vt 0.638298 0.166667
vt 0.638298 0.250000
vt 0.638298 0.333333
vt 0.638298 0.416667
vt 0.638298 0.500000
vt 0.638298 0.583333
vt 0.638298 0.666667
vt 0.638298 0.750000
vt 0.638298 0.833333
vt 0.638298 0.916667
vt 0.659574 1.000000
vt 0.659574 0.000000
vt 0.659574 0.083333
vt 0.659574 0.166667
vt 0.659574 0.250000
vt 0.659574 0.333333
vt 0.659574 0.416667
vt 0.659574 0.500000
vt 0.659574 0.583333
vt 0.659574 0.666667
vt 0.659574 0.750000
vt 0.659574 0.833333
vt 0.659574 0.916667
vt 0.680851 1.000000
vt 0.680851 0.000000
vt 0.680851 0.083333
vt 0.680851 0.166667
vt 0.680851 0.250000
vt 0.680851 0.333333
vt 0.680851 0.416667
vt 0.680851 0.500000
vt 0.680851 0.583333
vt 0.680851 0.666667
vt 0.680851 0.750000
vt 0.680851 0.833333
vt 0.680851 0.916667
vt 0.702128 1.000000
vt 0.702128 0.000000
vt 0.702128 0.083333
vt 0.702128 0.166667
vt 0.702128 0.250000
vt 0.702128 0.333333
vt 0.702128 0.416667
vt 0.702128 0.500000
vt 0.702128 0.583333
vt 0.702128 0.666667
vt 0.702128 0.750000
vt 0.702128 0.833333
vt 0.702128 0.916667
vt 0.723404 1.000000
vt 0.723404 0.000000
vt 0.723404 0.083333
vt 0.723404 0.166667
vt 0.723404 0.250000
vt 0.723404 0.333333
vt 0.723404 0.416667
vt 0.723404 0.500000
vt 0.723404 0.583333
vt 0.723404 0.666667
vt 0.723404 0.750000
vt 0.723404 0.833333
vt 0.723404 0.916667
vt 0.744681 1.000000
vt 0.744681 0.000000
vt 0.744681 0.083333
vt 0.744681 0.166667
vt 0.744681 0.250000
vt 0.744681 0.333333
vt 0.744681 0.416667
vt 0.744681 0.500000
vt 0.744681 0.583333
vt 0.744681 0.666667
vt 0.744681 0.750000
vt 0.744681 0.833333
vt 0.744681 0.916667
vt 0.765957 1.000000
vt 0.765957 0.000000
vt 0.765957 0.083333
vt 0.765957 0.166667
vt 0.765957 0.250000
vt 0.765957 0.333333
vt 0.765957 0.416667
vt 0.765957 0.500000
vt 0.765957 0.583333
vt 0.765957 0.666667
vt 0.765957 0.750000
vt 0.765957 0.833333
vt 0.765957 0.916667
vt 0.787234 1.000000
vt 0.787234 0.000000
vt 0.787234 0.083333
vt 0.787234 0.166667
vt 0.787234 0.250000
vt 0.787234 0.333333
vt 0.787234 0.416667
vt 0.787234 0.500000
vt 0.787234 0.583333
vt 0.787234 0.666667
vt 0.787234 0.750000
vt 0.787234 0.833333
vt 0.787234 0.916667
vt 0.808511 1.000000
vt 0.808511 0.000000
vt 0.808511 0.083333
vt 0.808511 0.166667
vt 0.808511 0.250000
vt 0.808511 0.333333
vt 0.808511 0.416667
vt 0.808511 0.500000
vt 0.808511 0.583333
vt 0.808511 0.666667
vt 0.808511 0.750000
vt 0.808511 0.833333
vt 0.808511 0.916667
vt 0.829787 1.000000
vt 0.829787 0.000000
vt 0.829787 0.083333
vt 0.829787 0.166667
vt 0.829787 0.250000
vt 0.829787 0.333333
vt 0.829787 0.416667
vt 0.829787 0.500000
vt 0.829787 0.583333
vt 0.829787 0.666667
vt 0.829787 0.750000
vt 0.829787 0.833333
vt 0.829787 0.916667
vt 0.851064 1.000000
vt 0.851064 0.000000
vt 0.851064 0.083333
vt 0.851064 0.166667
vt 0.851064 0.250000
vt 0.851064 0.333333
vt 0.851064 0.416667
vt 0.851064 0.500000
vt 0.851064 0.583333
vt 0.851064 0.666667
vt 0.851064 0.750000
vt 0.851064 0.833333
vt 0.851064 0.916667
vt 0.872340 1.000000
vt 0.872340 0.000000
vt 0.872340 0.083333
vt 0.872340 0.166667
vt 0.872340 0.250000
vt 0.872340 0.333333
vt 0.872340 0.416667
vt 0.872340 0.500000
vt 0.872340 0.583333
vt 0.872340 0.666667
vt 0.872340 0.750000
vt 0.872340 0.833333
vt 0.872340 0.916667
vt 0.893617 1.000000
vt 0.893617 0.000000
vt 0.893617 0.083333
vt 0.893617 0.166667
vt 0.893617 0.250000
vt 0.893617 0.333333
vt 0.893617 0.416667
vt 0.893617 0.500000
vt 0.893617 0.583333
vt 0.893617 0.666667
vt 0.893617 0.750000
vt 0.893617 0.833333
vt 0.893617 0.916667
vt 0.914894 1.000000
vt 0.914894 0.000000
vt 0.914894 0.083333
vt 0.914894 0.166667
vt 0.914894 0.250000
vt 0.914894 0.333333
vt 0.914894 0.416667
vt 0.914894 0.500000
vt 0.914894 0.583333
vt 0.914894 0.666667
vt 0.914894 0.750000
vt 0.914894 0.833333
vt 0.914894 0.916667
vt 0.936170 1.000000
vt 0.936170 0.000000
vt 0.936170 0.083333
vt 0.936170 0.166667
vt 0.936170 0.250000
vt 0.936170 0.333333
vt 0.936170 0.416667
vt 0.936170 0.500000
vt 0.936170 0.583333
vt 0.936170 0.666667
vt 0.936170 0.750000
vt 0.936170 0.833333
vt 0.936170 0.916667
vt 0.957447 1.000000
vt 0.957447 0.000000
vt 0.957447 0.083333
vt 0.957447 0.166667
vt 0.957447 0.250000
vt 0.957447 0.333333
vt 0.957447 0.416667
vt 0.957447 0.500000
vt 0.957447 0.583333
vt 0.957447 0.666667
vt 0.957447 0.750000
vt 0.957447 0.833333
vt 0.957447 0.916667
vt 0.978723 1.000000
vt 0.978723 0.000000
vt 0.978723 0.083333
vt 0.978723 0.166667
vt 0.978723 0.250000
vt 0.978723 0.333333
vt 0.978723 0.416667
vt 0.978723 0.500000
vt 0.978723 0.583333
vt 0.978723 0.666667
vt 0.978723 0.750000
vt 0.978723 0.833333
vt 0.978723 0.916667
vt 1.000000 1.000000
vt 1.000000 0.000000
vt 1.000000 0.083333
vt 1.000000 0.166667
vt 1.000000 0.250000
vt 1.000000 0.333333
vt 1.000000 0.416667
vt 1.000000 0.500000
vt 1.000000 0.583333
vt 1.000000 0.666667
vt 1.000000 0.750000
vt 1.000000 0.833333
vt 1.000000 0.916667
s 1
usemtl Material.023
f 1356/1739/1170 1368/1752/1171 1379/1764/1172 1367/1751/1173
f 1357/1741/1174 1369/1754/1175 1368/1753/1171 1356/1740/1170
f 1358/1742/1176 1370/1755/1177 1369/1754/1175 1357/1741/1174
f 1359/1743/1178 1371/1756/1179 1370/1755/1177 1358/1742/1176
f 1360/1744/1180 1372/1757/1181 1371/1756/1179 1359/1743/1178
f 1361/1745/1182 1373/1758/1183 1372/1757/1181 1360/1744/1180
f 1362/1746/1184 1374/1759/1185 1373/1758/1183 1361/1745/1182
f 1363/1747/1186 1375/1760/1187 1374/1759/1185 1362/1746/1184
f 1364/1748/1188 1376/1761/1189 1375/1760/1187 1363/1747/1186
f 1365/1749/1190 1377/1762/1191 1376/1761/1189 1364/1748/1188
f 1366/1750/1192 1378/1763/1193 1377/1762/1191 1365/1749/1190
f 1367/1751/1173 1379/1764/1172 1378/1763/1193 1366/1750/1192
f 1368/1752/1171 1380/1765/1194 1391/1777/1195 1379/1764/1172
f 1369/1754/1175 1381/1767/1196 1380/1766/1194 1368/1753/1171
f 1370/1755/1177 1382/1768/1197 1381/1767/1196 1369/1754/1175
f 1371/1756/1179 1383/1769/1198 1382/1768/1197 1370/1755/1177
f 1372/1757/1181 1384/1770/1199 1383/1769/1198 1371/1756/1179
f 1373/1758/1183 1385/1771/1200 1384/1770/1199 1372/1757/1181
f 1374/1759/1185 1386/1772/1201 1385/1771/1200 1373/1758/1183
f 1375/1760/1187 1387/1773/1202 1386/1772/1201 1374/1759/1185
f 1376/1761/1189 1388/1774/1203 1387/1773/1202 1375/1760/1187
f 1377/1762/1191 1389/1775/1204 1388/1774/1203 1376/1761/1189
f 1378/1763/1193 1390/1776/1205 1389/1775/1204 1377/1762/1191
f 1379/1764/1172 1391/1777/1195 1390/1776/1205 1378/1763/1193
f 1380/1765/1194 1392/1778/1206 1403/1790/1207 1391/1777/1195
f 1381/1767/1196 1393/1780/1208 1392/1779/1206 1380/1766/1194
f 1382/1768/1197 1394/1781/1209 1393/1780/1208 1381/1767/1196
f 1383/1769/1198 1395/1782/1210 1394/1781/1209 1382/1768/1197
f 1384/1770/1199 1396/1783/1211 1395/1782/1210 1383/1769/1198
f 1385/1771/1200 1397/1784/1212 1396/1783/1211 1384/1770/1199
f 1386/1772/1201 1398/1785/1213 1397/1784/1212 1385/1771/1200
f 1387/1773/1202 1399/1786/1214 1398/1785/1213 1386/1772/1201
f 1388/1774/1203 1400/1787/1215 1399/1786/1214 1387/1773/1202
f 1389/1775/1204 1401/1788/1216 1400/1787/1215 1388/1774/1203
f 1390/1776/1205 1402/1789/1217 1401/1788/1216 1389/1775/1204
f 1391/1777/1195 1403/1790/1207 1402/1789/1217 1390/1776/1205
f 1392/1778/1206 1404/1791/1218 1415/1803/1219 1403/1790/1207
f 1393/1780/1208 1405/1793/1220 1404/1792/1218 1392/1779/1206
f 1394/1781/1209 1406/1794/1221 1405/1793/1220 1393/1780/1208
f 1395/1782/1210 1407/1795/1222 1406/1794/1221 1394/1781/1209
f 1396/1783/1211 1408/1796/1223 1407/1795/1222 1395/1782/1210
f 1397/1784/1212 1409/1797/1224 1408/1796/1223 1396/1783/1211
f 1398/1785/1213 1410/1798/1225 1409/1797/1224 1397/1784/1212
f 1399/1786/1214 1411/1799/1226 1410/1798/1225 1398/1785/1213
f 1400/1787/1215 1412/1800/1227 1411/1799/1226 1399/1786/1214
f 1401/1788/1216 1413/1801/1228 1412/1800/1227 1400/1787/1215
f 1402/1789/1217 1414/1802/1229 1413/1801/1228 1401/1788/1216
f 1403/1790/1207 1415/1803/1219 1414/1802/1229 1402/1789/1217
f 1404/1791/1218 1416/1804/1230 1427/1816/1231 1415/1803/1219
f 1405/1793/1220 1417/1806/1232 1416/1805/1230 1404/1792/1218
f 1406/1794/1221 1418/1807/1233 1417/1806/1232 1405/1793/1220
f 1407/1795/1222 1419/1808/1234 1418/1807/1233 1406/1794/1221
f 1408/1796/1223 1420/1809/1235 1419/1808/1234 1407/1795/1222
f 1409/1797/1224 1421/1810/1236 1420/1809/1235 1408/1796/1223
f 1410/1798/1225 1422/1811/1237 1421/1810/1236 1409/1797/1224
f 1411/1799/1226 1423/1812/1238 1422/1811/1237 1410/1798/1225
f 1412/1800/1227 1424/1813/1239 1423/1812/1238 1411/1799/1226
f 1413/1801/1228 1425/1814/1240 1424/1813/1239 1412/1800/1227
f 1414/1802/1229 1426/1815/1241 1425/1814/1240 1413/1801/1228
f 1415/1803/1219 1427/1816/1231 1426/1815/1241 1414/1802/1229
f 1416/1804/1230 1428/1817/1242 1439/1829/1243 1427/1816/1231
f 1417/1806/1232 1429/1819/1244 1428/1818/1242 1416/1805/1230
f 1418/1807/1233 1430/1820/1245 1429/1819/1244 1417/1806/1232
f 1419/1808/1234 1431/1821/1246 1430/1820/1245 1418/1807/1233
f 1420/1809/1235 1432/1822/1247 1431/1821/1246 1419/1808/1234
f 1421/1810/1236 1433/1823/1248 1432/1822/1247 1420/1809/1235
f 1422/1811/1237 1434/1824/1249 1433/1823/1248 1421/1810/1236
f 1423/1812/1238 1435/1825/1250 1434/1824/1249 1422/1811/1237
f 1424/1813/1239 1436/1826/1251 1435/1825/1250 1423/1812/1238
f 1425/1814/1240 1437/1827/1252 1436/1826/1251 1424/1813/1239
f 1426/1815/1241 1438/1828/1253 1437/1827/1252 1425/1814/1240
f 1427/1816/1231 1439/1829/1243 1438/1828/1253 1426/1815/1241
f 1428/1817/1242 1440/1830/1254 1451/1842/1255 1439/1829/1243
f 1429/1819/1244 1441/1832/1256 1440/1831/1254 1428/1818/1242
f 1430/1820/1245 1442/1833/1257 1441/1832/1256 1429/1819/1244
f 1431/1821/1246 1443/1834/1258 1442/1833/1257 1430/1820/1245
f 1432/1822/1247 1444/1835/1259 1443/1834/1258 1431/1821/1246
f 1433/1823/1248 1445/1836/1260 1444/1835/1259 1432/1822/1247
f 1434/1824/1249 1446/1837/1261 1445/1836/1260 1433/1823/1248
f 1435/1825/1250 1447/1838/1262 1446/1837/1261 1434/1824/1249
f 1436/1826/1251 1448/1839/1263 1447/1838/1262 1435/1825/1250
f 1437/1827/1252 1449/1840/1264 1448/1839/1263 1436/1826/1251
f 1438/1828/1253 1450/1841/1265 1449/1840/1264 1437/1827/1252
f 1439/1829/1243 1451/1842/1255 1450/1841/1265 1438/1828/1253
f 1440/1830/1254 1452/1843/1266 1463/1855/1267 1451/1842/1255
f 1441/1832/1256 1453/1845/1268 1452/1844/1266 1440/1831/1254
f 1442/1833/1257 1454/1846/1269 1453/1845/1268 1441/1832/1256
f 1443/1834/1258 1455/1847/1270 1454/1846/1269 1442/1833/1257
f 1444/1835/1259 1456/1848/1271 1455/1847/1270 1443/1834/1258
f 1445/1836/1260 1457/1849/1272 1456/1848/1271 1444/1835/1259
f 1446/1837/1261 1458/1850/1273 1457/1849/1272 1445/1836/1260
f 1447/1838/1262 1459/1851/1274 1458/1850/1273 1446/1837/1261
f 1448/1839/1263 1460/1852/1275 1459/1851/1274 1447/1838/1262
f 1449/1840/1264 1461/1853/1276 1460/1852/1275 1448/1839/1263
f 1450/1841/1265 1462/1854/1277 1461/1853/1276 1449/1840/1264
f 1451/1842/1255 1463/1855/1267 1462/1854/1277 1450/1841/1265
f 1452/1843/1266 1464/1856/1278 1475/1868/1279 1463/1855/1267
f 1453/1845/1268 1465/1858/1280 1464/1857/1278 1452/1844/1266
f 1454/1846/1269 1466/1859/1281 1465/1858/1280 1453/1845/1268
f 1455/1847/1270 1467/1860/1282 1466/1859/1281 1454/1846/1269
f 1456/1848/1271 1468/1861/1283 1467/1860/1282 1455/1847/1270
f 1457/1849/1272 1469/1862/1284 1468/1861/1283 1456/1848/1271
f 1458/1850/1273 1470/1863/1285 1469/1862/1284 1457/1849/1272
f 1459/1851/1274 1471/1864/1286 1470/1863/1285 1458/1850/1273
f 1460/1852/1275 1472/1865/1287 1471/1864/1286 1459/1851/1274
f 1461/1853/1276 1473/1866/1288 1472/1865/1287 1460/1852/1275
f 1462/1854/1277 1474/1867/1289 1473/1866/1288 1461/1853/1276
f 1463/1855/1267 1475/1868/1279 1474/1867/1289 1462/1854/1277
f 1464/1856/1278 1476/1869/1290 1487/1881/1291 1475/1868/1279
f 1465/1858/1280 1477/1871/1292 1476/1870/1290 1464/1857/1278
f 1466/1859/1281 1478/1872/1293 1477/1871/1292 1465/1858/1280
f 1467/1860/1282 1479/1873/1294 1478/1872/1293 1466/1859/1281
f 1468/1861/1283 1480/1874/1295 1479/1873/1294 1467/1860/1282
f 1469/1862/1284 1481/1875/1296 1480/1874/1295 1468/1861/1283
f 1470/1863/1285 1482/1876/1297 1481/1875/1296 1469/1862/1284
f 1471/1864/1286 1483/1877/1298 1482/1876/1297 1470/1863/1285
f 1472/1865/1287 1484/1878/1299 1483/1877/1298 1471/1864/1286
f 1473/1866/1288 1485/1879/1300 1484/1878/1299 1472/1865/1287
f 1474/1867/1289 1486/1880/1301 1485/1879/1300 1473/1866/1288
f 1475/1868/1279 1487/1881/1291 1486/1880/1301 1474/1867/1289
f 1476/1869/1290 1488/1882/1302 1499/1894/1303 1487/1881/1291
f 1477/1871/1292 1489/1884/1304 1488/1883/1302 1476/1870/1290
f 1478/1872/1293 1490/1885/1305 1489/1884/1304 1477/1871/1292
f 1479/1873/1294 1491/1886/1306 1490/1885/1305 1478/1872/1293
f 1480/1874/1295 1492/1887/1307 1491/1886/1306 1479/1873/1294
f 1481/1875/1296 1493/1888/1308 1492/1887/1307 1480/1874/1295
f 1482/1876/1297 1494/1889/1309 1493/1888/1308 1481/1875/1296
f 1483/1877/1298 1495/1890/1310 1494/1889/1309 1482/1876/1297
f 1484/1878/1299 1496/1891/1311 1495/1890/1310 1483/1877/1298
f 1485/1879/1300 1497/1892/1312 1496/1891/1311 1484/1878/1299
f 1486/1880/1301 1498/1893/1313 1497/1892/1312 1485/1879/1300
f 1487/1881/1291 1499/1894/1303 1498/1893/1313 1486/1880/1301
f 1488/1882/1302 1500/1895/1314 1511/1907/1315 1499/1894/1303
f 1489/1884/1304 1501/1897/1316 1500/1896/1314 1488/1883/1302
f 1490/1885/1305 1502/1898/1317 1501/1897/1316 1489/1884/1304
f 1491/1886/1306 1503/1899/1318 1502/1898/1317 1490/1885/1305
f 1492/1887/1307 1504/1900/1319 1503/1899/1318 1491/1886/1306
f 1493/1888/1308 1505/1901/1320 1504/1900/1319 1492/1887/1307
f 1494/1889/1309 1506/1902/1321 1505/1901/1320 1493/1888/1308
f 1495/1890/1310 1507/1903/1322 1506/1902/1321 1494/1889/1309
f 1496/1891/1311 1508/1904/1323 1507/1903/1322 1495/1890/1310
f 1497/1892/1312 1509/1905/1324 1508/1904/1323 1496/1891/1311
f 1498/1893/1313 1510/1906/1325 1509/1905/1324 1497/1892/1312
f 1499/1894/1303 1511/1907/1315 1510/1906/1325 1498/1893/1313
f 1500/1895/1314 1512/1908/1326 1523/1920/1327 1511/1907/1315
f 1501/1897/1316 1513/1910/1328 1512/1909/1326 1500/1896/1314
f 1502/1898/1317 1514/1911/1329 1513/1910/1328 1501/1897/1316
f 1503/1899/1318 1515/1912/1330 1514/1911/1329 1502/1898/1317
f 1504/1900/1319 1516/1913/1331 1515/1912/1330 1503/1899/1318
f 1505/1901/1320 1517/1914/1332 1516/1913/1331 1504/1900/1319
f 1506/1902/1321 1518/1915/1333 1517/1914/1332 1505/1901/1320
f 1507/1903/1322 1519/1916/1334 1518/1915/1333 1506/1902/1321
f 1508/1904/1323 1520/1917/1335 1519/1916/1334 1507/1903/1322
f 1509/1905/1324 1521/1918/1336 1520/1917/1335 1508/1904/1323
f 1510/1906/1325 1522/1919/1337 1521/1918/1336 1509/1905/1324
f 1511/1907/1315 1523/1920/1327 1522/1919/1337 1510/1906/1325
f 1512/1908/1326 1524/1921/1338 1535/1933/1339 1523/1920/1327
f 1513/1910/1328 1525/1923/1340 1524/1922/1338 1512/1909/1326
f 1514/1911/1329 1526/1924/1341 1525/1923/1340 1513/1910/1328
f 1515/1912/1330 1527/1925/1342 1526/1924/1341 1514/1911/1329
f 1516/1913/1331 1528/1926/1343 1527/1925/1342 1515/1912/1330
f 1517/1914/1332 1529/1927/1344 1528/1926/1343 1516/1913/1331
f 1518/1915/1333 1530/1928/1345 1529/1927/1344 1517/1914/1332
f 1519/1916/1334 1531/1929/1346 1530/1928/1345 1518/1915/1333
f 1520/1917/1335 1532/1930/1347 1531/1929/1346 1519/1916/1334
f 1521/1918/1336 1533/1931/1348 1532/1930/1347 1520/1917/1335
f 1522/1919/1337 1534/1932/1349 1533/1931/1348 1521/1918/1336
f 1523/1920/1327 1535/1933/1339 1534/1932/1349 1522/1919/1337
f 1524/1921/1338 1536/1934/1350 1547/1946/1351 1535/1933/1339
f 1525/1923/1340 1537/1936/1352 1536/1935/1350 1524/1922/1338
f 1526/1924/1341 1538/1937/1353 1537/1936/1352 1525/1923/1340
f 1527/1925/1342 1539/1938/1354 1538/1937/1353 1526/1924/1341
f 1528/1926/1343 1540/1939/1355 1539/1938/1354 1527/1925/1342
f 1529/1927/1344 1541/1940/1356 1540/1939/1355 1528/1926/1343
f 1530/1928/1345 1542/1941/1357 1541/1940/1356 1529/1927/1344
f 1531/1929/1346 1543/1942/1358 1542/1941/1357 1530/1928/1345
f 1532/1930/1347 1544/1943/1359 1543/1942/1358 1531/1929/1346
f 1533/1931/1348 1545/1944/1360 1544/1943/1359 1532/1930/1347
f 1534/1932/1349 1546/1945/1361 1545/1944/1360 1533/1931/1348
f 1535/1933/1339 1547/1946/1351 1546/1945/1361 1534/1932/1349
f 1536/1934/1350 1548/1947/1362 1559/1959/1363 1547/1946/1351
f 1537/1936/1352 1549/1949/1364 1548/1948/1362 1536/1935/1350
f 1538/1937/1353 1550/1950/1365 1549/1949/1364 1537/1936/1352
f 1539/1938/1354 1551/1951/1366 1550/1950/1365 1538/1937/1353
f 1540/1939/1355 1552/1952/1367 1551/1951/1366 1539/1938/1354
f 1541/1940/1356 1553/1953/1368 1552/1952/1367 1540/1939/1355
f 1542/1941/1357 1554/1954/1369 1553/1953/1368 1541/1940/1356
f 1543/1942/1358 1555/1955/1370 1554/1954/1369 1542/1941/1357
f 1544/1943/1359 1556/1956/1371 1555/1955/1370 1543/1942/1358
f 1545/1944/1360 1557/1957/1372 1556/1956/1371 1544/1943/1359
f 1546/1945/1361 1558/1958/1373 1557/1957/1372 1545/1944/1360
f 1547/1946/1351 1559/1959/1363 1558/1958/1373 1546/1945/1361
f 1548/1947/1362 1560/1960/1374 1571/1972/1375 1559/1959/1363
f 1549/1949/1364 1561/1962/1376 1560/1961/1374 1548/1948/1362
f 1550/1950/1365 1562/1963/1377 1561/1962/1376 1549/1949/1364
f 1551/1951/1366 1563/1964/1378 1562/1963/1377 1550/1950/1365
f 1552/1952/1367 1564/1965/1379 1563/1964/1378 1551/1951/1366
f 1553/1953/1368 1565/1966/1380 1564/1965/1379 1552/1952/1367
f 1554/1954/1369 1566/1967/1381 1565/1966/1380 1553/1953/1368
f 1555/1955/1370 1567/1968/1382 1566/1967/1381 1554/1954/1369
f 1556/1956/1371 1568/1969/1383 1567/1968/1382 1555/1955/1370
f 1557/1957/1372 1569/1970/1384 1568/1969/1383 1556/1956/1371
f 1558/1958/1373 1570/1971/1385 1569/1970/1384 1557/1957/1372
f 1559/1959/1363 1571/1972/1375 1570/1971/1385 1558/1958/1373
f 1560/1960/1374 1572/1973/1386 1583/1985/1387 1571/1972/1375
f 1561/1962/1376 1573/1975/1388 1572/1974/1386 1560/1961/1374
f 1562/1963/1377 1574/1976/1389 1573/1975/1388 1561/1962/1376
f 1563/1964/1378 1575/1977/1390 1574/1976/1389 1562/1963/1377
f 1564/1965/1379 1576/1978/1391 1575/1977/1390 1563/1964/1378
f 1565/1966/1380 1577/1979/1392 1576/1978/1391 1564/1965/1379
f 1566/1967/1381 1578/1980/1393 1577/1979/1392 1565/1966/1380
f 1567/1968/1382 1579/1981/1394 1578/1980/1393 1566/1967/1381
f 1568/1969/1383 1580/1982/1395 1579/1981/1394 1567/1968/1382
f 1569/1970/1384 1581/1983/1396 1580/1982/1395 1568/1969/1383
f 1570/1971/1385 1582/1984/1397 1581/1983/1396 1569/1970/1384
f 1571/1972/1375 1583/1985/1387 1582/1984/1397 1570/1971/1385
f 1572/1973/1386 1584/1986/1398 1595/1998/1399 1583/1985/1387
f 1573/1975/1388 1585/1988/1400 1584/1987/1398 1572/1974/1386
f 1574/1976/1389 1586/1989/1401 1585/1988/1400 1573/1975/1388
f 1575/1977/1390 1587/1990/1402 1586/1989/1401 1574/1976/1389
f 1576/1978/1391 1588/1991/1403 1587/1990/1402 1575/1977/1390
f 1577/1979/1392 1589/1992/1404 1588/1991/1403 1576/1978/1391
f 1578/1980/1393 1590/1993/1405 1589/1992/1404 1577/1979/1392
f 1579/1981/1394 1591/1994/1406 1590/1993/1405 1578/1980/1393
f 1580/1982/1395 1592/1995/1407 1591/1994/1406 1579/1981/1394
f 1581/1983/1396 1593/1996/1408 1592/1995/1407 1580/1982/1395
f 1582/1984/1397 1594/1997/1409 1593/1996/1408 1581/1983/1396
f 1583/1985/1387 1595/1998/1399 1594/1997/1409 1582/1984/1397
f 1584/1986/1398 1596/1999/1410 1607/2011/1411 1595/1998/1399
f 1585/1988/1400 1597/2001/1412 1596/2000/1410 1584/1987/1398
f 1586/1989/1401 1598/2002/1413 1597/2001/1412 1585/1988/1400
f 1587/1990/1402 1599/2003/1414 1598/2002/1413 1586/1989/1401
f 1588/1991/1403 1600/2004/1415 1599/2003/1414 1587/1990/1402
f 1589/1992/1404 1601/2005/1416 1600/2004/1415 1588/1991/1403
f 1590/1993/1405 1602/2006/1417 1601/2005/1416 1589/1992/1404
f 1591/1994/1406 1603/2007/1418 1602/2006/1417 1590/1993/1405
f 1592/1995/1407 1604/2008/1419 1603/2007/1418 1591/1994/1406
f 1593/1996/1408 1605/2009/1420 1604/2008/1419 1592/1995/1407
f 1594/1997/1409 1606/2010/1421 1605/2009/1420 1593/1996/1408
f 1595/1998/1399 1607/2011/1411 1606/2010/1421 1594/1997/1409
f 1596/1999/1410 1608/2012/1422 1619/2024/1423 1607/2011/1411
f 1597/2001/1412 1609/2014/1424 1608/2013/1422 1596/2000/1410
f 1598/2002/1413 1610/2015/1425 1609/2014/1424 1597/2001/1412
f 1599/2003/1414 1611/2016/1426 1610/2015/1425 1598/2002/1413
f 1600/2004/1415 1612/2017/1427 1611/2016/1426 1599/2003/1414
f 1601/2005/1416 1613/2018/1428 1612/2017/1427 1600/2004/1415
f 1602/2006/1417 1614/2019/1429 1613/2018/1428 1601/2005/1416
f 1603/2007/1418 1615/2020/1430 1614/2019/1429 1602/2006/1417
f 1604/2008/1419 1616/2021/1431 1615/2020/1430 1603/2007/1418
f 1605/2009/1420 1617/2022/1432 1616/2021/1431 1604/2008/1419
f 1606/2010/1421 1618/2023/1433 1617/2022/1432 1605/2009/1420
f 1607/2011/1411 1619/2024/1423 1618/2023/1433 1606/2010/1421
f 1608/2012/1422 1620/2025/1434 1631/2037/1435 1619/2024/1423
f 1609/2014/1424 1621/2027/1436 1620/2026/1434 1608/2013/1422
f 1610/2015/1425 1622/2028/1437 1621/2027/1436 1609/2014/1424
f 1611/2016/1426 1623/2029/1438 1622/2028/1437 1610/2015/1425
f 1612/2017/1427 1624/2030/1439 1623/2029/1438 1611/2016/1426
f 1613/2018/1428 1625/2031/1440 1624/2030/1439 1612/2017/1427
f 1614/2019/1429 1626/2032/1441 1625/2031/1440 1613/2018/1428
f 1615/2020/1430 1627/2033/1442 1626/2032/1441 1614/2019/1429
f 1616/2021/1431 1628/2034/1443 1627/2033/1442 1615/2020/1430
f 1617/2022/1432 1629/2035/1444 1628/2034/1443 1616/2021/1431
f 1618/2023/1433 1630/2036/1445 1629/2035/1444 1617/2022/1432
f 1619/2024/1423 1631/2037/1435 1630/2036/1445 1618/2023/1433
f 1620/2025/1434 1632/2038/1446 1643/2050/1447 1631/2037/1435
f 1621/2027/1436 1633/2040/1448 1632/2039/1446 1620/2026/1434
f 1622/2028/1437 1634/2041/1449 1633/2040/1448 1621/2027/1436
f 1623/2029/1438 1635/2042/1450 1634/2041/1449 1622/2028/1437
f 1624/2030/1439 1636/2043/1451 1635/2042/1450 1623/2029/1438
f 1625/2031/1440 1637/2044/1452 1636/2043/1451 1624/2030/1439
f 1626/2032/1441 1638/2045/1453 1637/2044/1452 1625/2031/1440
f 1627/2033/1442 1639/2046/1454 1638/2045/1453 1626/2032/1441
f 1628/2034/1443 1640/2047/1455 1639/2046/1454 1627/2033/1442
f 1629/2035/1444 1641/2048/1456 1640/2047/1455 1628/2034/1443
f 1630/2036/1445 1642/2049/1457 1641/2048/1456 1629/2035/1444
f 1631/2037/1435 1643/2050/1447 1642/2049/1457 1630/2036/1445
f 1632/2038/1446 1644/2051/1458 1655/2063/1459 1643/2050/1447
f 1633/2040/1448 1645/2053/1460 1644/2052/1458 1632/2039/1446
f 1634/2041/1449 1646/2054/1461 1645/2053/1460 1633/2040/1448
f 1635/2042/1450 1647/2055/1462 1646/2054/1461 1634/2041/1449
f 1636/2043/1451 1648/2056/1463 1647/2055/1462 1635/2042/1450
f 1637/2044/1452 1649/2057/1464 1648/2056/1463 1636/2043/1451
f 1638/2045/1453 1650/2058/1465 1649/2057/1464 1637/2044/1452
f 1639/2046/1454 1651/2059/1466 1650/2058/1465 1638/2045/1453
f 1640/2047/1455 1652/2060/1467 1651/2059/1466 1639/2046/1454
f 1641/2048/1456 1653/2061/1468 1652/2060/1467 1640/2047/1455
f 1642/2049/1457 1654/2062/1469 1653/2061/1468 1641/2048/1456
f 1643/2050/1447 1655/2063/1459 1654/2062/1469 1642/2049/1457
f 1644/2051/1458 1656/2064/1470 1667/2076/1471 1655/2063/1459
f 1645/2053/1460 1657/2066/1472 1656/2065/1470 1644/2052/1458
f 1646/2054/1461 1658/2067/1473 1657/2066/1472 1645/2053/1460
f 1647/2055/1462 1659/2068/1474 1658/2067/1473 1646/2054/1461
f 1648/2056/1463 1660/2069/1475 1659/2068/1474 1647/2055/1462
f 1649/2057/1464 1661/2070/1476 1660/2069/1475 1648/2056/1463
f 1650/2058/1465 1662/2071/1477 1661/2070/1476 1649/2057/1464
f 1651/2059/1466 1663/2072/1478 1662/2071/1477 1650/2058/1465
f 1652/2060/1467 1664/2073/1479 1663/2072/1478 1651/2059/1466
f 1653/2061/1468 1665/2074/1480 1664/2073/1479 1652/2060/1467
f 1654/2062/1469 1666/2075/1481 1665/2074/1480 1653/2061/1468
f 1655/2063/1459 1667/2076/1471 1666/2075/1481 1654/2062/1469
f 1656/2064/1470 1668/2077/1482 1679/2089/1483 1667/2076/1471
f 1657/2066/1472 1669/2079/1484 1668/2078/1482 1656/2065/1470
f 1658/2067/1473 1670/2080/1485 1669/2079/1484 1657/2066/1472
f 1659/2068/1474 1671/2081/1486 1670/2080/1485 1658/2067/1473
f 1660/2069/1475 1672/2082/1487 1671/2081/1486 1659/2068/1474
f 1661/2070/1476 1673/2083/1488 1672/2082/1487 1660/2069/1475
f 1662/2071/1477 1674/2084/1489 1673/2083/1488 1661/2070/1476
f 1663/2072/1478 1675/2085/1490 1674/2084/1489 1662/2071/1477
f 1664/2073/1479 1676/2086/1491 1675/2085/1490 1663/2072/1478
f 1665/2074/1480 1677/2087/1492 1676/2086/1491 1664/2073/1479
f 1666/2075/1481 1678/2088/1493 1677/2087/1492 1665/2074/1480
f 1667/2076/1471 1679/2089/1483 1678/2088/1493 1666/2075/1481
f 1668/2077/1482 1680/2090/1494 1691/2102/1495 1679/2089/1483
f 1669/2079/1484 1681/2092/1496 1680/2091/1494 1668/2078/1482
f 1670/2080/1485 1682/2093/1497 1681/2092/1496 1669/2079/1484
f 1671/2081/1486 1683/2094/1498 1682/2093/1497 1670/2080/1485
f 1672/2082/1487 1684/2095/1499 1683/2094/1498 1671/2081/1486
f 1673/2083/1488 1685/2096/1500 1684/2095/1499 1672/2082/1487
f 1674/2084/1489 1686/2097/1501 1685/2096/1500 1673/2083/1488
f 1675/2085/1490 1687/2098/1502 1686/2097/1501 1674/2084/1489
f 1676/2086/1491 1688/2099/1503 1687/2098/1502 1675/2085/1490
f 1677/2087/1492 1689/2100/1504 1688/2099/1503 1676/2086/1491
f 1678/2088/1493 1690/2101/1505 1689/2100/1504 1677/2087/1492
f 1679/2089/1483 1691/2102/1495 1690/2101/1505 1678/2088/1493
f 1680/2090/1494 1692/2103/1506 1703/2115/1507 1691/2102/1495
f 1681/2092/1496 1693/2105/1508 1692/2104/1506 1680/2091/1494
f 1682/2093/1497 1694/2106/1509 1693/2105/1508 1681/2092/1496
f 1683/2094/1498 1695/2107/1510 1694/2106/1509 1682/2093/1497
f 1684/2095/1499 1696/2108/1511 1695/2107/1510 1683/2094/1498
f 1685/2096/1500 1697/2109/1512 1696/2108/1511 1684/2095/1499
f 1686/2097/1501 1698/2110/1513 1697/2109/1512 1685/2096/1500
f 1687/2098/1502 1699/2111/1514 1698/2110/1513 1686/2097/1501
f 1688/2099/1503 1700/2112/1515 1699/2111/1514 1687/2098/1502
f 1689/2100/1504 1701/2113/1516 1700/2112/1515 1688/2099/1503
f 1690/2101/1505 1702/2114/1517 1701/2113/1516 1689/2100/1504
f 1691/2102/1495 1703/2115/1507 1702/2114/1517 1690/2101/1505
f 1692/2103/1506 1704/2116/1518 1715/2128/1519 1703/2115/1507
f 1693/2105/1508 1705/2118/1520 1704/2117/1518 1692/2104/1506
f 1694/2106/1509 1706/2119/1521 1705/2118/1520 1693/2105/1508
f 1695/2107/1510 1707/2120/1522 1706/2119/1521 1694/2106/1509
f 1696/2108/1511 1708/2121/1523 1707/2120/1522 1695/2107/1510
f 1697/2109/1512 1709/2122/1524 1708/2121/1523 1696/2108/1511
f 1698/2110/1513 1710/2123/1525 1709/2122/1524 1697/2109/1512
f 1699/2111/1514 1711/2124/1526 1710/2123/1525 1698/2110/1513
f 1700/2112/1515 1712/2125/1527 1711/2124/1526 1699/2111/1514
f 1701/2113/1516 1713/2126/1528 1712/2125/1527 1700/2112/1515
f 1702/2114/1517 1714/2127/1529 1713/2126/1528 1701/2113/1516
f 1703/2115/1507 1715/2128/1519 1714/2127/1529 1702/2114/1517
f 1704/2116/1518 1716/2129/1530 1727/2141/1531 1715/2128/1519
f 1705/2118/1520 1717/2131/1532 1716/2130/1530 1704/2117/1518
f 1706/2119/1521 1718/2132/1533 1717/2131/1532 1705/2118/1520
f 1707/2120/1522 1719/2133/1534 1718/2132/1533 1706/2119/1521
f 1708/2121/1523 1720/2134/1535 1719/2133/1534 1707/2120/1522
f 1709/2122/1524 1721/2135/1536 1720/2134/1535 1708/2121/1523
f 1710/2123/1525 1722/2136/1537 1721/2135/1536 1709/2122/1524
f 1711/2124/1526 1723/2137/1538 1722/2136/1537 1710/2123/1525
f 1712/2125/1527 1724/2138/1539 1723/2137/1538 1711/2124/1526
f 1713/2126/1528 1725/2139/1540 1724/2138/1539 1712/2125/1527
f 1714/2127/1529 1726/2140/1541 1725/2139/1540 1713/2126/1528
f 1715/2128/1519 1727/2141/1531 1726/2140/1541 1714/2127/1529
f 1716/2129/1530 1728/2142/1542 1739/2154/1543 1727/2141/1531
f 1717/2131/1532 1729/2144/1544 1728/2143/1542 1716/2130/1530
f 1718/2132/1533 1730/2145/1545 1729/2144/1544 1717/2131/1532
f 1719/2133/1534 1731/2146/1546 1730/2145/1545 1718/2132/1533
f 1720/2134/1535 1732/2147/1547 1731/2146/1546 1719/2133/1534
f 1721/2135/1536 1733/2148/1548 1732/2147/1547 1720/2134/1535
f 1722/2136/1537 1734/2149/1549 1733/2148/1548 1721/2135/1536
f 1723/2137/1538 1735/2150/1550 1734/2149/1549 1722/2136/1537
f 1724/2138/1539 1736/2151/1551 1735/2150/1550 1723/2137/1538
f 1725/2139/1540 1737/2152/1552 1736/2151/1551 1724/2138/1539
f 1726/2140/1541 1738/2153/1553 1737/2152/1552 1725/2139/1540
f 1727/2141/1531 1739/2154/1543 1738/2153/1553 1726/2140/1541
f 1728/2142/1542 1740/2155/1554 1751/2167/1555 1739/2154/1543
f 1729/2144/1544 1741/2157/1556 1740/2156/1554 1728/2143/1542
f 1730/2145/1545 1742/2158/1557 1741/2157/1556 1729/2144/1544
f 1731/2146/1546 1743/2159/1558 1742/2158/1557 1730/2145/1545
f 1732/2147/1547 1744/2160/1559 1743/2159/1558 1731/2146/1546
f 1733/2148/1548 1745/2161/1560 1744/2160/1559 1732/2147/1547
f 1734/2149/1549 1746/2162/1561 1745/2161/1560 1733/2148/1548
f 1735/2150/1550 1747/2163/1562 1746/2162/1561 1734/2149/1549
f 1736/2151/1551 1748/2164/1563 1747/2163/1562 1735/2150/1550
f 1737/2152/1552 1749/2165/1564 1748/2164/1563 1736/2151/1551
f 1738/2153/1553 1750/2166/1565 1749/2165/1564 1737/2152/1552
f 1739/2154/1543 1751/2167/1555 1750/2166/1565 1738/2153/1553
f 1740/2155/1554 1752/2168/1566 1763/2180/1567 1751/2167/1555
f 1741/2157/1556 1753/2170/1568 1752/2169/1566 1740/2156/1554
f 1742/2158/1557 1754/2171/1569 1753/2170/1568 1741/2157/1556
f 1743/2159/1558 1755/2172/1570 1754/2171/1569 1742/2158/1557
f 1744/2160/1559 1756/2173/1571 1755/2172/1570 1743/2159/1558
f 1745/2161/1560 1757/2174/1572 1756/2173/1571 1744/2160/1559
f 1746/2162/1561 1758/2175/1573 1757/2174/1572 1745/2161/1560
f 1747/2163/1562 1759/2176/1574 1758/2175/1573 1746/2162/1561
f 1748/2164/1563 1760/2177/1575 1759/2176/1574 1747/2163/1562
f 1749/2165/1564 1761/2178/1576 1760/2177/1575 1748/2164/1563
f 1750/2166/1565 1762/2179/1577 1761/2178/1576 1749/2165/1564
f 1751/2167/1555 1763/2180/1567 1762/2179/1577 1750/2166/1565
f 1752/2168/1566 1764/2181/1578 1775/2193/1579 1763/2180/1567
f 1753/2170/1568 1765/2183/1580 1764/2182/1578 1752/2169/1566
f 1754/2171/1569 1766/2184/1581 1765/2183/1580 1753/2170/1568
f 1755/2172/1570 1767/2185/1582 1766/2184/1581 1754/2171/1569
f 1756/2173/1571 1768/2186/1583 1767/2185/1582 1755/2172/1570
f 1757/2174/1572 1769/2187/1584 1768/2186/1583 1756/2173/1571
f 1758/2175/1573 1770/2188/1585 1769/2187/1584 1757/2174/1572
f 1759/2176/1574 1771/2189/1586 1770/2188/1585 1758/2175/1573
f 1760/2177/1575 1772/2190/1587 1771/2189/1586 1759/2176/1574
f 1761/2178/1576 1773/2191/1588 1772/2190/1587 1760/2177/1575
f 1762/2179/1577 1774/2192/1589 1773/2191/1588 1761/2178/1576
f 1763/2180/1567 1775/2193/1579 1774/2192/1589 1762/2179/1577
f 1764/2181/1578 1776/2194/1590 1787/2206/1591 1775/2193/1579
f 1765/2183/1580 1777/2196/1592 1776/2195/1590 1764/2182/1578
f 1766/2184/1581 1778/2197/1593 1777/2196/1592 1765/2183/1580
f 1767/2185/1582 1779/2198/1594 1778/2197/1593 1766/2184/1581
f 1768/2186/1583 1780/2199/1595 1779/2198/1594 1767/2185/1582
f 1769/2187/1584 1781/2200/1596 1780/2199/1595 1768/2186/1583
f 1770/2188/1585 1782/2201/1597 1781/2200/1596 1769/2187/1584
f 1771/2189/1586 1783/2202/1598 1782/2201/1597 1770/2188/1585
f 1772/2190/1587 1784/2203/1599 1783/2202/1598 1771/2189/1586
f 1773/2191/1588 1785/2204/1600 1784/2203/1599 1772/2190/1587
f 1774/2192/1589 1786/2205/1601 1785/2204/1600 1773/2191/1588
f 1775/2193/1579 1787/2206/1591 1786/2205/1601 1774/2192/1589
f 1776/2194/1590 1788/2207/1602 1799/2219/1603 1787/2206/1591
f 1777/2196/1592 1789/2209/1604 1788/2208/1602 1776/2195/1590
f 1778/2197/1593 1790/2210/1605 1789/2209/1604 1777/2196/1592
f 1779/2198/1594 1791/2211/1606 1790/2210/1605 1778/2197/1593
f 1780/2199/1595 1792/2212/1607 1791/2211/1606 1779/2198/1594
f 1781/2200/1596 1793/2213/1608 1792/2212/1607 1780/2199/1595
f 1782/2201/1597 1794/2214/1609 1793/2213/1608 1781/2200/1596
f 1783/2202/1598 1795/2215/1610 1794/2214/1609 1782/2201/1597
f 1784/2203/1599 1796/2216/1611 1795/2215/1610 1783/2202/1598
f 1785/2204/1600 1797/2217/1612 1796/2216/1611 1784/2203/1599
f 1786/2205/1601 1798/2218/1613 1797/2217/1612 1785/2204/1600
f 1787/2206/1591 1799/2219/1603 1798/2218/1613 1786/2205/1601
f 1788/2207/1602 1800/2220/1614 1811/2232/1615 1799/2219/1603
f 1789/2209/1604 1801/2222/1616 1800/2221/1614 1788/2208/1602
f 1790/2210/1605 1802/2223/1617 1801/2222/1616 1789/2209/1604
f 1791/2211/1606 1803/2224/1618 1802/2223/1617 1790/2210/1605
f 1792/2212/1607 1804/2225/1619 1803/2224/1618 1791/2211/1606
f 1793/2213/1608 1805/2226/1620 1804/2225/1619 1792/2212/1607
f 1794/2214/1609 1806/2227/1621 1805/2226/1620 1793/2213/1608
f 1795/2215/1610 1807/2228/1622 1806/2227/1621 1794/2214/1609
f 1796/2216/1611 1808/2229/1623 1807/2228/1622 1795/2215/1610
f 1797/2217/1612 1809/2230/1624 1808/2229/1623 1796/2216/1611
f 1798/2218/1613 1810/2231/1625 1809/2230/1624 1797/2217/1612
f 1799/2219/1603 1811/2232/1615 1810/2231/1625 1798/2218/1613
f 1800/2220/1614 1812/2233/1626 1823/2245/1627 1811/2232/1615
f 1801/2222/1616 1813/2235/1628 1812/2234/1626 1800/2221/1614
f 1802/2223/1617 1814/2236/1629 1813/2235/1628 1801/2222/1616
f 1803/2224/1618 1815/2237/1630 1814/2236/1629 1802/2223/1617
f 1804/2225/1619 1816/2238/1631 1815/2237/1630 1803/2224/1618
f 1805/2226/1620 1817/2239/1632 1816/2238/1631 1804/2225/1619
f 1806/2227/1621 1818/2240/1633 1817/2239/1632 1805/2226/1620
f 1807/2228/1622 1819/2241/1634 1818/2240/1633 1806/2227/1621
f 1808/2229/1623 1820/2242/1635 1819/2241/1634 1807/2228/1622
f 1809/2230/1624 1821/2243/1636 1820/2242/1635 1808/2229/1623
f 1810/2231/1625 1822/2244/1637 1821/2243/1636 1809/2230/1624
f 1811/2232/1615 1823/2245/1627 1822/2244/1637 1810/2231/1625
f 1812/2233/1626 1824/2246/1638 1835/2258/1639 1823/2245/1627
f 1813/2235/1628 1825/2248/1640 1824/2247/1638 1812/2234/1626
f 1814/2236/1629 1826/2249/1641 1825/2248/1640 1813/2235/1628
f 1815/2237/1630 1827/2250/1642 1826/2249/1641 1814/2236/1629
f 1816/2238/1631 1828/2251/1643 1827/2250/1642 1815/2237/1630
f 1817/2239/1632 1829/2252/1644 1828/2251/1643 1816/2238/1631
f 1818/2240/1633 1830/2253/1645 1829/2252/1644 1817/2239/1632
f 1819/2241/1634 1831/2254/1646 1830/2253/1645 1818/2240/1633
f 1820/2242/1635 1832/2255/1647 1831/2254/1646 1819/2241/1634
f 1821/2243/1636 1833/2256/1648 1832/2255/1647 1820/2242/1635
f 1822/2244/1637 1834/2257/1649 1833/2256/1648 1821/2243/1636
f 1823/2245/1627 1835/2258/1639 1834/2257/1649 1822/2244/1637
f 1824/2246/1638 1836/2259/1650 1847/2271/1651 1835/2258/1639
f 1825/2248/1640 1837/2261/1652 1836/2260/1650 1824/2247/1638
f 1826/2249/1641 1838/2262/1653 1837/2261/1652 1825/2248/1640
f 1827/2250/1642 1839/2263/1654 1838/2262/1653 1826/2249/1641
f 1828/2251/1643 1840/2264/1655 1839/2263/1654 1827/2250/1642
f 1829/2252/1644 1841/2265/1656 1840/2264/1655 1828/2251/1643
f 1830/2253/1645 1842/2266/1657 1841/2265/1656 1829/2252/1644
f 1831/2254/1646 1843/2267/1658 1842/2266/1657 1830/2253/1645
f 1832/2255/1647 1844/2268/1659 1843/2267/1658 1831/2254/1646
f 1833/2256/1648 1845/2269/1660 1844/2268/1659 1832/2255/1647
f 1834/2257/1649 1846/2270/1661 1845/2269/1660 1833/2256/1648
f 1835/2258/1639 1847/2271/1651 1846/2270/1661 1834/2257/1649
f 1836/2259/1650 1848/2272/1662 1859/2284/1663 1847/2271/1651
f 1837/2261/1652 1849/2274/1664 1848/2273/1662 1836/2260/1650
f 1838/2262/1653 1850/2275/1665 1849/2274/1664 1837/2261/1652
f 1839/2263/1654 1851/2276/1666 1850/2275/1665 1838/2262/1653
f 1840/2264/1655 1852/2277/1667 1851/2276/1666 1839/2263/1654
f 1841/2265/1656 1853/2278/1668 1852/2277/1667 1840/2264/1655
f 1842/2266/1657 1854/2279/1669 1853/2278/1668 1841/2265/1656
f 1843/2267/1658 1855/2280/1670 1854/2279/1669 1842/2266/1657
f 1844/2268/1659 1856/2281/1671 1855/2280/1670 1843/2267/1658
f 1845/2269/1660 1857/2282/1672 1856/2281/1671 1844/2268/1659
f 1846/2270/1661 1858/2283/1673 1857/2282/1672 1845/2269/1660
f 1847/2271/1651 1859/2284/1663 1858/2283/1673 1846/2270/1661
f 1848/2272/1662 1860/2285/1674 1871/2297/1675 1859/2284/1663
f 1849/2274/1664 1861/2287/1676 1860/2286/1674 1848/2273/1662
f 1850/2275/1665 1862/2288/1677 1861/2287/1676 1849/2274/1664
f 1851/2276/1666 1863/2289/1678 1862/2288/1677 1850/2275/1665
f 1852/2277/1667 1864/2290/1679 1863/2289/1678 1851/2276/1666
f 1853/2278/1668 1865/2291/1680 1864/2290/1679 1852/2277/1667
f 1854/2279/1669 1866/2292/1681 1865/2291/1680 1853/2278/1668
f 1855/2280/1670 1867/2293/1682 1866/2292/1681 1854/2279/1669
f 1856/2281/1671 1868/2294/1683 1867/2293/1682 1855/2280/1670
f 1857/2282/1672 1869/2295/1684 1868/2294/1683 1856/2281/1671
f 1858/2283/1673 1870/2296/1685 1869/2295/1684 1857/2282/1672
f 1859/2284/1663 1871/2297/1675 1870/2296/1685 1858/2283/1673
f 1860/2285/1674 1872/2298/1686 1883/2310/1687 1871/2297/1675
f 1861/2287/1676 1873/2300/1688 1872/2299/1686 1860/2286/1674
f 1862/2288/1677 1874/2301/1689 1873/2300/1688 1861/2287/1676
f 1863/2289/1678 1875/2302/1690 1874/2301/1689 1862/2288/1677
f 1864/2290/1679 1876/2303/1691 1875/2302/1690 1863/2289/1678
f 1865/2291/1680 1877/2304/1692 1876/2303/1691 1864/2290/1679
f 1866/2292/1681 1878/2305/1693 1877/2304/1692 1865/2291/1680
f 1867/2293/1682 1879/2306/1694 1878/2305/1693 1866/2292/1681
f 1868/2294/1683 1880/2307/1695 1879/2306/1694 1867/2293/1682
f 1869/2295/1684 1881/2308/1696 1880/2307/1695 1868/2294/1683
f 1870/2296/1685 1882/2309/1697 1881/2308/1696 1869/2295/1684
f 1871/2297/1675 1883/2310/1687 1882/2309/1697 1870/2296/1685
f 1872/2298/1686 1884/2311/1698 1895/2323/1699 1883/2310/1687
f 1873/2300/1688 1885/2313/1700 1884/2312/1698 1872/2299/1686
f 1874/2301/1689 1886/2314/1701 1885/2313/1700 1873/2300/1688
f 1875/2302/1690 1887/2315/1702 1886/2314/1701 1874/2301/1689
f 1876/2303/1691 1888/2316/1703 1887/2315/1702 1875/2302/1690
f 1877/2304/1692 1889/2317/1704 1888/2316/1703 1876/2303/1691
f 1878/2305/1693 1890/2318/1705 1889/2317/1704 1877/2304/1692
f 1879/2306/1694 1891/2319/1706 1890/2318/1705 1878/2305/1693
f 1880/2307/1695 1892/2320/1707 1891/2319/1706 1879/2306/1694
f 1881/2308/1696 1893/2321/1708 1892/2320/1707 1880/2307/1695
f 1882/2309/1697 1894/2322/1709 1893/2321/1708 1881/2308/1696
f 1883/2310/1687 1895/2323/1699 1894/2322/1709 1882/2309/1697
f 1884/2311/1698 1896/2324/1710 1907/2336/1711 1895/2323/1699
f 1885/2313/1700 1897/2326/1712 1896/2325/1710 1884/2312/1698
f 1886/2314/1701 1898/2327/1713 1897/2326/1712 1885/2313/1700
f 1887/2315/1702 1899/2328/1714 1898/2327/1713 1886/2314/1701
f 1888/2316/1703 1900/2329/1715 1899/2328/1714 1887/2315/1702
f 1889/2317/1704 1901/2330/1716 1900/2329/1715 1888/2316/1703
f 1890/2318/1705 1902/2331/1717 1901/2330/1716 1889/2317/1704
f 1891/2319/1706 1903/2332/1718 1902/2331/1717 1890/2318/1705
f 1892/2320/1707 1904/2333/1719 1903/2332/1718 1891/2319/1706
f 1893/2321/1708 1905/2334/1720 1904/2333/1719 1892/2320/1707
f 1894/2322/1709 1906/2335/1721 1905/2334/1720 1893/2321/1708
f 1895/2323/1699 1907/2336/1711 1906/2335/1721 1894/2322/1709
f 1896/2324/1710 1908/2337/1722 1919/2349/1723 1907/2336/1711
f 1897/2326/1712 1909/2339/1724 1908/2338/1722 1896/2325/1710
f 1898/2327/1713 1910/2340/1725 1909/2339/1724 1897/2326/1712
f 1899/2328/1714 1911/2341/1726 1910/2340/1725 1898/2327/1713
f 1900/2329/1715 1912/2342/1727 1911/2341/1726 1899/2328/1714
f 1901/2330/1716 1913/2343/1728 1912/2342/1727 1900/2329/1715
f 1902/2331/1717 1914/2344/1729 1913/2343/1728 1901/2330/1716
f 1903/2332/1718 1915/2345/1730 1914/2344/1729 1902/2331/1717
f 1904/2333/1719 1916/2346/1731 1915/2345/1730 1903/2332/1718
f 1905/2334/1720 1917/2347/1732 1916/2346/1731 1904/2333/1719
f 1906/2335/1721 1918/2348/1733 1917/2347/1732 1905/2334/1720
f 1907/2336/1711 1919/2349/1723 1918/2348/1733 1906/2335/1721
f 1908/2337/1722 1920/2350/1734 1931/2362/1735 1919/2349/1723
f 1909/2339/1724 1921/2352/1736 1920/2351/1734 1908/2338/1722
f 1910/2340/1725 1922/2353/1737 1921/2352/1736 1909/2339/1724
f 1911/2341/1726 1923/2354/1738 1922/2353/1737 1910/2340/1725
f 1912/2342/1727 1924/2355/1739 1923/2354/1738 1911/2341/1726
f 1913/2343/1728 1925/2356/1740 1924/2355/1739 1912/2342/1727
f 1914/2344/1729 1926/2357/1741 1925/2356/1740 1913/2343/1728
f 1915/2345/1730 1927/2358/1742 1926/2357/1741 1914/2344/1729
f 1916/2346/1731 1928/2359/1743 1927/2358/1742 1915/2345/1730
f 1917/2347/1732 1929/2360/1744 1928/2359/1743 1916/2346/1731
f 1918/2348/1733 1930/2361/1745 1929/2360/1744 1917/2347/1732
f 1919/2349/1723 1931/2362/1735 1930/2361/1745 1918/2348/1733
o Plane.003
v -1.718906 3.502551 -9.991940
v -1.568786 3.503846 -10.107510
v -2.334169 3.482659 -10.737033
v -2.133211 3.494891 -10.882212
v -2.369736 3.524033 -10.524743
v -2.196245 3.577907 -10.393454
v -2.151896 3.599593 -10.159264
v -1.889211 3.575706 -10.076754
v -1.624423 3.583926 -10.274425
v -1.641692 3.621325 -10.534719
v -1.855818 3.595834 -10.641380
v -1.924145 3.550478 -10.847095
v -1.718597 3.489884 -9.991633
v -1.568476 3.491179 -10.107203
v -2.332520 3.467831 -10.732229
v -2.127946 3.480299 -10.880011
v -2.365774 3.504688 -10.520039
v -2.193383 3.563651 -10.390571
v -2.148582 3.579310 -10.155948
v -1.887693 3.560490 -10.075244
v -1.622906 3.568711 -10.272915
v -1.638377 3.601042 -10.531403
v -1.852956 3.581578 -10.638496
v -1.919379 3.531185 -10.842969
v -1.644902 3.489487 -10.011876
v -1.602901 3.489669 -10.044412
v -2.233763 3.483423 -10.843419
v -2.265448 3.481448 -10.820560
v -1.721298 3.586924 -10.203984
v -1.795479 3.584677 -10.148542
v -1.834982 3.625418 -10.396881
v -1.965920 3.619717 -10.300621
v -1.983440 3.593607 -10.550849
v -2.072161 3.588857 -10.486293
v -2.205521 3.538027 -10.646370
v -2.091975 3.544853 -10.728455
v -1.607821 3.478515 -10.053491
v -1.654003 3.478296 -10.017738
v -2.263116 3.465547 -10.802286
v -2.215796 3.468510 -10.836418
v -1.788794 3.564815 -10.149481
v -1.723457 3.566811 -10.198295
v -1.954788 3.592473 -10.299784
v -1.835890 3.597610 -10.387223
v -2.063559 3.570558 -10.484951
v -1.983436 3.574823 -10.543270
v -2.089269 3.518494 -10.718859
v -2.195048 3.512151 -10.642378
v -1.650852 3.498772 -10.044224
v -1.636439 3.498871 -10.055349
v -2.230980 3.484596 -10.814482
v -2.239361 3.484062 -10.808443
v -1.749364 3.576199 -10.182921
v -1.767050 3.575696 -10.169664
v -1.888641 3.614493 -10.357762
v -1.912721 3.613364 -10.340122
v -2.018987 3.581520 -10.524874
v -2.036182 3.580549 -10.512397
v -2.158627 3.530240 -10.680127
v -2.138270 3.531521 -10.694806
v -1.826663 3.556907 -10.053962
v -1.777049 3.535579 -10.028145
v -1.740558 3.515839 -10.005622
v -1.972733 3.534725 -10.873701
v -2.034217 3.518623 -10.884604
v -2.093097 3.504390 -10.885450
v -2.350407 3.488840 -10.699488
v -2.368932 3.498538 -10.642607
v -2.378824 3.510500 -10.580007
v -2.335252 3.538434 -10.486360
v -2.285408 3.552826 -10.458539
v -2.234356 3.566290 -10.430998
v -2.180472 3.586944 -10.339087
v -2.177409 3.593428 -10.274934
v -2.172678 3.597573 -10.211493
v -2.104881 3.599468 -10.125689
v -2.038231 3.596240 -10.105978
v -1.962743 3.588717 -10.092282
v -1.579566 3.517734 -10.129007
v -1.596709 3.538715 -10.165279
v -1.614068 3.562095 -10.214081
v -1.623283 3.600927 -10.344093
v -1.618494 3.612652 -10.416129
v -1.620986 3.619363 -10.482386
v -1.687332 3.618939 -10.568101
v -1.747786 3.613163 -10.589969
v -1.808725 3.605096 -10.610877
v -1.879501 3.586190 -10.688542
v -1.889273 3.575828 -10.745472
v -1.899399 3.564131 -10.801784
v -1.825612 3.541919 -10.052918
v -1.776355 3.520643 -10.027457
v -1.740110 3.501729 -10.005178
v -1.967419 3.514892 -10.869648
v -2.028572 3.499504 -10.880970
v -2.087477 3.487327 -10.882547
v -2.348008 3.471567 -10.694267
v -2.365691 3.479263 -10.637242
v -2.375041 3.490567 -10.574852
v -2.331445 3.520588 -10.482217
v -2.281949 3.536783 -10.454957
v -2.231268 3.551670 -10.427871
v -2.177574 3.571574 -10.336175
v -2.174320 3.576091 -10.271833
v -2.169397 3.578303 -10.208205
v -2.101805 3.579700 -10.122615
v -2.035605 3.578011 -10.103355
v -1.960671 3.572266 -10.090217
v -1.579118 3.503624 -10.128564
v -1.596014 3.523780 -10.164591
v -1.613016 3.547108 -10.213037
v -1.621211 3.584477 -10.342029
v -1.615867 3.594423 -10.413507
v -1.617910 3.599596 -10.479311
v -1.684051 3.599669 -10.564814
v -1.744697 3.595826 -10.586869
v -1.805828 3.589726 -10.607965
v -1.876400 3.571570 -10.685424
v -1.885713 3.559791 -10.741961
v -1.895253 3.546308 -10.797884
v -1.610498 3.580199 -10.284045
v -1.605559 3.575944 -10.286957
v -1.609672 3.571876 -10.283225
v -1.560633 3.489047 -10.103084
v -1.556775 3.490481 -10.101048
v -1.560808 3.496613 -10.103256
v -2.213136 3.573245 -10.379852
v -2.218203 3.568867 -10.374751
v -2.211576 3.565446 -10.378281
v -2.389774 3.507393 -10.504272
v -2.398591 3.512123 -10.499916
v -2.391990 3.517972 -10.506797
v -2.140533 3.489326 -10.884722
v -2.143450 3.483698 -10.885371
v -2.137414 3.480690 -10.883420
v -1.897150 3.536620 -10.860657
v -1.890641 3.542254 -10.867391
v -1.899693 3.547178 -10.862946
v -1.613871 3.616471 -10.553480
v -1.603949 3.610835 -10.559085
v -1.612070 3.605373 -10.551678
v -2.177410 3.592485 -10.138763
v -2.185266 3.586097 -10.131281
v -2.175609 3.581387 -10.136961
v -2.333821 3.477523 -10.745109
v -2.333072 3.472095 -10.748422
v -2.332847 3.468748 -10.742264
v -1.837312 3.593025 -10.653564
v -1.830581 3.589266 -10.657059
v -1.835752 3.585227 -10.651993
v -1.715534 3.495433 -9.983970
v -1.713761 3.489363 -9.979931
v -1.715359 3.487867 -9.983796
v -1.901264 3.562815 -10.065554
v -1.906085 3.566604 -10.062618
v -1.902089 3.571139 -10.066374
v -1.621602 3.478995 -10.008262
v -1.609094 3.476211 -10.012251
v -1.602776 3.479045 -10.022880
v -1.590140 3.476508 -10.033072
v -1.587713 3.470011 -10.031347
v -1.593417 3.470088 -10.037839
v -1.620101 3.478552 -10.044003
v -1.630939 3.478535 -10.035616
v -1.641763 3.478454 -10.027227
v -1.639358 3.469993 -10.002137
v -1.633238 3.469961 -9.995920
v -1.634704 3.476428 -9.998426
v -2.252613 3.476366 -10.848038
v -2.260200 3.474315 -10.847372
v -2.263368 3.475686 -10.840284
v -2.270777 3.472741 -10.832979
v -2.271326 3.466902 -10.833406
v -2.268880 3.464108 -10.823408
v -2.250504 3.466406 -10.811406
v -2.239484 3.467122 -10.819361
v -2.228450 3.467792 -10.827311
v -2.233861 3.466336 -10.848644
v -2.242800 3.468733 -10.853953
v -2.243078 3.474503 -10.852942
v -2.041127 3.572269 -10.501428
v -2.023692 3.573374 -10.514164
v -2.006159 3.574138 -10.526875
v -2.012170 3.563031 -10.586352
v -2.037212 3.549349 -10.631429
v -2.061824 3.534322 -10.676323
v -2.119108 3.517028 -10.697377
v -2.142282 3.515739 -10.680656
v -2.165395 3.514242 -10.663918
v -2.164273 3.528226 -10.602218
v -2.130113 3.543909 -10.564169
v -2.095548 3.558314 -10.525867
v -1.921558 3.595317 -10.324592
v -1.895839 3.596906 -10.343623
v -1.869870 3.597563 -10.362595
v -1.871803 3.595698 -10.427843
v -1.910538 3.591237 -10.465893
v -1.948835 3.584266 -10.503619
v -2.036093 3.579948 -10.439868
v -2.010958 3.586555 -10.392309
v -1.984931 3.590642 -10.344780
v -1.770809 3.566078 -10.163065
v -1.756350 3.566754 -10.173921
v -1.741779 3.566960 -10.184760
v -1.751438 3.582526 -10.246119
v -1.777792 3.592110 -10.294811
v -1.805086 3.596744 -10.342478
v -1.918244 3.592033 -10.259109
v -1.876782 3.588206 -10.221689
v -1.832824 3.579598 -10.185740
v -1.631030 3.496167 -10.078945
v -1.660325 3.519698 -10.112822
v -1.692276 3.544712 -10.153233
v -1.747015 3.543435 -10.111940
v -1.709409 3.518928 -10.075404
v -1.677797 3.495735 -10.042971
v -2.121609 3.502573 -10.757087
v -2.156103 3.487919 -10.789966
v -2.188813 3.476057 -10.816681
v -2.253468 3.472073 -10.770003
v -2.239322 3.482851 -10.729847
v -2.220057 3.496629 -10.685933
v -1.746546 3.578777 -10.185125
v -1.742732 3.581793 -10.188059
v -1.735217 3.584693 -10.193689
v -2.063244 3.558498 -10.685830
v -2.037874 3.570841 -10.640238
v -2.012420 3.582378 -10.594353
v -1.614676 3.492842 -10.044133
v -1.621686 3.493753 -10.045692
v -1.629082 3.495738 -10.049957
v -2.104595 3.577140 -10.527502
v -2.140025 3.564835 -10.566297
v -2.174862 3.551834 -10.605107
v -1.948609 3.604713 -10.511508
v -1.910076 3.614634 -10.474529
v -1.871110 3.621994 -10.437219
v -2.039271 3.582882 -10.510245
v -2.044097 3.585564 -10.506813
v -2.053960 3.587816 -10.499647
v -1.995709 3.616379 -10.345769
v -2.020850 3.609426 -10.393392
v -2.045086 3.599904 -10.441046
v -1.803977 3.623762 -10.351644
v -1.776448 3.616796 -10.302923
v -1.749765 3.604517 -10.252958
v -2.181454 3.537243 -10.663839
v -2.168499 3.535131 -10.673174
v -2.162331 3.532521 -10.677546
v -1.840789 3.601241 -10.185427
v -1.886182 3.612448 -10.221880
v -1.928834 3.618529 -10.259684
v -1.689444 3.564448 -10.157987
v -1.656707 3.539243 -10.115928
v -1.626672 3.513844 -10.078430
v -1.677892 3.513370 -10.039029
v -1.713355 3.538370 -10.072726
v -1.752695 3.563000 -10.110242
v -2.200156 3.498306 -10.823381
v -2.163601 3.513807 -10.797555
v -2.126299 3.529675 -10.765869
v -2.229219 3.523457 -10.691486
v -2.246392 3.508776 -10.737740
v -2.258198 3.494750 -10.781465
v -1.591595 3.493808 -10.062104
v -1.579964 3.496586 -10.078097
v -1.571782 3.500078 -10.094297
v -1.571551 3.485290 -10.094099
v -1.580324 3.480573 -10.078701
v -1.593558 3.478717 -10.064996
v -1.665926 3.493430 -10.004587
v -1.685147 3.495955 -9.996815
v -1.704057 3.499106 -9.992277
v -1.868132 3.579662 -10.093150
v -1.842532 3.582659 -10.112791
v -1.816838 3.584422 -10.132360
v -1.668745 3.478331 -10.006822
v -1.685724 3.479940 -9.997252
v -1.703853 3.484318 -9.992059
v -1.699473 3.588023 -10.220026
v -1.673048 3.587893 -10.239347
v -1.646529 3.586529 -10.258597
v -2.242999 3.536851 -10.619048
v -2.288081 3.533883 -10.585970
v -2.332937 3.529488 -10.552685
v -2.318061 3.482619 -10.758838
v -2.298016 3.482783 -10.782526
v -2.279976 3.482750 -10.802011
v -2.316615 3.465665 -10.752828
v -2.296800 3.464421 -10.774498
v -2.278584 3.464628 -10.790662
v -1.962575 3.551489 -10.820601
v -2.008512 3.550519 -10.788189
v -2.054224 3.548122 -10.755569
v -2.211727 3.486974 -10.851272
v -2.187617 3.489576 -10.862234
v -2.158894 3.492351 -10.873796
v -2.199873 3.469524 -10.847457
v -2.178852 3.471703 -10.859641
v -2.152241 3.475736 -10.871534
v -2.110073 3.606523 -10.191577
v -2.059260 3.612600 -10.230250
v -2.008271 3.617204 -10.268770
v -1.791405 3.626537 -10.428285
v -1.738688 3.626316 -10.466108
v -1.685796 3.624623 -10.503777
v -2.168408 3.582227 -10.414741
v -2.134516 3.585760 -10.440145
v -2.100468 3.588104 -10.465413
v -1.954720 3.595840 -10.571514
v -1.919942 3.597099 -10.596386
v -1.885008 3.597169 -10.621121
v -1.644624 3.566968 -10.256578
v -1.671384 3.566380 -10.236710
v -1.699043 3.566482 -10.216288
v -1.812677 3.562987 -10.131418
v -1.839763 3.561177 -10.110981
v -1.866089 3.560104 -10.091235
v -2.327957 3.504600 -10.546477
v -2.282216 3.506466 -10.579206
v -2.235572 3.509309 -10.612937
v -2.048479 3.520480 -10.748240
v -2.001710 3.523166 -10.782098
v -1.956248 3.526688 -10.815363
v -2.000640 3.588320 -10.265475
v -2.053639 3.583880 -10.225908
v -2.105661 3.580447 -10.187321
v -1.681572 3.598538 -10.499383
v -1.734573 3.597527 -10.460663
v -1.788854 3.597415 -10.421268
v -2.094335 3.568155 -10.462321
v -2.129818 3.565675 -10.436325
v -2.164629 3.563910 -10.411046
v -1.881363 3.578845 -10.617330
v -1.916319 3.576954 -10.591786
v -1.952214 3.575686 -10.565791
v -1.642254 3.493673 -10.040379
v -1.635090 3.491129 -10.040644
v -1.633648 3.493729 -10.047024
v -2.236878 3.481361 -10.819175
v -2.241359 3.479639 -10.820438
v -2.241701 3.481053 -10.815700
v -2.153943 3.528971 -10.683446
v -2.148352 3.528801 -10.687457
v -2.142810 3.529671 -10.691473
v -2.108571 3.545259 -10.652873
v -2.079101 3.557901 -10.610215
v -2.049395 3.569852 -10.567369
v -2.022810 3.579740 -10.522039
v -2.027488 3.578955 -10.518626
v -2.032214 3.579210 -10.515217
v -2.067065 3.568803 -10.554585
v -2.098205 3.556730 -10.596419
v -2.128944 3.543989 -10.638174
v -1.987530 3.593014 -10.483086
v -1.955154 3.603257 -10.441656
v -1.922108 3.610875 -10.400058
v -1.894024 3.612678 -10.353759
v -1.900585 3.611849 -10.348933
v -1.907193 3.612060 -10.344111
v -1.945049 3.609757 -10.383285
v -1.975862 3.602207 -10.426547
v -2.005970 3.592031 -10.469666
v -1.854905 3.612967 -10.314428
v -1.820666 3.606072 -10.270455
v -1.785596 3.593814 -10.226424
v -1.753298 3.574526 -10.179912
v -1.758110 3.573869 -10.176284
v -1.762970 3.574251 -10.172661
v -1.804873 3.593120 -10.212117
v -1.842156 3.605184 -10.254610
v -1.878304 3.611922 -10.297245
v -1.712448 3.553975 -10.140985
v -1.678568 3.530856 -10.103478
v -1.651957 3.511109 -10.073616
v -1.668043 3.510964 -10.061236
v -1.695664 3.530631 -10.090398
v -1.729718 3.553630 -10.127892
v -2.217501 3.491277 -10.798168
v -2.195466 3.502607 -10.770531
v -2.168070 3.516713 -10.735001
v -2.186367 3.515556 -10.721810
v -2.210367 3.501661 -10.759791
v -2.228712 3.490564 -10.790090
v -1.884524 3.617162 -10.360865
v -1.877611 3.620229 -10.365978
v -1.862797 3.623159 -10.376763
v -2.016122 3.584184 -10.527044
v -2.011512 3.587371 -10.530478
v -2.001753 3.590654 -10.537604
v -1.781711 3.583313 -10.158907
v -1.774112 3.580883 -10.164557
v -1.770089 3.578105 -10.167480
v -1.646286 3.495635 -10.036661
v -1.642991 3.493641 -10.029211
v -1.642578 3.492702 -10.022541
v -2.134792 3.534248 -10.697407
v -2.128859 3.537586 -10.701783
v -2.116057 3.541224 -10.711083
v -2.235060 3.483620 -10.821147
v -2.237774 3.483663 -10.827816
v -2.237224 3.484356 -10.834047
v -1.938732 3.619784 -10.320994
v -1.924079 3.618105 -10.331895
v -1.917047 3.615644 -10.337034
v -2.244262 3.483034 -10.814517
v -2.249648 3.482912 -10.819256
v -2.255678 3.483202 -10.820736
v -2.181279 3.482718 -10.875469
v -2.209733 3.478930 -10.866419
v -2.229252 3.476545 -10.858492
v -2.187026 3.476223 -10.875929
v -2.214953 3.471977 -10.867410
v -2.232039 3.469845 -10.859994
v -2.177466 3.473646 -10.874324
v -2.204609 3.469312 -10.865089
v -2.222166 3.467211 -10.856375
v -2.345355 3.515764 -10.605651
v -2.341604 3.503088 -10.664426
v -2.329946 3.492011 -10.718222
v -2.304462 3.519863 -10.636241
v -2.307888 3.506327 -10.691095
v -2.303975 3.493825 -10.742401
v -2.263372 3.522524 -10.666545
v -2.274238 3.508275 -10.716995
v -2.278752 3.494747 -10.764620
v -2.132892 3.604115 -10.242200
v -2.142232 3.599164 -10.302041
v -2.150076 3.591818 -10.362441
v -2.084542 3.609826 -10.278936
v -2.099462 3.604095 -10.334452
v -2.113094 3.595907 -10.390340
v -2.036018 3.614111 -10.315521
v -2.056525 3.607692 -10.366717
v -2.075955 3.598754 -10.418101
v -2.205253 3.570620 -10.453136
v -2.252802 3.557543 -10.483263
v -2.299286 3.543624 -10.513616
v -2.169810 3.574127 -10.479544
v -2.213090 3.561376 -10.512751
v -2.255474 3.547848 -10.546110
v -2.134201 3.576428 -10.505805
v -2.173191 3.563936 -10.542071
v -2.211453 3.550714 -10.578418
v -1.615964 3.496210 -10.090754
v -1.600913 3.497357 -10.104260
v -1.588640 3.500320 -10.118123
v -1.643641 3.519569 -10.125522
v -1.625735 3.519990 -10.139712
v -1.609289 3.521465 -10.153589
v -1.672675 3.544459 -10.167861
v -1.650835 3.544490 -10.184247
v -1.629931 3.545254 -10.200101
v -1.932544 3.572443 -10.110928
v -1.898365 3.574322 -10.136449
v -1.863377 3.577007 -10.162735
v -2.000529 3.578669 -10.129106
v -1.957967 3.581314 -10.160798
v -1.914518 3.584855 -10.193352
v -2.061187 3.580699 -10.152369
v -2.011937 3.583912 -10.188971
v -1.961730 3.588103 -10.226517
v -1.727213 3.498757 -10.011844
v -1.710155 3.496219 -10.020372
v -1.693050 3.495461 -10.031498
v -1.762186 3.518845 -10.037281
v -1.744368 3.518010 -10.049409
v -1.725976 3.518235 -10.062803
v -1.808645 3.540916 -10.065474
v -1.787829 3.541195 -10.081015
v -1.766277 3.542236 -10.097295
v -2.128531 3.579343 -10.237982
v -2.079014 3.582558 -10.274619
v -2.028571 3.586730 -10.312194
v -2.138134 3.576880 -10.298065
v -2.094296 3.579597 -10.330371
v -2.049630 3.583176 -10.363526
v -2.146242 3.572067 -10.358708
v -2.108295 3.574226 -10.386495
v -2.069618 3.577152 -10.415044
v -2.201185 3.551833 -10.449126
v -2.164783 3.553521 -10.475378
v -2.127693 3.555944 -10.502376
v -2.248273 3.536922 -10.478649
v -2.207535 3.538728 -10.507914
v -2.166045 3.541342 -10.538003
v -2.294370 3.520678 -10.508229
v -2.249528 3.522606 -10.540376
v -2.203851 3.525435 -10.573443
v -1.571483 3.513176 -10.132154
v -1.587691 3.534819 -10.171032
v -1.603198 3.558432 -10.221640
v -1.567941 3.508140 -10.132157
v -1.584306 3.530346 -10.172494
v -1.599339 3.554217 -10.223914
v -1.571233 3.505416 -10.131907
v -1.587311 3.526667 -10.170655
v -1.602626 3.550236 -10.221071
v -2.357038 3.532741 -10.468897
v -2.305171 3.547673 -10.442713
v -2.252000 3.561573 -10.416835
v -2.363536 3.527311 -10.462272
v -2.311074 3.542779 -10.436736
v -2.257274 3.557105 -10.411499
v -2.354939 3.522980 -10.466655
v -2.303279 3.538897 -10.440765
v -2.250316 3.553575 -10.415132
v -1.950479 3.531193 -10.887983
v -2.017015 3.514889 -10.895883
v -2.083989 3.500354 -10.892926
v -1.942171 3.526066 -10.891890
v -2.010961 3.509709 -10.898800
v -2.081983 3.495134 -10.894631
v -1.947684 3.520337 -10.885698
v -2.014074 3.504418 -10.893799
v -2.081019 3.490916 -10.891232
v -1.605090 3.596879 -10.356522
v -1.595772 3.608185 -10.431557
v -1.594659 3.614565 -10.500195
v -1.598620 3.592272 -10.360260
v -1.587683 3.603085 -10.436186
v -1.585281 3.609050 -10.505529
v -1.603964 3.587880 -10.355399
v -1.594344 3.598212 -10.430132
v -1.592987 3.603750 -10.498525
v -2.198946 3.581786 -10.324199
v -2.198827 3.587465 -10.257691
v -2.196930 3.590844 -10.191992
v -2.204535 3.577022 -10.318665
v -2.205360 3.582044 -10.251337
v -2.204372 3.584785 -10.184849
v -2.197368 3.573377 -10.322613
v -2.197145 3.577980 -10.256005
v -2.195146 3.580301 -10.190206
v -2.091863 3.532817 -10.790545
v -2.135151 3.516673 -10.817519
v -2.177726 3.500903 -10.837600
v -2.050053 3.535079 -10.820210
v -2.099904 3.518844 -10.841443
v -2.148692 3.503252 -10.854598
v -2.007932 3.535911 -10.849670
v -2.063813 3.519773 -10.865256
v -2.117507 3.504869 -10.871741
v -1.660854 3.614425 -10.585888
v -1.724366 3.609243 -10.605618
v -1.788490 3.601814 -10.624300
v -1.651386 3.609103 -10.591174
v -1.715953 3.604503 -10.610228
v -1.781176 3.597676 -10.628202
v -1.659070 3.603882 -10.584102
v -1.722685 3.599758 -10.603932
v -1.786912 3.593405 -10.622714
v -1.836714 3.552721 -10.045778
v -1.784778 3.531388 -10.021168
v -1.745268 3.511165 -9.998926
v -1.839820 3.548332 -10.042810
v -1.786907 3.526826 -10.018428
v -1.745825 3.506119 -9.995746
v -1.836142 3.544525 -10.045210
v -1.784398 3.523236 -10.020791
v -1.745017 3.503405 -9.998678
v -2.129044 3.592608 -10.106270
v -2.059103 3.590076 -10.089187
v -1.979486 3.583412 -10.078795
v -2.136496 3.586406 -10.099195
v -2.065547 3.584411 -10.083077
v -1.984661 3.578386 -10.073896
v -2.127372 3.581793 -10.104599
v -2.057676 3.580103 -10.087763
v -1.978359 3.574413 -10.077673
v -2.359959 3.483672 -10.693481
v -2.384599 3.492839 -10.630116
v -2.398903 3.504453 -10.563666
v -2.361764 3.478212 -10.692438
v -2.388806 3.487042 -10.625616
v -2.404746 3.498485 -10.557335
v -2.358506 3.474135 -10.690696
v -2.382690 3.482301 -10.627290
v -2.396736 3.493556 -10.560928
v -1.860206 3.583534 -10.701196
v -1.867693 3.573066 -10.759598
v -1.875585 3.561115 -10.817328
v -1.853164 3.579753 -10.704800
v -1.859804 3.568968 -10.763614
v -1.866847 3.556579 -10.821733
v -1.858516 3.575536 -10.699495
v -1.865759 3.564292 -10.757680
v -1.873348 3.551363 -10.815187
v -1.727711 3.516900 -10.012303
v -1.763105 3.538103 -10.038103
v -1.810072 3.560190 -10.066779
v -1.710315 3.516072 -10.020264
v -1.745567 3.539157 -10.049883
v -1.789855 3.562367 -10.082125
v -1.692476 3.514801 -10.029844
v -1.727855 3.539216 -10.062142
v -1.769551 3.563350 -10.097484
v -1.614271 3.515563 -10.089959
v -1.642640 3.540592 -10.127060
v -1.672397 3.565644 -10.170742
v -1.600808 3.517213 -10.104355
v -1.626119 3.541149 -10.140807
v -1.651813 3.565684 -10.186151
v -1.589105 3.518463 -10.118608
v -1.610106 3.540725 -10.154490
v -1.631227 3.564531 -10.201506
v -1.935318 3.593587 -10.113564
v -2.004035 3.602101 -10.132464
v -2.065287 3.606112 -10.156313
v -1.902004 3.597563 -10.139048
v -1.962495 3.607095 -10.164173
v -2.017187 3.611895 -10.192972
v -1.868571 3.600247 -10.164433
v -1.920811 3.610713 -10.195760
v -1.968923 3.616229 -10.229488
v -1.979691 3.564286 -10.609762
v -1.942338 3.566027 -10.636802
v -1.905958 3.568404 -10.663383
v -2.000991 3.550973 -10.657525
v -1.959309 3.553177 -10.687687
v -1.918704 3.556077 -10.717354
v -2.021969 3.536215 -10.705032
v -1.976133 3.538768 -10.738201
v -1.931501 3.542094 -10.770821
v -1.827080 3.595678 -10.460180
v -1.775475 3.595978 -10.497600
v -1.725097 3.597131 -10.534384
v -1.870985 3.591454 -10.494470
v -1.825392 3.592002 -10.527513
v -1.780912 3.593316 -10.559990
v -1.914664 3.584778 -10.528289
v -1.875336 3.585645 -10.556782
v -1.837005 3.587188 -10.584780
v -1.720133 3.582161 -10.268999
v -1.684328 3.582022 -10.295226
v -1.649521 3.582624 -10.320876
v -1.739082 3.591749 -10.322961
v -1.694574 3.591638 -10.355405
v -1.651194 3.592341 -10.387226
v -1.760464 3.596438 -10.374831
v -1.709023 3.596411 -10.412225
v -1.658819 3.597265 -10.448953
v -2.340816 3.490105 -10.598711
v -2.299374 3.491570 -10.628430
v -2.257043 3.494056 -10.659071
v -2.337942 3.478275 -10.657064
v -2.304057 3.478981 -10.682384
v -2.269586 3.480789 -10.707813
v -2.327420 3.469991 -10.711022
v -2.301554 3.469669 -10.733282
v -2.275886 3.470616 -10.753511
v -2.084388 3.504431 -10.783890
v -2.041922 3.506987 -10.814587
v -2.000689 3.510429 -10.844677
v -2.125599 3.489509 -10.811863
v -2.090585 3.491856 -10.836681
v -2.055946 3.495234 -10.860921
v -2.166060 3.477342 -10.832827
v -2.138796 3.479581 -10.850861
v -2.109653 3.483196 -10.868377
v -1.982512 3.584989 -10.615859
v -2.004434 3.573792 -10.664268
v -2.026375 3.561691 -10.712315
v -1.946295 3.586696 -10.641741
v -1.963946 3.575880 -10.693188
v -1.981738 3.564028 -10.744184
v -1.909911 3.587198 -10.667477
v -1.923272 3.576695 -10.721940
v -1.936893 3.565009 -10.775865
v -1.829687 3.623294 -10.467045
v -1.873512 3.616191 -10.500848
v -1.917112 3.606587 -10.534177
v -1.779570 3.623315 -10.502965
v -1.829263 3.616566 -10.532538
v -1.878982 3.607388 -10.561465
v -1.729278 3.621912 -10.538733
v -1.784848 3.615608 -10.564084
v -1.840695 3.606947 -10.588617
v -1.721261 3.605547 -10.273716
v -1.740842 3.617794 -10.328711
v -1.762721 3.624784 -10.381428
v -1.686762 3.605306 -10.298719
v -1.697759 3.617475 -10.359771
v -1.712811 3.624459 -10.417300
v -1.652144 3.603773 -10.323626
v -1.654533 3.615780 -10.390708
v -1.662736 3.622685 -10.453031
v -1.691660 3.486161 -9.979259
v -1.670817 3.481265 -9.982382
v -1.651929 3.478630 -9.990104
v -1.687876 3.478700 -9.974524
v -1.666512 3.473111 -9.977664
v -1.648477 3.470793 -9.986036
v -1.691599 3.477819 -9.979176
v -1.671349 3.472321 -9.982726
v -1.653992 3.470269 -9.991569
v -2.280493 3.473308 -10.821549
v -2.294241 3.473646 -10.805457
v -2.311924 3.474647 -10.781164
v -2.280487 3.466753 -10.825087
v -2.292986 3.467057 -10.811146
v -2.310046 3.468585 -10.787152
v -2.279907 3.463557 -10.814752
v -2.293775 3.463727 -10.800776
v -2.311274 3.465369 -10.777742
v -1.598913 3.473600 -10.020418
v -1.598944 3.469261 -10.021096
v -1.605462 3.470009 -10.028297
v -1.607845 3.472253 -10.010839
v -1.609247 3.468864 -10.012314
v -1.616245 3.469953 -10.019823
v -1.619622 3.473570 -10.004311
v -1.620375 3.469239 -10.004416
v -1.627125 3.469967 -10.011460
v -2.265114 3.471470 -10.841990
v -2.264281 3.466939 -10.839764
v -2.259737 3.464665 -10.830167
v -2.260207 3.471020 -10.847724
v -2.257949 3.467124 -10.844963
v -2.251493 3.465173 -10.836190
v -2.253281 3.472226 -10.850515
v -2.251030 3.467791 -10.849307
v -2.243168 3.465723 -10.842105
v -2.035788 3.562086 -10.569330
v -2.063519 3.548150 -10.612481
v -2.090807 3.532930 -10.655455
v -2.054007 3.561181 -10.556153
v -2.083794 3.547071 -10.597839
v -2.113177 3.531703 -10.639310
v -2.072152 3.560022 -10.542955
v -2.104003 3.545771 -10.583177
v -2.135483 3.530262 -10.623145
v -1.904119 3.595542 -10.404448
v -1.939175 3.590945 -10.445182
v -1.973650 3.583799 -10.485692
v -1.928826 3.594859 -10.386425
v -1.961122 3.590261 -10.429196
v -1.992740 3.583102 -10.471817
v -1.953303 3.593331 -10.368345
v -1.982882 3.588895 -10.413163
v -2.011692 3.581907 -10.457905
v -1.774483 3.582663 -10.229243
v -1.805977 3.592210 -10.274282
v -1.837394 3.596782 -10.319017
v -1.792449 3.582339 -10.215987
v -1.827698 3.591753 -10.258336
v -1.862144 3.596206 -10.300902
v -1.810257 3.581376 -10.202703
v -1.849213 3.590499 -10.242348
v -1.886655 3.594721 -10.282733
v -1.643591 3.496236 -10.069320
v -1.673691 3.519804 -10.102695
v -1.707415 3.544848 -10.141914
v -1.654467 3.496202 -10.060961
v -1.684960 3.519738 -10.094119
v -1.719795 3.544728 -10.132603
v -1.665317 3.496042 -10.052600
v -1.696182 3.519460 -10.085540
v -1.732100 3.544281 -10.123283
v -2.149204 3.501189 -10.737222
v -2.179183 3.486729 -10.773353
v -2.206460 3.475110 -10.803979
v -2.170940 3.499963 -10.721543
v -2.197794 3.485660 -10.759932
v -2.221193 3.474243 -10.793359
v -2.192623 3.498555 -10.705848
v -2.216365 3.484454 -10.746498
v -2.235900 3.473287 -10.782730
v -1.670796 3.512532 -10.046437
v -1.704524 3.536698 -10.079910
v -1.741872 3.561300 -10.118471
v -1.668664 3.511869 -10.052146
v -1.700148 3.534633 -10.084498
v -1.735880 3.558760 -10.123093
v -1.668880 3.511657 -10.057362
v -1.698021 3.532598 -10.087775
v -1.732560 3.556010 -10.125721
v -1.968697 3.601986 -10.496981
v -1.933405 3.612103 -10.457666
v -1.897548 3.619621 -10.418111
v -1.979400 3.598819 -10.489173
v -1.945829 3.609035 -10.448617
v -1.911624 3.616633 -10.407866
v -1.984437 3.595674 -10.485427
v -1.951646 3.605922 -10.444304
v -1.918193 3.613545 -10.403008
v -1.830310 3.621567 -10.332562
v -1.799170 3.614619 -10.286398
v -1.767950 3.602326 -10.239648
v -1.844344 3.618671 -10.322321
v -1.811303 3.611737 -10.277503
v -1.777695 3.599441 -10.232443
v -1.850927 3.615622 -10.317437
v -1.817062 3.608704 -10.273201
v -1.782434 3.596418 -10.228862
v -1.700356 3.562207 -10.149859
v -1.666003 3.537254 -10.109330
v -1.635811 3.512838 -10.073368
v -1.706380 3.559371 -10.145433
v -1.671642 3.535018 -10.106298
v -1.642234 3.512092 -10.072502
v -1.709707 3.556468 -10.143044
v -1.675438 3.532893 -10.105056
v -1.647725 3.511838 -10.073652
v -2.085564 3.576072 -10.541379
v -2.118715 3.563883 -10.581788
v -2.151362 3.551018 -10.622175
v -2.075262 3.573807 -10.548821
v -2.107207 3.561682 -10.590086
v -2.138697 3.548890 -10.631304
v -2.070245 3.571125 -10.552375
v -2.101653 3.559031 -10.594019
v -2.132635 3.546272 -10.635601
v -1.578366 3.478799 -10.047253
v -1.566898 3.481609 -10.062997
v -1.559951 3.486826 -10.081179
v -1.574584 3.470898 -10.043512
v -1.562564 3.473363 -10.058404
v -1.555520 3.479264 -10.077059
v -1.579619 3.470447 -10.049339
v -1.567176 3.472668 -10.063537
v -1.559858 3.478484 -10.081120
v -2.113115 3.543412 -10.649536
v -2.083357 3.556076 -10.607082
v -2.053326 3.568055 -10.564466
v -2.118661 3.542545 -10.645514
v -2.088557 3.555236 -10.603308
v -2.058134 3.567248 -10.560968
v -2.124256 3.542717 -10.641498
v -2.093804 3.555436 -10.599538
v -2.062989 3.567481 -10.557475
v -1.991635 3.591232 -10.480038
v -1.959773 3.601460 -10.438226
v -1.927233 3.609062 -10.396251
v -1.996653 3.590443 -10.476366
v -1.965412 3.600653 -10.434093
v -1.933482 3.608237 -10.391662
v -2.001720 3.590694 -10.472699
v -1.971098 3.600885 -10.429963
v -1.939779 3.608451 -10.387077
v -1.860134 3.611171 -10.310529
v -1.825463 3.604311 -10.266858
v -1.789891 3.592098 -10.223176
v -1.866508 3.610365 -10.305827
v -1.831315 3.603549 -10.262524
v -1.795138 3.591388 -10.219261
v -1.872930 3.610599 -10.301131
v -1.837215 3.603826 -10.258193
v -1.800433 3.591718 -10.215351
v -1.716238 3.552304 -10.137955
v -1.681962 3.528975 -10.100050
v -1.653947 3.508522 -10.069140
v -1.720883 3.551650 -10.134317
v -1.686184 3.528079 -10.096027
v -1.656979 3.506947 -10.064262
v -1.725680 3.552115 -10.130796
v -1.691293 3.528852 -10.092911
v -1.662795 3.508441 -10.062333
v -2.221061 3.489118 -10.798035
v -2.199060 3.500712 -10.768547
v -2.172180 3.514876 -10.732062
v -2.225177 3.487867 -10.797222
v -2.203438 3.499766 -10.766037
v -2.177200 3.514019 -10.728507
v -2.227326 3.488719 -10.793520
v -2.207249 3.500192 -10.762646
v -2.182191 3.514243 -10.724846
v -2.086764 3.554922 -10.668861
v -2.059202 3.567423 -10.624838
v -2.031492 3.579183 -10.580568
v -2.099278 3.551311 -10.659767
v -2.070559 3.563897 -10.616573
v -2.041653 3.575773 -10.573158
v -2.105106 3.547984 -10.655465
v -2.075879 3.560607 -10.612635
v -2.046441 3.572534 -10.569599
v -2.212122 3.496137 -10.813204
v -2.181174 3.510688 -10.784486
v -2.148189 3.526159 -10.750024
v -2.216748 3.494200 -10.806364
v -2.189902 3.507651 -10.777006
v -2.159738 3.522623 -10.741484
v -2.217262 3.492729 -10.801255
v -2.193394 3.504947 -10.772896
v -2.165004 3.519379 -10.737401
v -1.607305 3.481353 -10.024467
v -1.610733 3.477801 -10.014125
v -1.622470 3.481303 -10.012701
v -1.612603 3.482561 -10.027272
v -1.614080 3.478863 -10.017854
v -1.624510 3.482516 -10.018042
v -1.620655 3.485827 -10.033992
v -1.621391 3.482379 -10.025832
v -1.630349 3.485780 -10.026486
v -1.822916 3.600347 -10.198862
v -1.863932 3.612022 -10.238591
v -1.903092 3.618461 -10.278999
v -1.813169 3.598163 -10.206117
v -1.851881 3.610084 -10.247566
v -1.889200 3.616710 -10.289347
v -1.808253 3.595488 -10.209699
v -1.845974 3.607512 -10.251881
v -1.882492 3.614217 -10.294252
v -2.260343 3.476946 -10.838963
v -2.259422 3.475137 -10.846142
v -2.252491 3.477441 -10.844625
v -2.256465 3.476821 -10.836103
v -2.257031 3.474896 -10.842754
v -2.251073 3.477164 -10.839989
v -2.250794 3.477595 -10.829062
v -2.251556 3.475760 -10.834998
v -2.246327 3.477880 -10.832280
v -1.969828 3.616292 -10.365116
v -1.997934 3.609004 -10.410452
v -2.025246 3.599113 -10.455722
v -1.955876 3.614534 -10.375469
v -1.985561 3.607071 -10.419588
v -2.014510 3.596990 -10.463591
v -1.949175 3.612043 -10.380350
v -1.979585 3.604511 -10.423914
v -2.009283 3.594355 -10.467341
v -2.207272 3.522544 -10.707352
v -2.228426 3.507783 -10.750369
v -2.244770 3.494116 -10.789640
v -2.195426 3.520402 -10.715734
v -2.218492 3.505864 -10.756382
v -2.236800 3.492941 -10.791903
v -2.189749 3.517819 -10.719561
v -2.213381 3.503682 -10.758489
v -2.231768 3.491808 -10.790800
vn 0.3239 -0.3586 0.8755
vn 0.3968 -0.3849 0.8333
vn 0.0809 0.7758 0.6258
vn 0.1007 0.8877 0.4492
vn 0.2708 -0.7087 0.6514
vn 0.2871 -0.7875 0.5454
vn 0.3012 -0.8252 0.4779
vn 0.3047 -0.8288 0.4694
vn 0.4388 -0.2616 0.8597
vn 0.1060 0.9451 0.3092
vn -0.0921 0.9951 -0.0353
vn -0.1020 0.9947 0.0154
vn -0.1062 0.9870 0.1206
vn -0.0965 0.9557 0.2781
vn 0.0570 0.6448 0.7623
vn 0.2506 -0.2643 0.9313
vn 0.2597 -0.9408 0.2178
vn 0.2914 -0.9233 0.2503
vn 0.2241 -0.9494 0.2201
vn 0.2461 -0.9377 0.2452
vn 0.2820 -0.9422 0.1813
vn 0.3226 -0.9199 0.2230
vn 0.3711 -0.8890 0.2681
vn 0.4299 -0.8432 0.3227
vn 0.3523 -0.8858 0.3020
vn 0.2970 -0.9102 0.2887
vn 0.2475 -0.9277 0.2794
vn 0.2034 -0.9468 0.2492
vn 0.1915 -0.9542 0.2299
vn 0.1832 -0.9599 0.2123
vn 0.2090 -0.9575 0.1990
vn 0.2361 -0.9529 0.1902
vn 0.1590 -0.9856 0.0578
vn 0.1838 -0.9782 0.0967
vn 0.1359 -0.9884 0.0674
vn 0.1596 -0.9813 0.1075
vn 0.1477 -0.9888 -0.0201
vn 0.1985 -0.9788 0.0496
vn 0.2248 -0.9704 0.0881
vn 0.2271 -0.9691 0.0966
vn 0.1907 -0.9750 0.1142
vn 0.1680 -0.9772 0.1298
vn 0.1425 -0.9784 0.1499
vn 0.1349 -0.9831 0.1238
vn 0.1133 -0.9902 0.0816
vn 0.0749 -0.9969 0.0229
vn 0.0952 -0.9954 0.0083
vn 0.1151 -0.9933 -0.0039
vn 0.1889 -0.9738 0.1262
vn 0.1983 -0.9699 0.1412
vn 0.1726 -0.9736 0.1494
vn 0.1817 -0.9699 0.1620
vn 0.2138 -0.9730 0.0865
vn 0.2102 -0.9736 0.0888
vn 0.2207 -0.9695 0.1064
vn 0.2451 -0.9596 0.1380
vn 0.2144 -0.9631 0.1629
vn 0.1943 -0.9645 0.1786
vn 0.1723 -0.9655 0.1953
vn 0.1609 -0.9701 0.1820
vn 0.1508 -0.9735 0.1720
vn 0.1443 -0.9760 0.1628
vn 0.1683 -0.9758 0.1395
vn 0.1871 -0.9752 0.1178
vn 0.2735 0.8855 0.3755
vn 0.2421 0.8873 0.3925
vn 0.2592 0.9001 0.3502
vn 0.2336 0.9027 0.3614
vn 0.2797 0.8895 0.3613
vn 0.2642 0.8895 0.3728
vn 0.2279 0.8890 0.3972
vn 0.1660 0.8852 0.4345
vn 0.1768 0.8896 0.4211
vn 0.1764 0.9078 0.3805
vn 0.1525 0.9363 0.3163
vn 0.2033 0.9299 0.3064
vn 0.2240 0.9274 0.2995
vn 0.2311 0.9270 0.2953
vn 0.2688 0.8995 0.3443
vn 0.2859 0.8851 0.3673
vn 0.0527 0.9875 0.1488
vn 0.0483 0.9845 0.1685
vn 0.0012 0.9962 0.0870
vn -0.0050 0.9947 0.1030
vn 0.1275 0.9776 0.1672
vn 0.1177 0.9683 0.2205
vn 0.1132 0.9634 0.2430
vn 0.1123 0.9611 0.2522
vn 0.0469 0.9833 0.1761
vn -0.0074 0.9940 0.1089
vn -0.0492 0.9973 0.0548
vn -0.0455 0.9977 0.0508
vn -0.0362 0.9986 0.0395
vn -0.0164 0.9998 0.0125
vn 0.0132 0.9988 0.0479
vn 0.0611 0.9930 0.1009
vn 0.2835 0.8998 0.3317
vn 0.2651 0.8927 0.3644
vn 0.2448 0.9140 0.3235
vn 0.2328 0.9065 0.3521
vn 0.3438 0.9049 0.2507
vn 0.2991 0.9016 0.3124
vn 0.2735 0.8967 0.3479
vn 0.2644 0.8932 0.3638
vn 0.2592 0.8886 0.3784
vn 0.2296 0.9025 0.3645
vn 0.1804 0.9287 0.3240
vn 0.1819 0.9321 0.3133
vn 0.1891 0.9386 0.2886
vn 0.2065 0.9503 0.2328
vn 0.2721 0.9258 0.2626
vn 0.3212 0.9095 0.2640
vn -0.0843 0.9960 -0.0285
vn -0.1007 0.9946 -0.0264
vn -0.1077 0.9920 -0.0661
vn -0.1255 0.9899 -0.0652
vn -0.0312 0.9995 -0.0072
vn -0.0613 0.9981 0.0054
vn -0.0746 0.9971 0.0113
vn -0.0798 0.9967 0.0134
vn -0.1072 0.9939 -0.0258
vn -0.1332 0.9889 -0.0654
vn -0.1578 0.9817 -0.1063
vn -0.1498 0.9830 -0.1063
vn -0.1328 0.9851 -0.1092
vn -0.0968 0.9883 -0.1179
vn -0.0681 0.9954 -0.0681
vn -0.0471 0.9984 -0.0322
vn -0.1839 0.9634 -0.1949
vn -0.1950 0.9635 -0.1834
vn -0.1979 0.9558 -0.2177
vn -0.2087 0.9561 -0.2057
vn -0.1339 0.9747 -0.1789
vn -0.1608 0.9744 -0.1570
vn -0.1746 0.9733 -0.1490
vn -0.1816 0.9723 -0.1471
vn -0.2009 0.9630 -0.1797
vn -0.2142 0.9559 -0.2011
vn -0.2208 0.9521 -0.2117
vn -0.2147 0.9525 -0.2158
vn -0.2013 0.9533 -0.2253
vn -0.1728 0.9536 -0.2466
vn -0.1765 0.9528 -0.2469
vn -0.1628 0.9608 -0.2245
vn -0.8078 -0.5894 0.0059
vn -0.7788 -0.6246 -0.0576
vn -0.4883 0.6647 0.5655
vn -0.5080 0.7129 0.4835
vn -0.5642 -0.7907 -0.2376
vn -0.5253 -0.8189 -0.2314
vn -0.4810 -0.8433 -0.2396
vn -0.4298 -0.8686 -0.2467
vn -0.7306 -0.6657 -0.1521
vn -0.5488 0.7702 0.3249
vn 0.0075 0.9429 0.3331
vn 0.0258 0.9064 0.4216
vn 0.0225 0.8788 0.4767
vn -0.0060 0.8661 0.4998
vn -0.5170 0.6501 0.5569
vn -0.8255 -0.5640 -0.0212
vn 0.4038 -0.8613 -0.3084
vn 0.3856 -0.8610 -0.3316
vn 0.0718 0.7801 -0.6215
vn 0.0777 0.7871 -0.6119
vn 0.3138 -0.9464 0.0762
vn 0.2673 -0.9634 0.0197
vn 0.2544 -0.9671 -0.0010
vn 0.2746 -0.9614 0.0168
vn 0.4802 -0.8439 -0.2394
vn 0.1889 0.8591 -0.4756
vn -0.0667 0.9679 -0.2424
vn -0.1122 0.9444 -0.3091
vn -0.1243 0.9361 -0.3290
vn -0.0992 0.9473 -0.3045
vn 0.1806 0.8402 -0.5113
vn 0.5368 -0.8265 -0.1697
vn 0.0321 -0.5202 0.8535
vn 0.1172 -0.3260 0.9381
vn -0.2499 0.7793 0.5747
vn -0.1008 0.6714 0.7342
vn 0.1031 -0.9236 0.3692
vn 0.1493 -0.8663 0.4767
vn 0.1892 -0.7846 0.5905
vn 0.2271 -0.6814 0.6958
vn 0.1841 -0.2232 0.9572
vn 0.0060 0.5988 0.8009
vn -0.1298 0.9318 0.3390
vn -0.1948 0.9622 0.1905
vn -0.2460 0.9677 0.0555
vn -0.2890 0.9559 -0.0513
vn -0.4299 0.8377 0.3367
vn -0.0976 -0.7304 0.6760
vn -0.6191 -0.7608 -0.1945
vn -0.5536 -0.8281 -0.0882
vn -0.5922 0.8051 0.0322
vn -0.5432 0.8378 0.0551
vn -0.3753 -0.8979 -0.2300
vn -0.3141 -0.9329 -0.1762
vn -0.2442 -0.9654 -0.0912
vn -0.1596 -0.9869 0.0242
vn -0.4418 -0.8882 0.1260
vn -0.4343 0.8822 0.1818
vn -0.1101 0.9914 0.0703
vn -0.1080 0.9910 0.0796
vn -0.0839 0.9882 0.1285
vn -0.0415 0.9753 0.2171
vn -0.5964 0.7930 0.1244
vn -0.6746 -0.7056 -0.2169
vn 0.6771 -0.7333 0.0622
vn 0.6468 -0.7624 0.0212
vn 0.4186 0.9060 -0.0632
vn 0.4190 0.9069 -0.0442
vn 0.3155 -0.9467 0.0653
vn 0.3268 -0.9417 0.0797
vn 0.2975 -0.9539 0.0403
vn 0.2276 -0.9723 -0.0532
vn 0.5222 -0.8366 -0.1657
vn 0.3600 0.9207 -0.1509
vn 0.0498 0.9980 -0.0389
vn 0.0535 0.9979 -0.0378
vn 0.0378 0.9968 -0.0704
vn -0.0028 0.9899 -0.1418
vn 0.3487 0.9115 -0.2182
vn 0.6272 -0.7778 -0.0401
vn 0.2127 -0.9503 0.2273
vn 0.2291 -0.9391 0.2562
vn 0.1986 -0.9449 0.2604
vn 0.2185 -0.9282 0.3012
vn 0.2186 -0.9579 0.1861
vn 0.2327 -0.9518 0.1997
vn 0.2472 -0.9443 0.2171
vn 0.2614 -0.9272 0.2683
vn 0.2527 -0.9136 0.3186
vn 0.2459 -0.8932 0.3765
vn 0.2379 -0.8560 0.4589
vn 0.2079 -0.8997 0.3839
vn 0.1824 -0.9288 0.3225
vn 0.1569 -0.9500 0.2699
vn 0.1805 -0.9566 0.2290
vn 0.1977 -0.9583 0.2061
vn -0.1191 -0.7957 0.5939
vn -0.0938 -0.7705 0.6305
vn -0.1940 0.8752 0.4432
vn -0.2139 0.8718 0.4407
vn -0.0644 -0.9855 0.1570
vn 0.0024 -0.9688 0.2480
vn 0.0296 -0.9590 0.2820
vn 0.0199 -0.9655 0.2597
vn -0.1767 -0.8217 0.5418
vn -0.3455 0.8771 0.3336
vn -0.1815 0.9831 0.0229
vn -0.1232 0.9893 0.0782
vn -0.0963 0.9906 0.0974
vn -0.0951 0.9913 0.0908
vn -0.2751 0.8923 0.3581
vn -0.2540 -0.8699 0.4229
vn 0.1333 -0.5871 -0.7985
vn 0.1746 -0.5515 -0.8157
vn 0.5116 0.7249 -0.4614
vn 0.5873 0.6789 -0.4405
vn -0.0794 -0.8602 -0.5037
vn -0.0766 -0.8320 -0.5495
vn -0.0754 -0.8040 -0.5898
vn -0.0858 -0.7726 -0.6290
vn 0.1390 -0.5286 -0.8374
vn 0.5818 0.6594 -0.4761
vn 0.4390 0.8956 0.0724
vn 0.4047 0.9086 0.1036
vn 0.3420 0.9339 0.1043
vn 0.2534 0.9642 0.0777
vn 0.3718 0.7750 -0.5111
vn 0.0614 -0.6312 -0.7732
vn 0.1147 -0.7954 -0.5951
vn 0.0255 -0.7305 -0.6825
vn 0.1419 0.8479 -0.5108
vn 0.1283 0.8077 -0.5755
vn 0.1269 -0.9749 -0.1832
vn 0.0391 -0.9548 -0.2947
vn -0.0253 -0.9241 -0.3814
vn -0.0658 -0.8906 -0.4501
vn 0.0079 -0.6752 -0.7376
vn 0.2054 0.7918 -0.5753
vn 0.1514 0.9884 0.0141
vn 0.0795 0.9961 -0.0377
vn 0.0420 0.9970 -0.0647
vn 0.0350 0.9974 -0.0627
vn 0.2341 0.9022 -0.3623
vn 0.2911 -0.8536 -0.4321
vn 0.8788 -0.2785 0.3874
vn 0.8405 -0.4702 0.2691
vn 0.6744 0.7181 0.1716
vn 0.5611 0.8276 -0.0145
vn 0.6437 -0.6546 0.3964
vn 0.5638 -0.7607 0.3217
vn 0.4744 -0.8460 0.2435
vn 0.3909 -0.9059 0.1628
vn 0.7289 -0.6801 0.0783
vn 0.3865 0.8855 -0.2577
vn -0.0340 0.9706 -0.2385
vn 0.0529 0.9852 -0.1630
vn 0.1651 0.9836 -0.0722
vn 0.2875 0.9572 0.0346
vn 0.7099 0.6418 0.2901
vn 0.8679 -0.1807 0.4628
vn -0.3709 -0.9049 0.2088
vn -0.3512 -0.9062 0.2357
vn -0.6554 0.7525 -0.0639
vn -0.6667 0.7412 -0.0779
vn -0.0088 -0.9793 0.2020
vn -0.0127 -0.9837 0.1796
vn 0.0073 -0.9794 0.2019
vn 0.0474 -0.9626 0.2666
vn -0.2619 -0.8745 0.4082
vn -0.6021 0.7961 0.0606
vn -0.3287 0.9348 -0.1343
vn -0.3408 0.9257 -0.1641
vn -0.3210 0.9364 -0.1416
vn -0.2646 0.9617 -0.0711
vn -0.5536 0.8272 0.0968
vn -0.3176 -0.8895 0.3287
vn -0.2281 -0.8814 -0.4137
vn -0.1954 -0.9042 -0.3797
vn -0.2635 -0.8868 -0.3797
vn -0.2276 -0.9096 -0.3476
vn -0.2002 -0.8396 -0.5050
vn -0.1764 -0.8647 -0.4703
vn -0.1545 -0.8878 -0.4335
vn -0.1291 -0.9108 -0.3922
vn -0.1565 -0.9266 -0.3420
vn -0.1813 -0.9326 -0.3121
vn -0.2153 -0.9352 -0.2813
vn -0.2675 -0.9115 -0.3126
vn -0.3021 -0.8898 -0.3420
vn -0.3121 -0.8652 -0.3925
vn -0.2873 -0.8580 -0.4258
vn -0.2517 -0.8515 -0.4599
vn -0.2881 -0.8807 -0.3760
vn -0.2557 -0.9035 -0.3440
vn -0.3274 -0.8774 -0.3507
vn -0.2942 -0.8999 -0.3219
vn -0.2983 -0.8598 -0.4144
vn -0.2442 -0.8813 -0.4045
vn -0.2131 -0.9027 -0.3738
vn -0.1844 -0.9283 -0.3229
vn -0.2226 -0.9280 -0.2988
vn -0.2583 -0.9232 -0.2845
vn -0.3130 -0.9102 -0.2713
vn -0.3544 -0.8874 -0.2947
vn -0.3915 -0.8657 -0.3119
vn -0.4238 -0.8422 -0.3334
vn -0.3715 -0.8494 -0.3749
vn -0.3338 -0.8535 -0.4000
vn -0.0580 -0.9719 -0.2283
vn -0.0027 -0.9872 -0.1592
vn -0.0718 -0.9766 -0.2027
vn -0.0161 -0.9905 -0.1369
vn -0.0927 -0.9363 -0.3387
vn -0.0450 -0.9607 -0.2738
vn 0.0122 -0.9800 -0.1988
vn 0.0784 -0.9906 -0.1122
vn 0.0563 -0.9950 -0.0827
vn 0.0406 -0.9971 -0.0651
vn 0.0222 -0.9986 -0.0480
vn -0.0346 -0.9925 -0.1170
vn -0.0927 -0.9794 -0.1796
vn -0.1534 -0.9598 -0.2350
vn -0.1271 -0.9567 -0.2618
vn -0.1096 -0.9507 -0.2900
vn -0.1823 0.9656 -0.1854
vn -0.1950 0.9648 -0.1764
vn -0.2018 0.9573 -0.2070
vn -0.2157 0.9559 -0.1996
vn -0.1499 0.9752 -0.1630
vn -0.1515 0.9764 -0.1539
vn -0.1607 0.9770 -0.1399
vn -0.1871 0.9753 -0.1178
vn -0.2278 0.9598 -0.1639
vn -0.2489 0.9502 -0.1877
vn -0.2522 0.9496 -0.1860
vn -0.2236 0.9525 -0.2067
vn -0.2109 0.9532 -0.2168
vn -0.2055 0.9532 -0.2216
vn -0.1967 0.9574 -0.2116
vn -0.1785 0.9651 -0.1915
vn -0.0491 0.9972 -0.0557
vn -0.0536 0.9978 -0.0379
vn -0.0796 0.9930 -0.0870
vn -0.0830 0.9943 -0.0667
vn -0.0184 0.9994 -0.0287
vn -0.0201 0.9995 -0.0223
vn -0.0274 0.9996 -0.0089
vn -0.0457 0.9988 0.0190
vn -0.0655 0.9979 -0.0004
vn -0.0937 0.9953 -0.0258
vn -0.1346 0.9889 -0.0633
vn -0.1187 0.9880 -0.0991
vn -0.1139 0.9864 -0.1186
vn -0.1143 0.9849 -0.1297
vn -0.0801 0.9920 -0.0974
vn -0.0486 0.9968 -0.0641
vn 0.1046 0.9848 0.1389
vn 0.0882 0.9859 0.1423
vn 0.0521 0.9962 0.0696
vn 0.0380 0.9965 0.0744
vn 0.1709 0.9612 0.2167
vn 0.1654 0.9613 0.2201
vn 0.1471 0.9634 0.2241
vn 0.0996 0.9691 0.2259
vn 0.0449 0.9888 0.1423
vn 0.0009 0.9969 0.0788
vn -0.0288 0.9988 0.0386
vn -0.0003 0.9997 0.0243
vn 0.0108 0.9998 0.0159
vn 0.0137 0.9998 0.0113
vn 0.0559 0.9963 0.0660
vn 0.1092 0.9847 0.1357
vn -0.1785 0.9621 -0.2063
vn -0.2044 0.9568 -0.2066
vn -0.1510 0.9717 -0.1818
vn -0.1863 0.9645 -0.1872
vn -0.1505 0.9624 -0.2261
vn -0.1938 0.9561 -0.2196
vn -0.2128 0.9531 -0.2152
vn -0.2207 0.9520 -0.2123
vn -0.2148 0.9549 -0.2050
vn -0.2009 0.9616 -0.1868
vn -0.1692 0.9748 -0.1456
vn -0.1453 0.9788 -0.1442
vn -0.0922 0.9871 -0.1311
vn -0.0013 0.9949 -0.1010
vn -0.0682 0.9849 -0.1591
vn -0.1170 0.9731 -0.1983
vn -0.2065 0.9570 -0.2037
vn -0.2143 0.9603 -0.1787
vn -0.1946 0.9643 -0.1796
vn -0.2006 0.9690 -0.1441
vn -0.2066 0.9530 -0.2216
vn -0.2114 0.9535 -0.2148
vn -0.2214 0.9549 -0.1980
vn -0.2411 0.9575 -0.1584
vn -0.2263 0.9670 -0.1172
vn -0.2054 0.9770 -0.0576
vn -0.1720 0.9848 0.0252
vn -0.1721 0.9825 -0.0708
vn -0.1680 0.9778 -0.1255
vn -0.1625 0.9754 -0.1487
vn -0.1901 0.9625 -0.1934
vn -0.2020 0.9559 -0.2133
vn 0.1574 -0.9757 0.1527
vn 0.1696 -0.9713 0.1669
vn 0.1293 -0.9788 0.1592
vn 0.1443 -0.9739 0.1753
vn 0.1754 -0.9756 0.1319
vn 0.1865 -0.9723 0.1407
vn 0.1954 -0.9685 0.1541
vn 0.2056 -0.9638 0.1700
vn 0.1828 -0.9655 0.1852
vn 0.1613 -0.9666 0.1991
vn 0.1279 -0.9670 0.2202
vn 0.1040 -0.9772 0.1849
vn 0.0864 -0.9823 0.1661
vn 0.0767 -0.9831 0.1664
vn 0.1162 -0.9814 0.1531
vn 0.1444 -0.9789 0.1448
vn 0.0775 -0.9917 0.1024
vn 0.1094 -0.9850 0.1332
vn 0.0604 -0.9910 0.1198
vn 0.0902 -0.9845 0.1505
vn 0.0531 -0.9980 0.0342
vn 0.0987 -0.9913 0.0867
vn 0.1338 -0.9841 0.1170
vn 0.1592 -0.9788 0.1285
vn 0.1305 -0.9810 0.1437
vn 0.1066 -0.9818 0.1574
vn 0.0771 -0.9798 0.1843
vn 0.0683 -0.9803 0.1854
vn 0.0401 -0.9872 0.1541
vn -0.0107 -0.9960 0.0883
vn 0.0145 -0.9979 0.0624
vn 0.0327 -0.9983 0.0482
vn -0.1307 -0.9766 -0.1710
vn -0.0785 -0.9919 -0.0994
vn -0.1600 -0.9729 -0.1668
vn -0.1043 -0.9900 -0.0945
vn -0.1463 -0.9557 -0.2553
vn -0.1022 -0.9777 -0.1834
vn -0.0537 -0.9924 -0.1104
vn -0.0010 -0.9993 -0.0363
vn -0.0230 -0.9994 -0.0246
vn -0.0450 -0.9989 -0.0160
vn -0.0796 -0.9968 -0.0039
vn -0.1465 -0.9849 -0.0921
vn -0.2075 -0.9637 -0.1680
vn -0.2636 -0.9370 -0.2294
vn -0.2122 -0.9494 -0.2315
vn -0.1794 -0.9544 -0.2386
vn -0.2607 -0.5952 -0.7602
vn -0.3894 -0.5814 -0.7144
vn 0.1933 0.9242 -0.3294
vn 0.0422 0.9856 -0.1635
vn -0.1870 -0.7765 -0.6017
vn -0.2659 -0.7965 -0.5430
vn -0.3152 -0.8013 -0.5084
vn -0.3339 -0.7961 -0.5047
vn -0.4595 -0.4965 -0.7365
vn 0.0050 0.9989 -0.0468
vn 0.2191 0.9328 0.2861
vn 0.2388 0.9358 0.2592
vn 0.2872 0.9361 0.2031
vn 0.3634 0.9253 0.1085
vn 0.4187 0.7726 -0.4773
vn -0.0558 -0.5592 -0.8271
vn 0.6968 -0.3660 0.6168
vn 0.7575 -0.3315 0.5624
vn 0.3208 0.9024 0.2877
vn 0.5052 0.8026 0.3171
vn 0.4183 -0.8206 0.3895
vn 0.4267 -0.8161 0.3897
vn 0.4916 -0.7735 0.4000
vn 0.5904 -0.6878 0.4224
vn 0.8258 -0.2285 0.5156
vn 0.6534 0.6816 0.3294
vn 0.2167 0.9750 0.0484
vn 0.0673 0.9977 -0.0083
vn -0.0352 0.9987 -0.0362
vn -0.0871 0.9953 -0.0416
vn 0.1800 0.9505 0.2533
vn 0.6982 -0.2456 0.6725
vn -0.6707 0.3118 -0.6730
vn 0.0459 0.9956 0.0822
vn -0.4915 0.3042 -0.8160
vn 0.0645 0.9959 0.0634
vn -0.4951 -0.7577 -0.4252
vn -0.7165 -0.2223 -0.6612
vn 0.0089 0.9986 0.0523
vn 0.2271 0.9289 0.2924
vn 0.2263 0.9286 0.2942
vn 0.2241 0.9291 0.2942
vn 0.2200 0.9305 0.2927
vn 0.0417 0.9990 0.0168
vn -0.4685 -0.2211 -0.8554
vn -0.2961 -0.7508 -0.5904
vn -0.4078 -0.5547 -0.7253
vn -0.6007 -0.5611 -0.5695
vn 0.5838 0.5613 0.5866
vn 0.0870 0.9810 0.1736
vn 0.3249 0.5443 0.7734
vn 0.0547 0.9788 0.1973
vn 0.6173 -0.7095 0.3400
vn 0.7692 0.1297 0.6257
vn 0.1301 0.9702 0.2045
vn -0.0962 0.9944 -0.0431
vn -0.0963 0.9943 -0.0456
vn -0.0954 0.9944 -0.0457
vn -0.0920 0.9948 -0.0446
vn 0.0723 0.9661 0.2477
vn 0.3407 0.1024 0.9346
vn 0.1885 -0.7387 0.6472
vn 0.2923 -0.3632 0.8847
vn 0.7775 -0.3284 0.5363
vn -0.1878 0.9634 -0.1912
vn -0.2033 0.9563 -0.2100
vn -0.1965 0.9628 -0.1855
vn -0.2104 0.9558 -0.2052
vn -0.1542 0.9739 -0.1663
vn -0.1809 0.9642 -0.1936
vn -0.1979 0.9569 -0.2125
vn -0.2061 0.9530 -0.2220
vn -0.2108 0.9526 -0.2192
vn -0.2172 0.9522 -0.2148
vn -0.2211 0.9520 -0.2118
vn -0.2145 0.9557 -0.2016
vn -0.2014 0.9626 -0.1810
vn -0.1820 0.9719 -0.1496
vn -0.1754 0.9721 -0.1557
vn -0.1636 0.9729 -0.1632
vn -0.0687 0.9962 -0.0543
vn -0.0997 0.9908 -0.0912
vn -0.0907 0.9951 -0.0386
vn -0.1194 0.9898 -0.0777
vn -0.0232 0.9993 -0.0279
vn -0.0538 0.9965 -0.0642
vn -0.0857 0.9914 -0.0991
vn -0.1199 0.9838 -0.1330
vn -0.1320 0.9830 -0.1279
vn -0.1480 0.9820 -0.1174
vn -0.1576 0.9814 -0.1095
vn -0.1318 0.9889 -0.0686
vn -0.1050 0.9941 -0.0285
vn -0.0770 0.9970 0.0108
vn -0.0620 0.9981 -0.0001
vn -0.0389 0.9991 -0.0171
vn 0.0883 0.9853 0.1464
vn 0.0344 0.9964 0.0771
vn 0.0658 0.9844 0.1630
vn 0.0110 0.9955 0.0946
vn 0.1667 0.9617 0.2177
vn 0.1043 0.9851 0.1367
vn 0.0509 0.9965 0.0669
vn 0.0088 0.9999 0.0123
vn -0.0075 0.9997 0.0229
vn -0.0311 0.9987 0.0405
vn -0.0460 0.9976 0.0524
vn -0.0038 0.9943 0.1067
vn 0.0511 0.9833 0.1746
vn 0.1174 0.9607 0.2516
vn 0.1318 0.9614 0.2415
vn 0.1522 0.9620 0.2267
vn 0.2801 0.8851 0.3715
vn 0.2586 0.8999 0.3512
vn 0.2717 0.8855 0.3769
vn 0.2460 0.9000 0.3598
vn 0.2811 0.8894 0.3604
vn 0.2859 0.8851 0.3674
vn 0.2673 0.8997 0.3451
vn 0.2280 0.9274 0.2964
vn 0.2163 0.9277 0.3043
vn 0.1994 0.9275 0.3162
vn 0.1861 0.9275 0.3242
vn 0.2349 0.9007 0.3656
vn 0.2635 0.8865 0.3803
vn 0.2670 0.8911 0.3669
vn 0.2726 0.8900 0.3656
vn 0.2778 0.8895 0.3629
vn -0.2066 0.9554 -0.2112
vn -0.1944 0.9619 -0.1922
vn -0.2121 0.9550 -0.2074
vn -0.1991 0.9616 -0.1890
vn -0.2071 0.9528 -0.2220
vn -0.2025 0.9556 -0.2139
vn -0.1906 0.9622 -0.1946
vn -0.1626 0.9750 -0.1516
vn -0.1660 0.9747 -0.1497
vn -0.1698 0.9744 -0.1474
vn -0.1723 0.9742 -0.1457
vn -0.2023 0.9613 -0.1870
vn -0.2157 0.9547 -0.2051
vn -0.2212 0.9518 -0.2123
vn -0.2174 0.9521 -0.2150
vn -0.2114 0.9525 -0.2191
vn -0.5136 -0.8523 -0.0989
vn -0.4767 -0.8733 -0.1000
vn -0.6266 -0.7766 0.0645
vn -0.6123 -0.7872 0.0732
vn -0.3694 -0.8768 -0.3078
vn -0.3785 -0.8883 -0.2603
vn -0.3442 -0.9076 -0.2404
vn -0.2832 -0.9333 -0.2207
vn -0.4077 -0.9076 -0.1004
vn -0.5629 -0.8231 0.0751
vn -0.5840 -0.8059 0.0973
vn -0.6055 -0.7934 0.0625
vn -0.6024 -0.7976 0.0303
vn -0.5912 -0.8062 0.0205
vn -0.6126 -0.7882 0.0589
vn -0.5203 -0.8491 -0.0912
vn 0.2692 -0.9630 0.0131
vn 0.2182 -0.9759 -0.0067
vn 0.4263 -0.8963 -0.1218
vn 0.3652 -0.9218 -0.1301
vn 0.2115 -0.9729 0.0934
vn 0.1793 -0.9802 0.0839
vn 0.1384 -0.9888 0.0567
vn 0.0900 -0.9959 0.0068
vn 0.1644 -0.9851 -0.0514
vn 0.3056 -0.9377 -0.1656
vn 0.4024 -0.8823 -0.2443
vn 0.4606 -0.8622 -0.2109
vn 0.5177 -0.8313 -0.2023
vn 0.5617 -0.8017 -0.2043
vn 0.4769 -0.8698 -0.1263
vn 0.3115 -0.9501 0.0164
vn 0.0704 -0.9775 -0.1988
vn 0.0419 -0.9573 -0.2860
vn 0.2234 -0.9236 -0.3115
vn 0.2096 -0.8901 -0.4047
vn 0.0369 -0.9974 -0.0624
vn -0.0118 -0.9904 -0.1379
vn -0.0533 -0.9750 -0.2158
vn -0.0872 -0.9510 -0.2967
vn 0.0266 -0.9243 -0.3808
vn 0.2085 -0.8385 -0.5035
vn 0.2680 -0.7957 -0.5431
vn 0.2926 -0.8366 -0.4631
vn 0.3168 -0.8688 -0.3806
vn 0.3521 -0.8850 -0.3046
vn 0.2555 -0.9391 -0.2296
vn 0.1122 -0.9865 -0.1194
vn 0.0212 -0.8418 -0.5394
vn 0.0180 -0.8201 -0.5719
vn 0.1984 -0.7430 -0.6393
vn 0.1814 -0.7342 -0.6542
vn -0.1134 -0.9196 -0.3761
vn -0.1305 -0.8909 -0.4351
vn -0.1529 -0.8716 -0.4657
vn -0.2064 -0.8649 -0.4574
vn 0.0196 -0.8184 -0.5743
vn 0.1690 -0.7483 -0.6414
vn 0.1292 -0.7698 -0.6251
vn 0.1460 -0.7587 -0.6348
vn 0.1871 -0.7509 -0.6333
vn 0.2302 -0.7616 -0.6058
vn 0.2066 -0.7802 -0.5905
vn 0.0207 -0.8802 -0.4742
vn 0.0061 -0.9597 0.2808
vn 0.0291 -0.9599 0.2789
vn -0.1741 -0.9014 0.3963
vn -0.1396 -0.9116 0.3866
vn 0.0936 -0.9746 0.2034
vn 0.1044 -0.9721 0.2102
vn 0.1185 -0.9693 0.2156
vn 0.1310 -0.9655 0.2251
vn 0.0455 -0.9580 0.2831
vn -0.1187 -0.9154 0.3847
vn -0.2257 -0.8671 0.4440
vn -0.2439 -0.8620 0.4444
vn -0.2765 -0.8478 0.4526
vn -0.3038 -0.8365 0.4560
vn -0.2033 -0.8937 0.3999
vn -0.0129 -0.9602 0.2791
vn -0.5925 -0.5841 -0.5548
vn -0.6637 -0.6080 -0.4356
vn -0.1525 0.9878 0.0309
vn -0.3281 0.9291 0.1704
vn -0.4044 -0.7944 -0.4531
vn -0.4105 -0.7990 -0.4395
vn -0.4507 -0.7978 -0.4004
vn -0.5205 -0.7861 -0.3335
vn -0.7759 -0.5867 -0.2319
vn -0.4986 0.7746 0.3891
vn 0.0400 0.9036 0.4265
vn 0.1368 0.9223 0.3613
vn 0.1955 0.9286 0.3156
vn 0.2226 0.9295 0.2942
vn -0.0413 0.9991 0.0056
vn -0.6000 -0.4968 -0.6271
vn 0.2396 -0.9635 0.1192
vn 0.2355 -0.9662 0.1053
vn 0.1168 -0.9709 0.2091
vn 0.1037 -0.9738 0.2023
vn 0.3918 -0.9197 0.0238
vn 0.3878 -0.9217 0.0042
vn 0.3936 -0.9191 -0.0177
vn 0.3980 -0.9168 -0.0335
vn 0.2339 -0.9673 0.0982
vn 0.0952 -0.9750 0.2010
vn -0.0830 -0.9429 0.3227
vn -0.0651 -0.9453 0.3198
vn -0.0416 -0.9470 0.3184
vn -0.0244 -0.9447 0.3269
vn 0.1311 -0.9658 0.2237
vn 0.2497 -0.9585 0.1373
vn 0.2062 -0.9750 0.0822
vn 0.1699 -0.9843 0.0473
vn 0.0828 -0.9811 0.1751
vn 0.0590 -0.9895 0.1319
vn 0.3869 -0.9214 -0.0364
vn 0.3524 -0.9349 -0.0420
vn 0.3037 -0.9505 -0.0652
vn 0.2481 -0.9621 -0.1130
vn 0.1210 -0.9926 -0.0097
vn 0.0182 -0.9974 0.0701
vn -0.1150 -0.9789 0.1687
vn -0.0867 -0.9687 0.2325
vn -0.0794 -0.9558 0.2829
vn -0.0839 -0.9455 0.3145
vn 0.0924 -0.9759 0.1976
vn 0.2278 -0.9689 0.0966
vn 0.0075 -0.9869 -0.1612
vn -0.0456 -0.9710 -0.2346
vn -0.0972 -0.9923 -0.0765
vn -0.1575 -0.9773 -0.1420
vn 0.1915 -0.9642 -0.1834
vn 0.1427 -0.9545 -0.2620
vn 0.1003 -0.9345 -0.3415
vn 0.0573 -0.9075 -0.4161
vn -0.0978 -0.9482 -0.3023
vn -0.2166 -0.9552 -0.2017
vn -0.3585 -0.9313 -0.0646
vn -0.2932 -0.9559 -0.0163
vn -0.2265 -0.9733 0.0366
vn -0.1650 -0.9813 0.0988
vn -0.0374 -0.9993 -0.0045
vn 0.0635 -0.9944 -0.0844
vn -0.1807 -0.9022 -0.3917
vn -0.1988 -0.8905 -0.4093
vn -0.3037 -0.9095 -0.2838
vn -0.3240 -0.8978 -0.2983
vn 0.0097 -0.8800 -0.4748
vn -0.0282 -0.8623 -0.5056
vn -0.0520 -0.8538 -0.5180
vn -0.0681 -0.8560 -0.5125
vn -0.2011 -0.8897 -0.4099
vn -0.3290 -0.8969 -0.2956
vn -0.4485 -0.8770 -0.1724
vn -0.4531 -0.8765 -0.1624
vn -0.4402 -0.8862 -0.1442
vn -0.4110 -0.9048 -0.1114
vn -0.2686 -0.9294 -0.2530
vn -0.1472 -0.9221 -0.3580
vn 0.3013 -0.9420 0.1476
vn 0.2841 -0.9455 0.1591
vn 0.1237 -0.9533 0.2756
vn 0.1403 -0.9545 0.2631
vn 0.5235 -0.8480 -0.0826
vn 0.4873 -0.8729 -0.0253
vn 0.4445 -0.8956 0.0166
vn 0.4116 -0.9108 0.0323
vn 0.2664 -0.9514 0.1547
vn 0.1420 -0.9591 0.2450
vn -0.0237 -0.9373 0.3478
vn -0.0509 -0.9259 0.3744
vn -0.1070 -0.9091 0.4026
vn -0.1764 -0.8902 0.4200
vn 0.0807 -0.9564 0.2806
vn 0.3198 -0.9413 0.1086
vn 0.3263 -0.9433 0.0608
vn 0.3324 -0.9423 0.0394
vn 0.4748 -0.8779 -0.0626
vn 0.4908 -0.8663 -0.0927
vn 0.2465 -0.9589 0.1405
vn 0.2403 -0.9626 0.1249
vn 0.2372 -0.9653 0.1096
vn 0.2301 -0.9682 0.0980
vn 0.3325 -0.9429 0.0215
vn 0.4984 -0.8587 -0.1193
vn 0.5788 -0.7915 -0.1963
vn 0.5717 -0.8025 -0.1706
vn 0.5580 -0.8177 -0.1415
vn 0.5545 -0.8231 -0.1230
vn 0.4687 -0.8823 -0.0423
vn 0.3266 -0.9419 0.0783
vn 0.3948 -0.9174 0.0495
vn 0.3622 -0.9289 0.0773
vn 0.5597 -0.8188 -0.1276
vn 0.5145 -0.8546 -0.0703
vn 0.3012 -0.9367 0.1784
vn 0.2927 -0.9432 0.1574
vn 0.2748 -0.9485 0.1574
vn 0.2586 -0.9538 0.1527
vn 0.3390 -0.9368 0.0861
vn 0.4823 -0.8750 -0.0422
vn 0.5711 -0.8109 -0.1273
vn 0.6064 -0.7781 -0.1637
vn 0.6503 -0.7246 -0.2284
vn 0.6845 -0.6635 -0.3020
vn 0.6116 -0.7622 -0.2121
vn 0.4402 -0.8979 -0.0063
vn 0.0118 -0.9397 -0.3419
vn -0.3095 -0.9494 -0.0543
vn -0.0432 -0.9236 -0.3810
vn -0.3350 -0.9348 -0.1177
vn -0.2588 -0.8699 -0.4198
vn -0.3138 -0.8578 -0.4071
vn -0.3132 -0.8586 -0.4057
vn -0.3322 -0.8751 -0.3520
vn -0.4790 -0.8758 -0.0591
vn -0.5318 -0.8465 0.0256
vn -0.4890 -0.8694 -0.0715
vn -0.3314 -0.9139 -0.2343
vn -0.1486 -0.9049 -0.3987
vn 0.0271 -0.8441 -0.5356
vn 0.1236 -0.8165 -0.5640
vn 0.0392 -0.8510 -0.5237
vn -0.2277 -0.9720 -0.0589
vn -0.1521 -0.9882 -0.0156
vn -0.3828 -0.9198 0.0865
vn -0.2987 -0.9478 0.1120
vn -0.2081 -0.9603 -0.1856
vn -0.1369 -0.9807 -0.1393
vn -0.0726 -0.9939 -0.0831
vn -0.0137 -0.9997 -0.0183
vn -0.0885 -0.9952 0.0418
vn -0.2316 -0.9601 0.1567
vn -0.3265 -0.9162 0.2322
vn -0.3869 -0.9027 0.1880
vn -0.4583 -0.8748 0.1571
vn -0.5297 -0.8380 0.1309
vn -0.4773 -0.8753 0.0778
vn -0.3158 -0.9448 -0.0868
vn -0.2950 -0.9243 0.2420
vn 0.3955 -0.8852 -0.2450
vn -0.2657 -0.9157 0.3015
vn 0.4421 -0.8737 -0.2028
vn 0.1956 -0.9387 0.2839
vn 0.3028 -0.9081 0.2893
vn 0.2545 -0.9115 0.3230
vn 0.2838 -0.9331 0.2207
vn 0.4966 -0.8601 -0.1165
vn 0.6363 -0.7121 -0.2967
vn 0.6264 -0.7337 -0.2632
vn 0.3748 -0.9269 -0.0196
vn -0.0610 -0.9542 0.2928
vn -0.3957 -0.7905 0.4674
vn -0.4361 -0.7687 0.4678
vn -0.2059 -0.9000 0.3842
vn -0.0121 -0.9853 0.1703
vn -0.0073 -0.9749 0.2227
vn -0.1729 -0.9443 0.2800
vn -0.1846 -0.9230 0.3375
vn 0.0376 -0.9980 0.0507
vn 0.0721 -0.9912 0.1106
vn 0.0883 -0.9837 0.1565
vn 0.0913 -0.9779 0.1879
vn -0.0143 -0.9652 0.2612
vn -0.2045 -0.9016 0.3812
vn -0.3055 -0.8439 0.4410
vn -0.2877 -0.8688 0.4029
vn -0.2755 -0.8954 0.3498
vn -0.2867 -0.9131 0.2898
vn -0.1873 -0.9581 0.2169
vn -0.0391 -0.9934 0.1080
vn 0.0316 -0.9484 0.3154
vn -0.0066 -0.9412 0.3377
vn -0.1644 -0.8933 0.4184
vn -0.2382 -0.8635 0.4446
vn 0.1384 -0.9609 0.2400
vn 0.1375 -0.9567 0.2565
vn 0.1317 -0.9529 0.2733
vn 0.1492 -0.9460 0.2878
vn -0.0768 -0.9283 0.3638
vn -0.3422 -0.8139 0.4695
vn -0.4590 -0.7238 0.5153
vn -0.3706 -0.7803 0.5037
vn -0.2881 -0.8284 0.4803
vn -0.2376 -0.8569 0.4574
vn -0.1244 -0.9096 0.3965
vn 0.0482 -0.9538 0.2966
vt 0.000000 0.000000
vt 1.000000 0.000000
vt 0.000000 1.000000
vt 1.000000 1.000000
vt 0.000000 0.802148
vt 0.000000 0.602148
vt 0.000000 0.402148
vt 0.000000 0.202148
vt 1.000000 0.202148
vt 1.000000 0.402148
vt 1.000000 0.602148
vt 1.000000 0.802148
vt 0.103541 0.050537
vt 0.896459 0.050537
vt 0.084190 0.950537
vt 0.915810 0.950537
vt 0.073861 0.801790
vt 0.077521 0.602148
vt 0.077899 0.402148
vt 0.074949 0.201790
vt 0.925051 0.201790
vt 0.922101 0.402148
vt 0.922479 0.602148
vt 0.926139 0.801790
vt 0.405982 0.000000
vt 0.594018 0.000000
vt 0.690262 1.000000
vt 0.309738 1.000000
vt 0.544921 0.202148
vt 0.455079 0.202148
vt 0.528120 0.402148
vt 0.471880 0.402148
vt 0.538251 0.602148
vt 0.461749 0.602148
vt 0.471880 0.802148
vt 0.528120 0.802148
vt 0.626251 0.033691
vt 0.373749 0.033691
vt 0.335047 0.967025
vt 0.664953 0.967025
vt 0.391515 0.201790
vt 0.608485 0.201790
vt 0.400362 0.402148
vt 0.599638 0.402148
vt 0.399230 0.602148
vt 0.600770 0.602148
vt 0.611749 0.801790
vt 0.388251 0.801790
vt 0.405982 0.000000
vt 0.594018 0.000000
vt 0.690262 1.000000
vt 0.309738 1.000000
vt 0.544921 0.202148
vt 0.455079 0.202148
vt 0.528120 0.402148
vt 0.471880 0.402148
vt 0.538251 0.602148
vt 0.461749 0.602148
vt 0.471880 0.802148
vt 0.528120 0.802148
vt 0.000000 0.151611
vt 0.000000 0.101074
vt 0.000000 0.050537
vt 1.000000 0.851611
vt 1.000000 0.901074
vt 1.000000 0.950537
vt 0.000000 0.950537
vt 0.000000 0.901074
vt 0.000000 0.851611
vt 0.000000 0.752148
vt 0.000000 0.702148
vt 0.000000 0.652148
vt 0.000000 0.552148
vt 0.000000 0.502148
vt 0.000000 0.452148
vt 0.000000 0.352148
vt 0.000000 0.302148
vt 0.000000 0.252148
vt 1.000000 0.050537
vt 1.000000 0.101074
vt 1.000000 0.151611
vt 1.000000 0.252148
vt 1.000000 0.302148
vt 1.000000 0.352148
vt 1.000000 0.452148
vt 1.000000 0.502148
vt 1.000000 0.552148
vt 1.000000 0.652148
vt 1.000000 0.702148
vt 1.000000 0.752148
vt 0.074176 0.152259
vt 0.077675 0.107424
vt 0.088814 0.071884
vt 0.929478 0.850678
vt 0.930260 0.894770
vt 0.925039 0.929632
vt 0.074961 0.929632
vt 0.069740 0.894770
vt 0.070522 0.850678
vt 0.076215 0.751997
vt 0.077275 0.702103
vt 0.077543 0.652142
vt 0.077606 0.552148
vt 0.077779 0.502148
vt 0.077918 0.452148
vt 0.077617 0.352142
vt 0.077041 0.302103
vt 0.076156 0.251997
vt 0.911186 0.071884
vt 0.922325 0.107424
vt 0.925824 0.152259
vt 0.923844 0.251997
vt 0.922959 0.302103
vt 0.922383 0.352142
vt 0.922082 0.452148
vt 0.922221 0.502148
vt 0.922394 0.552148
vt 0.922457 0.652142
vt 0.922725 0.702103
vt 0.923786 0.751997
vt 0.998829 0.201898
vt 0.990631 0.201820
vt 0.968381 0.201793
vt 0.913694 0.042454
vt 0.931858 0.033769
vt 0.952012 0.023874
vt 0.001211 0.602148
vt 0.009690 0.602148
vt 0.032704 0.602148
vt 0.031160 0.801794
vt 0.009233 0.801820
vt 0.001154 0.801898
vt 0.963286 0.976633
vt 0.947194 0.966948
vt 0.931501 0.958449
vt 0.968840 0.801793
vt 0.990767 0.801820
vt 0.998846 0.801898
vt 0.998783 0.402148
vt 0.990263 0.402148
vt 0.967137 0.402148
vt 0.001217 0.402148
vt 0.009737 0.402148
vt 0.032863 0.402148
vt 0.036714 0.976633
vt 0.052806 0.966948
vt 0.068499 0.958449
vt 0.998789 0.602148
vt 0.990310 0.602148
vt 0.967296 0.602148
vt 0.047988 0.023874
vt 0.068142 0.033769
vt 0.086306 0.042454
vt 0.031619 0.201793
vt 0.009369 0.201820
vt 0.001171 0.201898
vt 0.453183 0.002193
vt 0.500000 0.001404
vt 0.546817 0.002193
vt 0.619301 0.000570
vt 0.626804 0.004211
vt 0.628238 0.014214
vt 0.559336 0.033691
vt 0.500000 0.033691
vt 0.440664 0.033691
vt 0.371762 0.014214
vt 0.373196 0.004211
vt 0.380699 0.000570
vt 0.589007 0.997853
vt 0.500000 0.998626
vt 0.410993 0.997853
vt 0.318316 0.999442
vt 0.322241 0.995878
vt 0.327113 0.986089
vt 0.417684 0.967025
vt 0.500000 0.967025
vt 0.582316 0.967025
vt 0.672887 0.986089
vt 0.677759 0.995878
vt 0.681684 0.999442
vt 0.455793 0.602148
vt 0.500000 0.602148
vt 0.544207 0.602148
vt 0.600704 0.652142
vt 0.601510 0.702103
vt 0.604690 0.751997
vt 0.550726 0.801790
vt 0.500000 0.801790
vt 0.449274 0.801790
vt 0.395310 0.751997
vt 0.398491 0.702103
vt 0.399296 0.652142
vt 0.456465 0.402148
vt 0.500000 0.402148
vt 0.543535 0.402148
vt 0.599580 0.452148
vt 0.599996 0.502148
vt 0.600515 0.552148
vt 0.399485 0.552148
vt 0.400005 0.502148
vt 0.400420 0.452148
vt 0.451212 0.201790
vt 0.500000 0.201790
vt 0.548788 0.201790
vt 0.604864 0.251997
vt 0.602211 0.302103
vt 0.600482 0.352142
vt 0.399518 0.352142
vt 0.397790 0.302103
vt 0.395136 0.251997
vt 0.622521 0.064745
vt 0.617893 0.105241
vt 0.613002 0.151986
vt 0.386998 0.151986
vt 0.382107 0.105241
vt 0.377479 0.064745
vt 0.623506 0.850945
vt 0.638035 0.896907
vt 0.652721 0.936620
vt 0.347279 0.936620
vt 0.361966 0.896907
vt 0.376494 0.850945
vt 0.548621 0.201902
vt 0.549406 0.201849
vt 0.548621 0.201902
vt 0.530653 0.752148
vt 0.533185 0.702148
vt 0.535718 0.652148
vt 0.566842 0.023207
vt 0.561083 0.028076
vt 0.566846 0.023163
vt 0.464282 0.652148
vt 0.466815 0.702148
vt 0.469347 0.752148
vt 0.535718 0.552148
vt 0.533185 0.502148
vt 0.530653 0.452148
vt 0.464071 0.602148
vt 0.464563 0.602148
vt 0.464071 0.602148
vt 0.469347 0.452148
vt 0.466815 0.502148
vt 0.464282 0.552148
vt 0.532320 0.352148
vt 0.536520 0.302148
vt 0.540720 0.252148
vt 0.452140 0.801902
vt 0.447953 0.801849
vt 0.452140 0.801902
vt 0.459280 0.252148
vt 0.463480 0.302148
vt 0.467680 0.352148
vt 0.557195 0.151611
vt 0.569469 0.101074
vt 0.581744 0.050537
vt 0.418257 0.050537
vt 0.430531 0.101074
vt 0.442805 0.151611
vt 0.649727 0.950537
vt 0.609191 0.901074
vt 0.568656 0.851611
vt 0.431344 0.851611
vt 0.390809 0.901074
vt 0.350273 0.950537
vt 0.695513 0.000000
vt 0.797009 0.000000
vt 0.898505 0.000000
vt 0.853391 0.042805
vt 0.784889 0.036577
vt 0.704792 0.034052
vt 0.304487 0.000000
vt 0.202991 0.000000
vt 0.101496 0.000000
vt 0.112480 0.201902
vt 0.225297 0.201849
vt 0.338899 0.201902
vt 0.295208 0.034052
vt 0.215111 0.036577
vt 0.146609 0.042805
vt 0.661102 0.201902
vt 0.774703 0.201849
vt 0.887520 0.201902
vt 0.341049 0.801902
vt 0.223977 0.801849
vt 0.111091 0.801902
vt 0.077434 1.000000
vt 0.154869 1.000000
vt 0.232303 1.000000
vt 0.119574 0.958105
vt 0.178747 0.964200
vt 0.253171 0.966672
vt 0.888909 0.801902
vt 0.776024 0.801849
vt 0.658951 0.801902
vt 0.767697 1.000000
vt 0.845131 1.000000
vt 0.922566 1.000000
vt 0.746830 0.966672
vt 0.821253 0.964200
vt 0.880426 0.958105
vt 0.116895 0.402148
vt 0.234070 0.402148
vt 0.351900 0.402148
vt 0.648100 0.402148
vt 0.765930 0.402148
vt 0.883105 0.402148
vt 0.116246 0.602148
vt 0.232282 0.602148
vt 0.347825 0.602148
vt 0.652175 0.602148
vt 0.767718 0.602148
vt 0.883754 0.602148
vt 0.856866 0.201790
vt 0.773056 0.201790
vt 0.686102 0.201790
vt 0.313898 0.201790
vt 0.226944 0.201790
vt 0.143134 0.201790
vt 0.141094 0.801790
vt 0.223952 0.801790
vt 0.310362 0.801790
vt 0.689638 0.801790
vt 0.776048 0.801790
vt 0.858906 0.801790
vt 0.323483 0.402148
vt 0.235054 0.402148
vt 0.148664 0.402148
vt 0.851336 0.402148
vt 0.764946 0.402148
vt 0.676517 0.402148
vt 0.322256 0.602148
vt 0.234016 0.602148
vt 0.147956 0.602148
vt 0.852044 0.602148
vt 0.765984 0.602148
vt 0.677744 0.602148
vt 0.452991 0.000000
vt 0.500000 0.000000
vt 0.547009 0.000000
vt 0.595131 1.000000
vt 0.500000 1.000000
vt 0.404869 1.000000
vt 0.479958 0.801902
vt 0.500000 0.801850
vt 0.520042 0.801902
vt 0.530653 0.752148
vt 0.533185 0.702148
vt 0.535718 0.652148
vt 0.518422 0.602148
vt 0.500000 0.602148
vt 0.481578 0.602148
vt 0.464282 0.652148
vt 0.466815 0.702148
vt 0.469347 0.752148
vt 0.535718 0.552148
vt 0.533185 0.502148
vt 0.530653 0.452148
vt 0.514995 0.402148
vt 0.500000 0.402148
vt 0.485005 0.402148
vt 0.469347 0.452148
vt 0.466815 0.502148
vt 0.464282 0.552148
vt 0.532320 0.352148
vt 0.536520 0.302148
vt 0.540720 0.252148
vt 0.523582 0.201902
vt 0.500000 0.201849
vt 0.476418 0.201902
vt 0.459280 0.252148
vt 0.463480 0.302148
vt 0.467680 0.352148
vt 0.557195 0.151611
vt 0.569469 0.101074
vt 0.581744 0.050537
vt 0.418257 0.050537
vt 0.430531 0.101074
vt 0.442805 0.151611
vt 0.649727 0.950537
vt 0.609191 0.901074
vt 0.568656 0.851611
vt 0.431344 0.851611
vt 0.390809 0.901074
vt 0.350273 0.950537
vt 0.531206 0.402148
vt 0.531860 0.402148
vt 0.531206 0.402148
vt 0.535929 0.602148
vt 0.535437 0.602148
vt 0.535929 0.602148
vt 0.451379 0.201902
vt 0.450594 0.201849
vt 0.451379 0.201902
vt 0.433154 0.023163
vt 0.438917 0.028076
vt 0.433158 0.023207
vt 0.547860 0.801902
vt 0.552047 0.801850
vt 0.547860 0.801902
vt 0.628082 0.977329
vt 0.614892 0.972521
vt 0.627949 0.977287
vt 0.468794 0.402148
vt 0.468140 0.402148
vt 0.468794 0.402148
vt 0.371918 0.977329
vt 0.385108 0.972521
vt 0.372051 0.977287
vt 0.910426 0.992155
vt 0.841028 0.997529
vt 0.764422 0.999240
vt 0.899938 0.984467
vt 0.836085 0.992596
vt 0.760813 0.995468
vt 0.889371 0.974334
vt 0.829581 0.982577
vt 0.755523 0.985650
vt 0.105023 0.851533
vt 0.096880 0.901053
vt 0.087466 0.950534
vt 0.211336 0.851503
vt 0.194208 0.901044
vt 0.174987 0.950533
vt 0.320097 0.851533
vt 0.292284 0.901053
vt 0.262602 0.950534
vt 0.116909 0.452148
vt 0.116672 0.502148
vt 0.116385 0.552148
vt 0.234013 0.452148
vt 0.233361 0.502148
vt 0.232628 0.552148
vt 0.351489 0.452148
vt 0.350079 0.502148
vt 0.348597 0.552148
vt 0.116299 0.652145
vt 0.115978 0.702127
vt 0.114536 0.752070
vt 0.232502 0.652144
vt 0.232352 0.702118
vt 0.230355 0.752040
vt 0.348510 0.652145
vt 0.349385 0.702127
vt 0.348611 0.752070
vt 0.700908 0.064952
vt 0.782722 0.066402
vt 0.855665 0.069637
vt 0.696155 0.105309
vt 0.780567 0.105786
vt 0.859370 0.106810
vt 0.690978 0.151995
vt 0.777057 0.152054
vt 0.859267 0.152182
vt 0.145397 0.251997
vt 0.230264 0.251997
vt 0.317821 0.251997
vt 0.147056 0.302103
vt 0.232696 0.302103
vt 0.320696 0.302103
vt 0.148136 0.352142
vt 0.234280 0.352142
vt 0.322568 0.352142
vt 0.144335 0.069637
vt 0.217278 0.066402
vt 0.299092 0.064952
vt 0.140630 0.106810
vt 0.219433 0.105786
vt 0.303845 0.105309
vt 0.140733 0.152182
vt 0.222943 0.152054
vt 0.309022 0.151995
vt 0.148700 0.452148
vt 0.235107 0.452148
vt 0.323545 0.452148
vt 0.148440 0.502148
vt 0.234726 0.502148
vt 0.323095 0.502148
vt 0.148116 0.552148
vt 0.234250 0.552148
vt 0.322532 0.552148
vt 0.147997 0.652142
vt 0.234077 0.652142
vt 0.322327 0.652142
vt 0.147494 0.702103
vt 0.233339 0.702103
vt 0.321455 0.702103
vt 0.145506 0.751997
vt 0.230423 0.751997
vt 0.318010 0.751997
vt 0.983854 0.058298
vt 0.994862 0.103139
vt 0.998351 0.151791
vt 0.967742 0.064385
vt 0.984272 0.105092
vt 0.989976 0.151988
vt 0.946064 0.069385
vt 0.962451 0.106723
vt 0.968109 0.152174
vt 0.001191 0.752067
vt 0.001207 0.702126
vt 0.001212 0.652145
vt 0.009527 0.752018
vt 0.009659 0.702110
vt 0.009693 0.652143
vt 0.032153 0.751999
vt 0.032600 0.702104
vt 0.032713 0.652142
vt 0.998524 0.851275
vt 0.995914 0.899011
vt 0.987560 0.942936
vt 0.990608 0.850985
vt 0.986669 0.897067
vt 0.974417 0.936974
vt 0.969786 0.850766
vt 0.966882 0.895458
vt 0.955636 0.932079
vt 0.998810 0.252067
vt 0.998796 0.302126
vt 0.998787 0.352145
vt 0.990481 0.252018
vt 0.990370 0.302110
vt 0.990298 0.352143
vt 0.967872 0.251999
vt 0.967498 0.302104
vt 0.967255 0.352142
vt 0.001213 0.552148
vt 0.001215 0.502148
vt 0.001217 0.452148
vt 0.009701 0.552148
vt 0.009722 0.502148
vt 0.009740 0.452148
vt 0.032740 0.552148
vt 0.032813 0.502148
vt 0.032872 0.452148
vt 0.679903 0.851533
vt 0.707716 0.901053
vt 0.737398 0.950534
vt 0.788665 0.851503
vt 0.805792 0.901044
vt 0.825013 0.950533
vt 0.894977 0.851533
vt 0.903120 0.901053
vt 0.912535 0.950534
vt 0.998783 0.452148
vt 0.998785 0.502148
vt 0.998787 0.552148
vt 0.990260 0.452148
vt 0.990278 0.502148
vt 0.990299 0.552148
vt 0.967129 0.452148
vt 0.967187 0.502148
vt 0.967260 0.552148
vt 0.001650 0.151791
vt 0.005138 0.103139
vt 0.016147 0.058298
vt 0.010024 0.151988
vt 0.015728 0.105092
vt 0.032258 0.064385
vt 0.031891 0.152174
vt 0.037549 0.106723
vt 0.053936 0.069385
vt 0.001213 0.352145
vt 0.001204 0.302126
vt 0.001190 0.252067
vt 0.009702 0.352143
vt 0.009630 0.302110
vt 0.009520 0.252018
vt 0.032745 0.352142
vt 0.032502 0.302104
vt 0.032128 0.251999
vt 0.012440 0.942936
vt 0.004086 0.899011
vt 0.001476 0.851275
vt 0.025583 0.936974
vt 0.013331 0.897067
vt 0.009392 0.850985
vt 0.044364 0.932079
vt 0.033118 0.895458
vt 0.030214 0.850766
vt 0.998788 0.652145
vt 0.998793 0.702126
vt 0.998809 0.752067
vt 0.990307 0.652143
vt 0.990341 0.702110
vt 0.990473 0.752018
vt 0.967287 0.652142
vt 0.967400 0.702104
vt 0.967847 0.751999
vt 0.104545 0.050534
vt 0.107479 0.101053
vt 0.110174 0.151533
vt 0.209100 0.050533
vt 0.215041 0.101044
vt 0.220590 0.151503
vt 0.313673 0.050534
vt 0.322744 0.101053
vt 0.331464 0.151533
vt 0.686327 0.050534
vt 0.677256 0.101053
vt 0.668536 0.151533
vt 0.790900 0.050533
vt 0.784959 0.101044
vt 0.779411 0.151503
vt 0.895455 0.050534
vt 0.892522 0.101053
vt 0.889826 0.151533
vt 0.114276 0.252070
vt 0.115587 0.302127
vt 0.116461 0.352145
vt 0.228803 0.252040
vt 0.231329 0.302118
vt 0.233134 0.352144
vt 0.343804 0.252070
vt 0.347327 0.302127
vt 0.350207 0.352145
vt 0.677673 0.652142
vt 0.765924 0.652142
vt 0.852003 0.652142
vt 0.678545 0.702103
vt 0.766662 0.702103
vt 0.852506 0.702103
vt 0.681990 0.751997
vt 0.769577 0.751997
vt 0.854494 0.751997
vt 0.676455 0.452148
vt 0.764893 0.452148
vt 0.851300 0.452148
vt 0.676905 0.502148
vt 0.765274 0.502148
vt 0.851560 0.502148
vt 0.677468 0.552148
vt 0.765750 0.552148
vt 0.851885 0.552148
vt 0.682179 0.251997
vt 0.769737 0.251997
vt 0.854603 0.251997
vt 0.679304 0.302103
vt 0.767304 0.302103
vt 0.852944 0.302103
vt 0.677432 0.352142
vt 0.765720 0.352142
vt 0.851864 0.352142
vt 0.134083 0.850753
vt 0.213286 0.850878
vt 0.297639 0.850936
vt 0.127363 0.895371
vt 0.200749 0.896373
vt 0.281998 0.896841
vt 0.123472 0.931832
vt 0.188957 0.934998
vt 0.266297 0.936417
vt 0.702361 0.850936
vt 0.786714 0.850878
vt 0.865917 0.850753
vt 0.718002 0.896841
vt 0.799252 0.896373
vt 0.872637 0.895371
vt 0.733704 0.936417
vt 0.811043 0.934998
vt 0.876528 0.931832
vt 0.651490 0.652145
vt 0.650615 0.702127
vt 0.651389 0.752070
vt 0.767499 0.652144
vt 0.767648 0.702118
vt 0.769646 0.752040
vt 0.883702 0.652145
vt 0.884022 0.702127
vt 0.885464 0.752070
vt 0.648511 0.452148
vt 0.649921 0.502148
vt 0.651403 0.552148
vt 0.765987 0.452148
vt 0.766639 0.502148
vt 0.767372 0.552148
vt 0.883091 0.452148
vt 0.883328 0.502148
vt 0.883615 0.552148
vt 0.656196 0.252070
vt 0.652673 0.302127
vt 0.649793 0.352145
vt 0.771197 0.252040
vt 0.768671 0.302118
vt 0.766866 0.352144
vt 0.885724 0.252070
vt 0.884413 0.302127
vt 0.883539 0.352145
vt 0.116863 0.008016
vt 0.205066 0.002525
vt 0.296933 0.000776
vt 0.129222 0.015871
vt 0.207837 0.007565
vt 0.292912 0.004631
vt 0.140054 0.026223
vt 0.211609 0.017801
vt 0.292739 0.014662
vt 0.235578 0.999240
vt 0.158972 0.997529
vt 0.089574 0.992155
vt 0.239187 0.995468
vt 0.163915 0.992596
vt 0.100062 0.984467
vt 0.244478 0.985650
vt 0.170419 0.982578
vt 0.110629 0.974334
vt 0.554829 0.000724
vt 0.559381 0.004211
vt 0.560481 0.014214
vt 0.500000 0.000702
vt 0.500000 0.004211
vt 0.500000 0.014214
vt 0.445171 0.000724
vt 0.440619 0.004211
vt 0.439519 0.014214
vt 0.408085 0.999292
vt 0.409989 0.995878
vt 0.412962 0.986089
vt 0.500000 0.999313
vt 0.500000 0.995878
vt 0.500000 0.986089
vt 0.591916 0.999292
vt 0.590011 0.995878
vt 0.587038 0.986089
vt 0.544168 0.652142
vt 0.544646 0.702103
vt 0.546535 0.751997
vt 0.500000 0.652142
vt 0.500000 0.702103
vt 0.500000 0.751997
vt 0.455832 0.652142
vt 0.455354 0.702103
vt 0.453465 0.751997
vt 0.543501 0.452148
vt 0.543747 0.502148
vt 0.544056 0.552148
vt 0.500000 0.452148
vt 0.500000 0.502148
vt 0.500000 0.552148
vt 0.456499 0.452148
vt 0.456253 0.502148
vt 0.455944 0.552148
vt 0.546638 0.251997
vt 0.545063 0.302103
vt 0.544036 0.352142
vt 0.500000 0.251997
vt 0.500000 0.302103
vt 0.500000 0.352142
vt 0.453362 0.251997
vt 0.454938 0.302103
vt 0.455964 0.352142
vt 0.557122 0.064745
vt 0.554374 0.105241
vt 0.551470 0.151986
vt 0.500000 0.064745
vt 0.500000 0.105241
vt 0.500000 0.151986
vt 0.442878 0.064745
vt 0.445626 0.105241
vt 0.448530 0.151986
vt 0.557707 0.850945
vt 0.566333 0.896907
vt 0.575053 0.936620
vt 0.500000 0.850945
vt 0.500000 0.896907
vt 0.500000 0.936620
vt 0.442293 0.850945
vt 0.433667 0.896907
vt 0.424947 0.936620
vt 0.426786 0.057839
vt 0.432487 0.102984
vt 0.441921 0.151774
vt 0.430139 0.060711
vt 0.433376 0.103852
vt 0.441591 0.151854
vt 0.426786 0.057839
vt 0.432487 0.102984
vt 0.441921 0.151774
vt 0.535018 0.552148
vt 0.533249 0.502148
vt 0.531602 0.452148
vt 0.534745 0.552148
vt 0.533278 0.502148
vt 0.531973 0.452148
vt 0.535018 0.552148
vt 0.533249 0.502148
vt 0.531602 0.452148
vt 0.533332 0.352145
vt 0.537086 0.302127
vt 0.541920 0.252070
vt 0.533732 0.352144
vt 0.537343 0.302118
vt 0.542393 0.252040
vt 0.533332 0.352145
vt 0.537086 0.302127
vt 0.541920 0.252070
vt 0.558079 0.151774
vt 0.567513 0.102984
vt 0.573214 0.057839
vt 0.558409 0.151854
vt 0.566624 0.103852
vt 0.569861 0.060711
vt 0.558079 0.151774
vt 0.567513 0.102984
vt 0.573214 0.057839
vt 0.464808 0.652145
vt 0.465363 0.702127
vt 0.463147 0.752070
vt 0.465003 0.652144
vt 0.464703 0.702118
vt 0.460709 0.752040
vt 0.464809 0.652145
vt 0.465363 0.702127
vt 0.463147 0.752070
vt 0.703067 0.000776
vt 0.794934 0.002525
vt 0.883137 0.008016
vt 0.707088 0.004631
vt 0.792163 0.007565
vt 0.870778 0.015871
vt 0.707261 0.014662
vt 0.788391 0.017801
vt 0.859947 0.026223
vt 0.515925 0.752070
vt 0.516593 0.702127
vt 0.517789 0.652145
vt 0.500000 0.752040
vt 0.500000 0.702118
vt 0.500000 0.652144
vt 0.484076 0.752070
vt 0.483407 0.702127
vt 0.482211 0.652145
vt 0.517789 0.552148
vt 0.516593 0.502148
vt 0.515420 0.452148
vt 0.500000 0.552148
vt 0.500000 0.502148
vt 0.500000 0.452148
vt 0.482211 0.552148
vt 0.483407 0.502148
vt 0.484580 0.452148
vt 0.516254 0.352145
vt 0.518260 0.302127
vt 0.520472 0.252070
vt 0.500000 0.352144
vt 0.500000 0.302118
vt 0.500000 0.252040
vt 0.483746 0.352145
vt 0.481740 0.302127
vt 0.479528 0.252070
vt 0.528710 0.151533
vt 0.534735 0.101053
vt 0.540872 0.050534
vt 0.500000 0.151503
vt 0.500000 0.101044
vt 0.500000 0.050533
vt 0.471290 0.151533
vt 0.465265 0.101053
vt 0.459128 0.050534
vt 0.574863 0.950534
vt 0.554596 0.901053
vt 0.534926 0.851533
vt 0.500000 0.950533
vt 0.500000 0.901044
vt 0.500000 0.851503
vt 0.425137 0.950534
vt 0.445404 0.901053
vt 0.465074 0.851533
vt 0.536853 0.752070
vt 0.534637 0.702127
vt 0.535192 0.652145
vt 0.539291 0.752040
vt 0.535297 0.702118
vt 0.534997 0.652144
vt 0.536853 0.752070
vt 0.534637 0.702127
vt 0.535192 0.652145
vt 0.630324 0.943386
vt 0.605654 0.899164
vt 0.574233 0.851297
vt 0.622704 0.940572
vt 0.604047 0.898296
vt 0.576387 0.851159
vt 0.630324 0.943385
vt 0.605655 0.899164
vt 0.574233 0.851297
vt 0.538707 0.007743
vt 0.500000 0.004036
vt 0.461293 0.007743
vt 0.535482 0.010529
vt 0.500000 0.005615
vt 0.464518 0.010529
vt 0.538724 0.007545
vt 0.500000 0.003860
vt 0.461276 0.007545
vt 0.458080 0.252070
vt 0.462914 0.302127
vt 0.466668 0.352145
vt 0.457607 0.252040
vt 0.462657 0.302118
vt 0.466268 0.352144
vt 0.458080 0.252070
vt 0.462914 0.302127
vt 0.466668 0.352145
vt 0.424362 0.992422
vt 0.500000 0.996050
vt 0.575638 0.992422
vt 0.431249 0.989695
vt 0.500000 0.994504
vt 0.568752 0.989695
vt 0.423829 0.992615
vt 0.500000 0.996222
vt 0.576171 0.992615
vt 0.468398 0.452148
vt 0.466751 0.502148
vt 0.464982 0.552148
vt 0.468027 0.452148
vt 0.466722 0.502148
vt 0.465255 0.552148
vt 0.468398 0.452148
vt 0.466751 0.502148
vt 0.464982 0.552148
vt 0.425767 0.851297
vt 0.394346 0.899164
vt 0.369676 0.943386
vt 0.423613 0.851159
vt 0.395953 0.898296
vt 0.377296 0.940572
vt 0.425767 0.851297
vt 0.394346 0.899164
vt 0.369676 0.943385
s 0
usemtl Material.022
f 2340/2771/1746 2341/2772/1746 2344/2775/1746 2343/2774/1746
f 2341/2772/1747 2342/2773/1747 2345/2776/1747 2344/2775/1747
f 2343/2774/1748 2344/2775/1748 2347/2778/1748 2346/2777/1748
f 2344/2775/1749 2345/2776/1749 2348/2779/1749 2347/2778/1749
f 1935/2366/1750 2228/2659/1750 2340/2771/1750 2064/2495/1750
f 2228/2659/1751 2227/2658/1751 2341/2772/1751 2340/2771/1751
f 2227/2658/1752 2226/2657/1752 2342/2773/1752 2341/2772/1752
f 2226/2657/1753 1958/2389/1753 2111/2542/1753 2342/2773/1753
f 2342/2773/1754 2111/2542/1754 2110/2541/1754 2345/2776/1754
f 2345/2776/1755 2110/2541/1755 2109/2540/1755 2348/2779/1755
f 2348/2779/1756 2109/2540/1756 1971/2402/1756 2229/2660/1756
f 2347/2778/1757 2348/2779/1757 2229/2660/1757 2230/2661/1757
f 2346/2777/1758 2347/2778/1758 2230/2661/1758 2231/2662/1758
f 2066/2497/1759 2346/2777/1759 2231/2662/1759 1947/2378/1759
f 2065/2496/1760 2343/2774/1760 2346/2777/1760 2066/2497/1760
f 2064/2495/1761 2340/2771/1761 2343/2774/1761 2065/2496/1761
f 2349/2780/1762 2350/2781/1762 2353/2784/1762 2352/2783/1762
f 2350/2781/1763 2351/2782/1763 2354/2785/1763 2353/2784/1763
f 2352/2783/1764 2353/2784/1764 2356/2787/1764 2355/2786/1764
f 2353/2784/1765 2354/2785/1765 2357/2788/1765 2356/2787/1765
f 1936/2367/1766 2000/2431/1766 2349/2780/1766 2216/2647/1766
f 2000/2431/1767 1999/2430/1767 2350/2781/1767 2349/2780/1767
f 1999/2430/1768 1998/2429/1768 2351/2782/1768 2350/2781/1768
f 1998/2429/1769 1934/2365/1769 2217/2648/1769 2351/2782/1769
f 2351/2782/1770 2217/2648/1770 2218/2649/1770 2354/2785/1770
f 2354/2785/1771 2218/2649/1771 2219/2650/1771 2357/2788/1771
f 2357/2788/1772 2219/2650/1772 1959/2390/1772 2195/2626/1772
f 2356/2787/1773 2357/2788/1773 2195/2626/1773 2194/2625/1773
f 2355/2786/1774 2356/2787/1774 2194/2625/1774 2193/2624/1774
f 2214/2645/1775 2355/2786/1775 2193/2624/1775 1966/2397/1775
f 2215/2646/1776 2352/2783/1776 2355/2786/1776 2214/2645/1776
f 2216/2647/1777 2349/2780/1777 2352/2783/1777 2215/2646/1777
f 2358/2789/1778 2359/2790/1778 2362/2793/1778 2361/2792/1778
f 2359/2790/1779 2360/2791/1779 2363/2794/1779 2362/2793/1779
f 2361/2792/1780 2362/2793/1780 2365/2796/1780 2364/2795/1780
f 2362/2793/1781 2363/2794/1781 2366/2797/1781 2365/2796/1781
f 1938/2369/1782 2006/2437/1782 2358/2789/1782 2232/2663/1782
f 2006/2437/1783 2005/2436/1783 2359/2790/1783 2358/2789/1783
f 2005/2436/1784 2004/2435/1784 2360/2791/1784 2359/2790/1784
f 2004/2435/1785 1937/2368/1785 2238/2669/1785 2360/2791/1785
f 2360/2791/1786 2238/2669/1786 2239/2670/1786 2363/2794/1786
f 2363/2794/1787 2239/2670/1787 2240/2671/1787 2366/2797/1787
f 2366/2797/1788 2240/2671/1788 1965/2396/1788 2174/2605/1788
f 2365/2796/1789 2366/2797/1789 2174/2605/1789 2173/2604/1789
f 2364/2795/1790 2365/2796/1790 2173/2604/1790 2172/2603/1790
f 2234/2665/1791 2364/2795/1791 2172/2603/1791 1963/2394/1791
f 2233/2664/1792 2361/2792/1792 2364/2795/1792 2234/2665/1792
f 2232/2663/1793 2358/2789/1793 2361/2792/1793 2233/2664/1793
f 2367/2798/1794 2368/2799/1794 2371/2802/1794 2370/2801/1794
f 2368/2799/1795 2369/2800/1795 2372/2803/1795 2371/2802/1795
f 2370/2801/1796 2371/2802/1796 2374/2805/1796 2373/2804/1796
f 2371/2802/1797 2372/2803/1797 2375/2806/1797 2374/2805/1797
f 1937/2368/1798 2003/2434/1798 2367/2798/1798 2238/2669/1798
f 2003/2434/1799 2002/2433/1799 2368/2799/1799 2367/2798/1799
f 2002/2433/1800 2001/2432/1800 2369/2800/1800 2368/2799/1800
f 2001/2432/1801 1936/2367/1801 2216/2647/1801 2369/2800/1801
f 2369/2800/1802 2216/2647/1802 2215/2646/1802 2372/2803/1802
f 2372/2803/1803 2215/2646/1803 2214/2645/1803 2375/2806/1803
f 2375/2806/1804 2214/2645/1804 1966/2397/1804 2165/2596/1804
f 2374/2805/1805 2375/2806/1805 2165/2596/1805 2164/2595/1805
f 2373/2804/1806 2374/2805/1806 2164/2595/1806 2163/2594/1806
f 2240/2671/1807 2373/2804/1807 2163/2594/1807 1965/2396/1807
f 2239/2670/1808 2370/2801/1808 2373/2804/1808 2240/2671/1808
f 2238/2669/1809 2367/2798/1809 2370/2801/1809 2239/2670/1809
f 2376/2807/1810 2377/2808/1810 2380/2811/1810 2379/2810/1810
f 2377/2808/1811 2378/2809/1811 2381/2812/1811 2380/2811/1811
f 2379/2810/1812 2380/2811/1812 2383/2814/1812 2382/2813/1812
f 2380/2811/1813 2381/2812/1813 2384/2815/1813 2383/2814/1813
f 1968/2399/1814 2201/2632/1814 2376/2807/1814 2142/2573/1814
f 2201/2632/1815 2200/2631/1815 2377/2808/1815 2376/2807/1815
f 2200/2631/1816 2199/2630/1816 2378/2809/1816 2377/2808/1816
f 2199/2630/1817 1945/2376/1817 2040/2471/1817 2378/2809/1817
f 2378/2809/1818 2040/2471/1818 2041/2472/1818 2381/2812/1818
f 2381/2812/1819 2041/2472/1819 2042/2473/1819 2384/2815/1819
f 2384/2815/1820 2042/2473/1820 1952/2383/1820 2244/2675/1820
f 2383/2814/1821 2384/2815/1821 2244/2675/1821 2245/2676/1821
f 2382/2813/1822 2383/2814/1822 2245/2676/1822 2246/2677/1822
f 2144/2575/1823 2382/2813/1823 2246/2677/1823 1973/2404/1823
f 2143/2574/1824 2379/2810/1824 2382/2813/1824 2144/2575/1824
f 2142/2573/1825 2376/2807/1825 2379/2810/1825 2143/2574/1825
f 2385/2816/1826 2386/2817/1826 2389/2820/1826 2388/2819/1826
f 2386/2817/1827 2387/2818/1827 2390/2821/1827 2389/2820/1827
f 2388/2819/1828 2389/2820/1828 2392/2823/1828 2391/2822/1828
f 2389/2820/1829 2390/2821/1829 2393/2824/1829 2392/2823/1829
f 1951/2382/1830 2249/2680/1830 2385/2816/1830 2039/2470/1830
f 2249/2680/1831 2248/2679/1831 2386/2817/1831 2385/2816/1831
f 2248/2679/1832 2247/2678/1832 2387/2818/1832 2386/2817/1832
f 2247/2678/1833 1972/2403/1833 2141/2572/1833 2387/2818/1833
f 2387/2818/1834 2141/2572/1834 2140/2571/1834 2390/2821/1834
f 2390/2821/1835 2140/2571/1835 2139/2570/1835 2393/2824/1835
f 2393/2824/1836 2139/2570/1836 1974/2405/1836 2256/2687/1836
f 2392/2823/1837 2393/2824/1837 2256/2687/1837 2257/2688/1837
f 2391/2822/1838 2392/2823/1838 2257/2688/1838 2258/2689/1838
f 2037/2468/1839 2391/2822/1839 2258/2689/1839 1950/2381/1839
f 2038/2469/1840 2388/2819/1840 2391/2822/1840 2037/2468/1840
f 2039/2470/1841 2385/2816/1841 2388/2819/1841 2038/2469/1841
f 2394/2825/1842 2395/2826/1842 2398/2829/1842 2397/2828/1842
f 2395/2826/1843 2396/2827/1843 2399/2830/1843 2398/2829/1843
f 2397/2828/1844 2398/2829/1844 2401/2832/1844 2400/2831/1844
f 2398/2829/1845 2399/2830/1845 2402/2833/1845 2401/2832/1845
f 1944/2375/1846 2210/2641/1846 2394/2825/1846 2024/2455/1846
f 2210/2641/1847 2209/2640/1847 2395/2826/1847 2394/2825/1847
f 2209/2640/1848 2208/2639/1848 2396/2827/1848 2395/2826/1848
f 2208/2639/1849 1969/2400/1849 2147/2578/1849 2396/2827/1849
f 2396/2827/1850 2147/2578/1850 2146/2577/1850 2399/2830/1850
f 2399/2830/1851 2146/2577/1851 2145/2576/1851 2402/2833/1851
f 2402/2833/1852 2145/2576/1852 1972/2403/1852 2247/2678/1852
f 2401/2832/1853 2402/2833/1853 2247/2678/1853 2248/2679/1853
f 2400/2831/1854 2401/2832/1854 2248/2679/1854 2249/2680/1854
f 2022/2453/1855 2400/2831/1855 2249/2680/1855 1951/2382/1855
f 2023/2454/1856 2397/2828/1856 2400/2831/1856 2022/2453/1856
f 2024/2455/1857 2394/2825/1857 2397/2828/1857 2023/2454/1857
f 2403/2834/1858 2404/2835/1858 2407/2838/1858 2406/2837/1858
f 2404/2835/1859 2405/2836/1859 2408/2839/1859 2407/2838/1859
f 2406/2837/1860 2407/2838/1860 2410/2841/1860 2409/2840/1860
f 2407/2838/1861 2408/2839/1861 2411/2842/1861 2410/2841/1861
f 1950/2381/1862 2258/2689/1862 2403/2834/1862 2036/2467/1862
f 2258/2689/1863 2257/2688/1863 2404/2835/1863 2403/2834/1863
f 2257/2688/1864 2256/2687/1864 2405/2836/1864 2404/2835/1864
f 2256/2687/1865 1974/2405/1865 2132/2563/1865 2405/2836/1865
f 2405/2836/1866 2132/2563/1866 2131/2562/1866 2408/2839/1866
f 2408/2839/1867 2131/2562/1867 2130/2561/1867 2411/2842/1867
f 2411/2842/1868 2130/2561/1868 1976/2407/1868 2262/2693/1868
f 2410/2841/1869 2411/2842/1869 2262/2693/1869 2263/2694/1869
f 2409/2840/1870 2410/2841/1870 2263/2694/1870 2264/2695/1870
f 2034/2465/1871 2409/2840/1871 2264/2695/1871 1949/2380/1871
f 2035/2466/1872 2406/2837/1872 2409/2840/1872 2034/2465/1872
f 2036/2467/1873 2403/2834/1873 2406/2837/1873 2035/2466/1873
f 2412/2843/1874 2413/2844/1874 2416/2847/1874 2415/2846/1874
f 2413/2844/1875 2414/2845/1875 2417/2848/1875 2416/2847/1875
f 2415/2846/1876 2416/2847/1876 2419/2850/1876 2418/2849/1876
f 2416/2847/1877 2417/2848/1877 2420/2851/1877 2419/2850/1877
f 1949/2380/1878 2264/2695/1878 2412/2843/1878 2033/2464/1878
f 2264/2695/1879 2263/2694/1879 2413/2844/1879 2412/2843/1879
f 2263/2694/1880 2262/2693/1880 2414/2845/1880 2413/2844/1880
f 2262/2693/1881 1976/2407/1881 2123/2554/1881 2414/2845/1881
f 2414/2845/1882 2123/2554/1882 2122/2553/1882 2417/2848/1882
f 2417/2848/1883 2122/2553/1883 2121/2552/1883 2420/2851/1883
f 2420/2851/1884 2121/2552/1884 1979/2410/1884 2252/2683/1884
f 2419/2850/1885 2420/2851/1885 2252/2683/1885 2251/2682/1885
f 2418/2849/1886 2419/2850/1886 2251/2682/1886 2250/2681/1886
f 2031/2462/1887 2418/2849/1887 2250/2681/1887 1948/2379/1887
f 2032/2463/1888 2415/2846/1888 2418/2849/1888 2031/2462/1888
f 2033/2464/1889 2412/2843/1889 2415/2846/1889 2032/2463/1889
f 2421/2852/1890 2422/2853/1890 2425/2856/1890 2424/2855/1890
f 2422/2853/1891 2423/2854/1891 2426/2857/1891 2425/2856/1891
f 2424/2855/1892 2425/2856/1892 2428/2859/1892 2427/2858/1892
f 2425/2856/1893 2426/2857/1893 2429/2860/1893 2428/2859/1893
f 1933/2364/1894 2010/2441/1894 2421/2852/1894 2057/2488/1894
f 2010/2441/1895 2011/2442/1895 2422/2853/1895 2421/2852/1895
f 2011/2442/1896 2012/2443/1896 2423/2854/1896 2422/2853/1896
f 2012/2443/1897 1940/2371/1897 2052/2483/1897 2423/2854/1897
f 2423/2854/1898 2052/2483/1898 2053/2484/1898 2426/2857/1898
f 2426/2857/1899 2053/2484/1899 2054/2485/1899 2429/2860/1899
f 2429/2860/1900 2054/2485/1900 1952/2383/1900 2042/2473/1900
f 2428/2859/1901 2429/2860/1901 2042/2473/1901 2041/2472/1901
f 2427/2858/1902 2428/2859/1902 2041/2472/1902 2040/2471/1902
f 2055/2486/1903 2427/2858/1903 2040/2471/1903 1945/2376/1903
f 2056/2487/1904 2424/2855/1904 2427/2858/1904 2055/2486/1904
f 2057/2488/1905 2421/2852/1905 2424/2855/1905 2056/2487/1905
f 2430/2861/1906 2431/2862/1906 2434/2865/1906 2433/2864/1906
f 2431/2862/1907 2432/2863/1907 2435/2866/1907 2434/2865/1907
f 2433/2864/1908 2434/2865/1908 2437/2868/1908 2436/2867/1908
f 2434/2865/1909 2435/2866/1909 2438/2869/1909 2437/2868/1909
f 1936/2367/1910 2001/2432/1910 2430/2861/1910 2063/2494/1910
f 2001/2432/1911 2002/2433/1911 2431/2862/1911 2430/2861/1911
f 2002/2433/1912 2003/2434/1912 2432/2863/1912 2431/2862/1912
f 2003/2434/1913 1937/2368/1913 2058/2489/1913 2432/2863/1913
f 2432/2863/1914 2058/2489/1914 2059/2490/1914 2435/2866/1914
f 2435/2866/1915 2059/2490/1915 2060/2491/1915 2438/2869/1915
f 2438/2869/1916 2060/2491/1916 1949/2380/1916 2033/2464/1916
f 2437/2868/1917 2438/2869/1917 2033/2464/1917 2032/2463/1917
f 2436/2867/1918 2437/2868/1918 2032/2463/1918 2031/2462/1918
f 2061/2492/1919 2436/2867/1919 2031/2462/1919 1948/2379/1919
f 2062/2493/1920 2433/2864/1920 2436/2867/1920 2061/2492/1920
f 2063/2494/1921 2430/2861/1921 2433/2864/1921 2062/2493/1921
f 2439/2870/1922 2440/2871/1922 2443/2874/1922 2442/2873/1922
f 2440/2871/1923 2441/2872/1923 2444/2875/1923 2443/2874/1923
f 2442/2873/1924 2443/2874/1924 2446/2877/1924 2445/2876/1924
f 2443/2874/1925 2444/2875/1925 2447/2878/1925 2446/2877/1925
f 1943/2374/1926 1995/2426/1926 2439/2870/1926 2069/2500/1926
f 1995/2426/1927 1996/2427/1927 2440/2871/1927 2439/2870/1927
f 1996/2427/1928 1997/2428/1928 2441/2872/1928 2440/2871/1928
f 1997/2428/1929 1935/2366/1929 2064/2495/1929 2441/2872/1929
f 2441/2872/1930 2064/2495/1930 2065/2496/1930 2444/2875/1930
f 2444/2875/1931 2065/2496/1931 2066/2497/1931 2447/2878/1931
f 2447/2878/1932 2066/2497/1932 1947/2378/1932 2027/2458/1932
f 2446/2877/1933 2447/2878/1933 2027/2458/1933 2026/2457/1933
f 2445/2876/1934 2446/2877/1934 2026/2457/1934 2025/2456/1934
f 2067/2498/1935 2445/2876/1935 2025/2456/1935 1955/2386/1935
f 2068/2499/1936 2442/2873/1936 2445/2876/1936 2067/2498/1936
f 2069/2500/1937 2439/2870/1937 2442/2873/1937 2068/2499/1937
f 2448/2879/1938 2449/2880/1938 2452/2883/1938 2451/2882/1938
f 2449/2880/1939 2450/2881/1939 2453/2884/1939 2452/2883/1939
f 2451/2882/1940 2452/2883/1940 2455/2886/1940 2454/2885/1940
f 2452/2883/1941 2453/2884/1941 2456/2887/1941 2455/2886/1941
f 1940/2371/1942 2013/2444/1942 2448/2879/1942 2052/2483/1942
f 2013/2444/1943 2014/2445/1943 2449/2880/1943 2448/2879/1943
f 2014/2445/1944 2015/2446/1944 2450/2881/1944 2449/2880/1944
f 2015/2446/1945 1941/2372/1945 2070/2501/1945 2450/2881/1945
f 2450/2881/1946 2070/2501/1946 2071/2502/1946 2453/2884/1946
f 2453/2884/1947 2071/2502/1947 2072/2503/1947 2456/2887/1947
f 2456/2887/1948 2072/2503/1948 1953/2384/1948 2045/2476/1948
f 2455/2886/1949 2456/2887/1949 2045/2476/1949 2044/2475/1949
f 2454/2885/1950 2455/2886/1950 2044/2475/1950 2043/2474/1950
f 2054/2485/1951 2454/2885/1951 2043/2474/1951 1952/2383/1951
f 2053/2484/1952 2451/2882/1952 2454/2885/1952 2054/2485/1952
f 2052/2483/1953 2448/2879/1953 2451/2882/1953 2053/2484/1953
f 2457/2888/1954 2458/2889/1954 2461/2892/1954 2460/2891/1954
f 2458/2889/1955 2459/2890/1955 2462/2893/1955 2461/2892/1955
f 2460/2891/1956 2461/2892/1956 2464/2895/1956 2463/2894/1956
f 2461/2892/1957 2462/2893/1957 2465/2896/1957 2464/2895/1957
f 1937/2368/1958 2004/2435/1958 2457/2888/1958 2058/2489/1958
f 2004/2435/1959 2005/2436/1959 2458/2889/1959 2457/2888/1959
f 2005/2436/1960 2006/2437/1960 2459/2890/1960 2458/2889/1960
f 2006/2437/1961 1938/2369/1961 2073/2504/1961 2459/2890/1961
f 2459/2890/1962 2073/2504/1962 2074/2505/1962 2462/2893/1962
f 2462/2893/1963 2074/2505/1963 2075/2506/1963 2465/2896/1963
f 2465/2896/1964 2075/2506/1964 1950/2381/1964 2036/2467/1964
f 2464/2895/1965 2465/2896/1965 2036/2467/1965 2035/2466/1965
f 2463/2894/1966 2464/2895/1966 2035/2466/1966 2034/2465/1966
f 2060/2491/1967 2463/2894/1967 2034/2465/1967 1949/2380/1967
f 2059/2490/1968 2460/2891/1968 2463/2894/1968 2060/2491/1968
f 2058/2489/1969 2457/2888/1969 2460/2891/1969 2059/2490/1969
f 2466/2897/1970 2467/2898/1970 2470/2901/1970 2469/2900/1970
f 2467/2898/1971 2468/2899/1971 2471/2902/1971 2470/2901/1971
f 2469/2900/1972 2470/2901/1972 2473/2904/1972 2472/2903/1972
f 2470/2901/1973 2471/2902/1973 2474/2905/1973 2473/2904/1973
f 1967/2398/1974 2192/2623/1974 2466/2897/1974 2225/2656/1974
f 2192/2623/1975 2191/2622/1975 2467/2898/1975 2466/2897/1975
f 2191/2622/1976 2190/2621/1976 2468/2899/1976 2467/2898/1976
f 2190/2621/1977 1958/2389/1977 2226/2657/1977 2468/2899/1977
f 2468/2899/1978 2226/2657/1978 2227/2658/1978 2471/2902/1978
f 2471/2902/1979 2227/2658/1979 2228/2659/1979 2474/2905/1979
f 2474/2905/1980 2228/2659/1980 1935/2366/1980 1997/2428/1980
f 2473/2904/1981 2474/2905/1981 1997/2428/1981 1996/2427/1981
f 2472/2903/1982 2473/2904/1982 1996/2427/1982 1995/2426/1982
f 2223/2654/1983 2472/2903/1983 1995/2426/1983 1943/2374/1983
f 2224/2655/1984 2469/2900/1984 2472/2903/1984 2223/2654/1984
f 2225/2656/1985 2466/2897/1985 2469/2900/1985 2224/2655/1985
f 2475/2906/1986 2476/2907/1986 2479/2910/1986 2478/2909/1986
f 2476/2907/1987 2477/2908/1987 2480/2911/1987 2479/2910/1987
f 2478/2909/1988 2479/2910/1988 2482/2913/1988 2481/2912/1988
f 2479/2910/1989 2480/2911/1989 2483/2914/1989 2482/2913/1989
f 1941/2372/1990 2016/2447/1990 2475/2906/1990 2070/2501/1990
f 2016/2447/1991 2017/2448/1991 2476/2907/1991 2475/2906/1991
f 2017/2448/1992 2018/2449/1992 2477/2908/1992 2476/2907/1992
f 2018/2449/1993 1942/2373/1993 2079/2510/1993 2477/2908/1993
f 2477/2908/1994 2079/2510/1994 2080/2511/1994 2480/2911/1994
f 2480/2911/1995 2080/2511/1995 2081/2512/1995 2483/2914/1995
f 2483/2914/1996 2081/2512/1996 1954/2385/1996 2048/2479/1996
f 2482/2913/1997 2483/2914/1997 2048/2479/1997 2047/2478/1997
f 2481/2912/1998 2482/2913/1998 2047/2478/1998 2046/2477/1998
f 2072/2503/1999 2481/2912/1999 2046/2477/1999 1953/2384/1999
f 2071/2502/2000 2478/2909/2000 2481/2912/2000 2072/2503/2000
f 2070/2501/2001 2475/2906/2001 2478/2909/2001 2071/2502/2001
f 2484/2915/2002 2485/2916/2002 2488/2919/2002 2487/2918/2002
f 2485/2916/2003 2486/2917/2003 2489/2920/2003 2488/2919/2003
f 2487/2918/2004 2488/2919/2004 2491/2922/2004 2490/2921/2004
f 2488/2919/2005 2489/2920/2005 2492/2923/2005 2491/2922/2005
f 1939/2370/2006 1992/2423/2006 2484/2915/2006 2087/2518/2006
f 1992/2423/2007 1993/2424/2007 2485/2916/2007 2484/2915/2007
f 1993/2424/2008 1994/2425/2008 2486/2917/2008 2485/2916/2008
f 1994/2425/2009 1932/2363/2009 2082/2513/2009 2486/2917/2009
f 2486/2917/2010 2082/2513/2010 2083/2514/2010 2489/2920/2010
f 2489/2920/2011 2083/2514/2011 2084/2515/2011 2492/2923/2011
f 2492/2923/2012 2084/2515/2012 1944/2375/2012 2024/2455/2012
f 2491/2922/2013 2492/2923/2013 2024/2455/2013 2023/2454/2013
f 2490/2921/2014 2491/2922/2014 2023/2454/2014 2022/2453/2014
f 2085/2516/2015 2490/2921/2015 2022/2453/2015 1951/2382/2015
f 2086/2517/2016 2487/2918/2016 2490/2921/2016 2085/2516/2016
f 2087/2518/2017 2484/2915/2017 2487/2918/2017 2086/2517/2017
f 2493/2924/2018 2494/2925/2018 2497/2928/2018 2496/2927/2018
f 2494/2925/2019 2495/2926/2019 2498/2929/2019 2497/2928/2019
f 2496/2927/2020 2497/2928/2020 2500/2931/2020 2499/2930/2020
f 2497/2928/2021 2498/2929/2021 2501/2932/2021 2500/2931/2021
f 1938/2369/2022 2007/2438/2022 2493/2924/2022 2073/2504/2022
f 2007/2438/2023 2008/2439/2023 2494/2925/2023 2493/2924/2023
f 2008/2439/2024 2009/2440/2024 2495/2926/2024 2494/2925/2024
f 2009/2440/2025 1939/2370/2025 2087/2518/2025 2495/2926/2025
f 2495/2926/2026 2087/2518/2026 2086/2517/2026 2498/2929/2026
f 2498/2929/2027 2086/2517/2027 2085/2516/2027 2501/2932/2027
f 2501/2932/2028 2085/2516/2028 1951/2382/2028 2039/2470/2028
f 2500/2931/2029 2501/2932/2029 2039/2470/2029 2038/2469/2029
f 2499/2930/2030 2500/2931/2030 2038/2469/2030 2037/2468/2030
f 2075/2506/2031 2499/2930/2031 2037/2468/2031 1950/2381/2031
f 2074/2505/2032 2496/2927/2032 2499/2930/2032 2075/2506/2032
f 2073/2504/2033 2493/2924/2033 2496/2927/2033 2074/2505/2033
f 2502/2933/2034 2503/2934/2034 2506/2937/2034 2505/2936/2034
f 2503/2934/2035 2504/2935/2035 2507/2938/2035 2506/2937/2035
f 2505/2936/2036 2506/2937/2036 2509/2940/2036 2508/2939/2036
f 2506/2937/2037 2507/2938/2037 2510/2941/2037 2509/2940/2037
f 1934/2365/2038 1998/2429/2038 2502/2933/2038 2076/2507/2038
f 1998/2429/2039 1999/2430/2039 2503/2934/2039 2502/2933/2039
f 1999/2430/2040 2000/2431/2040 2504/2935/2040 2503/2934/2040
f 2000/2431/2041 1936/2367/2041 2063/2494/2041 2504/2935/2041
f 2504/2935/2042 2063/2494/2042 2062/2493/2042 2507/2938/2042
f 2507/2938/2043 2062/2493/2043 2061/2492/2043 2510/2941/2043
f 2510/2941/2044 2061/2492/2044 1948/2379/2044 2030/2461/2044
f 2509/2940/2045 2510/2941/2045 2030/2461/2045 2029/2460/2045
f 2508/2939/2046 2509/2940/2046 2029/2460/2046 2028/2459/2046
f 2078/2509/2047 2508/2939/2047 2028/2459/2047 1946/2377/2047
f 2077/2508/2048 2505/2936/2048 2508/2939/2048 2078/2509/2048
f 2076/2507/2049 2502/2933/2049 2505/2936/2049 2077/2508/2049
f 2511/2942/2050 2512/2943/2050 2515/2946/2050 2514/2945/2050
f 2512/2943/2051 2513/2944/2051 2516/2947/2051 2515/2946/2051
f 2514/2945/2052 2515/2946/2052 2518/2949/2052 2517/2948/2052
f 2515/2946/2053 2516/2947/2053 2519/2950/2053 2518/2949/2053
f 1942/2373/2054 2019/2450/2054 2511/2942/2054 2079/2510/2054
f 2019/2450/2055 2020/2451/2055 2512/2943/2055 2511/2942/2055
f 2020/2451/2056 2021/2452/2056 2513/2944/2056 2512/2943/2056
f 2021/2452/2057 1943/2374/2057 2069/2500/2057 2513/2944/2057
f 2513/2944/2058 2069/2500/2058 2068/2499/2058 2516/2947/2058
f 2516/2947/2059 2068/2499/2059 2067/2498/2059 2519/2950/2059
f 2519/2950/2060 2067/2498/2060 1955/2386/2060 2051/2482/2060
f 2518/2949/2061 2519/2950/2061 2051/2482/2061 2050/2481/2061
f 2517/2948/2062 2518/2949/2062 2050/2481/2062 2049/2480/2062
f 2081/2512/2063 2517/2948/2063 2049/2480/2063 1954/2385/2063
f 2080/2511/2064 2514/2945/2064 2517/2948/2064 2081/2512/2064
f 2079/2510/2065 2511/2942/2065 2514/2945/2065 2080/2511/2065
f 2520/2951/2066 2521/2952/2066 2524/2955/2066 2523/2954/2066
f 2521/2952/2067 2522/2953/2067 2525/2956/2067 2524/2955/2067
f 2523/2954/2068 2524/2955/2068 2527/2958/2068 2526/2957/2068
f 2524/2955/2069 2525/2956/2069 2528/2959/2069 2527/2958/2069
f 1932/2363/2070 1994/2425/2070 2520/2951/2070 2204/2635/2070
f 1994/2425/2071 1993/2424/2071 2521/2952/2071 2520/2951/2071
f 1993/2424/2072 1992/2423/2072 2522/2953/2072 2521/2952/2072
f 1992/2423/2073 1939/2370/2073 2205/2636/2073 2522/2953/2073
f 2522/2953/2074 2205/2636/2074 2206/2637/2074 2525/2956/2074
f 2525/2956/2075 2206/2637/2075 2207/2638/2075 2528/2959/2075
f 2528/2959/2076 2207/2638/2076 1961/2392/2076 2189/2620/2076
f 2527/2958/2077 2528/2959/2077 2189/2620/2077 2188/2619/2077
f 2526/2957/2078 2527/2958/2078 2188/2619/2078 2187/2618/2078
f 2202/2633/2079 2526/2957/2079 2187/2618/2079 1956/2387/2079
f 2203/2634/2080 2523/2954/2080 2526/2957/2080 2202/2633/2080
f 2204/2635/2081 2520/2951/2081 2523/2954/2081 2203/2634/2081
f 2529/2960/2082 2530/2961/2082 2533/2964/2082 2532/2963/2082
f 2530/2961/2083 2531/2962/2083 2534/2965/2083 2533/2964/2083
f 2532/2963/2084 2533/2964/2084 2536/2967/2084 2535/2966/2084
f 2533/2964/2085 2534/2965/2085 2537/2968/2085 2536/2967/2085
f 1957/2388/2086 2186/2617/2086 2529/2960/2086 2196/2627/2086
f 2186/2617/2087 2185/2616/2087 2530/2961/2087 2529/2960/2087
f 2185/2616/2088 2184/2615/2088 2531/2962/2088 2530/2961/2088
f 2184/2615/2089 1960/2391/2089 2211/2642/2089 2531/2962/2089
f 2531/2962/2090 2211/2642/2090 2212/2643/2090 2534/2965/2090
f 2534/2965/2091 2212/2643/2091 2213/2644/2091 2537/2968/2091
f 2537/2968/2092 2213/2644/2092 1940/2371/2092 2012/2443/2092
f 2536/2967/2093 2537/2968/2093 2012/2443/2093 2011/2442/2093
f 2535/2966/2094 2536/2967/2094 2011/2442/2094 2010/2441/2094
f 2198/2629/2095 2535/2966/2095 2010/2441/2095 1933/2364/2095
f 2197/2628/2096 2532/2963/2096 2535/2966/2096 2198/2629/2096
f 2196/2627/2097 2529/2960/2097 2532/2963/2097 2197/2628/2097
f 2538/2969/2098 2539/2970/2098 2542/2973/2098 2541/2972/2098
f 2539/2970/2099 2540/2971/2099 2543/2974/2099 2542/2973/2099
f 2541/2972/2100 2542/2973/2100 2545/2976/2100 2544/2975/2100
f 2542/2973/2101 2543/2974/2101 2546/2977/2101 2545/2976/2101
f 1939/2370/2102 2009/2440/2102 2538/2969/2102 2205/2636/2102
f 2009/2440/2103 2008/2439/2103 2539/2970/2103 2538/2969/2103
f 2008/2439/2104 2007/2438/2104 2540/2971/2104 2539/2970/2104
f 2007/2438/2105 1938/2369/2105 2232/2663/2105 2540/2971/2105
f 2540/2971/2106 2232/2663/2106 2233/2664/2106 2543/2974/2106
f 2543/2974/2107 2233/2664/2107 2234/2665/2107 2546/2977/2107
f 2546/2977/2108 2234/2665/2108 1963/2394/2108 2183/2614/2108
f 2545/2976/2109 2546/2977/2109 2183/2614/2109 2182/2613/2109
f 2544/2975/2110 2545/2976/2110 2182/2613/2110 2181/2612/2110
f 2207/2638/2111 2544/2975/2111 2181/2612/2111 1961/2392/2111
f 2206/2637/2112 2541/2972/2112 2544/2975/2112 2207/2638/2112
f 2205/2636/2113 2538/2969/2113 2541/2972/2113 2206/2637/2113
f 2547/2978/2114 2548/2979/2114 2551/2982/2114 2550/2981/2114
f 2548/2979/2115 2549/2980/2115 2552/2983/2115 2551/2982/2115
f 2550/2981/2116 2551/2982/2116 2554/2985/2116 2553/2984/2116
f 2551/2982/2117 2552/2983/2117 2555/2986/2117 2554/2985/2117
f 1977/2408/2118 2267/2698/2118 2547/2978/2118 2115/2546/2118
f 2267/2698/2119 2266/2697/2119 2548/2979/2119 2547/2978/2119
f 2266/2697/2120 2265/2696/2120 2549/2980/2120 2548/2979/2120
f 2265/2696/2121 1954/2385/2121 2049/2480/2121 2549/2980/2121
f 2549/2980/2122 2049/2480/2122 2050/2481/2122 2552/2983/2122
f 2552/2983/2123 2050/2481/2123 2051/2482/2123 2555/2986/2123
f 2555/2986/2124 2051/2482/2124 1955/2386/2124 2255/2686/2124
f 2554/2985/2125 2555/2986/2125 2255/2686/2125 2254/2685/2125
f 2553/2984/2126 2554/2985/2126 2254/2685/2126 2253/2684/2126
f 2117/2548/2127 2553/2984/2127 2253/2684/2127 1978/2409/2127
f 2116/2547/2128 2550/2981/2128 2553/2984/2128 2117/2548/2128
f 2115/2546/2129 2547/2978/2129 2550/2981/2129 2116/2547/2129
f 2556/2987/2130 2557/2988/2130 2560/2991/2130 2559/2990/2130
f 2557/2988/2131 2558/2989/2131 2561/2992/2131 2560/2991/2131
f 2559/2990/2132 2560/2991/2132 2563/2994/2132 2562/2993/2132
f 2560/2991/2133 2561/2992/2133 2564/2995/2133 2563/2994/2133
f 1975/2406/2134 2261/2692/2134 2556/2987/2134 2127/2558/2134
f 2261/2692/2135 2260/2691/2135 2557/2988/2135 2556/2987/2135
f 2260/2691/2136 2259/2690/2136 2558/2989/2136 2557/2988/2136
f 2259/2690/2137 1953/2384/2137 2046/2477/2137 2558/2989/2137
f 2558/2989/2138 2046/2477/2138 2047/2478/2138 2561/2992/2138
f 2561/2992/2139 2047/2478/2139 2048/2479/2139 2564/2995/2139
f 2564/2995/2140 2048/2479/2140 1954/2385/2140 2265/2696/2140
f 2563/2994/2141 2564/2995/2141 2265/2696/2141 2266/2697/2141
f 2562/2993/2142 2563/2994/2142 2266/2697/2142 2267/2698/2142
f 2129/2560/2143 2562/2993/2143 2267/2698/2143 1977/2408/2143
f 2128/2559/2144 2559/2990/2144 2562/2993/2144 2129/2560/2144
f 2127/2558/2145 2556/2987/2145 2559/2990/2145 2128/2559/2145
f 2565/2996/2146 2566/2997/2146 2569/3000/2146 2568/2999/2146
f 2566/2997/2147 2567/2998/2147 2570/3001/2147 2569/3000/2147
f 2568/2999/2148 2569/3000/2148 2572/3003/2148 2571/3002/2148
f 2569/3000/2149 2570/3001/2149 2573/3004/2149 2572/3003/2149
f 1973/2404/2150 2246/2677/2150 2565/2996/2150 2136/2567/2150
f 2246/2677/2151 2245/2676/2151 2566/2997/2151 2565/2996/2151
f 2245/2676/2152 2244/2675/2152 2567/2998/2152 2566/2997/2152
f 2244/2675/2153 1952/2383/2153 2043/2474/2153 2567/2998/2153
f 2567/2998/2154 2043/2474/2154 2044/2475/2154 2570/3001/2154
f 2570/3001/2155 2044/2475/2155 2045/2476/2155 2573/3004/2155
f 2573/3004/2156 2045/2476/2156 1953/2384/2156 2259/2690/2156
f 2572/3003/2157 2573/3004/2157 2259/2690/2157 2260/2691/2157
f 2571/3002/2158 2572/3003/2158 2260/2691/2158 2261/2692/2158
f 2138/2569/2159 2571/3002/2159 2261/2692/2159 1975/2406/2159
f 2137/2568/2160 2568/2999/2160 2571/3002/2160 2138/2569/2160
f 2136/2567/2161 2565/2996/2161 2568/2999/2161 2137/2568/2161
f 2574/3005/2162 2575/3006/2162 2578/3009/2162 2577/3008/2162
f 2575/3006/2163 2576/3007/2163 2579/3010/2163 2578/3009/2163
f 2577/3008/2164 2578/3009/2164 2581/3012/2164 2580/3011/2164
f 2578/3009/2165 2579/3010/2165 2582/3013/2165 2581/3012/2165
f 1948/2379/2166 2250/2681/2166 2574/3005/2166 2030/2461/2166
f 2250/2681/2167 2251/2682/2167 2575/3006/2167 2574/3005/2167
f 2251/2682/2168 2252/2683/2168 2576/3007/2168 2575/3006/2168
f 2252/2683/2169 1979/2410/2169 2153/2584/2169 2576/3007/2169
f 2576/3007/2170 2153/2584/2170 2152/2583/2170 2579/3010/2170
f 2579/3010/2171 2152/2583/2171 2151/2582/2171 2582/3013/2171
f 2582/3013/2172 2151/2582/2172 1970/2401/2172 2222/2653/2172
f 2581/3012/2173 2582/3013/2173 2222/2653/2173 2221/2652/2173
f 2580/3011/2174 2581/3012/2174 2221/2652/2174 2220/2651/2174
f 2028/2459/2175 2580/3011/2175 2220/2651/2175 1946/2377/2175
f 2029/2460/2176 2577/3008/2176 2580/3011/2176 2028/2459/2176
f 2030/2461/2177 2574/3005/2177 2577/3008/2177 2029/2460/2177
f 2583/3014/2178 2584/3015/2178 2587/3018/2178 2586/3017/2178
f 2584/3015/2179 2585/3016/2179 2588/3019/2179 2587/3018/2179
f 2586/3017/2180 2587/3018/2180 2590/3021/2180 2589/3020/2180
f 2587/3018/2181 2588/3019/2181 2591/3022/2181 2590/3021/2181
f 1978/2409/2182 2253/2684/2182 2583/3014/2182 2148/2579/2182
f 2253/2684/2183 2254/2685/2183 2584/3015/2183 2583/3014/2183
f 2254/2685/2184 2255/2686/2184 2585/3016/2184 2584/3015/2184
f 2255/2686/2185 1955/2386/2185 2025/2456/2185 2585/3016/2185
f 2585/3016/2186 2025/2456/2186 2026/2457/2186 2588/3019/2186
f 2588/3019/2187 2026/2457/2187 2027/2458/2187 2591/3022/2187
f 2591/3022/2188 2027/2458/2188 1947/2378/2188 2231/2662/2188
f 2590/3021/2189 2591/3022/2189 2231/2662/2189 2230/2661/2189
f 2589/3020/2190 2590/3021/2190 2230/2661/2190 2229/2660/2190
f 2150/2581/2191 2589/3020/2191 2229/2660/2191 1971/2402/2191
f 2149/2580/2192 2586/3017/2192 2589/3020/2192 2150/2581/2192
f 2148/2579/2193 2583/3014/2193 2586/3017/2193 2149/2580/2193
f 2592/3023/2194 2593/3024/2194 2596/3027/2194 2595/3026/2194
f 2593/3024/2195 2594/3025/2195 2597/3028/2195 2596/3027/2195
f 2595/3026/2196 2596/3027/2196 2599/3030/2196 2598/3029/2196
f 2596/3027/2197 2597/3028/2197 2600/3031/2197 2599/3030/2197
f 1964/2395/2198 2159/2590/2198 2592/3023/2198 2241/2672/2198
f 2159/2590/2199 2158/2589/2199 2593/3024/2199 2592/3023/2199
f 2158/2589/2200 2157/2588/2200 2594/3025/2200 2593/3024/2200
f 2157/2588/2201 1967/2398/2201 2225/2656/2201 2594/3025/2201
f 2594/3025/2202 2225/2656/2202 2224/2655/2202 2597/3028/2202
f 2597/3028/2203 2224/2655/2203 2223/2654/2203 2600/3031/2203
f 2600/3031/2204 2223/2654/2204 1943/2374/2204 2021/2452/2204
f 2599/3030/2205 2600/3031/2205 2021/2452/2205 2020/2451/2205
f 2598/3029/2206 2599/3030/2206 2020/2451/2206 2019/2450/2206
f 2243/2674/2207 2598/3029/2207 2019/2450/2207 1942/2373/2207
f 2242/2673/2208 2595/3026/2208 2598/3029/2208 2243/2674/2208
f 2241/2672/2209 2592/3023/2209 2595/3026/2209 2242/2673/2209
f 2601/3032/2210 2602/3033/2210 2605/3036/2210 2604/3035/2210
f 2602/3033/2211 2603/3034/2211 2606/3037/2211 2605/3036/2211
f 2604/3035/2212 2605/3036/2212 2608/3039/2212 2607/3038/2212
f 2605/3036/2213 2606/3037/2213 2609/3040/2213 2608/3039/2213
f 1962/2393/2214 2168/2599/2214 2601/3032/2214 2235/2666/2214
f 2168/2599/2215 2167/2598/2215 2602/3033/2215 2601/3032/2215
f 2167/2598/2216 2166/2597/2216 2603/3034/2216 2602/3033/2216
f 2166/2597/2217 1964/2395/2217 2241/2672/2217 2603/3034/2217
f 2603/3034/2218 2241/2672/2218 2242/2673/2218 2606/3037/2218
f 2606/3037/2219 2242/2673/2219 2243/2674/2219 2609/3040/2219
f 2609/3040/2220 2243/2674/2220 1942/2373/2220 2018/2449/2220
f 2608/3039/2221 2609/3040/2221 2018/2449/2221 2017/2448/2221
f 2607/3038/2222 2608/3039/2222 2017/2448/2222 2016/2447/2222
f 2237/2668/2223 2607/3038/2223 2016/2447/2223 1941/2372/2223
f 2236/2667/2224 2604/3035/2224 2607/3038/2224 2237/2668/2224
f 2235/2666/2225 2601/3032/2225 2604/3035/2225 2236/2667/2225
f 2610/3041/2226 2611/3042/2226 2614/3045/2226 2613/3044/2226
f 2611/3042/2227 2612/3043/2227 2615/3046/2227 2614/3045/2227
f 2613/3044/2228 2614/3045/2228 2617/3048/2228 2616/3047/2228
f 2614/3045/2229 2615/3046/2229 2618/3049/2229 2617/3048/2229
f 1960/2391/2230 2177/2608/2230 2610/3041/2230 2211/2642/2230
f 2177/2608/2231 2176/2607/2231 2611/3042/2231 2610/3041/2231
f 2176/2607/2232 2175/2606/2232 2612/3043/2232 2611/3042/2232
f 2175/2606/2233 1962/2393/2233 2235/2666/2233 2612/3043/2233
f 2612/3043/2234 2235/2666/2234 2236/2667/2234 2615/3046/2234
f 2615/3046/2235 2236/2667/2235 2237/2668/2235 2618/3049/2235
f 2618/3049/2236 2237/2668/2236 1941/2372/2236 2015/2446/2236
f 2617/3048/2237 2618/3049/2237 2015/2446/2237 2014/2445/2237
f 2616/3047/2238 2617/3048/2238 2014/2445/2238 2013/2444/2238
f 2213/2644/2239 2616/3047/2239 2013/2444/2239 1940/2371/2239
f 2212/2643/2240 2613/3044/2240 2616/3047/2240 2213/2644/2240
f 2211/2642/2241 2610/3041/2241 2613/3044/2241 2212/2643/2241
f 2619/3050/2242 2620/3051/2242 2623/3054/2242 2622/3053/2242
f 2620/3051/2243 2621/3052/2243 2624/3055/2243 2623/3054/2243
f 2622/3053/2244 2623/3054/2244 2626/3057/2244 2625/3056/2244
f 2623/3054/2245 2624/3055/2245 2627/3058/2245 2626/3057/2245
f 1932/2363/2246 2204/2635/2246 2619/3050/2246 2082/2513/2246
f 2204/2635/2247 2203/2634/2247 2620/3051/2247 2619/3050/2247
f 2203/2634/2248 2202/2633/2248 2621/3052/2248 2620/3051/2248
f 2202/2633/2249 1956/2387/2249 2099/2530/2249 2621/3052/2249
f 2621/3052/2250 2099/2530/2250 2098/2529/2250 2624/3055/2250
f 2624/3055/2251 2098/2529/2251 2097/2528/2251 2627/3058/2251
f 2627/3058/2252 2097/2528/2252 1969/2400/2252 2208/2639/2252
f 2626/3057/2253 2627/3058/2253 2208/2639/2253 2209/2640/2253
f 2625/3056/2254 2626/3057/2254 2209/2640/2254 2210/2641/2254
f 2084/2515/2255 2625/3056/2255 2210/2641/2255 1944/2375/2255
f 2083/2514/2256 2622/3053/2256 2625/3056/2256 2084/2515/2256
f 2082/2513/2257 2619/3050/2257 2622/3053/2257 2083/2514/2257
f 2628/3059/2258 2629/3060/2258 2632/3063/2258 2631/3062/2258
f 2629/3060/2259 2630/3061/2259 2633/3064/2259 2632/3063/2259
f 2631/3062/2260 2632/3063/2260 2635/3066/2260 2634/3065/2260
f 2632/3063/2261 2633/3064/2261 2636/3067/2261 2635/3066/2261
f 1959/2390/2262 2219/2650/2262 2628/3059/2262 2103/2534/2262
f 2219/2650/2263 2218/2649/2263 2629/3060/2263 2628/3059/2263
f 2218/2649/2264 2217/2648/2264 2630/3061/2264 2629/3060/2264
f 2217/2648/2265 1934/2365/2265 2076/2507/2265 2630/3061/2265
f 2630/3061/2266 2076/2507/2266 2077/2508/2266 2633/3064/2266
f 2633/3064/2267 2077/2508/2267 2078/2509/2267 2636/3067/2267
f 2636/3067/2268 2078/2509/2268 1946/2377/2268 2220/2651/2268
f 2635/3066/2269 2636/3067/2269 2220/2651/2269 2221/2652/2269
f 2634/3065/2270 2635/3066/2270 2221/2652/2270 2222/2653/2270
f 2105/2536/2271 2634/3065/2271 2222/2653/2271 1970/2401/2271
f 2104/2535/2272 2631/3062/2272 2634/3065/2272 2105/2536/2272
f 2103/2534/2273 2628/3059/2273 2631/3062/2273 2104/2535/2273
f 2637/3068/2274 2638/3069/2274 2641/3072/2274 2640/3071/2274
f 2638/3069/2275 2639/3070/2275 2642/3073/2275 2641/3072/2275
f 2640/3071/2276 2641/3072/2276 2644/3075/2276 2643/3074/2276
f 2641/3072/2277 2642/3073/2277 2645/3076/2277 2644/3075/2277
f 1957/2388/2278 2091/2522/2278 2637/3068/2278 2090/2521/2278
f 2091/2522/2279 2092/2523/2279 2638/3069/2279 2637/3068/2279
f 2092/2523/2280 2093/2524/2280 2639/3070/2280 2638/3069/2280
f 2093/2524/2281 1968/2399/2281 2094/2525/2281 2639/3070/2281
f 2639/3070/2282 2094/2525/2282 2095/2526/2282 2642/3073/2282
f 2642/3073/2283 2095/2526/2283 2096/2527/2283 2645/3076/2283
f 2645/3076/2284 2096/2527/2284 1969/2400/2284 2097/2528/2284
f 2644/3075/2285 2645/3076/2285 2097/2528/2285 2098/2529/2285
f 2643/3074/2286 2644/3075/2286 2098/2529/2286 2099/2530/2286
f 2088/2519/2287 2643/3074/2287 2099/2530/2287 1956/2387/2287
f 2089/2520/2288 2640/3071/2288 2643/3074/2288 2088/2519/2288
f 2090/2521/2289 2637/3068/2289 2640/3071/2289 2089/2520/2289
f 2646/3077/2290 2647/3078/2290 2650/3081/2290 2649/3080/2290
f 2647/3078/2291 2648/3079/2291 2651/3082/2291 2650/3081/2291
f 2649/3080/2292 2650/3081/2292 2653/3084/2292 2652/3083/2292
f 2650/3081/2293 2651/3082/2293 2654/3085/2293 2653/3084/2293
f 1959/2390/2294 2103/2534/2294 2646/3077/2294 2102/2533/2294
f 2103/2534/2295 2104/2535/2295 2647/3078/2295 2646/3077/2295
f 2104/2535/2296 2105/2536/2296 2648/3079/2296 2647/3078/2296
f 2105/2536/2297 1970/2401/2297 2106/2537/2297 2648/3079/2297
f 2648/3079/2298 2106/2537/2298 2107/2538/2298 2651/3082/2298
f 2651/3082/2299 2107/2538/2299 2108/2539/2299 2654/3085/2299
f 2654/3085/2300 2108/2539/2300 1971/2402/2300 2109/2540/2300
f 2653/3084/2301 2654/3085/2301 2109/2540/2301 2110/2541/2301
f 2652/3083/2302 2653/3084/2302 2110/2541/2302 2111/2542/2302
f 2100/2531/2303 2652/3083/2303 2111/2542/2303 1958/2389/2303
f 2101/2532/2304 2649/3080/2304 2652/3083/2304 2100/2531/2304
f 2102/2533/2305 2646/3077/2305 2649/3080/2305 2101/2532/2305
f 2655/3086/2306 2656/3087/2306 2659/3090/2306 2658/3089/2306
f 2656/3087/2307 2657/3088/2307 2660/3091/2307 2659/3090/2307
f 2658/3089/2308 2659/3090/2308 2662/3093/2308 2661/3092/2308
f 2659/3090/2309 2660/3091/2309 2663/3094/2309 2662/3093/2309
f 1977/2408/2310 2115/2546/2310 2655/3086/2310 2114/2545/2310
f 2115/2546/2311 2116/2547/2311 2656/3087/2311 2655/3086/2311
f 2116/2547/2312 2117/2548/2312 2657/3088/2312 2656/3087/2312
f 2117/2548/2313 1978/2409/2313 2118/2549/2313 2657/3088/2313
f 2657/3088/2314 2118/2549/2314 2119/2550/2314 2660/3091/2314
f 2660/3091/2315 2119/2550/2315 2120/2551/2315 2663/3094/2315
f 2663/3094/2316 2120/2551/2316 1979/2410/2316 2121/2552/2316
f 2662/3093/2317 2663/3094/2317 2121/2552/2317 2122/2553/2317
f 2661/3092/2318 2662/3093/2318 2122/2553/2318 2123/2554/2318
f 2112/2543/2319 2661/3092/2319 2123/2554/2319 1976/2407/2319
f 2113/2544/2320 2658/3089/2320 2661/3092/2320 2112/2543/2320
f 2114/2545/2321 2655/3086/2321 2658/3089/2321 2113/2544/2321
f 2664/3095/2322 2665/3096/2322 2668/3099/2322 2667/3098/2322
f 2665/3096/2323 2666/3097/2323 2669/3100/2323 2668/3099/2323
f 2667/3098/2324 2668/3099/2324 2671/3102/2324 2670/3101/2324
f 2668/3099/2325 2669/3100/2325 2672/3103/2325 2671/3102/2325
f 1975/2406/2326 2127/2558/2326 2664/3095/2326 2126/2557/2326
f 2127/2558/2327 2128/2559/2327 2665/3096/2327 2664/3095/2327
f 2128/2559/2328 2129/2560/2328 2666/3097/2328 2665/3096/2328
f 2129/2560/2329 1977/2408/2329 2114/2545/2329 2666/3097/2329
f 2666/3097/2330 2114/2545/2330 2113/2544/2330 2669/3100/2330
f 2669/3100/2331 2113/2544/2331 2112/2543/2331 2672/3103/2331
f 2672/3103/2332 2112/2543/2332 1976/2407/2332 2130/2561/2332
f 2671/3102/2333 2672/3103/2333 2130/2561/2333 2131/2562/2333
f 2670/3101/2334 2671/3102/2334 2131/2562/2334 2132/2563/2334
f 2124/2555/2335 2670/3101/2335 2132/2563/2335 1974/2405/2335
f 2125/2556/2336 2667/3098/2336 2670/3101/2336 2124/2555/2336
f 2126/2557/2337 2664/3095/2337 2667/3098/2337 2125/2556/2337
f 2673/3104/2338 2674/3105/2338 2677/3108/2338 2676/3107/2338
f 2674/3105/2339 2675/3106/2339 2678/3109/2339 2677/3108/2339
f 2676/3107/2340 2677/3108/2340 2680/3111/2340 2679/3110/2340
f 2677/3108/2341 2678/3109/2341 2681/3112/2341 2680/3111/2341
f 1973/2404/2342 2136/2567/2342 2673/3104/2342 2135/2566/2342
f 2136/2567/2343 2137/2568/2343 2674/3105/2343 2673/3104/2343
f 2137/2568/2344 2138/2569/2344 2675/3106/2344 2674/3105/2344
f 2138/2569/2345 1975/2406/2345 2126/2557/2345 2675/3106/2345
f 2675/3106/2346 2126/2557/2346 2125/2556/2346 2678/3109/2346
f 2678/3109/2347 2125/2556/2347 2124/2555/2347 2681/3112/2347
f 2681/3112/2348 2124/2555/2348 1974/2405/2348 2139/2570/2348
f 2680/3111/2349 2681/3112/2349 2139/2570/2349 2140/2571/2349
f 2679/3110/2350 2680/3111/2350 2140/2571/2350 2141/2572/2350
f 2133/2564/2351 2679/3110/2351 2141/2572/2351 1972/2403/2351
f 2134/2565/2352 2676/3107/2352 2679/3110/2352 2133/2564/2352
f 2135/2566/2353 2673/3104/2353 2676/3107/2353 2134/2565/2353
f 2682/3113/2354 2683/3114/2354 2686/3117/2354 2685/3116/2354
f 2683/3114/2355 2684/3115/2355 2687/3118/2355 2686/3117/2355
f 2685/3116/2356 2686/3117/2356 2689/3120/2356 2688/3119/2356
f 2686/3117/2357 2687/3118/2357 2690/3121/2357 2689/3120/2357
f 1968/2399/2358 2142/2573/2358 2682/3113/2358 2094/2525/2358
f 2142/2573/2359 2143/2574/2359 2683/3114/2359 2682/3113/2359
f 2143/2574/2360 2144/2575/2360 2684/3115/2360 2683/3114/2360
f 2144/2575/2361 1973/2404/2361 2135/2566/2361 2684/3115/2361
f 2684/3115/2362 2135/2566/2362 2134/2565/2362 2687/3118/2362
f 2687/3118/2363 2134/2565/2363 2133/2564/2363 2690/3121/2363
f 2690/3121/2364 2133/2564/2364 1972/2403/2364 2145/2576/2364
f 2689/3120/2365 2690/3121/2365 2145/2576/2365 2146/2577/2365
f 2688/3119/2366 2689/3120/2366 2146/2577/2366 2147/2578/2366
f 2096/2527/2367 2688/3119/2367 2147/2578/2367 1969/2400/2367
f 2095/2526/2368 2685/3116/2368 2688/3119/2368 2096/2527/2368
f 2094/2525/2369 2682/3113/2369 2685/3116/2369 2095/2526/2369
f 2691/3122/2370 2692/3123/2370 2695/3126/2370 2694/3125/2370
f 2692/3123/2371 2693/3124/2371 2696/3127/2371 2695/3126/2371
f 2694/3125/2372 2695/3126/2372 2698/3129/2372 2697/3128/2372
f 2695/3126/2373 2696/3127/2373 2699/3130/2373 2698/3129/2373
f 1978/2409/2374 2148/2579/2374 2691/3122/2374 2118/2549/2374
f 2148/2579/2375 2149/2580/2375 2692/3123/2375 2691/3122/2375
f 2149/2580/2376 2150/2581/2376 2693/3124/2376 2692/3123/2376
f 2150/2581/2377 1971/2402/2377 2108/2539/2377 2693/3124/2377
f 2693/3124/2378 2108/2539/2378 2107/2538/2378 2696/3127/2378
f 2696/3127/2379 2107/2538/2379 2106/2537/2379 2699/3130/2379
f 2699/3130/2380 2106/2537/2380 1970/2401/2380 2151/2582/2380
f 2698/3129/2381 2699/3130/2381 2151/2582/2381 2152/2583/2381
f 2697/3128/2382 2698/3129/2382 2152/2583/2382 2153/2584/2382
f 2120/2551/2383 2697/3128/2383 2153/2584/2383 1979/2410/2383
f 2119/2550/2384 2694/3125/2384 2697/3128/2384 2120/2551/2384
f 2118/2549/2385 2691/3122/2385 2694/3125/2385 2119/2550/2385
f 2700/3131/2386 2701/3132/2386 2704/3135/2386 2703/3134/2386
f 2701/3132/2387 2702/3133/2387 2705/3136/2387 2704/3135/2387
f 2703/3134/2388 2704/3135/2388 2707/3138/2388 2706/3137/2388
f 2704/3135/2389 2705/3136/2389 2708/3139/2389 2707/3138/2389
f 1956/2387/2390 2187/2618/2390 2700/3131/2390 2327/2758/2390
f 2187/2618/2391 2188/2619/2391 2701/3132/2391 2700/3131/2391
f 2188/2619/2392 2189/2620/2392 2702/3133/2392 2701/3132/2392
f 2189/2620/2393 1961/2392/2393 2322/2753/2393 2702/3133/2393
f 2702/3133/2394 2322/2753/2394 2323/2754/2394 2705/3136/2394
f 2705/3136/2395 2323/2754/2395 2324/2755/2395 2708/3139/2395
f 2708/3139/2396 2324/2755/2396 1985/2416/2396 2309/2740/2396
f 2707/3138/2397 2708/3139/2397 2309/2740/2397 2308/2739/2397
f 2706/3137/2398 2707/3138/2398 2308/2739/2398 2307/2738/2398
f 2325/2756/2399 2706/3137/2399 2307/2738/2399 1980/2411/2399
f 2326/2757/2400 2703/3134/2400 2706/3137/2400 2325/2756/2400
f 2327/2758/2401 2700/3131/2401 2703/3134/2401 2326/2757/2401
f 2709/3140/2402 2710/3141/2402 2713/3144/2402 2712/3143/2402
f 2710/3141/2403 2711/3142/2403 2714/3145/2403 2713/3144/2403
f 2712/3143/2404 2713/3144/2404 2716/3147/2404 2715/3146/2404
f 2713/3144/2405 2714/3145/2405 2717/3148/2405 2716/3147/2405
f 1964/2395/2406 2166/2597/2406 2709/3140/2406 2321/2752/2406
f 2166/2597/2407 2167/2598/2407 2710/3141/2407 2709/3140/2407
f 2167/2598/2408 2168/2599/2408 2711/3142/2408 2710/3141/2408
f 2168/2599/2409 1962/2393/2409 2318/2749/2409 2711/3142/2409
f 2711/3142/2410 2318/2749/2410 2317/2748/2410 2714/3145/2410
f 2714/3145/2411 2317/2748/2411 2316/2747/2411 2717/3148/2411
f 2717/3148/2412 2316/2747/2412 1986/2417/2412 2288/2719/2412
f 2716/3147/2413 2717/3148/2413 2288/2719/2413 2287/2718/2413
f 2715/3146/2414 2716/3147/2414 2287/2718/2414 2286/2717/2414
f 2319/2750/2415 2715/3146/2415 2286/2717/2415 1988/2419/2415
f 2320/2751/2416 2712/3143/2416 2715/3146/2416 2319/2750/2416
f 2321/2752/2417 2709/3140/2417 2712/3143/2417 2320/2751/2417
f 2718/3149/2418 2719/3150/2418 2722/3153/2418 2721/3152/2418
f 2719/3150/2419 2720/3151/2419 2723/3154/2419 2722/3153/2419
f 2721/3152/2420 2722/3153/2420 2725/3156/2420 2724/3155/2420
f 2722/3153/2421 2723/3154/2421 2726/3157/2421 2725/3156/2421
f 1962/2393/2422 2175/2606/2422 2718/3149/2422 2318/2749/2422
f 2175/2606/2423 2176/2607/2423 2719/3150/2423 2718/3149/2423
f 2176/2607/2424 2177/2608/2424 2720/3151/2424 2719/3150/2424
f 2177/2608/2425 1960/2391/2425 2156/2587/2425 2720/3151/2425
f 2720/3151/2426 2156/2587/2426 2155/2586/2426 2723/3154/2426
f 2723/3154/2427 2155/2586/2427 2154/2585/2427 2726/3157/2427
f 2726/3157/2428 2154/2585/2428 1984/2415/2428 2297/2728/2428
f 2725/3156/2429 2726/3157/2429 2297/2728/2429 2296/2727/2429
f 2724/3155/2430 2725/3156/2430 2296/2727/2430 2295/2726/2430
f 2316/2747/2431 2724/3155/2431 2295/2726/2431 1986/2417/2431
f 2317/2748/2432 2721/3152/2432 2724/3155/2432 2316/2747/2432
f 2318/2749/2433 2718/3149/2433 2721/3152/2433 2317/2748/2433
f 2727/3158/2434 2728/3159/2434 2731/3162/2434 2730/3161/2434
f 2728/3159/2435 2729/3160/2435 2732/3163/2435 2731/3162/2435
f 2730/3161/2436 2731/3162/2436 2734/3165/2436 2733/3164/2436
f 2731/3162/2437 2732/3163/2437 2735/3166/2437 2734/3165/2437
f 1960/2391/2438 2184/2615/2438 2727/3158/2438 2156/2587/2438
f 2184/2615/2439 2185/2616/2439 2728/3159/2439 2727/3158/2439
f 2185/2616/2440 2186/2617/2440 2729/3160/2440 2728/3159/2440
f 2186/2617/2441 1957/2388/2441 2160/2591/2441 2729/3160/2441
f 2729/3160/2442 2160/2591/2442 2161/2592/2442 2732/3163/2442
f 2732/3163/2443 2161/2592/2443 2162/2593/2443 2735/3166/2443
f 2735/3166/2444 2162/2593/2444 1981/2412/2444 2306/2737/2444
f 2734/3165/2445 2735/3166/2445 2306/2737/2445 2305/2736/2445
f 2733/3164/2446 2734/3165/2446 2305/2736/2446 2304/2735/2446
f 2154/2585/2447 2733/3164/2447 2304/2735/2447 1984/2415/2447
f 2155/2586/2448 2730/3161/2448 2733/3164/2448 2154/2585/2448
f 2156/2587/2449 2727/3158/2449 2730/3161/2449 2155/2586/2449
f 2736/3167/2450 2737/3168/2450 2740/3171/2450 2739/3170/2450
f 2737/3168/2451 2738/3169/2451 2741/3172/2451 2740/3171/2451
f 2739/3170/2452 2740/3171/2452 2743/3174/2452 2742/3173/2452
f 2740/3171/2453 2741/3172/2453 2744/3175/2453 2743/3174/2453
f 1965/2396/2454 2163/2594/2454 2736/3167/2454 2171/2602/2454
f 2163/2594/2455 2164/2595/2455 2737/3168/2455 2736/3167/2455
f 2164/2595/2456 2165/2596/2456 2738/3169/2456 2737/3168/2456
f 2165/2596/2457 1966/2397/2457 2178/2609/2457 2738/3169/2457
f 2738/3169/2458 2178/2609/2458 2179/2610/2458 2741/3172/2458
f 2741/3172/2459 2179/2610/2459 2180/2611/2459 2744/3175/2459
f 2744/3175/2460 2180/2611/2460 1990/2421/2460 2285/2716/2460
f 2743/3174/2461 2744/3175/2461 2285/2716/2461 2284/2715/2461
f 2742/3173/2462 2743/3174/2462 2284/2715/2462 2283/2714/2462
f 2169/2600/2463 2742/3173/2463 2283/2714/2463 1989/2420/2463
f 2170/2601/2464 2739/3170/2464 2742/3173/2464 2169/2600/2464
f 2171/2602/2465 2736/3167/2465 2739/3170/2465 2170/2601/2465
f 2745/3176/2466 2746/3177/2466 2749/3180/2466 2748/3179/2466
f 2746/3177/2467 2747/3178/2467 2750/3181/2467 2749/3180/2467
f 2748/3179/2468 2749/3180/2468 2752/3183/2468 2751/3182/2468
f 2749/3180/2469 2750/3181/2469 2753/3184/2469 2752/3183/2469
f 1957/2388/2470 2196/2627/2470 2745/3176/2470 2091/2522/2470
f 2196/2627/2471 2197/2628/2471 2746/3177/2471 2745/3176/2471
f 2197/2628/2472 2198/2629/2472 2747/3178/2472 2746/3177/2472
f 2198/2629/2473 1933/2364/2473 2057/2488/2473 2747/3178/2473
f 2747/3178/2474 2057/2488/2474 2056/2487/2474 2750/3181/2474
f 2750/3181/2475 2056/2487/2475 2055/2486/2475 2753/3184/2475
f 2753/3184/2476 2055/2486/2476 1945/2376/2476 2199/2630/2476
f 2752/3183/2477 2753/3184/2477 2199/2630/2477 2200/2631/2477
f 2751/3182/2478 2752/3183/2478 2200/2631/2478 2201/2632/2478
f 2093/2524/2479 2751/3182/2479 2201/2632/2479 1968/2399/2479
f 2092/2523/2480 2748/3179/2480 2751/3182/2480 2093/2524/2480
f 2091/2522/2481 2745/3176/2481 2748/3179/2481 2092/2523/2481
f 2754/3185/2482 2755/3186/2482 2758/3189/2482 2757/3188/2482
f 2755/3186/2483 2756/3187/2483 2759/3190/2483 2758/3189/2483
f 2757/3188/2484 2758/3189/2484 2761/3192/2484 2760/3191/2484
f 2758/3189/2485 2759/3190/2485 2762/3193/2485 2761/3192/2485
f 1991/2422/2486 2277/2708/2486 2754/3185/2486 2276/2707/2486
f 2277/2708/2487 2278/2709/2487 2755/3186/2487 2754/3185/2487
f 2278/2709/2488 2279/2710/2488 2756/3187/2488 2755/3186/2488
f 2279/2710/2489 1988/2419/2489 2280/2711/2489 2756/3187/2489
f 2756/3187/2490 2280/2711/2490 2281/2712/2490 2759/3190/2490
f 2759/3190/2491 2281/2712/2491 2282/2713/2491 2762/3193/2491
f 2762/3193/2492 2282/2713/2492 1989/2420/2492 2283/2714/2492
f 2761/3192/2493 2762/3193/2493 2283/2714/2493 2284/2715/2493
f 2760/3191/2494 2761/3192/2494 2284/2715/2494 2285/2716/2494
f 2274/2705/2495 2760/3191/2495 2285/2716/2495 1990/2421/2495
f 2275/2706/2496 2757/3188/2496 2760/3191/2496 2274/2705/2496
f 2276/2707/2497 2754/3185/2497 2757/3188/2497 2275/2706/2497
f 2763/3194/2498 2764/3195/2498 2767/3198/2498 2766/3197/2498
f 2764/3195/2499 2765/3196/2499 2768/3199/2499 2767/3198/2499
f 2766/3197/2500 2767/3198/2500 2770/3201/2500 2769/3200/2500
f 2767/3198/2501 2768/3199/2501 2771/3202/2501 2770/3201/2501
f 1988/2419/2502 2286/2717/2502 2763/3194/2502 2280/2711/2502
f 2286/2717/2503 2287/2718/2503 2764/3195/2503 2763/3194/2503
f 2287/2718/2504 2288/2719/2504 2765/3196/2504 2764/3195/2504
f 2288/2719/2505 1986/2417/2505 2289/2720/2505 2765/3196/2505
f 2765/3196/2506 2289/2720/2506 2290/2721/2506 2768/3199/2506
f 2768/3199/2507 2290/2721/2507 2291/2722/2507 2771/3202/2507
f 2771/3202/2508 2291/2722/2508 1987/2418/2508 2292/2723/2508
f 2770/3201/2509 2771/3202/2509 2292/2723/2509 2293/2724/2509
f 2769/3200/2510 2770/3201/2510 2293/2724/2510 2294/2725/2510
f 2282/2713/2511 2769/3200/2511 2294/2725/2511 1989/2420/2511
f 2281/2712/2512 2766/3197/2512 2769/3200/2512 2282/2713/2512
f 2280/2711/2513 2763/3194/2513 2766/3197/2513 2281/2712/2513
f 2772/3203/2514 2773/3204/2514 2776/3207/2514 2775/3206/2514
f 2773/3204/2515 2774/3205/2515 2777/3208/2515 2776/3207/2515
f 2775/3206/2516 2776/3207/2516 2779/3210/2516 2778/3209/2516
f 2776/3207/2517 2777/3208/2517 2780/3211/2517 2779/3210/2517
f 1986/2417/2518 2295/2726/2518 2772/3203/2518 2289/2720/2518
f 2295/2726/2519 2296/2727/2519 2773/3204/2519 2772/3203/2519
f 2296/2727/2520 2297/2728/2520 2774/3205/2520 2773/3204/2520
f 2297/2728/2521 1984/2415/2521 2298/2729/2521 2774/3205/2521
f 2774/3205/2522 2298/2729/2522 2299/2730/2522 2777/3208/2522
f 2777/3208/2523 2299/2730/2523 2300/2731/2523 2780/3211/2523
f 2780/3211/2524 2300/2731/2524 1985/2416/2524 2301/2732/2524
f 2779/3210/2525 2780/3211/2525 2301/2732/2525 2302/2733/2525
f 2778/3209/2526 2779/3210/2526 2302/2733/2526 2303/2734/2526
f 2291/2722/2527 2778/3209/2527 2303/2734/2527 1987/2418/2527
f 2290/2721/2528 2775/3206/2528 2778/3209/2528 2291/2722/2528
f 2289/2720/2529 2772/3203/2529 2775/3206/2529 2290/2721/2529
f 2781/3212/2530 2782/3213/2530 2785/3216/2530 2784/3215/2530
f 2782/3213/2531 2783/3214/2531 2786/3217/2531 2785/3216/2531
f 2784/3215/2532 2785/3216/2532 2788/3219/2532 2787/3218/2532
f 2785/3216/2533 2786/3217/2533 2789/3220/2533 2788/3219/2533
f 1984/2415/2534 2304/2735/2534 2781/3212/2534 2298/2729/2534
f 2304/2735/2535 2305/2736/2535 2782/3213/2535 2781/3212/2535
f 2305/2736/2536 2306/2737/2536 2783/3214/2536 2782/3213/2536
f 2306/2737/2537 1981/2412/2537 2270/2701/2537 2783/3214/2537
f 2783/3214/2538 2270/2701/2538 2269/2700/2538 2786/3217/2538
f 2786/3217/2539 2269/2700/2539 2268/2699/2539 2789/3220/2539
f 2789/3220/2540 2268/2699/2540 1980/2411/2540 2307/2738/2540
f 2788/3219/2541 2789/3220/2541 2307/2738/2541 2308/2739/2541
f 2787/3218/2542 2788/3219/2542 2308/2739/2542 2309/2740/2542
f 2300/2731/2543 2787/3218/2543 2309/2740/2543 1985/2416/2543
f 2299/2730/2544 2784/3215/2544 2787/3218/2544 2300/2731/2544
f 2298/2729/2545 2781/3212/2545 2784/3215/2545 2299/2730/2545
f 2790/3221/2546 2791/3222/2546 2794/3225/2546 2793/3224/2546
f 2791/3222/2547 2792/3223/2547 2795/3226/2547 2794/3225/2547
f 2793/3224/2548 2794/3225/2548 2797/3228/2548 2796/3227/2548
f 2794/3225/2549 2795/3226/2549 2798/3229/2549 2797/3228/2549
f 1982/2413/2550 2310/2741/2550 2790/3221/2550 2271/2702/2550
f 2310/2741/2551 2311/2742/2551 2791/3222/2551 2790/3221/2551
f 2311/2742/2552 2312/2743/2552 2792/3223/2552 2791/3222/2552
f 2312/2743/2553 1991/2422/2553 2276/2707/2553 2792/3223/2553
f 2792/3223/2554 2276/2707/2554 2275/2706/2554 2795/3226/2554
f 2795/3226/2555 2275/2706/2555 2274/2705/2555 2798/3229/2555
f 2798/3229/2556 2274/2705/2556 1990/2421/2556 2313/2744/2556
f 2797/3228/2557 2798/3229/2557 2313/2744/2557 2314/2745/2557
f 2796/3227/2558 2797/3228/2558 2314/2745/2558 2315/2746/2558
f 2273/2704/2559 2796/3227/2559 2315/2746/2559 1983/2414/2559
f 2272/2703/2560 2793/3224/2560 2796/3227/2560 2273/2704/2560
f 2271/2702/2561 2790/3221/2561 2793/3224/2561 2272/2703/2561
f 2799/3230/2562 2800/3231/2562 2803/3234/2562 2802/3233/2562
f 2800/3231/2563 2801/3232/2563 2804/3235/2563 2803/3234/2563
f 2802/3233/2564 2803/3234/2564 2806/3237/2564 2805/3236/2564
f 2803/3234/2565 2804/3235/2565 2807/3238/2565 2806/3237/2565
f 1967/2398/2566 2157/2588/2566 2799/3230/2566 2330/2761/2566
f 2157/2588/2567 2158/2589/2567 2800/3231/2567 2799/3230/2567
f 2158/2589/2568 2159/2590/2568 2801/3232/2568 2800/3231/2568
f 2159/2590/2569 1964/2395/2569 2321/2752/2569 2801/3232/2569
f 2801/3232/2570 2321/2752/2570 2320/2751/2570 2804/3235/2570
f 2804/3235/2571 2320/2751/2571 2319/2750/2571 2807/3238/2571
f 2807/3238/2572 2319/2750/2572 1988/2419/2572 2279/2710/2572
f 2806/3237/2573 2807/3238/2573 2279/2710/2573 2278/2709/2573
f 2805/3236/2574 2806/3237/2574 2278/2709/2574 2277/2708/2574
f 2328/2759/2575 2805/3236/2575 2277/2708/2575 1991/2422/2575
f 2329/2760/2576 2802/3233/2576 2805/3236/2576 2328/2759/2576
f 2330/2761/2577 2799/3230/2577 2802/3233/2577 2329/2760/2577
f 2808/3239/2578 2809/3240/2578 2812/3243/2578 2811/3242/2578
f 2809/3240/2579 2810/3241/2579 2813/3244/2579 2812/3243/2579
f 2811/3242/2580 2812/3243/2580 2815/3246/2580 2814/3245/2580
f 2812/3243/2581 2813/3244/2581 2816/3247/2581 2815/3246/2581
f 1958/2389/2582 2190/2621/2582 2808/3239/2582 2333/2764/2582
f 2190/2621/2583 2191/2622/2583 2809/3240/2583 2808/3239/2583
f 2191/2622/2584 2192/2623/2584 2810/3241/2584 2809/3240/2584
f 2192/2623/2585 1967/2398/2585 2330/2761/2585 2810/3241/2585
f 2810/3241/2586 2330/2761/2586 2329/2760/2586 2813/3244/2586
f 2813/3244/2587 2329/2760/2587 2328/2759/2587 2816/3247/2587
f 2816/3247/2588 2328/2759/2588 1991/2422/2588 2312/2743/2588
f 2815/3246/2589 2816/3247/2589 2312/2743/2589 2311/2742/2589
f 2814/3245/2590 2815/3246/2590 2311/2742/2590 2310/2741/2590
f 2331/2762/2591 2814/3245/2591 2310/2741/2591 1982/2413/2591
f 2332/2763/2592 2811/3242/2592 2814/3245/2592 2331/2762/2592
f 2333/2764/2593 2808/3239/2593 2811/3242/2593 2332/2763/2593
f 2817/3248/2594 2818/3249/2594 2821/3252/2594 2820/3251/2594
f 2818/3249/2595 2819/3250/2595 2822/3253/2595 2821/3252/2595
f 2820/3251/2596 2821/3252/2596 2824/3255/2596 2823/3254/2596
f 2821/3252/2597 2822/3253/2597 2825/3256/2597 2824/3255/2597
f 1957/2388/2598 2090/2521/2598 2817/3248/2598 2160/2591/2598
f 2090/2521/2599 2089/2520/2599 2818/3249/2599 2817/3248/2599
f 2089/2520/2600 2088/2519/2600 2819/3250/2600 2818/3249/2600
f 2088/2519/2601 1956/2387/2601 2327/2758/2601 2819/3250/2601
f 2819/3250/2602 2327/2758/2602 2326/2757/2602 2822/3253/2602
f 2822/3253/2603 2326/2757/2603 2325/2756/2603 2825/3256/2603
f 2825/3256/2604 2325/2756/2604 1980/2411/2604 2268/2699/2604
f 2824/3255/2605 2825/3256/2605 2268/2699/2605 2269/2700/2605
f 2823/3254/2606 2824/3255/2606 2269/2700/2606 2270/2701/2606
f 2162/2593/2607 2823/3254/2607 2270/2701/2607 1981/2412/2607
f 2161/2592/2608 2820/3251/2608 2823/3254/2608 2162/2593/2608
f 2160/2591/2609 2817/3248/2609 2820/3251/2609 2161/2592/2609
f 2826/3257/2610 2827/3258/2610 2830/3261/2610 2829/3260/2610
f 2827/3258/2611 2828/3259/2611 2831/3262/2611 2830/3261/2611
f 2829/3260/2612 2830/3261/2612 2833/3264/2612 2832/3263/2612
f 2830/3261/2613 2831/3262/2613 2834/3265/2613 2833/3264/2613
f 1961/2392/2614 2181/2612/2614 2826/3257/2614 2322/2753/2614
f 2181/2612/2615 2182/2613/2615 2827/3258/2615 2826/3257/2615
f 2182/2613/2616 2183/2614/2616 2828/3259/2616 2827/3258/2616
f 2183/2614/2617 1963/2394/2617 2334/2765/2617 2828/3259/2617
f 2828/3259/2618 2334/2765/2618 2335/2766/2618 2831/3262/2618
f 2831/3262/2619 2335/2766/2619 2336/2767/2619 2834/3265/2619
f 2834/3265/2620 2336/2767/2620 1987/2418/2620 2303/2734/2620
f 2833/3264/2621 2834/3265/2621 2303/2734/2621 2302/2733/2621
f 2832/3263/2622 2833/3264/2622 2302/2733/2622 2301/2732/2622
f 2324/2755/2623 2832/3263/2623 2301/2732/2623 1985/2416/2623
f 2323/2754/2624 2829/3260/2624 2832/3263/2624 2324/2755/2624
f 2322/2753/2625 2826/3257/2625 2829/3260/2625 2323/2754/2625
f 2835/3266/2626 2836/3267/2626 2839/3270/2626 2838/3269/2626
f 2836/3267/2627 2837/3268/2627 2840/3271/2627 2839/3270/2627
f 2838/3269/2628 2839/3270/2628 2842/3273/2628 2841/3272/2628
f 2839/3270/2629 2840/3271/2629 2843/3274/2629 2842/3273/2629
f 1959/2390/2630 2102/2533/2630 2835/3266/2630 2339/2770/2630
f 2102/2533/2631 2101/2532/2631 2836/3267/2631 2835/3266/2631
f 2101/2532/2632 2100/2531/2632 2837/3268/2632 2836/3267/2632
f 2100/2531/2633 1958/2389/2633 2333/2764/2633 2837/3268/2633
f 2837/3268/2634 2333/2764/2634 2332/2763/2634 2840/3271/2634
f 2840/3271/2635 2332/2763/2635 2331/2762/2635 2843/3274/2635
f 2843/3274/2636 2331/2762/2636 1982/2413/2636 2271/2702/2636
f 2842/3273/2637 2843/3274/2637 2271/2702/2637 2272/2703/2637
f 2841/3272/2638 2842/3273/2638 2272/2703/2638 2273/2704/2638
f 2337/2768/2639 2841/3272/2639 2273/2704/2639 1983/2414/2639
f 2338/2769/2640 2838/3269/2640 2841/3272/2640 2337/2768/2640
f 2339/2770/2641 2835/3266/2641 2838/3269/2641 2338/2769/2641
f 2844/3275/2642 2845/3276/2642 2848/3279/2642 2847/3278/2642
f 2845/3276/2643 2846/3277/2643 2849/3280/2643 2848/3279/2643
f 2847/3278/2644 2848/3279/2644 2851/3282/2644 2850/3281/2644
f 2848/3279/2645 2849/3280/2645 2852/3283/2645 2851/3282/2645
f 1963/2394/2646 2172/2603/2646 2844/3275/2646 2334/2765/2646
f 2172/2603/2647 2173/2604/2647 2845/3276/2647 2844/3275/2647
f 2173/2604/2648 2174/2605/2648 2846/3277/2648 2845/3276/2648
f 2174/2605/2649 1965/2396/2649 2171/2602/2649 2846/3277/2649
f 2846/3277/2650 2171/2602/2650 2170/2601/2650 2849/3280/2650
f 2849/3280/2651 2170/2601/2651 2169/2600/2651 2852/3283/2651
f 2852/3283/2652 2169/2600/2652 1989/2420/2652 2294/2725/2652
f 2851/3282/2653 2852/3283/2653 2294/2725/2653 2293/2724/2653
f 2850/3281/2654 2851/3282/2654 2293/2724/2654 2292/2723/2654
f 2336/2767/2655 2850/3281/2655 2292/2723/2655 1987/2418/2655
f 2335/2766/2656 2847/3278/2656 2850/3281/2656 2336/2767/2656
f 2334/2765/2657 2844/3275/2657 2847/3278/2657 2335/2766/2657
f 2853/3284/2658 2854/3285/2658 2857/3288/2658 2856/3287/2658
f 2854/3285/2659 2855/3286/2659 2858/3289/2659 2857/3288/2659
f 2856/3287/2660 2857/3288/2660 2860/3291/2660 2859/3290/2660
f 2857/3288/2661 2858/3289/2661 2861/3292/2661 2860/3291/2661
f 1966/2397/2662 2193/2624/2662 2853/3284/2662 2178/2609/2662
f 2193/2624/2663 2194/2625/2663 2854/3285/2663 2853/3284/2663
f 2194/2625/2664 2195/2626/2664 2855/3286/2664 2854/3285/2664
f 2195/2626/2665 1959/2390/2665 2339/2770/2665 2855/3286/2665
f 2855/3286/2666 2339/2770/2666 2338/2769/2666 2858/3289/2666
f 2858/3289/2667 2338/2769/2667 2337/2768/2667 2861/3292/2667
f 2861/3292/2668 2337/2768/2668 1983/2414/2668 2315/2746/2668
f 2860/3291/2669 2861/3292/2669 2315/2746/2669 2314/2745/2669
f 2859/3290/2670 2860/3291/2670 2314/2745/2670 2313/2744/2670
f 2180/2611/2671 2859/3290/2671 2313/2744/2671 1990/2421/2671
f 2179/2610/2672 2856/3287/2672 2859/3290/2672 2180/2611/2672
f 2178/2609/2673 2853/3284/2673 2856/3287/2673 2179/2610/2673
o Plane.004
v -1.574309 3.447607 -9.988225
v -1.724838 3.448902 -9.873188
v -0.961694 3.427715 -9.240952
v -1.163166 3.439948 -9.096488
v -0.925374 3.469089 -9.453115
v -1.098397 3.522963 -9.585019
v -1.141915 3.544650 -9.819366
v -1.404306 3.520762 -9.902807
v -1.669793 3.528983 -9.706078
v -1.653449 3.566381 -9.445724
v -1.439702 3.540891 -9.338303
v -1.372106 3.495534 -9.132347
v -1.574617 3.434940 -9.988533
v -1.725147 3.436235 -9.873495
v -0.963325 3.412887 -9.245762
v -1.168422 3.425355 -9.098708
v -0.929319 3.449744 -9.457833
v -1.101249 3.508707 -9.587914
v -1.145217 3.524366 -9.822694
v -1.405818 3.505547 -9.904322
v -1.671305 3.513767 -9.707592
v -1.656751 3.546098 -9.449052
v -1.442554 3.526635 -9.341197
v -1.376857 3.476242 -9.136490
v -1.648383 3.434543 -9.968552
v -1.690499 3.434725 -9.936165
v -1.062476 3.428479 -9.134924
v -1.030711 3.426505 -9.157671
v -1.572669 3.531981 -9.776174
v -1.498292 3.529733 -9.831352
v -1.459671 3.570475 -9.582874
v -1.328392 3.564773 -9.678669
v -1.311759 3.538664 -9.428380
v -1.222810 3.533914 -9.492621
v -1.090019 3.483083 -9.332072
v -1.203856 3.489909 -9.250390
v -1.685612 3.423572 -9.927069
v -1.639303 3.423353 -9.962657
v -1.032978 3.410604 -9.175953
v -1.080418 3.413566 -9.141989
v -1.504980 3.509871 -9.830437
v -1.570490 3.511868 -9.781856
v -1.339521 3.537529 -9.679545
v -1.458728 3.542666 -9.592529
v -1.231407 3.515615 -9.493994
v -1.311736 3.519880 -9.435960
v -1.206527 3.463550 -9.259996
v -1.100478 3.457207 -9.336101
v -1.642548 3.443828 -9.936182
v -1.657000 3.443928 -9.925109
v -1.065157 3.429653 -9.163871
v -1.056754 3.429118 -9.169880
v -1.544529 3.521256 -9.797136
v -1.526796 3.520753 -9.810330
v -1.405873 3.559549 -9.621802
v -1.381730 3.558420 -9.639358
v -1.276121 3.526576 -9.454229
v -1.258881 3.525605 -9.466645
v -1.137033 3.475296 -9.298481
v -1.157441 3.476577 -9.283875
v -1.466773 3.501963 -9.925821
v -1.516294 3.480635 -9.951814
v -1.552705 3.460896 -9.974466
v -1.323612 3.479781 -9.105569
v -1.262168 3.463679 -9.094448
v -1.203291 3.449446 -9.093392
v -0.945322 3.433896 -9.278440
v -0.926596 3.443595 -9.335256
v -0.916482 3.455556 -9.397820
v -0.959721 3.483490 -9.491621
v -1.009466 3.497882 -9.519618
v -1.060420 3.511347 -9.547340
v -1.113978 3.532001 -9.639441
v -1.116813 3.538485 -9.703606
v -1.121319 3.542630 -9.767063
v -1.188811 3.544524 -9.853106
v -1.255390 3.541296 -9.873055
v -1.330830 3.533773 -9.887018
v -1.714134 3.462791 -9.851653
v -1.697121 3.483772 -9.815320
v -1.679935 3.507152 -9.766458
v -1.671180 3.545984 -9.636413
v -1.676226 3.557708 -9.564395
v -1.673968 3.564420 -9.498130
v -1.607927 3.563995 -9.412180
v -1.547551 3.558220 -9.390098
v -1.486686 3.550153 -9.368973
v -1.416187 3.531246 -9.291057
v -1.406617 3.520885 -9.234094
v -1.396690 3.509187 -9.177746
v -1.467820 3.486976 -9.926868
v -1.516986 3.465700 -9.952504
v -1.553151 3.446785 -9.974911
v -1.328912 3.459949 -9.109641
v -1.267800 3.444560 -9.098102
v -1.208900 3.432384 -9.096315
v -0.947703 3.416623 -9.283669
v -0.929817 3.424319 -9.340631
v -0.920247 3.435624 -9.402988
v -0.963514 3.465645 -9.495777
v -1.012912 3.481839 -9.523212
v -1.063497 3.496727 -9.550479
v -1.116865 3.516630 -9.642365
v -1.119891 3.521148 -9.706717
v -1.124588 3.523359 -9.770362
v -1.191875 3.524757 -9.856192
v -1.258007 3.523068 -9.875686
v -1.332894 3.517323 -9.889091
v -1.714580 3.448681 -9.852098
v -1.697812 3.468837 -9.816011
v -1.680982 3.492165 -9.767505
v -1.673245 3.529534 -9.638485
v -1.678843 3.539480 -9.567026
v -1.677033 3.544652 -9.501215
v -1.611196 3.544725 -9.415479
v -1.550629 3.540883 -9.393209
v -1.489573 3.534782 -9.371896
v -1.419276 3.516627 -9.294187
v -1.410164 3.504848 -9.237617
v -1.400823 3.491364 -9.181660
v -1.683753 3.525256 -9.696506
v -1.688702 3.521000 -9.693611
v -1.684575 3.516932 -9.697330
v -1.732975 3.434104 -9.877644
v -1.736825 3.435538 -9.879692
v -1.732800 3.441669 -9.877470
v -1.081459 3.518301 -9.598561
v -1.076373 3.513924 -9.603643
v -1.083013 3.510502 -9.600138
v -0.905263 3.452449 -9.473515
v -0.896431 3.457180 -9.477839
v -0.903056 3.463029 -9.470983
v -1.155852 3.434383 -9.093952
v -1.152938 3.428754 -9.093292
v -1.158967 3.425747 -9.095265
v -1.399148 3.481676 -9.118881
v -1.405681 3.487310 -9.112170
v -1.396614 3.492234 -9.116583
v -1.681335 3.561527 -9.427061
v -1.691278 3.555891 -9.421491
v -1.683131 3.550430 -9.428869
v -1.116328 3.537541 -9.839775
v -1.108446 3.531154 -9.847230
v -1.118123 3.526444 -9.841584
v -0.962071 3.422580 -9.232879
v -0.962831 3.417151 -9.229568
v -0.963034 3.413804 -9.235727
v -1.458251 3.538082 -9.326184
v -1.464995 3.534322 -9.322714
v -1.459805 3.530283 -9.327761
v -1.577652 3.440489 -9.996207
v -1.579411 3.434420 -10.000252
v -1.577827 3.432924 -9.996382
v -1.392213 3.507872 -9.913964
v -1.387382 3.511660 -9.916883
v -1.391391 3.516196 -9.913141
v -1.671670 3.424052 -9.972249
v -1.684192 3.421267 -9.968304
v -1.690548 3.424101 -9.957697
v -1.703219 3.421565 -9.947550
v -1.705641 3.415068 -9.949284
v -1.699960 3.415145 -9.942772
v -1.673298 3.423609 -9.936512
v -1.662430 3.423592 -9.944861
v -1.651576 3.423510 -9.953211
v -1.653892 3.415049 -9.978311
v -1.659991 3.415017 -9.984549
v -1.658533 3.421484 -9.982038
v -1.043643 3.421422 -9.130238
v -1.036054 3.419371 -9.130877
v -1.032860 3.420743 -9.137954
v -1.025426 3.417798 -9.145232
v -1.024879 3.411959 -9.144803
v -1.027289 3.409164 -9.154810
v -1.045622 3.411462 -9.166877
v -1.056670 3.412179 -9.158962
v -1.067732 3.412848 -9.151052
v -1.062397 3.411392 -9.129699
v -1.053477 3.413789 -9.124358
v -1.053196 3.419559 -9.125368
v -1.253898 3.517325 -9.477596
v -1.271378 3.518431 -9.464922
v -1.288956 3.519194 -9.452274
v -1.283156 3.508087 -9.392776
v -1.258274 3.494405 -9.347610
v -1.233821 3.479378 -9.302629
v -1.176613 3.462085 -9.281372
v -1.153379 3.460795 -9.298010
v -1.130207 3.459298 -9.314667
v -1.131110 3.473283 -9.376370
v -1.165135 3.488965 -9.414540
v -1.199564 3.503371 -9.452964
v -1.372838 3.540373 -9.654856
v -1.398625 3.541962 -9.635916
v -1.424661 3.542619 -9.617037
v -1.422959 3.540754 -9.551782
v -1.384360 3.536294 -9.513595
v -1.346197 3.529323 -9.475733
v -1.258714 3.525004 -9.539174
v -1.283679 3.531611 -9.586822
v -1.309537 3.535698 -9.634442
v -1.523013 3.511134 -9.816916
v -1.537511 3.511811 -9.806112
v -1.552121 3.512016 -9.795325
v -1.542678 3.527583 -9.733932
v -1.516498 3.537167 -9.685146
v -1.489374 3.541800 -9.637383
v -1.375920 3.537090 -9.720349
v -1.417249 3.533262 -9.757916
v -1.461079 3.524654 -9.794021
v -1.662493 3.441223 -9.901532
v -1.633319 3.464755 -9.867552
v -1.601511 3.489769 -9.827027
v -1.546626 3.488492 -9.868126
v -1.584102 3.463985 -9.904795
v -1.615598 3.440791 -9.937341
v -1.174324 3.447629 -9.221654
v -1.139946 3.432976 -9.188653
v -1.107332 3.421113 -9.161821
v -1.042511 3.417129 -9.208269
v -1.056514 3.427908 -9.248475
v -1.075624 3.441685 -9.292458
v -1.547354 3.523833 -9.794943
v -1.551179 3.526849 -9.792023
v -1.558714 3.529750 -9.786419
v -1.232435 3.503554 -9.293117
v -1.257644 3.515897 -9.338799
v -1.282934 3.527435 -9.384774
v -1.678723 3.437899 -9.936401
v -1.671719 3.438810 -9.934817
v -1.664338 3.440794 -9.930527
v -1.190522 3.522196 -9.451297
v -1.155231 3.509892 -9.412377
v -1.120531 3.496890 -9.373443
v -1.346451 3.549770 -9.467845
v -1.384853 3.559690 -9.504960
v -1.423686 3.567050 -9.542409
v -1.255785 3.527938 -9.468786
v -1.250947 3.530621 -9.472200
v -1.241059 3.532873 -9.479332
v -1.298763 3.561436 -9.633415
v -1.273791 3.554483 -9.585705
v -1.249724 3.544960 -9.537964
v -1.490515 3.568819 -9.628222
v -1.517871 3.561852 -9.677039
v -1.544376 3.549573 -9.727099
v -1.114148 3.482300 -9.314689
v -1.127137 3.480188 -9.305400
v -1.133320 3.477577 -9.301049
v -1.453113 3.546298 -9.794307
v -1.407849 3.557504 -9.757693
v -1.365332 3.563586 -9.719737
v -1.604360 3.509505 -9.822284
v -1.636947 3.484300 -9.864459
v -1.666849 3.458900 -9.902062
v -1.615489 3.458427 -9.941281
v -1.580146 3.483426 -9.907458
v -1.540940 3.508057 -9.869804
v -1.096012 3.443362 -9.155081
v -1.132475 3.458863 -9.181037
v -1.169665 3.474732 -9.212855
v -1.066481 3.468513 -9.286872
v -1.049473 3.453832 -9.240559
v -1.037822 3.439806 -9.196792
v -1.701868 3.438864 -9.918513
v -1.713555 3.441643 -9.902561
v -1.721795 3.445135 -9.886391
v -1.722025 3.430346 -9.886589
v -1.713198 3.425630 -9.901957
v -1.699915 3.423774 -9.915614
v -1.627333 3.438487 -9.975765
v -1.608085 3.441011 -9.983469
v -1.589159 3.444163 -9.987940
v -1.425443 3.524719 -9.886485
v -1.451112 3.527716 -9.866936
v -1.476875 3.529479 -9.847459
v -1.624522 3.423387 -9.973521
v -1.607509 3.424996 -9.983031
v -1.589362 3.429374 -9.988160
v -1.594551 3.533080 -9.760210
v -1.621044 3.532950 -9.740982
v -1.647631 3.531586 -9.721826
v -1.052445 3.481907 -9.359261
v -1.007245 3.478939 -9.392179
v -0.962271 3.474544 -9.425304
v -0.977879 3.427675 -9.219206
v -0.998008 3.427839 -9.195589
v -1.016117 3.427807 -9.176167
v -0.979303 3.410721 -9.225221
v -0.999195 3.409477 -9.203621
v -1.017469 3.409684 -9.187522
v -1.333582 3.496545 -9.158704
v -1.287530 3.495575 -9.190953
v -1.241703 3.493178 -9.223411
v -1.084541 3.432031 -9.127150
v -1.108689 3.434632 -9.116273
v -1.137453 3.437408 -9.104813
v -1.096381 3.414580 -9.131007
v -1.117445 3.416759 -9.118896
v -1.144098 3.420792 -9.107098
v -1.183853 3.551579 -9.787201
v -1.234803 3.557656 -9.748708
v -1.285928 3.562260 -9.710370
v -1.503358 3.571594 -9.551625
v -1.556209 3.571373 -9.513989
v -1.609235 3.569679 -9.476508
v -1.126310 3.527284 -9.563832
v -1.160292 3.530817 -9.538548
v -1.194430 3.533160 -9.513401
v -1.340553 3.540896 -9.407817
v -1.375419 3.542156 -9.383069
v -1.410441 3.542226 -9.358458
v -1.649529 3.512024 -9.723852
v -1.622699 3.511436 -9.743626
v -1.594968 3.511539 -9.763948
v -1.481033 3.508044 -9.848414
v -1.453875 3.506233 -9.868755
v -1.427479 3.505161 -9.888409
v -0.967229 3.449656 -9.431530
v -1.013086 3.451522 -9.398963
v -1.059850 3.454365 -9.365397
v -1.247421 3.465537 -9.230760
v -1.294310 3.468222 -9.197068
v -1.339890 3.471745 -9.163964
v -1.293547 3.533376 -9.713692
v -1.240408 3.528937 -9.753070
v -1.188250 3.525503 -9.791472
v -1.613443 3.543594 -9.480918
v -1.560306 3.542583 -9.519449
v -1.505885 3.542471 -9.558651
v -1.200552 3.513211 -9.516514
v -1.164976 3.510731 -9.542385
v -1.130076 3.508966 -9.567540
v -1.414072 3.523901 -9.362263
v -1.379025 3.522010 -9.387682
v -1.343038 3.520743 -9.413549
v -1.651132 3.438730 -9.940059
v -1.658297 3.436186 -9.939818
v -1.659761 3.438786 -9.933444
v -1.059275 3.426417 -9.159157
v -1.054799 3.424695 -9.157877
v -1.054440 3.426110 -9.162615
v -1.141729 3.474027 -9.295179
v -1.147333 3.473857 -9.291188
v -1.152890 3.474728 -9.287191
v -1.186992 3.490316 -9.325913
v -1.216310 3.502957 -9.368675
v -1.245864 3.514908 -9.411626
v -1.272287 3.524797 -9.457049
v -1.267597 3.524012 -9.460447
v -1.262859 3.524266 -9.463840
v -1.228149 3.513860 -9.424347
v -1.197158 3.501786 -9.382403
v -1.166566 3.489045 -9.340539
v -1.307430 3.538070 -9.496129
v -1.339658 3.548313 -9.537673
v -1.372557 3.555931 -9.579389
v -1.400476 3.557734 -9.625787
v -1.393898 3.556906 -9.630589
v -1.387272 3.557117 -9.635387
v -1.349556 3.554814 -9.596080
v -1.318897 3.547263 -9.552709
v -1.288942 3.537088 -9.509483
v -1.439455 3.558023 -9.665256
v -1.473537 3.551129 -9.709351
v -1.508451 3.538871 -9.753505
v -1.540584 3.519583 -9.800133
v -1.535759 3.518925 -9.803742
v -1.530886 3.519307 -9.807348
v -1.489124 3.538176 -9.767744
v -1.451992 3.550241 -9.725119
v -1.415996 3.556978 -9.682356
v -1.581295 3.499031 -9.839203
v -1.615042 3.475913 -9.876830
v -1.641547 3.456165 -9.906787
v -1.625417 3.456021 -9.919109
v -1.597900 3.475688 -9.889851
v -1.563979 3.498687 -9.852235
v -1.078578 3.436334 -9.180233
v -1.100515 3.447664 -9.207948
v -1.127784 3.461770 -9.243575
v -1.109440 3.460612 -9.256700
v -1.085576 3.446718 -9.218635
v -1.067339 3.435620 -9.188271
v -1.410001 3.562218 -9.618714
v -1.416932 3.565285 -9.613626
v -1.431784 3.568216 -9.602893
v -1.278994 3.529241 -9.452069
v -1.283616 3.532428 -9.448651
v -1.293400 3.535711 -9.441561
v -1.512097 3.528369 -9.821036
v -1.519716 3.525940 -9.815413
v -1.523749 3.523162 -9.812503
v -1.647087 3.440691 -9.943762
v -1.650356 3.438697 -9.951223
v -1.650745 3.437758 -9.957895
v -1.160928 3.479305 -9.281287
v -1.166877 3.482642 -9.276932
v -1.179712 3.486280 -9.267676
v -1.061100 3.428677 -9.157191
v -1.058411 3.428719 -9.150513
v -1.058982 3.429412 -9.144283
v -1.355652 3.564840 -9.658393
v -1.370343 3.563161 -9.647544
v -1.377393 3.560700 -9.642429
v -1.051876 3.428090 -9.163789
v -1.046506 3.427969 -9.159031
v -1.040481 3.428258 -9.157529
v -1.115074 3.427775 -9.103060
v -1.086588 3.423986 -9.112010
v -1.067041 3.421601 -9.119867
v -1.109329 3.421279 -9.102580
v -1.081372 3.417033 -9.111000
v -1.064259 3.414901 -9.118356
v -1.118883 3.418703 -9.104218
v -1.091708 3.414368 -9.113358
v -1.074119 3.412268 -9.122009
v -0.950042 3.460820 -9.372295
v -0.954001 3.448144 -9.313534
v -0.965850 3.437067 -9.259780
v -0.991042 3.464919 -9.341850
v -0.987812 3.451383 -9.286983
v -0.991906 3.438881 -9.235692
v -1.032240 3.467581 -9.311692
v -1.021554 3.453331 -9.261204
v -1.017208 3.439804 -9.213563
v -1.161213 3.549172 -9.736498
v -1.152086 3.544220 -9.676623
v -1.144456 3.536875 -9.616196
v -1.209693 3.554882 -9.699932
v -1.194971 3.549151 -9.644364
v -1.181537 3.540963 -9.588428
v -1.258347 3.559168 -9.663521
v -1.238021 3.552749 -9.612251
v -1.218774 3.543811 -9.560799
v -1.089602 3.515676 -9.525306
v -1.042160 3.502600 -9.495009
v -0.995784 3.488680 -9.464493
v -1.125137 3.519184 -9.499023
v -1.081976 3.506432 -9.465664
v -1.039711 3.492904 -9.432154
v -1.160840 3.521485 -9.472889
v -1.121979 3.508992 -9.436484
v -1.083846 3.495770 -9.400002
v -1.677601 3.441267 -9.889777
v -1.692700 3.442414 -9.876324
v -1.705022 3.445376 -9.862505
v -1.650047 3.464625 -9.854911
v -1.668004 3.465047 -9.840784
v -1.684499 3.466522 -9.826965
v -1.621164 3.489515 -9.812469
v -1.643062 3.489547 -9.796161
v -1.664022 3.490311 -9.780381
v -1.361094 3.517499 -9.868480
v -1.395364 3.519379 -9.843081
v -1.430445 3.522063 -9.816918
v -1.293174 3.523726 -9.850060
v -1.335848 3.526370 -9.818520
v -1.379412 3.529912 -9.786119
v -1.232599 3.525755 -9.826581
v -1.281979 3.528969 -9.790155
v -1.332318 3.533159 -9.752788
v -1.566073 3.443814 -9.968292
v -1.583161 3.441276 -9.959824
v -1.600305 3.440517 -9.948759
v -1.531190 3.463901 -9.942730
v -1.549051 3.463067 -9.930665
v -1.567490 3.463292 -9.917336
v -1.484832 3.485972 -9.914372
v -1.505702 3.486251 -9.898906
v -1.527312 3.487293 -9.882703
v -1.165559 3.524399 -9.740731
v -1.215206 3.527614 -9.704269
v -1.265782 3.531787 -9.666874
v -1.156170 3.521937 -9.680614
v -1.200122 3.524653 -9.648464
v -1.244905 3.528233 -9.615467
v -1.148277 3.517123 -9.619942
v -1.186322 3.519282 -9.592291
v -1.225101 3.522209 -9.563878
v -1.093655 3.496890 -9.529330
v -1.130150 3.498578 -9.503207
v -1.167335 3.501001 -9.476341
v -1.046673 3.481979 -9.499640
v -1.087514 3.483784 -9.470520
v -1.129110 3.486398 -9.440578
v -1.000680 3.465734 -9.469896
v -1.045637 3.467662 -9.437909
v -1.091431 3.470491 -9.405005
v -1.722229 3.458232 -9.848535
v -1.706158 3.479876 -9.809600
v -1.690831 3.503489 -9.758938
v -1.725770 3.453197 -9.848544
v -1.709549 3.475402 -9.808150
v -1.694698 3.499273 -9.756676
v -1.722478 3.450472 -9.848783
v -1.706537 3.471723 -9.809978
v -1.691401 3.495293 -9.759507
v -0.937873 3.477798 -9.509007
v -0.989647 3.492730 -9.535374
v -1.042726 3.506629 -9.561440
v -0.931352 3.472367 -9.515608
v -0.983723 3.487835 -9.541330
v -1.037433 3.502162 -9.566757
v -0.939964 3.468037 -9.511255
v -0.991533 3.483953 -9.537329
v -1.044404 3.498631 -9.563150
v -1.345917 3.476249 -9.091365
v -1.279410 3.459945 -9.083230
v -1.212426 3.445410 -9.085949
v -1.354239 3.471123 -9.087489
v -1.285474 3.454765 -9.080335
v -1.214437 3.440190 -9.084250
v -1.348704 3.465393 -9.093660
v -1.282343 3.449475 -9.085324
v -1.215389 3.435973 -9.087652
v -1.689417 3.541936 -9.624049
v -1.699003 3.553241 -9.549048
v -1.700359 3.559621 -9.480414
v -1.695900 3.537329 -9.620334
v -1.707107 3.548142 -9.544447
v -1.709755 3.554106 -9.475112
v -1.690540 3.532937 -9.625175
v -1.700425 3.543268 -9.550478
v -1.702024 3.548806 -9.482090
v -1.095451 3.526842 -9.654264
v -1.095334 3.532522 -9.720772
v -1.096997 3.535901 -9.786477
v -1.089842 3.522079 -9.659779
v -1.088778 3.527100 -9.727103
v -1.089530 3.529841 -9.793594
v -1.097023 3.518434 -9.655856
v -1.097009 3.523036 -9.722464
v -1.098775 3.525358 -9.788271
v -1.204188 3.477874 -9.188302
v -1.160996 3.461729 -9.161174
v -1.118492 3.445960 -9.140942
v -1.246103 3.480136 -9.158786
v -1.196328 3.463900 -9.137375
v -1.147586 3.448308 -9.124046
v -1.288329 3.480968 -9.129474
v -1.232503 3.464830 -9.113689
v -1.178833 3.449925 -9.107014
v -1.634468 3.559481 -9.394486
v -1.571027 3.554300 -9.374531
v -1.506969 3.546870 -9.355621
v -1.643955 3.554160 -9.389234
v -1.579456 3.549559 -9.369952
v -1.514297 3.542732 -9.351745
v -1.636245 3.548938 -9.396279
v -1.572702 3.544815 -9.376224
v -1.508541 3.538462 -9.357213
v -1.456692 3.497777 -9.933969
v -1.508541 3.476444 -9.958764
v -1.547972 3.456221 -9.981146
v -1.453576 3.493388 -9.936925
v -1.506402 3.471883 -9.961496
v -1.547403 3.451176 -9.984324
v -1.457263 3.489581 -9.934539
v -1.508919 3.468292 -9.959142
v -1.548221 3.448461 -9.981394
v -1.164579 3.537664 -9.872440
v -1.234459 3.535133 -9.889771
v -1.314039 3.528469 -9.900445
v -1.157102 3.531462 -9.879488
v -1.227994 3.529468 -9.895858
v -1.308846 3.523443 -9.905326
v -1.166245 3.526849 -9.874117
v -1.235881 3.525160 -9.891201
v -1.315161 3.519469 -9.901571
v -0.935750 3.428728 -9.284412
v -0.910884 3.437895 -9.347690
v -0.896345 3.449510 -9.414089
v -0.933941 3.423268 -9.285449
v -0.906662 3.432099 -9.352175
v -0.890479 3.443541 -9.420399
v -0.937192 3.419191 -9.287203
v -0.912783 3.427357 -9.350523
v -0.898502 3.438612 -9.416834
v -1.435527 3.528590 -9.278472
v -1.428247 3.518122 -9.220043
v -1.420560 3.506172 -9.162285
v -1.442581 3.524810 -9.274893
v -1.436150 3.514025 -9.216056
v -1.429313 3.501636 -9.157912
v -1.437210 3.520592 -9.280178
v -1.430174 3.509348 -9.221969
v -1.422789 3.496420 -9.164435
v -1.565576 3.461957 -9.967830
v -1.530273 3.483159 -9.941905
v -1.483409 3.505246 -9.913062
v -1.583000 3.461128 -9.959931
v -1.547854 3.484214 -9.930188
v -1.503680 3.507424 -9.897789
v -1.600873 3.459857 -9.950415
v -1.565609 3.484273 -9.917992
v -1.524038 3.508406 -9.882503
v -1.679291 3.460619 -9.890577
v -1.651054 3.485648 -9.853376
v -1.621452 3.510700 -9.809588
v -1.692805 3.462270 -9.876229
v -1.667623 3.486206 -9.839687
v -1.642091 3.510740 -9.794253
v -1.704559 3.463520 -9.862018
v -1.683685 3.485781 -9.826062
v -1.662730 3.509587 -9.778972
v -1.358330 3.538643 -9.865832
v -1.289680 3.547158 -9.846689
v -1.228514 3.551168 -9.822623
v -1.391734 3.542619 -9.840468
v -1.331332 3.552152 -9.815128
v -1.276743 3.556951 -9.786136
v -1.425257 3.545303 -9.815201
v -1.373128 3.555770 -9.783689
v -1.325136 3.561286 -9.749791
v -1.315717 3.509342 -9.369480
v -1.353167 3.511083 -9.342575
v -1.389641 3.513461 -9.316122
v -1.294587 3.496029 -9.321643
v -1.336376 3.498233 -9.291629
v -1.377086 3.501133 -9.262106
v -1.273779 3.481272 -9.274061
v -1.319731 3.483824 -9.241055
v -1.364479 3.487151 -9.208594
v -1.467797 3.540734 -9.519604
v -1.519534 3.541035 -9.482368
v -1.570043 3.542188 -9.445763
v -1.424014 3.536510 -9.485159
v -1.469724 3.537059 -9.452277
v -1.514319 3.538372 -9.419958
v -1.380455 3.529834 -9.451184
v -1.419885 3.530702 -9.422832
v -1.458314 3.532244 -9.394970
v -1.574065 3.527217 -9.711163
v -1.609963 3.527079 -9.685063
v -1.644860 3.527680 -9.659536
v -1.555308 3.536806 -9.657134
v -1.599930 3.536695 -9.624848
v -1.643423 3.537398 -9.593182
v -1.534110 3.541494 -9.605188
v -1.585683 3.541468 -9.567978
v -1.636017 3.542321 -9.531428
v -0.954556 3.435162 -9.379251
v -0.996103 3.436626 -9.349679
v -1.038543 3.439113 -9.319188
v -0.957637 3.423331 -9.320908
v -0.991611 3.424037 -9.295708
v -1.026172 3.425845 -9.270402
v -0.968350 3.415047 -9.266988
v -0.994295 3.414725 -9.244820
v -1.020034 3.415673 -9.224682
v -1.211639 3.449487 -9.194983
v -1.254214 3.452044 -9.164437
v -1.295553 3.455485 -9.134494
v -1.170528 3.434565 -9.166864
v -1.205630 3.436912 -9.142169
v -1.240354 3.440290 -9.118053
v -1.130141 3.422398 -9.145757
v -1.157470 3.424638 -9.127820
v -1.186674 3.428252 -9.110407
v -1.312918 3.530045 -9.363374
v -1.291168 3.518849 -9.314887
v -1.269398 3.506747 -9.266764
v -1.349227 3.531752 -9.337621
v -1.331758 3.520936 -9.286112
v -1.314148 3.509085 -9.235053
v -1.385702 3.532254 -9.312015
v -1.372535 3.521751 -9.257504
v -1.359105 3.510065 -9.203532
v -1.465214 3.568351 -9.512730
v -1.421510 3.561247 -9.478771
v -1.378028 3.551643 -9.445289
v -1.515458 3.568372 -9.476988
v -1.465871 3.561623 -9.447238
v -1.416255 3.552444 -9.418135
v -1.565877 3.566969 -9.441399
v -1.510397 3.560664 -9.415851
v -1.454638 3.552004 -9.391119
v -1.572954 3.550603 -9.706442
v -1.553568 3.562851 -9.651378
v -1.531876 3.569841 -9.598584
v -1.607541 3.550363 -9.681561
v -1.596761 3.562531 -9.620472
v -1.581913 3.569515 -9.562888
v -1.642247 3.548830 -9.656778
v -1.640097 3.560837 -9.589687
v -1.632115 3.567742 -9.527336
v -1.601510 3.431218 -10.001002
v -1.622364 3.426322 -9.997953
v -1.641279 3.423687 -9.990299
v -1.605277 3.423757 -10.005751
v -1.626651 3.418168 -10.002687
v -1.644717 3.415849 -9.994378
v -1.601570 3.422876 -10.001086
v -1.621832 3.417377 -9.997607
v -1.639221 3.415326 -9.988826
v -1.015669 3.418364 -9.156627
v -1.001864 3.418702 -9.172670
v -0.984095 3.419704 -9.196900
v -1.015688 3.411809 -9.153090
v -1.003139 3.412114 -9.166986
v -0.985995 3.413641 -9.190919
v -1.016231 3.408613 -9.163428
v -1.002314 3.408783 -9.177355
v -0.984733 3.410426 -9.200325
v -1.694402 3.418657 -9.960173
v -1.694373 3.414317 -9.959494
v -1.687881 3.415066 -9.952271
v -1.685436 3.417309 -9.969720
v -1.684039 3.413920 -9.968241
v -1.677068 3.415009 -9.960706
v -1.673636 3.418626 -9.976206
v -1.672883 3.414296 -9.976098
v -1.666158 3.415023 -9.969030
v -1.031121 3.416526 -9.136241
v -1.031946 3.411995 -9.138471
v -1.036455 3.409721 -9.148084
v -1.036048 3.416077 -9.130526
v -1.038296 3.412181 -9.133294
v -1.044721 3.410230 -9.142090
v -1.042984 3.417282 -9.127758
v -1.045231 3.412848 -9.128975
v -1.053066 3.410779 -9.136205
v -1.259478 3.507143 -9.409714
v -1.231900 3.493206 -9.366465
v -1.204765 3.477986 -9.323394
v -1.241212 3.506238 -9.422826
v -1.211574 3.492127 -9.381035
v -1.182338 3.476760 -9.339459
v -1.223020 3.505078 -9.435960
v -1.191312 3.490828 -9.395625
v -1.159975 3.475319 -9.355545
v -1.390561 3.540599 -9.575062
v -1.355650 3.536001 -9.534204
v -1.321318 3.528856 -9.493572
v -1.365790 3.539916 -9.592998
v -1.333646 3.535317 -9.550112
v -1.302179 3.528158 -9.507380
v -1.341249 3.538388 -9.610991
v -1.311829 3.533951 -9.566067
v -1.283178 3.526963 -9.521223
v -1.519574 3.527720 -9.750726
v -1.488241 3.537266 -9.705576
v -1.456982 3.541838 -9.660728
v -1.501561 3.527395 -9.763918
v -1.466463 3.536809 -9.721444
v -1.432168 3.541262 -9.678756
v -1.483706 3.526433 -9.777139
v -1.444891 3.535555 -9.737356
v -1.407593 3.539777 -9.696838
v -1.649898 3.441293 -9.911113
v -1.619917 3.464861 -9.877630
v -1.586332 3.489904 -9.838292
v -1.638992 3.441259 -9.919434
v -1.608617 3.464795 -9.886167
v -1.573919 3.489784 -9.847560
v -1.628113 3.441099 -9.927755
v -1.597365 3.464517 -9.894706
v -1.561581 3.489337 -9.856835
v -1.146659 3.446245 -9.241421
v -1.116808 3.431785 -9.205184
v -1.089640 3.420166 -9.174461
v -1.124866 3.445019 -9.257022
v -1.098149 3.430716 -9.218538
v -1.074869 3.419299 -9.185029
v -1.103128 3.443612 -9.272640
v -1.079530 3.429510 -9.231906
v -1.060125 3.418343 -9.195604
v -1.622612 3.457588 -9.933899
v -1.589002 3.481754 -9.900306
v -1.551791 3.506357 -9.861613
v -1.624764 3.456926 -9.928198
v -1.593395 3.479689 -9.895733
v -1.557800 3.503817 -9.857013
v -1.624567 3.456714 -9.922981
v -1.595534 3.477654 -9.892465
v -1.561129 3.501066 -9.854396
v -1.326311 3.547043 -9.482301
v -1.361464 3.557159 -9.521740
v -1.397181 3.564678 -9.561422
v -1.315581 3.543875 -9.490070
v -1.349008 3.554091 -9.530746
v -1.383068 3.561689 -9.571617
v -1.310531 3.540730 -9.493798
v -1.343176 3.550978 -9.535037
v -1.376482 3.558601 -9.576453
v -1.464115 3.566623 -9.647208
v -1.495090 3.559676 -9.693483
v -1.526144 3.547382 -9.740344
v -1.450044 3.563727 -9.657400
v -1.482926 3.556794 -9.702335
v -1.516373 3.544497 -9.747515
v -1.443444 3.560678 -9.662261
v -1.477151 3.553760 -9.706617
v -1.511622 3.541475 -9.751080
v -1.593419 3.507263 -9.830373
v -1.627628 3.482311 -9.871023
v -1.657692 3.457894 -9.907092
v -1.587379 3.504428 -9.834777
v -1.621978 3.480074 -9.874034
v -1.651266 3.457148 -9.907935
v -1.584044 3.501524 -9.837154
v -1.618178 3.477950 -9.875264
v -1.645779 3.456895 -9.906766
v -1.209603 3.521128 -9.437488
v -1.176596 3.508940 -9.396961
v -1.144092 3.496074 -9.356459
v -1.219931 3.518864 -9.430082
v -1.188133 3.506738 -9.388705
v -1.156789 3.493946 -9.347375
v -1.224961 3.516181 -9.426547
v -1.193701 3.504087 -9.384791
v -1.162866 3.491328 -9.343100
v -1.715044 3.423855 -9.933412
v -1.726568 3.426666 -9.917707
v -1.733580 3.431883 -9.899551
v -1.718813 3.415955 -9.937164
v -1.730885 3.418419 -9.922316
v -1.737996 3.424321 -9.903686
v -1.713798 3.415503 -9.931320
v -1.726292 3.417724 -9.917168
v -1.733672 3.423541 -9.899611
v -1.182436 3.488469 -9.329234
v -1.212043 3.501132 -9.371793
v -1.241922 3.513111 -9.414515
v -1.176875 3.487601 -9.333236
v -1.206830 3.500293 -9.375549
v -1.237103 3.512305 -9.417996
v -1.171266 3.487774 -9.337233
v -1.201569 3.500492 -9.379300
v -1.232234 3.512538 -9.421473
v -1.303313 3.536288 -9.499162
v -1.335027 3.546516 -9.541087
v -1.367418 3.554119 -9.583178
v -1.298282 3.535500 -9.502816
v -1.329374 3.545709 -9.545200
v -1.361153 3.553293 -9.587744
v -1.293203 3.535751 -9.506465
v -1.323673 3.545942 -9.549310
v -1.354839 3.553508 -9.592306
v -1.434213 3.556227 -9.669137
v -1.468728 3.549368 -9.712931
v -1.504144 3.537154 -9.756739
v -1.427822 3.555421 -9.673816
v -1.462861 3.548605 -9.717244
v -1.498884 3.536444 -9.760634
v -1.421383 3.555655 -9.678489
v -1.456945 3.548882 -9.721554
v -1.493575 3.536774 -9.764525
v -1.577495 3.497360 -9.842220
v -1.611637 3.474032 -9.880247
v -1.639541 3.453578 -9.911255
v -1.572837 3.496707 -9.845841
v -1.607400 3.473136 -9.884254
v -1.636492 3.452003 -9.916122
v -1.568027 3.497172 -9.849345
v -1.602280 3.473908 -9.887352
v -1.630669 3.453498 -9.918031
v -1.075018 3.434174 -9.180353
v -1.096914 3.445768 -9.209918
v -1.123664 3.459933 -9.246498
v -1.070898 3.432924 -9.181150
v -1.092526 3.444822 -9.212413
v -1.118632 3.459076 -9.250036
v -1.068736 3.433775 -9.184846
v -1.088704 3.445248 -9.215791
v -1.113628 3.459300 -9.253679
v -1.208855 3.499978 -9.310002
v -1.236260 3.512480 -9.354123
v -1.263813 3.524239 -9.398491
v -1.196309 3.496367 -9.319052
v -1.224875 3.508953 -9.362348
v -1.253627 3.520829 -9.405865
v -1.190466 3.493041 -9.323333
v -1.219541 3.505663 -9.366267
v -1.248826 3.517591 -9.409407
v -1.084010 3.441193 -9.165215
v -1.114856 3.455744 -9.194043
v -1.147719 3.471215 -9.228622
v -1.079360 3.439257 -9.172039
v -1.106102 3.452708 -9.201492
v -1.136139 3.467679 -9.237122
v -1.078828 3.437785 -9.177146
v -1.102595 3.450004 -9.205590
v -1.130858 3.464436 -9.241185
v -1.686024 3.426410 -9.956095
v -1.682560 3.422858 -9.966424
v -1.670818 3.426360 -9.967806
v -1.680737 3.427618 -9.953270
v -1.679226 3.423919 -9.962684
v -1.668797 3.427572 -9.962459
v -1.672709 3.430883 -9.946523
v -1.671944 3.427435 -9.954679
v -1.662988 3.430837 -9.953993
v -1.471033 3.545403 -9.780934
v -1.430159 3.557079 -9.741060
v -1.391142 3.563517 -9.700513
v -1.480806 3.543220 -9.773715
v -1.442242 3.555141 -9.732128
v -1.405071 3.561767 -9.690216
v -1.485735 3.540545 -9.770151
v -1.448164 3.552568 -9.727835
v -1.411797 3.559273 -9.685334
v -1.035881 3.422002 -9.139286
v -1.036827 3.420193 -9.132111
v -1.043753 3.422498 -9.133652
v -1.039749 3.421877 -9.142159
v -1.039207 3.419952 -9.135506
v -1.045154 3.422220 -9.138292
v -1.045394 3.422652 -9.149221
v -1.044653 3.420817 -9.143282
v -1.049873 3.422937 -9.146018
v -1.324713 3.561349 -9.614161
v -1.296768 3.554060 -9.568726
v -1.269616 3.544169 -9.523358
v -1.338701 3.559591 -9.603857
v -1.309173 3.552127 -9.559633
v -1.280381 3.542046 -9.515529
v -1.345419 3.557099 -9.599000
v -1.315164 3.549568 -9.555328
v -1.285621 3.539412 -9.511796
v -1.088484 3.467601 -9.271084
v -1.067484 3.452839 -9.227992
v -1.051279 3.439172 -9.188663
v -1.100360 3.465458 -9.262745
v -1.077439 3.450921 -9.222014
v -1.059257 3.437997 -9.186428
v -1.106051 3.462875 -9.258938
v -1.082557 3.448739 -9.219926
v -1.064284 3.436864 -9.187550
vn -0.3208 -0.3586 -0.8766
vn -0.3938 -0.3849 -0.8347
vn -0.0787 0.7758 -0.6261
vn -0.0991 0.8877 -0.4495
vn -0.2685 -0.7087 -0.6524
vn -0.2851 -0.7875 -0.5464
vn -0.2995 -0.8252 -0.4790
vn -0.3030 -0.8288 -0.4705
vn -0.4358 -0.2616 -0.8612
vn -0.1049 0.9451 -0.3095
vn 0.0920 0.9951 0.0357
vn 0.1020 0.9947 -0.0151
vn 0.1067 0.9870 -0.1202
vn 0.0974 0.9557 -0.2777
vn -0.0543 0.6448 -0.7625
vn -0.2473 -0.2643 -0.9322
vn -0.2589 -0.9408 -0.2187
vn -0.2905 -0.9233 -0.2513
vn -0.2233 -0.9494 -0.2209
vn -0.2453 -0.9377 -0.2461
vn -0.2813 -0.9422 -0.1823
vn -0.3218 -0.9199 -0.2241
vn -0.3702 -0.8890 -0.2694
vn -0.4288 -0.8432 -0.3242
vn -0.3512 -0.8858 -0.3033
vn -0.2960 -0.9102 -0.2897
vn -0.2466 -0.9277 -0.2803
vn -0.2025 -0.9468 -0.2500
vn -0.1907 -0.9542 -0.2306
vn -0.1824 -0.9599 -0.2130
vn -0.2082 -0.9575 -0.1998
vn -0.2354 -0.9529 -0.1911
vn -0.1588 -0.9856 -0.0584
vn -0.1834 -0.9782 -0.0974
vn -0.1357 -0.9884 -0.0679
vn -0.1592 -0.9813 -0.1081
vn -0.1478 -0.9888 0.0195
vn -0.1984 -0.9788 -0.0503
vn -0.2245 -0.9704 -0.0889
vn -0.2267 -0.9691 -0.0974
vn -0.1903 -0.9750 -0.1149
vn -0.1675 -0.9772 -0.1304
vn -0.1420 -0.9784 -0.1504
vn -0.1345 -0.9831 -0.1243
vn -0.1130 -0.9902 -0.0820
vn -0.0748 -0.9969 -0.0232
vn -0.0952 -0.9954 -0.0086
vn -0.1151 -0.9933 0.0035
vn -0.1885 -0.9738 -0.1268
vn -0.1978 -0.9699 -0.1419
vn -0.1721 -0.9736 -0.1500
vn -0.1811 -0.9699 -0.1627
vn -0.2135 -0.9730 -0.0873
vn -0.2098 -0.9736 -0.0895
vn -0.2203 -0.9695 -0.1072
vn -0.2446 -0.9596 -0.1389
vn -0.2139 -0.9631 -0.1636
vn -0.1936 -0.9645 -0.1793
vn -0.1716 -0.9655 -0.1959
vn -0.1602 -0.9701 -0.1825
vn -0.1502 -0.9735 -0.1726
vn -0.1438 -0.9760 -0.1633
vn -0.1678 -0.9758 -0.1401
vn -0.1867 -0.9752 -0.1185
vn -0.2721 0.8855 -0.3765
vn -0.2407 0.8873 -0.3934
vn -0.2579 0.9001 -0.3511
vn -0.2323 0.9027 -0.3622
vn -0.2784 0.8895 -0.3623
vn -0.2629 0.8895 -0.3737
vn -0.2265 0.8890 -0.3980
vn -0.1645 0.8852 -0.4351
vn -0.1753 0.8896 -0.4217
vn -0.1750 0.9078 -0.3812
vn -0.1514 0.9363 -0.3169
vn -0.2022 0.9299 -0.3072
vn -0.2230 0.9274 -0.3003
vn -0.2301 0.9270 -0.2961
vn -0.2676 0.8995 -0.3453
vn -0.2846 0.8851 -0.3683
vn -0.0522 0.9875 -0.1490
vn -0.0477 0.9845 -0.1687
vn -0.0009 0.9962 -0.0870
vn 0.0054 0.9947 -0.1030
vn -0.1269 0.9776 -0.1677
vn -0.1169 0.9683 -0.2209
vn -0.1123 0.9634 -0.2434
vn -0.1114 0.9611 -0.2526
vn -0.0462 0.9833 -0.1763
vn 0.0078 0.9940 -0.1089
vn 0.0494 0.9973 -0.0546
vn 0.0457 0.9977 -0.0506
vn 0.0364 0.9986 -0.0394
vn 0.0164 0.9998 -0.0124
vn -0.0131 0.9988 -0.0479
vn -0.0607 0.9930 -0.1011
vn -0.2823 0.8998 -0.3327
vn -0.2638 0.8927 -0.3653
vn -0.2437 0.9140 -0.3244
vn -0.2316 0.9065 -0.3529
vn -0.3429 0.9049 -0.2519
vn -0.2979 0.9016 -0.3135
vn -0.2723 0.8967 -0.3489
vn -0.2631 0.8932 -0.3647
vn -0.2579 0.8886 -0.3793
vn -0.2283 0.9025 -0.3653
vn -0.1793 0.9287 -0.3246
vn -0.1808 0.9321 -0.3140
vn -0.1881 0.9386 -0.2892
vn -0.2057 0.9503 -0.2336
vn -0.2711 0.9258 -0.2635
vn -0.3202 0.9095 -0.2652
vn 0.0842 0.9960 0.0288
vn 0.1006 0.9946 0.0267
vn 0.1075 0.9920 0.0665
vn 0.1253 0.9899 0.0656
vn 0.0312 0.9995 0.0073
vn 0.0614 0.9981 -0.0052
vn 0.0747 0.9971 -0.0110
vn 0.0799 0.9967 -0.0131
vn 0.1071 0.9939 0.0261
vn 0.1329 0.9889 0.0659
vn 0.1574 0.9817 0.1068
vn 0.1495 0.9830 0.1068
vn 0.1324 0.9851 0.1097
vn 0.0963 0.9883 0.1182
vn 0.0678 0.9954 0.0684
vn 0.0470 0.9984 0.0324
vn 0.1832 0.9634 0.1956
vn 0.1944 0.9635 0.1841
vn 0.1971 0.9558 0.2184
vn 0.2080 0.9561 0.2064
vn 0.1332 0.9747 0.1794
vn 0.1603 0.9744 0.1575
vn 0.1740 0.9733 0.1496
vn 0.1811 0.9723 0.1478
vn 0.2003 0.9630 0.1804
vn 0.2135 0.9559 0.2019
vn 0.2200 0.9521 0.2124
vn 0.2139 0.9525 0.2166
vn 0.2005 0.9533 0.2261
vn 0.1719 0.9536 0.2473
vn 0.1757 0.9528 0.2475
vn 0.1620 0.9608 0.2251
vn 0.8078 -0.5894 -0.0031
vn 0.7786 -0.6246 0.0603
vn 0.4903 0.6647 -0.5638
vn 0.5097 0.7129 -0.4817
vn 0.5633 -0.7907 0.2396
vn 0.5244 -0.8189 0.2332
vn 0.4801 -0.8433 0.2414
vn 0.4289 -0.8686 0.2482
vn 0.7300 -0.6657 0.1547
vn 0.5500 0.7702 -0.3230
vn -0.0063 0.9429 -0.3331
vn -0.0243 0.9064 -0.4217
vn -0.0208 0.8788 -0.4768
vn 0.0078 0.8661 -0.4998
vn 0.5190 0.6501 -0.5550
vn 0.8254 -0.5640 0.0242
vn -0.4049 -0.8613 0.3069
vn -0.3868 -0.8610 0.3302
vn -0.0740 0.7801 0.6213
vn -0.0799 0.7871 0.6116
vn -0.3136 -0.9464 -0.0773
vn -0.2672 -0.9634 -0.0207
vn -0.2544 -0.9671 0.0001
vn -0.2746 -0.9614 -0.0178
vn -0.4811 -0.8439 0.2377
vn -0.1906 0.8591 0.4749
vn 0.0659 0.9679 0.2426
vn 0.1111 0.9444 0.3095
vn 0.1231 0.9361 0.3295
vn 0.0981 0.9473 0.3048
vn -0.1824 0.8402 0.5106
vn -0.5374 -0.8265 0.1678
vn -0.0291 -0.5202 -0.8536
vn -0.1139 -0.3260 -0.9385
vn 0.2519 0.7793 -0.5738
vn 0.1034 0.6714 -0.7339
vn -0.1018 -0.9236 -0.3696
vn -0.1476 -0.8663 -0.4772
vn -0.1871 -0.7846 -0.5911
vn -0.2246 -0.6814 -0.6966
vn -0.1808 -0.2232 -0.9579
vn -0.0031 0.5988 -0.8009
vn 0.1310 0.9318 -0.3385
vn 0.1955 0.9622 -0.1898
vn 0.2462 0.9677 -0.0547
vn 0.2888 0.9559 0.0523
vn 0.4311 0.8377 -0.3351
vn 0.1000 -0.7304 -0.6757
vn 0.6184 -0.7608 0.1967
vn 0.5533 -0.8281 0.0902
vn 0.5923 0.8051 -0.0301
vn 0.5434 0.8378 -0.0532
vn 0.3745 -0.8979 0.2314
vn 0.3135 -0.9329 0.1773
vn 0.2438 -0.9654 0.0921
vn 0.1597 -0.9869 -0.0236
vn 0.4422 -0.8882 -0.1244
vn 0.4350 0.8822 -0.1803
vn 0.1103 0.9914 -0.0699
vn 0.1083 0.9910 -0.0793
vn 0.0844 0.9882 -0.1282
vn 0.0422 0.9753 -0.2170
vn 0.5968 0.7930 -0.1223
vn 0.6738 -0.7056 0.2193
vn -0.6769 -0.7333 -0.0646
vn -0.6467 -0.7624 -0.0235
vn -0.4189 0.9060 0.0617
vn -0.4192 0.9069 0.0427
vn -0.3153 -0.9467 -0.0664
vn -0.3265 -0.9417 -0.0809
vn -0.2974 -0.9539 -0.0414
vn -0.2278 -0.9723 0.0524
vn -0.5228 -0.8366 0.1639
vn -0.3605 0.9207 0.1496
vn -0.0500 0.9980 0.0387
vn -0.0537 0.9979 0.0376
vn -0.0380 0.9968 0.0703
vn 0.0023 0.9899 0.1419
vn -0.3495 0.9115 0.2169
vn -0.6273 -0.7778 0.0379
vn -0.2119 -0.9503 -0.2280
vn -0.2282 -0.9391 -0.2570
vn -0.1977 -0.9449 -0.2611
vn -0.2174 -0.9282 -0.3019
vn -0.2179 -0.9579 -0.1869
vn -0.2320 -0.9518 -0.2006
vn -0.2465 -0.9443 -0.2179
vn -0.2604 -0.9272 -0.2692
vn -0.2516 -0.9136 -0.3195
vn -0.2446 -0.8932 -0.3774
vn -0.2363 -0.8560 -0.4598
vn -0.2065 -0.8997 -0.3847
vn -0.1812 -0.9288 -0.3231
vn -0.1559 -0.9500 -0.2705
vn -0.1796 -0.9566 -0.2296
vn -0.1970 -0.9583 -0.2068
vn 0.1212 -0.7957 -0.5935
vn 0.0960 -0.7705 -0.6302
vn 0.1956 0.8752 -0.4425
vn 0.2155 0.8718 -0.4399
vn 0.0649 -0.9855 -0.1568
vn -0.0015 -0.9688 -0.2480
vn -0.0286 -0.9590 -0.2821
vn -0.0189 -0.9655 -0.2598
vn 0.1786 -0.8217 -0.5412
vn 0.3467 0.8771 -0.3323
vn 0.1816 0.9831 -0.0223
vn 0.1234 0.9893 -0.0778
vn 0.0967 0.9906 -0.0971
vn 0.0955 0.9913 -0.0904
vn 0.2763 0.8923 -0.3571
vn 0.2555 -0.8699 -0.4220
vn -0.1361 -0.5871 0.7980
vn -0.1775 -0.5515 0.8151
vn -0.5132 0.7249 0.4596
vn -0.5889 0.6789 0.4385
vn 0.0776 -0.8602 0.5040
vn 0.0747 -0.8320 0.5498
vn 0.0733 -0.8040 0.5901
vn 0.0835 -0.7726 0.6293
vn -0.1420 -0.5286 0.8369
vn -0.5835 0.6594 0.4741
vn -0.4387 0.8956 -0.0740
vn -0.4043 0.9086 -0.1050
vn -0.3417 0.9339 -0.1055
vn -0.2531 0.9642 -0.0786
vn -0.3736 0.7750 0.5097
vn -0.0641 -0.6312 0.7729
vn -0.1168 -0.7954 0.5947
vn -0.0279 -0.7305 0.6824
vn -0.1437 0.8479 0.5102
vn -0.1303 0.8077 0.5751
vn -0.1275 -0.9749 0.1828
vn -0.0402 -0.9548 0.2946
vn 0.0239 -0.9241 0.3815
vn 0.0642 -0.8906 0.4503
vn -0.0105 -0.6752 0.7375
vn -0.2074 0.7918 0.5745
vn -0.1513 0.9884 -0.0146
vn -0.0797 0.9961 0.0374
vn -0.0422 0.9970 0.0645
vn -0.0352 0.9974 0.0625
vn -0.2353 0.9022 0.3614
vn -0.2926 -0.8536 0.4311
vn -0.8775 -0.2785 -0.3905
vn -0.8396 -0.4702 -0.2721
vn -0.6738 0.7181 -0.1739
vn -0.5612 0.8276 0.0126
vn -0.6423 -0.6546 -0.3987
vn -0.5626 -0.7607 -0.3237
vn -0.4735 -0.8460 -0.2452
vn -0.3903 -0.9059 -0.1642
vn -0.7286 -0.6801 -0.0809
vn -0.3874 0.8855 0.2564
vn 0.0332 0.9706 0.2386
vn -0.0535 0.9852 0.1628
vn -0.1653 0.9836 0.0716
vn -0.2874 0.9572 -0.0356
vn -0.7089 0.6418 -0.2926
vn -0.8662 -0.1807 -0.4659
vn 0.3717 -0.9049 -0.2075
vn 0.3520 -0.9062 -0.2344
vn 0.6552 0.7525 0.0662
vn 0.6664 0.7412 0.0803
vn 0.0095 -0.9793 -0.2020
vn 0.0134 -0.9837 -0.1795
vn -0.0066 -0.9794 -0.2019
vn -0.0465 -0.9626 -0.2668
vn 0.2634 -0.8745 -0.4073
vn 0.6023 0.7961 -0.0584
vn 0.3282 0.9348 0.1355
vn 0.3402 0.9257 0.1653
vn 0.3205 0.9364 0.1427
vn 0.2643 0.9617 0.0721
vn 0.5539 0.8272 -0.0948
vn 0.3187 -0.8895 -0.3275
vn 0.2266 -0.8814 0.4145
vn 0.1940 -0.9042 0.3804
vn 0.2621 -0.8868 0.3807
vn 0.2264 -0.9096 0.3484
vn 0.1984 -0.8396 0.5057
vn 0.1747 -0.8647 0.4709
vn 0.1530 -0.8878 0.4340
vn 0.1277 -0.9108 0.3927
vn 0.1553 -0.9266 0.3426
vn 0.1802 -0.9326 0.3127
vn 0.2143 -0.9352 0.2820
vn 0.2664 -0.9115 0.3135
vn 0.3009 -0.8898 0.3430
vn 0.3107 -0.8652 0.3936
vn 0.2857 -0.8580 0.4268
vn 0.2500 -0.8515 0.4608
vn 0.2868 -0.8807 0.3770
vn 0.2545 -0.9035 0.3449
vn 0.3261 -0.8774 0.3519
vn 0.2930 -0.8999 0.3229
vn 0.2968 -0.8598 0.4154
vn 0.2428 -0.8813 0.4054
vn 0.2118 -0.9027 0.3745
vn 0.1833 -0.9283 0.3236
vn 0.2215 -0.9280 0.2996
vn 0.2573 -0.9232 0.2854
vn 0.3121 -0.9102 0.2724
vn 0.3534 -0.8874 0.2960
vn 0.3904 -0.8657 0.3133
vn 0.4226 -0.8422 0.3349
vn 0.3702 -0.8494 0.3762
vn 0.3324 -0.8535 0.4012
vn 0.0571 -0.9719 0.2285
vn 0.0022 -0.9872 0.1592
vn 0.0711 -0.9766 0.2029
vn 0.0156 -0.9905 0.1370
vn 0.0915 -0.9363 0.3390
vn 0.0440 -0.9607 0.2740
vn -0.0129 -0.9800 0.1987
vn -0.0788 -0.9906 0.1120
vn -0.0566 -0.9950 0.0825
vn -0.0408 -0.9971 0.0649
vn -0.0223 -0.9986 0.0479
vn 0.0342 -0.9925 0.1171
vn 0.0921 -0.9794 0.1799
vn 0.1525 -0.9598 0.2355
vn 0.1261 -0.9567 0.2622
vn 0.1085 -0.9507 0.2903
vn 0.1817 0.9656 0.1860
vn 0.1944 0.9648 0.1771
vn 0.2011 0.9573 0.2077
vn 0.2149 0.9559 0.2003
vn 0.1494 0.9752 0.1635
vn 0.1510 0.9764 0.1544
vn 0.1602 0.9770 0.1405
vn 0.1867 0.9753 0.1185
vn 0.2272 0.9598 0.1647
vn 0.2482 0.9502 0.1886
vn 0.2515 0.9496 0.1868
vn 0.2229 0.9525 0.2075
vn 0.2101 0.9532 0.2176
vn 0.2047 0.9532 0.2223
vn 0.1959 0.9574 0.2123
vn 0.1778 0.9651 0.1922
vn 0.0489 0.9972 0.0558
vn 0.0535 0.9978 0.0381
vn 0.0793 0.9930 0.0873
vn 0.0828 0.9943 0.0670
vn 0.0183 0.9994 0.0288
vn 0.0200 0.9995 0.0224
vn 0.0274 0.9996 0.0090
vn 0.0458 0.9988 -0.0188
vn 0.0655 0.9979 0.0006
vn 0.0936 0.9953 0.0261
vn 0.1344 0.9889 0.0638
vn 0.1184 0.9880 0.0996
vn 0.1135 0.9864 0.1190
vn 0.1138 0.9849 0.1301
vn 0.0798 0.9920 0.0977
vn 0.0484 0.9968 0.0643
vn -0.1041 0.9848 -0.1393
vn -0.0877 0.9859 -0.1426
vn -0.0518 0.9962 -0.0697
vn -0.0377 0.9965 -0.0746
vn -0.1702 0.9612 -0.2173
vn -0.1646 0.9613 -0.2207
vn -0.1463 0.9634 -0.2247
vn -0.0988 0.9691 -0.2262
vn -0.0444 0.9888 -0.1424
vn -0.0006 0.9969 -0.0789
vn 0.0289 0.9988 -0.0385
vn 0.0004 0.9997 -0.0243
vn -0.0107 0.9998 -0.0160
vn -0.0136 0.9998 -0.0114
vn -0.0556 0.9963 -0.0662
vn -0.1087 0.9847 -0.1361
vn 0.1777 0.9621 0.2069
vn 0.2036 0.9568 0.2074
vn 0.1504 0.9717 0.1824
vn 0.1857 0.9645 0.1879
vn 0.1497 0.9624 0.2267
vn 0.1931 0.9561 0.2203
vn 0.2120 0.9531 0.2159
vn 0.2199 0.9520 0.2131
vn 0.2141 0.9549 0.2057
vn 0.2002 0.9616 0.1875
vn 0.1687 0.9748 0.1462
vn 0.1448 0.9788 0.1447
vn 0.0918 0.9871 0.1314
vn 0.0010 0.9949 0.1010
vn 0.0676 0.9849 0.1594
vn 0.1163 0.9731 0.1987
vn 0.2058 0.9570 0.2045
vn 0.2137 0.9603 0.1795
vn 0.1940 0.9643 0.1803
vn 0.2001 0.9690 0.1448
vn 0.2058 0.9530 0.2223
vn 0.2106 0.9535 0.2156
vn 0.2207 0.9549 0.1988
vn 0.2405 0.9575 0.1593
vn 0.2259 0.9670 0.1180
vn 0.2052 0.9770 0.0584
vn 0.1721 0.9848 -0.0246
vn 0.1719 0.9825 0.0714
vn 0.1676 0.9778 0.1261
vn 0.1620 0.9754 0.1492
vn 0.1894 0.9625 0.1940
vn 0.2013 0.9559 0.2140
vn -0.1568 -0.9757 -0.1533
vn -0.1690 -0.9713 -0.1675
vn -0.1287 -0.9788 -0.1596
vn -0.1437 -0.9739 -0.1758
vn -0.1750 -0.9756 -0.1325
vn -0.1860 -0.9723 -0.1414
vn -0.1948 -0.9685 -0.1548
vn -0.2049 -0.9638 -0.1707
vn -0.1821 -0.9655 -0.1859
vn -0.1606 -0.9666 -0.1996
vn -0.1272 -0.9670 -0.2206
vn -0.1034 -0.9772 -0.1852
vn -0.0858 -0.9823 -0.1664
vn -0.0761 -0.9831 -0.1666
vn -0.1157 -0.9814 -0.1535
vn -0.1439 -0.9789 -0.1453
vn -0.0772 -0.9917 -0.1027
vn -0.1089 -0.9850 -0.1336
vn -0.0600 -0.9910 -0.1200
vn -0.0896 -0.9845 -0.1508
vn -0.0529 -0.9980 -0.0344
vn -0.0984 -0.9913 -0.0870
vn -0.1334 -0.9841 -0.1175
vn -0.1588 -0.9788 -0.1291
vn -0.1300 -0.9810 -0.1441
vn -0.1060 -0.9818 -0.1578
vn -0.0764 -0.9798 -0.1846
vn -0.0676 -0.9803 -0.1856
vn -0.0395 -0.9872 -0.1542
vn 0.0110 -0.9960 -0.0882
vn -0.0142 -0.9979 -0.0624
vn -0.0325 -0.9983 -0.0484
vn 0.1300 -0.9766 0.1715
vn 0.0781 -0.9919 0.0997
vn 0.1594 -0.9729 0.1674
vn 0.1040 -0.9900 0.0949
vn 0.1453 -0.9557 0.2558
vn 0.1016 -0.9777 0.1838
vn 0.0533 -0.9924 0.1106
vn 0.0009 -0.9993 0.0363
vn 0.0229 -0.9994 0.0247
vn 0.0449 -0.9989 0.0161
vn 0.0796 -0.9968 0.0042
vn 0.1462 -0.9849 0.0926
vn 0.2069 -0.9637 0.1687
vn 0.2628 -0.9370 0.2304
vn 0.2114 -0.9494 0.2323
vn 0.1785 -0.9544 0.2392
vn 0.2580 -0.5952 0.7611
vn 0.3868 -0.5814 0.7158
vn -0.1945 0.9242 0.3287
vn -0.0428 0.9856 0.1633
vn 0.1849 -0.7765 0.6024
vn 0.2640 -0.7965 0.5439
vn 0.3134 -0.8013 0.5096
vn 0.3321 -0.7961 0.5059
vn 0.4569 -0.4965 0.7381
vn -0.0052 0.9989 0.0468
vn -0.2180 0.9328 -0.2868
vn -0.2379 0.9358 -0.2601
vn -0.2865 0.9361 -0.2041
vn -0.3630 0.9253 -0.1098
vn -0.4204 0.7726 0.4758
vn 0.0529 -0.5592 0.8273
vn -0.6946 -0.3660 -0.6193
vn -0.7555 -0.3315 -0.5651
vn -0.3198 0.9024 -0.2888
vn -0.5041 0.8026 -0.3189
vn -0.4169 -0.8206 -0.3910
vn -0.4253 -0.8161 -0.3913
vn -0.4902 -0.7735 -0.4018
vn -0.5889 -0.6878 -0.4245
vn -0.8240 -0.2285 -0.5185
vn -0.6522 0.6816 -0.3317
vn -0.2165 0.9750 -0.0492
vn -0.0673 0.9977 0.0081
vn 0.0350 0.9987 0.0363
vn 0.0869 0.9953 0.0419
vn -0.1791 0.9505 -0.2539
vn -0.6958 -0.2456 -0.6750
vn 0.6683 0.3118 0.6754
vn -0.0456 0.9956 -0.0824
vn 0.4886 0.3042 0.8178
vn -0.0642 0.9959 -0.0636
vn 0.4936 -0.7577 0.4269
vn 0.7141 -0.2223 0.6638
vn -0.0087 0.9986 -0.0523
vn -0.2261 0.9289 -0.2932
vn -0.2252 0.9286 -0.2950
vn -0.2231 0.9291 -0.2950
vn -0.2190 0.9305 -0.2935
vn -0.0416 0.9990 -0.0169
vn 0.4654 -0.2211 0.8570
vn 0.2940 -0.7508 0.5915
vn 0.4052 -0.5547 0.7267
vn 0.5987 -0.5611 0.5716
vn -0.5817 0.5613 -0.5886
vn -0.0863 0.9810 -0.1739
vn -0.3222 0.5443 -0.7745
vn -0.0540 0.9788 -0.1975
vn -0.6161 -0.7095 -0.3422
vn -0.7670 0.1297 -0.6284
vn -0.1294 0.9702 -0.2050
vn 0.0960 0.9944 0.0435
vn 0.0961 0.9943 0.0459
vn 0.0952 0.9944 0.0461
vn 0.0919 0.9948 0.0449
vn -0.0714 0.9661 -0.2480
vn -0.3374 0.1024 -0.9358
vn -0.1862 -0.7387 -0.6478
vn -0.2892 -0.3632 -0.8857
vn -0.7756 -0.3284 -0.5391
vn 0.1871 0.9634 0.1918
vn 0.2025 0.9563 0.2107
vn 0.1958 0.9628 0.1862
vn 0.2097 0.9558 0.2059
vn 0.1536 0.9739 0.1668
vn 0.1802 0.9642 0.1943
vn 0.1971 0.9569 0.2132
vn 0.2053 0.9530 0.2227
vn 0.2100 0.9526 0.2200
vn 0.2164 0.9522 0.2155
vn 0.2203 0.9520 0.2125
vn 0.2138 0.9557 0.2024
vn 0.2007 0.9626 0.1817
vn 0.1815 0.9719 0.1502
vn 0.1748 0.9721 0.1563
vn 0.1630 0.9729 0.1638
vn 0.0685 0.9962 0.0545
vn 0.0994 0.9908 0.0916
vn 0.0906 0.9951 0.0389
vn 0.1191 0.9898 0.0781
vn 0.0231 0.9993 0.0280
vn 0.0536 0.9965 0.0644
vn 0.0854 0.9914 0.0994
vn 0.1194 0.9838 0.1334
vn 0.1316 0.9830 0.1283
vn 0.1476 0.9820 0.1179
vn 0.1572 0.9814 0.1101
vn 0.1316 0.9889 0.0691
vn 0.1049 0.9941 0.0289
vn 0.0770 0.9970 -0.0105
vn 0.0620 0.9981 0.0003
vn 0.0388 0.9991 0.0172
vn -0.0878 0.9853 -0.1467
vn -0.0341 0.9964 -0.0772
vn -0.0652 0.9844 -0.1632
vn -0.0106 0.9955 -0.0946
vn -0.1659 0.9617 -0.2183
vn -0.1038 0.9851 -0.1370
vn -0.0507 0.9965 -0.0671
vn -0.0088 0.9999 -0.0124
vn 0.0076 0.9997 -0.0229
vn 0.0312 0.9987 -0.0404
vn 0.0462 0.9976 -0.0522
vn 0.0042 0.9943 -0.1067
vn -0.0505 0.9833 -0.1747
vn -0.1166 0.9607 -0.2520
vn -0.1310 0.9614 -0.2420
vn -0.1514 0.9620 -0.2273
vn -0.2788 0.8851 -0.3725
vn -0.2574 0.8999 -0.3522
vn -0.2703 0.8855 -0.3778
vn -0.2447 0.9000 -0.3607
vn -0.2798 0.8894 -0.3614
vn -0.2846 0.8851 -0.3684
vn -0.2660 0.8997 -0.3461
vn -0.2270 0.9274 -0.2972
vn -0.2152 0.9277 -0.3050
vn -0.1983 0.9275 -0.3169
vn -0.1850 0.9275 -0.3248
vn -0.2336 0.9007 -0.3664
vn -0.2621 0.8865 -0.3812
vn -0.2657 0.8911 -0.3679
vn -0.2713 0.8900 -0.3666
vn -0.2765 0.8895 -0.3638
vn 0.2059 0.9554 0.2119
vn 0.1937 0.9619 0.1928
vn 0.2114 0.9550 0.2082
vn 0.1985 0.9616 0.1897
vn 0.2063 0.9528 0.2227
vn 0.2018 0.9556 0.2146
vn 0.1899 0.9622 0.1953
vn 0.1621 0.9750 0.1521
vn 0.1655 0.9747 0.1503
vn 0.1693 0.9744 0.1480
vn 0.1718 0.9742 0.1463
vn 0.2017 0.9613 0.1877
vn 0.2149 0.9547 0.2058
vn 0.2204 0.9518 0.2131
vn 0.2166 0.9521 0.2158
vn 0.2107 0.9525 0.2199
vn 0.5132 -0.8523 0.1007
vn 0.4764 -0.8733 0.1017
vn 0.6269 -0.7766 -0.0623
vn 0.6126 -0.7872 -0.0710
vn 0.3683 -0.8768 0.3091
vn 0.3776 -0.8883 0.2616
vn 0.3434 -0.9076 0.2416
vn 0.2824 -0.9333 0.2217
vn 0.4074 -0.9076 0.1018
vn 0.5632 -0.8231 -0.0731
vn 0.5843 -0.8059 -0.0952
vn 0.6058 -0.7934 -0.0604
vn 0.6025 -0.7976 -0.0282
vn 0.5913 -0.8062 -0.0184
vn 0.6128 -0.7882 -0.0567
vn 0.5200 -0.8491 0.0931
vn -0.2691 -0.9630 -0.0140
vn -0.2182 -0.9759 0.0059
vn -0.4268 -0.8963 0.1203
vn -0.3656 -0.9218 0.1288
vn -0.2112 -0.9729 -0.0942
vn -0.1790 -0.9802 -0.0845
vn -0.1382 -0.9888 -0.0572
vn -0.0899 -0.9959 -0.0072
vn -0.1646 -0.9851 0.0508
vn -0.3061 -0.9377 0.1645
vn -0.4032 -0.8823 0.2429
vn -0.4613 -0.8622 0.2093
vn -0.5184 -0.8313 0.2005
vn -0.5624 -0.8017 0.2023
vn -0.4774 -0.8698 0.1246
vn -0.3114 -0.9501 -0.0175
vn -0.0711 -0.9775 0.1986
vn -0.0429 -0.9573 0.2858
vn -0.2245 -0.9236 0.3107
vn -0.2110 -0.8901 0.4040
vn -0.0371 -0.9974 0.0623
vn 0.0114 -0.9904 0.1379
vn 0.0525 -0.9750 0.2160
vn 0.0861 -0.9510 0.2970
vn -0.0279 -0.9243 0.3808
vn -0.2103 -0.8385 0.5027
vn -0.2699 -0.7957 0.5422
vn -0.2942 -0.8366 0.4621
vn -0.3182 -0.8688 0.3795
vn -0.3532 -0.8850 0.3033
vn -0.2563 -0.9391 0.2287
vn -0.1127 -0.9865 0.1190
vn -0.0231 -0.8418 0.5393
vn -0.0200 -0.8201 0.5719
vn -0.2007 -0.7430 0.6385
vn -0.1837 -0.7342 0.6536
vn 0.1121 -0.9196 0.3765
vn 0.1289 -0.8909 0.4355
vn 0.1513 -0.8716 0.4662
vn 0.2048 -0.8649 0.4582
vn -0.0216 -0.8184 0.5742
vn -0.1713 -0.7483 0.6408
vn -0.1314 -0.7698 0.6246
vn -0.1483 -0.7587 0.6343
vn -0.1894 -0.7509 0.6327
vn -0.2324 -0.7616 0.6050
vn -0.2087 -0.7802 0.5897
vn -0.0223 -0.8802 0.4741
vn -0.0052 -0.9597 -0.2808
vn -0.0281 -0.9599 -0.2790
vn 0.1755 -0.9014 -0.3957
vn 0.1409 -0.9116 -0.3861
vn -0.0929 -0.9746 -0.2038
vn -0.1036 -0.9721 -0.2106
vn -0.1177 -0.9693 -0.2161
vn -0.1302 -0.9655 -0.2256
vn -0.0445 -0.9580 -0.2833
vn 0.1200 -0.9154 -0.3843
vn 0.2273 -0.8671 -0.4432
vn 0.2455 -0.8620 -0.4435
vn 0.2781 -0.8478 -0.4516
vn 0.3054 -0.8365 -0.4549
vn 0.2047 -0.8937 -0.3992
vn 0.0138 -0.9602 -0.2791
vn 0.5905 -0.5841 0.5569
vn 0.6622 -0.6080 0.4380
vn 0.1526 0.9878 -0.0303
vn 0.3287 0.9291 -0.1692
vn 0.4028 -0.7944 0.4545
vn 0.4090 -0.7990 0.4409
vn 0.4493 -0.7978 0.4020
vn 0.5193 -0.7861 0.3353
vn 0.7750 -0.5867 0.2347
vn 0.5000 0.7746 -0.3874
vn -0.0385 0.9036 -0.4267
vn -0.1356 0.9223 -0.3618
vn -0.1943 0.9286 -0.3162
vn -0.2216 0.9295 -0.2950
vn 0.0413 0.9991 -0.0055
vn 0.5978 -0.4968 0.6292
vn -0.2391 -0.9635 -0.1200
vn -0.2351 -0.9662 -0.1061
vn -0.1161 -0.9709 -0.2095
vn -0.1030 -0.9738 -0.2027
vn -0.3918 -0.9197 -0.0252
vn -0.3877 -0.9217 -0.0056
vn -0.3936 -0.9191 0.0163
vn -0.3982 -0.9168 0.0320
vn -0.2335 -0.9673 -0.0990
vn -0.0945 -0.9750 -0.2013
vn 0.0841 -0.9429 -0.3224
vn 0.0662 -0.9453 -0.3196
vn 0.0428 -0.9470 -0.3183
vn 0.0256 -0.9447 -0.3268
vn -0.1303 -0.9658 -0.2242
vn -0.2492 -0.9585 -0.1382
vn -0.2059 -0.9750 -0.0830
vn -0.1697 -0.9843 -0.0479
vn -0.0822 -0.9811 -0.1754
vn -0.0586 -0.9895 -0.1322
vn -0.3870 -0.9214 0.0350
vn -0.3525 -0.9349 0.0408
vn -0.3039 -0.9505 0.0641
vn -0.2485 -0.9621 0.1122
vn -0.1211 -0.9926 0.0093
vn -0.0180 -0.9974 -0.0702
vn 0.1156 -0.9789 -0.1683
vn 0.0875 -0.9687 -0.2322
vn 0.0804 -0.9558 -0.2827
vn 0.0850 -0.9455 -0.3142
vn -0.0917 -0.9759 -0.1979
vn -0.2275 -0.9689 -0.0974
vn -0.0080 -0.9869 0.1611
vn 0.0447 -0.9710 0.2348
vn 0.0969 -0.9923 0.0768
vn 0.1570 -0.9773 0.1426
vn -0.1922 -0.9642 0.1827
vn -0.1436 -0.9545 0.2615
vn -0.1015 -0.9345 0.3412
vn -0.0588 -0.9075 0.4159
vn 0.0967 -0.9482 0.3027
vn 0.2159 -0.9552 0.2025
vn 0.3583 -0.9313 0.0659
vn 0.2931 -0.9559 0.0174
vn 0.2266 -0.9733 -0.0358
vn 0.1654 -0.9813 -0.0982
vn 0.0374 -0.9993 0.0046
vn -0.0638 -0.9944 0.0842
vn 0.1793 -0.9022 0.3923
vn 0.1974 -0.8905 0.4100
vn 0.3027 -0.9095 0.2848
vn 0.3230 -0.8978 0.2995
vn -0.0114 -0.8800 0.4748
vn 0.0264 -0.8623 0.5057
vn 0.0502 -0.8538 0.5182
vn 0.0663 -0.8560 0.5128
vn 0.1997 -0.8897 0.4106
vn 0.3280 -0.8969 0.2968
vn 0.4479 -0.8770 0.1740
vn 0.4525 -0.8765 0.1640
vn 0.4397 -0.8862 0.1458
vn 0.4106 -0.9048 0.1129
vn 0.2677 -0.9294 0.2539
vn 0.1459 -0.9221 0.3585
vn -0.3008 -0.9420 -0.1486
vn -0.2835 -0.9455 -0.1601
vn -0.1227 -0.9533 -0.2761
vn -0.1394 -0.9545 -0.2636
vn -0.5238 -0.8480 0.0807
vn -0.4874 -0.8729 0.0236
vn -0.4444 -0.8956 -0.0182
vn -0.4115 -0.9108 -0.0337
vn -0.2659 -0.9514 -0.1556
vn -0.1411 -0.9591 -0.2455
vn 0.0250 -0.9373 -0.3477
vn 0.0522 -0.9259 -0.3742
vn 0.1085 -0.9091 -0.4023
vn 0.1779 -0.8902 -0.4194
vn -0.0797 -0.9564 -0.2809
vn -0.3194 -0.9413 -0.1097
vn -0.3261 -0.9433 -0.0619
vn -0.3323 -0.9423 -0.0405
vn -0.4750 -0.8779 0.0609
vn -0.4911 -0.8663 0.0909
vn -0.2460 -0.9589 -0.1413
vn -0.2398 -0.9626 -0.1258
vn -0.2368 -0.9653 -0.1104
vn -0.2297 -0.9682 -0.0988
vn -0.3324 -0.9429 -0.0227
vn -0.4988 -0.8587 0.1175
vn -0.5795 -0.7915 0.1942
vn -0.5723 -0.8025 0.1686
vn -0.5585 -0.8177 0.1395
vn -0.5549 -0.8231 0.1210
vn -0.4689 -0.8823 0.0406
vn -0.3263 -0.9419 -0.0795
vn -0.3946 -0.9174 -0.0509
vn -0.3619 -0.9289 -0.0786
vn -0.5601 -0.8188 0.1256
vn -0.5147 -0.8546 0.0685
vn -0.3006 -0.9367 -0.1795
vn -0.2921 -0.9432 -0.1584
vn -0.2742 -0.9485 -0.1584
vn -0.2581 -0.9538 -0.1536
vn -0.3387 -0.9368 -0.0873
vn -0.4824 -0.8750 0.0405
vn -0.5716 -0.8109 0.1253
vn -0.6070 -0.7781 0.1615
vn -0.6511 -0.7246 0.2261
vn -0.6856 -0.6635 0.2996
vn -0.6124 -0.7622 0.2100
vn -0.4403 -0.8979 0.0048
vn -0.0130 -0.9397 0.3419
vn 0.3093 -0.9494 0.0554
vn 0.0419 -0.9236 0.3811
vn 0.3346 -0.9348 0.1189
vn 0.2573 -0.8699 0.4207
vn 0.3124 -0.8578 0.4082
vn 0.3118 -0.8586 0.4068
vn 0.3310 -0.8751 0.3531
vn 0.4788 -0.8758 0.0608
vn 0.5319 -0.8465 -0.0237
vn 0.4887 -0.8694 0.0732
vn 0.3306 -0.9139 0.2355
vn 0.1472 -0.9049 0.3993
vn -0.0290 -0.8441 0.5355
vn -0.1256 -0.8165 0.5636
vn -0.0411 -0.8510 0.5236
vn 0.2274 -0.9720 0.0597
vn 0.1520 -0.9882 0.0161
vn 0.3831 -0.9198 -0.0851
vn 0.2991 -0.9478 -0.1109
vn 0.2075 -0.9603 0.1863
vn 0.1364 -0.9807 0.1398
vn 0.0723 -0.9939 0.0834
vn 0.0136 -0.9997 0.0183
vn 0.0886 -0.9952 -0.0415
vn 0.2322 -0.9601 -0.1559
vn 0.3273 -0.9162 -0.2310
vn 0.3876 -0.9027 -0.1866
vn 0.4589 -0.8748 -0.1555
vn 0.5302 -0.8380 -0.1290
vn 0.4776 -0.8753 -0.0761
vn 0.3155 -0.9448 0.0879
vn 0.2959 -0.9243 -0.2410
vn -0.3963 -0.8852 0.2436
vn 0.2668 -0.9157 -0.3006
vn -0.4428 -0.8737 0.2013
vn -0.1946 -0.9387 -0.2846
vn -0.3018 -0.9081 -0.2903
vn -0.2534 -0.9115 -0.3239
vn -0.2831 -0.9331 -0.2217
vn -0.4970 -0.8601 0.1147
vn -0.6373 -0.7121 0.2945
vn -0.6273 -0.7337 0.2610
vn -0.3748 -0.9269 0.0183
vn 0.0620 -0.9542 -0.2926
vn 0.3974 -0.7905 -0.4660
vn 0.4378 -0.7687 -0.4663
vn 0.2073 -0.9000 -0.3835
vn 0.0127 -0.9853 -0.1703
vn 0.0080 -0.9749 -0.2226
vn 0.1739 -0.9443 -0.2794
vn 0.1858 -0.9230 -0.3368
vn -0.0374 -0.9980 -0.0508
vn -0.0717 -0.9912 -0.1108
vn -0.0877 -0.9837 -0.1569
vn -0.0907 -0.9779 -0.1882
vn 0.0153 -0.9652 -0.2612
vn 0.2059 -0.9016 -0.3804
vn 0.3071 -0.8439 -0.4399
vn 0.2891 -0.8688 -0.4019
vn 0.2767 -0.8954 -0.3488
vn 0.2877 -0.9131 -0.2888
vn 0.1881 -0.9581 -0.2162
vn 0.0395 -0.9934 -0.1079
vn -0.0305 -0.9484 -0.3155
vn 0.0078 -0.9412 -0.3376
vn 0.1659 -0.8933 -0.4178
vn 0.2398 -0.8635 -0.4437
vn -0.1376 -0.9609 -0.2405
vn -0.1366 -0.9567 -0.2570
vn -0.1307 -0.9529 -0.2737
vn -0.1482 -0.9460 -0.2883
vn 0.0781 -0.9283 -0.3636
vn 0.3439 -0.8139 -0.4683
vn 0.4608 -0.7238 -0.5136
vn 0.3724 -0.7803 -0.5024
vn 0.2898 -0.8284 -0.4793
vn 0.2392 -0.8569 -0.4566
vn 0.1258 -0.9096 -0.3960
vn -0.0472 -0.9538 -0.2967
vt 0.000000 0.000000
vt 1.000000 0.000000
vt 0.000000 1.000000
vt 1.000000 1.000000
vt 0.000000 0.802148
vt 0.000000 0.602148
vt 0.000000 0.402148
vt 0.000000 0.202148
vt 1.000000 0.202148
vt 1.000000 0.402148
vt 1.000000 0.602148
vt 1.000000 0.802148
vt 0.103541 0.050537
vt 0.896459 0.050537
vt 0.084190 0.950537
vt 0.915810 0.950537
vt 0.073861 0.801790
vt 0.077521 0.602148
vt 0.077899 0.402148
vt 0.074949 0.201790
vt 0.925051 0.201790
vt 0.922101 0.402148
vt 0.922479 0.602148
vt 0.926139 0.801790
vt 0.405982 0.000000
vt 0.594018 0.000000
vt 0.690262 1.000000
vt 0.309738 1.000000
vt 0.544921 0.202148
vt 0.455079 0.202148
vt 0.528120 0.402148
vt 0.471880 0.402148
vt 0.538251 0.602148
vt 0.461749 0.602148
vt 0.471880 0.802148
vt 0.528120 0.802148
vt 0.626251 0.033691
vt 0.373749 0.033691
vt 0.335047 0.967025
vt 0.664953 0.967025
vt 0.391515 0.201790
vt 0.608485 0.201790
vt 0.400362 0.402148
vt 0.599638 0.402148
vt 0.399230 0.602148
vt 0.600770 0.602148
vt 0.611749 0.801790
vt 0.388251 0.801790
vt 0.405982 0.000000
vt 0.594018 0.000000
vt 0.690262 1.000000
vt 0.309738 1.000000
vt 0.544921 0.202148
vt 0.455079 0.202148
vt 0.528120 0.402148
vt 0.471880 0.402148
vt 0.538251 0.602148
vt 0.461749 0.602148
vt 0.471880 0.802148
vt 0.528120 0.802148
vt 0.000000 0.151611
vt 0.000000 0.101074
vt 0.000000 0.050537
vt 1.000000 0.851611
vt 1.000000 0.901074
vt 1.000000 0.950537
vt 0.000000 0.950537
vt 0.000000 0.901074
vt 0.000000 0.851611
vt 0.000000 0.752148
vt 0.000000 0.702148
vt 0.000000 0.652148
vt 0.000000 0.552148
vt 0.000000 0.502148
vt 0.000000 0.452148
vt 0.000000 0.352148
vt 0.000000 0.302148
vt 0.000000 0.252148
vt 1.000000 0.050537
vt 1.000000 0.101074
vt 1.000000 0.151611
vt 1.000000 0.252148
vt 1.000000 0.302148
vt 1.000000 0.352148
vt 1.000000 0.452148
vt 1.000000 0.502148
vt 1.000000 0.552148
vt 1.000000 0.652148
vt 1.000000 0.702148
vt 1.000000 0.752148
vt 0.074176 0.152259
vt 0.077675 0.107424
vt 0.088814 0.071884
vt 0.929478 0.850678
vt 0.930260 0.894770
vt 0.925039 0.929632
vt 0.074961 0.929632
vt 0.069740 0.894770
vt 0.070522 0.850678
vt 0.076215 0.751997
vt 0.077275 0.702103
vt 0.077543 0.652142
vt 0.077606 0.552148
vt 0.077779 0.502148
vt 0.077918 0.452148
vt 0.077617 0.352142
vt 0.077041 0.302103
vt 0.076156 0.251997
vt 0.911186 0.071884
vt 0.922325 0.107424
vt 0.925824 0.152259
vt 0.923844 0.251997
vt 0.922959 0.302103
vt 0.922383 0.352142
vt 0.922082 0.452148
vt 0.922221 0.502148
vt 0.922394 0.552148
vt 0.922457 0.652142
vt 0.922725 0.702103
vt 0.923786 0.751997
vt 0.998829 0.201898
vt 0.990631 0.201820
vt 0.968381 0.201793
vt 0.913694 0.042454
vt 0.931858 0.033769
vt 0.952012 0.023874
vt 0.001211 0.602148
vt 0.009690 0.602148
vt 0.032704 0.602148
vt 0.031160 0.801794
vt 0.009233 0.801820
vt 0.001154 0.801898
vt 0.963286 0.976633
vt 0.947194 0.966948
vt 0.931501 0.958449
vt 0.968840 0.801793
vt 0.990767 0.801820
vt 0.998846 0.801898
vt 0.998783 0.402148
vt 0.990263 0.402148
vt 0.967137 0.402148
vt 0.001217 0.402148
vt 0.009737 0.402148
vt 0.032863 0.402148
vt 0.036714 0.976633
vt 0.052806 0.966948
vt 0.068499 0.958449
vt 0.998789 0.602148
vt 0.990310 0.602148
vt 0.967296 0.602148
vt 0.047988 0.023874
vt 0.068142 0.033769
vt 0.086306 0.042454
vt 0.031619 0.201793
vt 0.009369 0.201820
vt 0.001171 0.201898
vt 0.453183 0.002193
vt 0.500000 0.001404
vt 0.546817 0.002193
vt 0.619301 0.000570
vt 0.626804 0.004211
vt 0.628238 0.014214
vt 0.559336 0.033691
vt 0.500000 0.033691
vt 0.440664 0.033691
vt 0.371762 0.014214
vt 0.373196 0.004211
vt 0.380699 0.000570
vt 0.589007 0.997853
vt 0.500000 0.998626
vt 0.410993 0.997853
vt 0.318316 0.999442
vt 0.322241 0.995878
vt 0.327113 0.986089
vt 0.417684 0.967025
vt 0.500000 0.967025
vt 0.582316 0.967025
vt 0.672887 0.986089
vt 0.677759 0.995878
vt 0.681684 0.999442
vt 0.455793 0.602148
vt 0.500000 0.602148
vt 0.544207 0.602148
vt 0.600704 0.652142
vt 0.601510 0.702103
vt 0.604690 0.751997
vt 0.550726 0.801790
vt 0.500000 0.801790
vt 0.449274 0.801790
vt 0.395310 0.751997
vt 0.398491 0.702103
vt 0.399296 0.652142
vt 0.456465 0.402148
vt 0.500000 0.402148
vt 0.543535 0.402148
vt 0.599580 0.452148
vt 0.599996 0.502148
vt 0.600515 0.552148
vt 0.399485 0.552148
vt 0.400005 0.502148
vt 0.400420 0.452148
vt 0.451212 0.201790
vt 0.500000 0.201790
vt 0.548788 0.201790
vt 0.604864 0.251997
vt 0.602211 0.302103
vt 0.600482 0.352142
vt 0.399518 0.352142
vt 0.397790 0.302103
vt 0.395136 0.251997
vt 0.622521 0.064745
vt 0.617893 0.105241
vt 0.613002 0.151986
vt 0.386998 0.151986
vt 0.382107 0.105241
vt 0.377479 0.064745
vt 0.623506 0.850945
vt 0.638035 0.896907
vt 0.652721 0.936620
vt 0.347279 0.936620
vt 0.361966 0.896907
vt 0.376494 0.850945
vt 0.548621 0.201902
vt 0.549406 0.201849
vt 0.548621 0.201902
vt 0.530653 0.752148
vt 0.533185 0.702148
vt 0.535718 0.652148
vt 0.566842 0.023207
vt 0.561083 0.028076
vt 0.566846 0.023163
vt 0.464282 0.652148
vt 0.466815 0.702148
vt 0.469347 0.752148
vt 0.535718 0.552148
vt 0.533185 0.502148
vt 0.530653 0.452148
vt 0.464071 0.602148
vt 0.464563 0.602148
vt 0.464071 0.602148
vt 0.469347 0.452148
vt 0.466815 0.502148
vt 0.464282 0.552148
vt 0.532320 0.352148
vt 0.536520 0.302148
vt 0.540720 0.252148
vt 0.452140 0.801902
vt 0.447953 0.801849
vt 0.452140 0.801902
vt 0.459280 0.252148
vt 0.463480 0.302148
vt 0.467680 0.352148
vt 0.557195 0.151611
vt 0.569469 0.101074
vt 0.581744 0.050537
vt 0.418257 0.050537
vt 0.430531 0.101074
vt 0.442805 0.151611
vt 0.649727 0.950537
vt 0.609191 0.901074
vt 0.568656 0.851611
vt 0.431344 0.851611
vt 0.390809 0.901074
vt 0.350273 0.950537
vt 0.695513 0.000000
vt 0.797009 0.000000
vt 0.898505 0.000000
vt 0.853391 0.042805
vt 0.784889 0.036577
vt 0.704792 0.034052
vt 0.304487 0.000000
vt 0.202991 0.000000
vt 0.101496 0.000000
vt 0.112480 0.201902
vt 0.225297 0.201849
vt 0.338899 0.201902
vt 0.295208 0.034052
vt 0.215111 0.036577
vt 0.146609 0.042805
vt 0.661102 0.201902
vt 0.774703 0.201849
vt 0.887520 0.201902
vt 0.341049 0.801902
vt 0.223977 0.801849
vt 0.111091 0.801902
vt 0.077434 1.000000
vt 0.154869 1.000000
vt 0.232303 1.000000
vt 0.119574 0.958105
vt 0.178747 0.964200
vt 0.253171 0.966672
vt 0.888909 0.801902
vt 0.776024 0.801849
vt 0.658951 0.801902
vt 0.767697 1.000000
vt 0.845131 1.000000
vt 0.922566 1.000000
vt 0.746830 0.966672
vt 0.821253 0.964200
vt 0.880426 0.958105
vt 0.116895 0.402148
vt 0.234070 0.402148
vt 0.351900 0.402148
vt 0.648100 0.402148
vt 0.765930 0.402148
vt 0.883105 0.402148
vt 0.116246 0.602148
vt 0.232282 0.602148
vt 0.347825 0.602148
vt 0.652175 0.602148
vt 0.767718 0.602148
vt 0.883754 0.602148
vt 0.856866 0.201790
vt 0.773056 0.201790
vt 0.686102 0.201790
vt 0.313898 0.201790
vt 0.226944 0.201790
vt 0.143134 0.201790
vt 0.141094 0.801790
vt 0.223952 0.801790
vt 0.310362 0.801790
vt 0.689638 0.801790
vt 0.776048 0.801790
vt 0.858906 0.801790
vt 0.323483 0.402148
vt 0.235054 0.402148
vt 0.148664 0.402148
vt 0.851336 0.402148
vt 0.764946 0.402148
vt 0.676517 0.402148
vt 0.322256 0.602148
vt 0.234016 0.602148
vt 0.147956 0.602148
vt 0.852044 0.602148
vt 0.765984 0.602148
vt 0.677744 0.602148
vt 0.452991 0.000000
vt 0.500000 0.000000
vt 0.547009 0.000000
vt 0.595131 1.000000
vt 0.500000 1.000000
vt 0.404869 1.000000
vt 0.479958 0.801902
vt 0.500000 0.801850
vt 0.520042 0.801902
vt 0.530653 0.752148
vt 0.533185 0.702148
vt 0.535718 0.652148
vt 0.518422 0.602148
vt 0.500000 0.602148
vt 0.481578 0.602148
vt 0.464282 0.652148
vt 0.466815 0.702148
vt 0.469347 0.752148
vt 0.535718 0.552148
vt 0.533185 0.502148
vt 0.530653 0.452148
vt 0.514995 0.402148
vt 0.500000 0.402148
vt 0.485005 0.402148
vt 0.469347 0.452148
vt 0.466815 0.502148
vt 0.464282 0.552148
vt 0.532320 0.352148
vt 0.536520 0.302148
vt 0.540720 0.252148
vt 0.523582 0.201902
vt 0.500000 0.201849
vt 0.476418 0.201902
vt 0.459280 0.252148
vt 0.463480 0.302148
vt 0.467680 0.352148
vt 0.557195 0.151611
vt 0.569469 0.101074
vt 0.581744 0.050537
vt 0.418257 0.050537
vt 0.430531 0.101074
vt 0.442805 0.151611
vt 0.649727 0.950537
vt 0.609191 0.901074
vt 0.568656 0.851611
vt 0.431344 0.851611
vt 0.390809 0.901074
vt 0.350273 0.950537
vt 0.531206 0.402148
vt 0.531860 0.402148
vt 0.531206 0.402148
vt 0.535929 0.602148
vt 0.535437 0.602148
vt 0.535929 0.602148
vt 0.451379 0.201902
vt 0.450594 0.201849
vt 0.451379 0.201902
vt 0.433154 0.023163
vt 0.438917 0.028076
vt 0.433158 0.023207
vt 0.547860 0.801902
vt 0.552047 0.801850
vt 0.547860 0.801902
vt 0.628082 0.977329
vt 0.614892 0.972521
vt 0.627949 0.977287
vt 0.468794 0.402148
vt 0.468140 0.402148
vt 0.468794 0.402148
vt 0.371918 0.977329
vt 0.385108 0.972521
vt 0.372051 0.977287
vt 0.910426 0.992155
vt 0.841028 0.997529
vt 0.764422 0.999240
vt 0.899938 0.984467
vt 0.836085 0.992596
vt 0.760813 0.995468
vt 0.889371 0.974334
vt 0.829581 0.982577
vt 0.755523 0.985650
vt 0.105023 0.851533
vt 0.096880 0.901053
vt 0.087466 0.950534
vt 0.211336 0.851503
vt 0.194208 0.901044
vt 0.174987 0.950533
vt 0.320097 0.851533
vt 0.292284 0.901053
vt 0.262602 0.950534
vt 0.116909 0.452148
vt 0.116672 0.502148
vt 0.116385 0.552148
vt 0.234013 0.452148
vt 0.233361 0.502148
vt 0.232628 0.552148
vt 0.351489 0.452148
vt 0.350079 0.502148
vt 0.348597 0.552148
vt 0.116299 0.652145
vt 0.115978 0.702127
vt 0.114536 0.752070
vt 0.232502 0.652144
vt 0.232352 0.702118
vt 0.230355 0.752040
vt 0.348510 0.652145
vt 0.349385 0.702127
vt 0.348611 0.752070
vt 0.700908 0.064952
vt 0.782722 0.066402
vt 0.855665 0.069637
vt 0.696155 0.105309
vt 0.780567 0.105786
vt 0.859370 0.106810
vt 0.690978 0.151995
vt 0.777057 0.152054
vt 0.859267 0.152182
vt 0.145397 0.251997
vt 0.230264 0.251997
vt 0.317821 0.251997
vt 0.147056 0.302103
vt 0.232696 0.302103
vt 0.320696 0.302103
vt 0.148136 0.352142
vt 0.234280 0.352142
vt 0.322568 0.352142
vt 0.144335 0.069637
vt 0.217278 0.066402
vt 0.299092 0.064952
vt 0.140630 0.106810
vt 0.219433 0.105786
vt 0.303845 0.105309
vt 0.140733 0.152182
vt 0.222943 0.152054
vt 0.309022 0.151995
vt 0.148700 0.452148
vt 0.235107 0.452148
vt 0.323545 0.452148
vt 0.148440 0.502148
vt 0.234726 0.502148
vt 0.323095 0.502148
vt 0.148116 0.552148
vt 0.234250 0.552148
vt 0.322532 0.552148
vt 0.147997 0.652142
vt 0.234077 0.652142
vt 0.322327 0.652142
vt 0.147494 0.702103
vt 0.233339 0.702103
vt 0.321455 0.702103
vt 0.145506 0.751997
vt 0.230423 0.751997
vt 0.318010 0.751997
vt 0.983854 0.058298
vt 0.994862 0.103139
vt 0.998351 0.151791
vt 0.967742 0.064385
vt 0.984272 0.105092
vt 0.989976 0.151988
vt 0.946064 0.069385
vt 0.962451 0.106723
vt 0.968109 0.152174
vt 0.001191 0.752067
vt 0.001207 0.702126
vt 0.001212 0.652145
vt 0.009527 0.752018
vt 0.009659 0.702110
vt 0.009693 0.652143
vt 0.032153 0.751999
vt 0.032600 0.702104
vt 0.032713 0.652142
vt 0.998524 0.851275
vt 0.995914 0.899011
vt 0.987560 0.942936
vt 0.990608 0.850985
vt 0.986669 0.897067
vt 0.974417 0.936974
vt 0.969786 0.850766
vt 0.966882 0.895458
vt 0.955636 0.932079
vt 0.998810 0.252067
vt 0.998796 0.302126
vt 0.998787 0.352145
vt 0.990481 0.252018
vt 0.990370 0.302110
vt 0.990298 0.352143
vt 0.967872 0.251999
vt 0.967498 0.302104
vt 0.967255 0.352142
vt 0.001213 0.552148
vt 0.001215 0.502148
vt 0.001217 0.452148
vt 0.009701 0.552148
vt 0.009722 0.502148
vt 0.009740 0.452148
vt 0.032740 0.552148
vt 0.032813 0.502148
vt 0.032872 0.452148
vt 0.679903 0.851533
vt 0.707716 0.901053
vt 0.737398 0.950534
vt 0.788665 0.851503
vt 0.805792 0.901044
vt 0.825013 0.950533
vt 0.894977 0.851533
vt 0.903120 0.901053
vt 0.912535 0.950534
vt 0.998783 0.452148
vt 0.998785 0.502148
vt 0.998787 0.552148
vt 0.990260 0.452148
vt 0.990278 0.502148
vt 0.990299 0.552148
vt 0.967129 0.452148
vt 0.967187 0.502148
vt 0.967260 0.552148
vt 0.001650 0.151791
vt 0.005138 0.103139
vt 0.016147 0.058298
vt 0.010024 0.151988
vt 0.015728 0.105092
vt 0.032258 0.064385
vt 0.031891 0.152174
vt 0.037549 0.106723
vt 0.053936 0.069385
vt 0.001213 0.352145
vt 0.001204 0.302126
vt 0.001190 0.252067
vt 0.009702 0.352143
vt 0.009630 0.302110
vt 0.009520 0.252018
vt 0.032745 0.352142
vt 0.032502 0.302104
vt 0.032128 0.251999
vt 0.012440 0.942936
vt 0.004086 0.899011
vt 0.001476 0.851275
vt 0.025583 0.936974
vt 0.013331 0.897067
vt 0.009392 0.850985
vt 0.044364 0.932079
vt 0.033118 0.895458
vt 0.030214 0.850766
vt 0.998788 0.652145
vt 0.998793 0.702126
vt 0.998809 0.752067
vt 0.990307 0.652143
vt 0.990341 0.702110
vt 0.990473 0.752018
vt 0.967287 0.652142
vt 0.967400 0.702104
vt 0.967847 0.751999
vt 0.104545 0.050534
vt 0.107479 0.101053
vt 0.110174 0.151533
vt 0.209100 0.050533
vt 0.215041 0.101044
vt 0.220590 0.151503
vt 0.313673 0.050534
vt 0.322744 0.101053
vt 0.331464 0.151533
vt 0.686327 0.050534
vt 0.677256 0.101053
vt 0.668536 0.151533
vt 0.790900 0.050533
vt 0.784959 0.101044
vt 0.779411 0.151503
vt 0.895455 0.050534
vt 0.892522 0.101053
vt 0.889826 0.151533
vt 0.114276 0.252070
vt 0.115587 0.302127
vt 0.116461 0.352145
vt 0.228803 0.252040
vt 0.231329 0.302118
vt 0.233134 0.352144
vt 0.343804 0.252070
vt 0.347327 0.302127
vt 0.350207 0.352145
vt 0.677673 0.652142
vt 0.765924 0.652142
vt 0.852003 0.652142
vt 0.678545 0.702103
vt 0.766662 0.702103
vt 0.852506 0.702103
vt 0.681990 0.751997
vt 0.769577 0.751997
vt 0.854494 0.751997
vt 0.676455 0.452148
vt 0.764893 0.452148
vt 0.851300 0.452148
vt 0.676905 0.502148
vt 0.765274 0.502148
vt 0.851560 0.502148
vt 0.677468 0.552148
vt 0.765750 0.552148
vt 0.851885 0.552148
vt 0.682179 0.251997
vt 0.769737 0.251997
vt 0.854603 0.251997
vt 0.679304 0.302103
vt 0.767304 0.302103
vt 0.852944 0.302103
vt 0.677432 0.352142
vt 0.765720 0.352142
vt 0.851864 0.352142
vt 0.134083 0.850753
vt 0.213286 0.850878
vt 0.297639 0.850936
vt 0.127363 0.895371
vt 0.200749 0.896373
vt 0.281998 0.896841
vt 0.123472 0.931832
vt 0.188957 0.934998
vt 0.266297 0.936417
vt 0.702361 0.850936
vt 0.786714 0.850878
vt 0.865917 0.850753
vt 0.718002 0.896841
vt 0.799252 0.896373
vt 0.872637 0.895371
vt 0.733704 0.936417
vt 0.811043 0.934998
vt 0.876528 0.931832
vt 0.651490 0.652145
vt 0.650615 0.702127
vt 0.651389 0.752070
vt 0.767499 0.652144
vt 0.767648 0.702118
vt 0.769646 0.752040
vt 0.883702 0.652145
vt 0.884022 0.702127
vt 0.885464 0.752070
vt 0.648511 0.452148
vt 0.649921 0.502148
vt 0.651403 0.552148
vt 0.765987 0.452148
vt 0.766639 0.502148
vt 0.767372 0.552148
vt 0.883091 0.452148
vt 0.883328 0.502148
vt 0.883615 0.552148
vt 0.656196 0.252070
vt 0.652673 0.302127
vt 0.649793 0.352145
vt 0.771197 0.252040
vt 0.768671 0.302118
vt 0.766866 0.352144
vt 0.885724 0.252070
vt 0.884413 0.302127
vt 0.883539 0.352145
vt 0.116863 0.008016
vt 0.205066 0.002525
vt 0.296933 0.000776
vt 0.129222 0.015871
vt 0.207837 0.007565
vt 0.292912 0.004631
vt 0.140054 0.026223
vt 0.211609 0.017801
vt 0.292739 0.014662
vt 0.235578 0.999240
vt 0.158972 0.997529
vt 0.089574 0.992155
vt 0.239187 0.995468
vt 0.163915 0.992596
vt 0.100062 0.984467
vt 0.244478 0.985650
vt 0.170419 0.982578
vt 0.110629 0.974334
vt 0.554829 0.000724
vt 0.559381 0.004211
vt 0.560481 0.014214
vt 0.500000 0.000702
vt 0.500000 0.004211
vt 0.500000 0.014214
vt 0.445171 0.000724
vt 0.440619 0.004211
vt 0.439519 0.014214
vt 0.408085 0.999292
vt 0.409989 0.995878
vt 0.412962 0.986089
vt 0.500000 0.999313
vt 0.500000 0.995878
vt 0.500000 0.986089
vt 0.591916 0.999292
vt 0.590011 0.995878
vt 0.587038 0.986089
vt 0.544168 0.652142
vt 0.544646 0.702103
vt 0.546535 0.751997
vt 0.500000 0.652142
vt 0.500000 0.702103
vt 0.500000 0.751997
vt 0.455832 0.652142
vt 0.455354 0.702103
vt 0.453465 0.751997
vt 0.543501 0.452148
vt 0.543747 0.502148
vt 0.544056 0.552148
vt 0.500000 0.452148
vt 0.500000 0.502148
vt 0.500000 0.552148
vt 0.456499 0.452148
vt 0.456253 0.502148
vt 0.455944 0.552148
vt 0.546638 0.251997
vt 0.545063 0.302103
vt 0.544036 0.352142
vt 0.500000 0.251997
vt 0.500000 0.302103
vt 0.500000 0.352142
vt 0.453362 0.251997
vt 0.454938 0.302103
vt 0.455964 0.352142
vt 0.557122 0.064745
vt 0.554374 0.105241
vt 0.551470 0.151986
vt 0.500000 0.064745
vt 0.500000 0.105241
vt 0.500000 0.151986
vt 0.442878 0.064745
vt 0.445626 0.105241
vt 0.448530 0.151986
vt 0.557707 0.850945
vt 0.566333 0.896907
vt 0.575053 0.936620
vt 0.500000 0.850945
vt 0.500000 0.896907
vt 0.500000 0.936620
vt 0.442293 0.850945
vt 0.433667 0.896907
vt 0.424947 0.936620
vt 0.426786 0.057839
vt 0.432487 0.102984
vt 0.441921 0.151774
vt 0.430139 0.060711
vt 0.433376 0.103852
vt 0.441591 0.151854
vt 0.426786 0.057839
vt 0.432487 0.102984
vt 0.441921 0.151774
vt 0.535018 0.552148
vt 0.533249 0.502148
vt 0.531602 0.452148
vt 0.534745 0.552148
vt 0.533278 0.502148
vt 0.531973 0.452148
vt 0.535018 0.552148
vt 0.533249 0.502148
vt 0.531602 0.452148
vt 0.533332 0.352145
vt 0.537086 0.302127
vt 0.541920 0.252070
vt 0.533732 0.352144
vt 0.537343 0.302118
vt 0.542393 0.252040
vt 0.533332 0.352145
vt 0.537086 0.302127
vt 0.541920 0.252070
vt 0.558079 0.151774
vt 0.567513 0.102984
vt 0.573214 0.057839
vt 0.558409 0.151854
vt 0.566624 0.103852
vt 0.569861 0.060711
vt 0.558079 0.151774
vt 0.567513 0.102984
vt 0.573214 0.057839
vt 0.464808 0.652145
vt 0.465363 0.702127
vt 0.463147 0.752070
vt 0.465003 0.652144
vt 0.464703 0.702118
vt 0.460709 0.752040
vt 0.464809 0.652145
vt 0.465363 0.702127
vt 0.463147 0.752070
vt 0.703067 0.000776
vt 0.794934 0.002525
vt 0.883137 0.008016
vt 0.707088 0.004631
vt 0.792163 0.007565
vt 0.870778 0.015871
vt 0.707261 0.014662
vt 0.788391 0.017801
vt 0.859947 0.026223
vt 0.515925 0.752070
vt 0.516593 0.702127
vt 0.517789 0.652145
vt 0.500000 0.752040
vt 0.500000 0.702118
vt 0.500000 0.652144
vt 0.484076 0.752070
vt 0.483407 0.702127
vt 0.482211 0.652145
vt 0.517789 0.552148
vt 0.516593 0.502148
vt 0.515420 0.452148
vt 0.500000 0.552148
vt 0.500000 0.502148
vt 0.500000 0.452148
vt 0.482211 0.552148
vt 0.483407 0.502148
vt 0.484580 0.452148
vt 0.516254 0.352145
vt 0.518260 0.302127
vt 0.520472 0.252070
vt 0.500000 0.352144
vt 0.500000 0.302118
vt 0.500000 0.252040
vt 0.483746 0.352145
vt 0.481740 0.302127
vt 0.479528 0.252070
vt 0.528710 0.151533
vt 0.534735 0.101053
vt 0.540872 0.050534
vt 0.500000 0.151503
vt 0.500000 0.101044
vt 0.500000 0.050533
vt 0.471290 0.151533
vt 0.465265 0.101053
vt 0.459128 0.050534
vt 0.574863 0.950534
vt 0.554596 0.901053
vt 0.534926 0.851533
vt 0.500000 0.950533
vt 0.500000 0.901044
vt 0.500000 0.851503
vt 0.425137 0.950534
vt 0.445404 0.901053
vt 0.465074 0.851533
vt 0.536853 0.752070
vt 0.534637 0.702127
vt 0.535192 0.652145
vt 0.539291 0.752040
vt 0.535297 0.702118
vt 0.534997 0.652144
vt 0.536853 0.752070
vt 0.534637 0.702127
vt 0.535192 0.652145
vt 0.630324 0.943386
vt 0.605654 0.899164
vt 0.574233 0.851297
vt 0.622704 0.940572
vt 0.604047 0.898296
vt 0.576387 0.851159
vt 0.630324 0.943385
vt 0.605655 0.899164
vt 0.574233 0.851297
vt 0.538707 0.007743
vt 0.500000 0.004036
vt 0.461293 0.007743
vt 0.535482 0.010529
vt 0.500000 0.005615
vt 0.464518 0.010529
vt 0.538724 0.007545
vt 0.500000 0.003860
vt 0.461276 0.007545
vt 0.458080 0.252070
vt 0.462914 0.302127
vt 0.466668 0.352145
vt 0.457607 0.252040
vt 0.462657 0.302118
vt 0.466268 0.352144
vt 0.458080 0.252070
vt 0.462914 0.302127
vt 0.466668 0.352145
vt 0.424362 0.992422
vt 0.500000 0.996050
vt 0.575638 0.992422
vt 0.431249 0.989695
vt 0.500000 0.994504
vt 0.568752 0.989695
vt 0.423829 0.992615
vt 0.500000 0.996222
vt 0.576171 0.992615
vt 0.468398 0.452148
vt 0.466751 0.502148
vt 0.464982 0.552148
vt 0.468027 0.452148
vt 0.466722 0.502148
vt 0.465255 0.552148
vt 0.468398 0.452148
vt 0.466751 0.502148
vt 0.464982 0.552148
vt 0.425767 0.851297
vt 0.394346 0.899164
vt 0.369676 0.943386
vt 0.423613 0.851159
vt 0.395953 0.898296
vt 0.377296 0.940572
vt 0.425767 0.851297
vt 0.394346 0.899164
vt 0.369676 0.943385
s 0
usemtl Material.022
f 3270/3701/2674 3271/3702/2674 3274/3705/2674 3273/3704/2674
f 3271/3702/2675 3272/3703/2675 3275/3706/2675 3274/3705/2675
f 3273/3704/2676 3274/3705/2676 3277/3708/2676 3276/3707/2676
f 3274/3705/2677 3275/3706/2677 3278/3709/2677 3277/3708/2677
f 2865/3296/2678 3158/3589/2678 3270/3701/2678 2994/3425/2678
f 3158/3589/2679 3157/3588/2679 3271/3702/2679 3270/3701/2679
f 3157/3588/2680 3156/3587/2680 3272/3703/2680 3271/3702/2680
f 3156/3587/2681 2888/3319/2681 3041/3472/2681 3272/3703/2681
f 3272/3703/2682 3041/3472/2682 3040/3471/2682 3275/3706/2682
f 3275/3706/2683 3040/3471/2683 3039/3470/2683 3278/3709/2683
f 3278/3709/2684 3039/3470/2684 2901/3332/2684 3159/3590/2684
f 3277/3708/2685 3278/3709/2685 3159/3590/2685 3160/3591/2685
f 3276/3707/2686 3277/3708/2686 3160/3591/2686 3161/3592/2686
f 2996/3427/2687 3276/3707/2687 3161/3592/2687 2877/3308/2687
f 2995/3426/2688 3273/3704/2688 3276/3707/2688 2996/3427/2688
f 2994/3425/2689 3270/3701/2689 3273/3704/2689 2995/3426/2689
f 3279/3710/2690 3280/3711/2690 3283/3714/2690 3282/3713/2690
f 3280/3711/2691 3281/3712/2691 3284/3715/2691 3283/3714/2691
f 3282/3713/2692 3283/3714/2692 3286/3717/2692 3285/3716/2692
f 3283/3714/2693 3284/3715/2693 3287/3718/2693 3286/3717/2693
f 2866/3297/2694 2930/3361/2694 3279/3710/2694 3146/3577/2694
f 2930/3361/2695 2929/3360/2695 3280/3711/2695 3279/3710/2695
f 2929/3360/2696 2928/3359/2696 3281/3712/2696 3280/3711/2696
f 2928/3359/2697 2864/3295/2697 3147/3578/2697 3281/3712/2697
f 3281/3712/2698 3147/3578/2698 3148/3579/2698 3284/3715/2698
f 3284/3715/2699 3148/3579/2699 3149/3580/2699 3287/3718/2699
f 3287/3718/2700 3149/3580/2700 2889/3320/2700 3125/3556/2700
f 3286/3717/2701 3287/3718/2701 3125/3556/2701 3124/3555/2701
f 3285/3716/2702 3286/3717/2702 3124/3555/2702 3123/3554/2702
f 3144/3575/2703 3285/3716/2703 3123/3554/2703 2896/3327/2703
f 3145/3576/2704 3282/3713/2704 3285/3716/2704 3144/3575/2704
f 3146/3577/2705 3279/3710/2705 3282/3713/2705 3145/3576/2705
f 3288/3719/2706 3289/3720/2706 3292/3723/2706 3291/3722/2706
f 3289/3720/2707 3290/3721/2707 3293/3724/2707 3292/3723/2707
f 3291/3722/2708 3292/3723/2708 3295/3726/2708 3294/3725/2708
f 3292/3723/2709 3293/3724/2709 3296/3727/2709 3295/3726/2709
f 2868/3299/2710 2936/3367/2710 3288/3719/2710 3162/3593/2710
f 2936/3367/2711 2935/3366/2711 3289/3720/2711 3288/3719/2711
f 2935/3366/2712 2934/3365/2712 3290/3721/2712 3289/3720/2712
f 2934/3365/2713 2867/3298/2713 3168/3599/2713 3290/3721/2713
f 3290/3721/2714 3168/3599/2714 3169/3600/2714 3293/3724/2714
f 3293/3724/2715 3169/3600/2715 3170/3601/2715 3296/3727/2715
f 3296/3727/2716 3170/3601/2716 2895/3326/2716 3104/3535/2716
f 3295/3726/2717 3296/3727/2717 3104/3535/2717 3103/3534/2717
f 3294/3725/2718 3295/3726/2718 3103/3534/2718 3102/3533/2718
f 3164/3595/2719 3294/3725/2719 3102/3533/2719 2893/3324/2719
f 3163/3594/2720 3291/3722/2720 3294/3725/2720 3164/3595/2720
f 3162/3593/2721 3288/3719/2721 3291/3722/2721 3163/3594/2721
f 3297/3728/2722 3298/3729/2722 3301/3732/2722 3300/3731/2722
f 3298/3729/2723 3299/3730/2723 3302/3733/2723 3301/3732/2723
f 3300/3731/2724 3301/3732/2724 3304/3735/2724 3303/3734/2724
f 3301/3732/2725 3302/3733/2725 3305/3736/2725 3304/3735/2725
f 2867/3298/2726 2933/3364/2726 3297/3728/2726 3168/3599/2726
f 2933/3364/2727 2932/3363/2727 3298/3729/2727 3297/3728/2727
f 2932/3363/2728 2931/3362/2728 3299/3730/2728 3298/3729/2728
f 2931/3362/2729 2866/3297/2729 3146/3577/2729 3299/3730/2729
f 3299/3730/2730 3146/3577/2730 3145/3576/2730 3302/3733/2730
f 3302/3733/2731 3145/3576/2731 3144/3575/2731 3305/3736/2731
f 3305/3736/2732 3144/3575/2732 2896/3327/2732 3095/3526/2732
f 3304/3735/2733 3305/3736/2733 3095/3526/2733 3094/3525/2733
f 3303/3734/2734 3304/3735/2734 3094/3525/2734 3093/3524/2734
f 3170/3601/2735 3303/3734/2735 3093/3524/2735 2895/3326/2735
f 3169/3600/2736 3300/3731/2736 3303/3734/2736 3170/3601/2736
f 3168/3599/2737 3297/3728/2737 3300/3731/2737 3169/3600/2737
f 3306/3737/2738 3307/3738/2738 3310/3741/2738 3309/3740/2738
f 3307/3738/2739 3308/3739/2739 3311/3742/2739 3310/3741/2739
f 3309/3740/2740 3310/3741/2740 3313/3744/2740 3312/3743/2740
f 3310/3741/2741 3311/3742/2741 3314/3745/2741 3313/3744/2741
f 2898/3329/2742 3131/3562/2742 3306/3737/2742 3072/3503/2742
f 3131/3562/2743 3130/3561/2743 3307/3738/2743 3306/3737/2743
f 3130/3561/2744 3129/3560/2744 3308/3739/2744 3307/3738/2744
f 3129/3560/2745 2875/3306/2745 2970/3401/2745 3308/3739/2745
f 3308/3739/2746 2970/3401/2746 2971/3402/2746 3311/3742/2746
f 3311/3742/2747 2971/3402/2747 2972/3403/2747 3314/3745/2747
f 3314/3745/2748 2972/3403/2748 2882/3313/2748 3174/3605/2748
f 3313/3744/2749 3314/3745/2749 3174/3605/2749 3175/3606/2749
f 3312/3743/2750 3313/3744/2750 3175/3606/2750 3176/3607/2750
f 3074/3505/2751 3312/3743/2751 3176/3607/2751 2903/3334/2751
f 3073/3504/2752 3309/3740/2752 3312/3743/2752 3074/3505/2752
f 3072/3503/2753 3306/3737/2753 3309/3740/2753 3073/3504/2753
f 3315/3746/2754 3316/3747/2754 3319/3750/2754 3318/3749/2754
f 3316/3747/2755 3317/3748/2755 3320/3751/2755 3319/3750/2755
f 3318/3749/2756 3319/3750/2756 3322/3753/2756 3321/3752/2756
f 3319/3750/2757 3320/3751/2757 3323/3754/2757 3322/3753/2757
f 2881/3312/2758 3179/3610/2758 3315/3746/2758 2969/3400/2758
f 3179/3610/2759 3178/3609/2759 3316/3747/2759 3315/3746/2759
f 3178/3609/2760 3177/3608/2760 3317/3748/2760 3316/3747/2760
f 3177/3608/2761 2902/3333/2761 3071/3502/2761 3317/3748/2761
f 3317/3748/2762 3071/3502/2762 3070/3501/2762 3320/3751/2762
f 3320/3751/2763 3070/3501/2763 3069/3500/2763 3323/3754/2763
f 3323/3754/2764 3069/3500/2764 2904/3335/2764 3186/3617/2764
f 3322/3753/2765 3323/3754/2765 3186/3617/2765 3187/3618/2765
f 3321/3752/2766 3322/3753/2766 3187/3618/2766 3188/3619/2766
f 2967/3398/2767 3321/3752/2767 3188/3619/2767 2880/3311/2767
f 2968/3399/2768 3318/3749/2768 3321/3752/2768 2967/3398/2768
f 2969/3400/2769 3315/3746/2769 3318/3749/2769 2968/3399/2769
f 3324/3755/2770 3325/3756/2770 3328/3759/2770 3327/3758/2770
f 3325/3756/2771 3326/3757/2771 3329/3760/2771 3328/3759/2771
f 3327/3758/2772 3328/3759/2772 3331/3762/2772 3330/3761/2772
f 3328/3759/2773 3329/3760/2773 3332/3763/2773 3331/3762/2773
f 2874/3305/2774 3140/3571/2774 3324/3755/2774 2954/3385/2774
f 3140/3571/2775 3139/3570/2775 3325/3756/2775 3324/3755/2775
f 3139/3570/2776 3138/3569/2776 3326/3757/2776 3325/3756/2776
f 3138/3569/2777 2899/3330/2777 3077/3508/2777 3326/3757/2777
f 3326/3757/2778 3077/3508/2778 3076/3507/2778 3329/3760/2778
f 3329/3760/2779 3076/3507/2779 3075/3506/2779 3332/3763/2779
f 3332/3763/2780 3075/3506/2780 2902/3333/2780 3177/3608/2780
f 3331/3762/2781 3332/3763/2781 3177/3608/2781 3178/3609/2781
f 3330/3761/2782 3331/3762/2782 3178/3609/2782 3179/3610/2782
f 2952/3383/2783 3330/3761/2783 3179/3610/2783 2881/3312/2783
f 2953/3384/2784 3327/3758/2784 3330/3761/2784 2952/3383/2784
f 2954/3385/2785 3324/3755/2785 3327/3758/2785 2953/3384/2785
f 3333/3764/2786 3334/3765/2786 3337/3768/2786 3336/3767/2786
f 3334/3765/2787 3335/3766/2787 3338/3769/2787 3337/3768/2787
f 3336/3767/2788 3337/3768/2788 3340/3771/2788 3339/3770/2788
f 3337/3768/2789 3338/3769/2789 3341/3772/2789 3340/3771/2789
f 2880/3311/2790 3188/3619/2790 3333/3764/2790 2966/3397/2790
f 3188/3619/2791 3187/3618/2791 3334/3765/2791 3333/3764/2791
f 3187/3618/2792 3186/3617/2792 3335/3766/2792 3334/3765/2792
f 3186/3617/2793 2904/3335/2793 3062/3493/2793 3335/3766/2793
f 3335/3766/2794 3062/3493/2794 3061/3492/2794 3338/3769/2794
f 3338/3769/2795 3061/3492/2795 3060/3491/2795 3341/3772/2795
f 3341/3772/2796 3060/3491/2796 2906/3337/2796 3192/3623/2796
f 3340/3771/2797 3341/3772/2797 3192/3623/2797 3193/3624/2797
f 3339/3770/2798 3340/3771/2798 3193/3624/2798 3194/3625/2798
f 2964/3395/2799 3339/3770/2799 3194/3625/2799 2879/3310/2799
f 2965/3396/2800 3336/3767/2800 3339/3770/2800 2964/3395/2800
f 2966/3397/2801 3333/3764/2801 3336/3767/2801 2965/3396/2801
f 3342/3773/2802 3343/3774/2802 3346/3777/2802 3345/3776/2802
f 3343/3774/2803 3344/3775/2803 3347/3778/2803 3346/3777/2803
f 3345/3776/2804 3346/3777/2804 3349/3780/2804 3348/3779/2804
f 3346/3777/2805 3347/3778/2805 3350/3781/2805 3349/3780/2805
f 2879/3310/2806 3194/3625/2806 3342/3773/2806 2963/3394/2806
f 3194/3625/2807 3193/3624/2807 3343/3774/2807 3342/3773/2807
f 3193/3624/2808 3192/3623/2808 3344/3775/2808 3343/3774/2808
f 3192/3623/2809 2906/3337/2809 3053/3484/2809 3344/3775/2809
f 3344/3775/2810 3053/3484/2810 3052/3483/2810 3347/3778/2810
f 3347/3778/2811 3052/3483/2811 3051/3482/2811 3350/3781/2811
f 3350/3781/2812 3051/3482/2812 2909/3340/2812 3182/3613/2812
f 3349/3780/2813 3350/3781/2813 3182/3613/2813 3181/3612/2813
f 3348/3779/2814 3349/3780/2814 3181/3612/2814 3180/3611/2814
f 2961/3392/2815 3348/3779/2815 3180/3611/2815 2878/3309/2815
f 2962/3393/2816 3345/3776/2816 3348/3779/2816 2961/3392/2816
f 2963/3394/2817 3342/3773/2817 3345/3776/2817 2962/3393/2817
f 3351/3782/2818 3352/3783/2818 3355/3786/2818 3354/3785/2818
f 3352/3783/2819 3353/3784/2819 3356/3787/2819 3355/3786/2819
f 3354/3785/2820 3355/3786/2820 3358/3789/2820 3357/3788/2820
f 3355/3786/2821 3356/3787/2821 3359/3790/2821 3358/3789/2821
f 2863/3294/2822 2940/3371/2822 3351/3782/2822 2987/3418/2822
f 2940/3371/2823 2941/3372/2823 3352/3783/2823 3351/3782/2823
f 2941/3372/2824 2942/3373/2824 3353/3784/2824 3352/3783/2824
f 2942/3373/2825 2870/3301/2825 2982/3413/2825 3353/3784/2825
f 3353/3784/2826 2982/3413/2826 2983/3414/2826 3356/3787/2826
f 3356/3787/2827 2983/3414/2827 2984/3415/2827 3359/3790/2827
f 3359/3790/2828 2984/3415/2828 2882/3313/2828 2972/3403/2828
f 3358/3789/2829 3359/3790/2829 2972/3403/2829 2971/3402/2829
f 3357/3788/2830 3358/3789/2830 2971/3402/2830 2970/3401/2830
f 2985/3416/2831 3357/3788/2831 2970/3401/2831 2875/3306/2831
f 2986/3417/2832 3354/3785/2832 3357/3788/2832 2985/3416/2832
f 2987/3418/2833 3351/3782/2833 3354/3785/2833 2986/3417/2833
f 3360/3791/2834 3361/3792/2834 3364/3795/2834 3363/3794/2834
f 3361/3792/2835 3362/3793/2835 3365/3796/2835 3364/3795/2835
f 3363/3794/2836 3364/3795/2836 3367/3798/2836 3366/3797/2836
f 3364/3795/2837 3365/3796/2837 3368/3799/2837 3367/3798/2837
f 2866/3297/2838 2931/3362/2838 3360/3791/2838 2993/3424/2838
f 2931/3362/2839 2932/3363/2839 3361/3792/2839 3360/3791/2839
f 2932/3363/2840 2933/3364/2840 3362/3793/2840 3361/3792/2840
f 2933/3364/2841 2867/3298/2841 2988/3419/2841 3362/3793/2841
f 3362/3793/2842 2988/3419/2842 2989/3420/2842 3365/3796/2842
f 3365/3796/2843 2989/3420/2843 2990/3421/2843 3368/3799/2843
f 3368/3799/2844 2990/3421/2844 2879/3310/2844 2963/3394/2844
f 3367/3798/2845 3368/3799/2845 2963/3394/2845 2962/3393/2845
f 3366/3797/2846 3367/3798/2846 2962/3393/2846 2961/3392/2846
f 2991/3422/2847 3366/3797/2847 2961/3392/2847 2878/3309/2847
f 2992/3423/2848 3363/3794/2848 3366/3797/2848 2991/3422/2848
f 2993/3424/2849 3360/3791/2849 3363/3794/2849 2992/3423/2849
f 3369/3800/2850 3370/3801/2850 3373/3804/2850 3372/3803/2850
f 3370/3801/2851 3371/3802/2851 3374/3805/2851 3373/3804/2851
f 3372/3803/2852 3373/3804/2852 3376/3807/2852 3375/3806/2852
f 3373/3804/2853 3374/3805/2853 3377/3808/2853 3376/3807/2853
f 2873/3304/2854 2925/3356/2854 3369/3800/2854 2999/3430/2854
f 2925/3356/2855 2926/3357/2855 3370/3801/2855 3369/3800/2855
f 2926/3357/2856 2927/3358/2856 3371/3802/2856 3370/3801/2856
f 2927/3358/2857 2865/3296/2857 2994/3425/2857 3371/3802/2857
f 3371/3802/2858 2994/3425/2858 2995/3426/2858 3374/3805/2858
f 3374/3805/2859 2995/3426/2859 2996/3427/2859 3377/3808/2859
f 3377/3808/2860 2996/3427/2860 2877/3308/2860 2957/3388/2860
f 3376/3807/2861 3377/3808/2861 2957/3388/2861 2956/3387/2861
f 3375/3806/2862 3376/3807/2862 2956/3387/2862 2955/3386/2862
f 2997/3428/2863 3375/3806/2863 2955/3386/2863 2885/3316/2863
f 2998/3429/2864 3372/3803/2864 3375/3806/2864 2997/3428/2864
f 2999/3430/2865 3369/3800/2865 3372/3803/2865 2998/3429/2865
f 3378/3809/2866 3379/3810/2866 3382/3813/2866 3381/3812/2866
f 3379/3810/2867 3380/3811/2867 3383/3814/2867 3382/3813/2867
f 3381/3812/2868 3382/3813/2868 3385/3816/2868 3384/3815/2868
f 3382/3813/2869 3383/3814/2869 3386/3817/2869 3385/3816/2869
f 2870/3301/2870 2943/3374/2870 3378/3809/2870 2982/3413/2870
f 2943/3374/2871 2944/3375/2871 3379/3810/2871 3378/3809/2871
f 2944/3375/2872 2945/3376/2872 3380/3811/2872 3379/3810/2872
f 2945/3376/2873 2871/3302/2873 3000/3431/2873 3380/3811/2873
f 3380/3811/2874 3000/3431/2874 3001/3432/2874 3383/3814/2874
f 3383/3814/2875 3001/3432/2875 3002/3433/2875 3386/3817/2875
f 3386/3817/2876 3002/3433/2876 2883/3314/2876 2975/3406/2876
f 3385/3816/2877 3386/3817/2877 2975/3406/2877 2974/3405/2877
f 3384/3815/2878 3385/3816/2878 2974/3405/2878 2973/3404/2878
f 2984/3415/2879 3384/3815/2879 2973/3404/2879 2882/3313/2879
f 2983/3414/2880 3381/3812/2880 3384/3815/2880 2984/3415/2880
f 2982/3413/2881 3378/3809/2881 3381/3812/2881 2983/3414/2881
f 3387/3818/2882 3388/3819/2882 3391/3822/2882 3390/3821/2882
f 3388/3819/2883 3389/3820/2883 3392/3823/2883 3391/3822/2883
f 3390/3821/2884 3391/3822/2884 3394/3825/2884 3393/3824/2884
f 3391/3822/2885 3392/3823/2885 3395/3826/2885 3394/3825/2885
f 2867/3298/2886 2934/3365/2886 3387/3818/2886 2988/3419/2886
f 2934/3365/2887 2935/3366/2887 3388/3819/2887 3387/3818/2887
f 2935/3366/2888 2936/3367/2888 3389/3820/2888 3388/3819/2888
f 2936/3367/2889 2868/3299/2889 3003/3434/2889 3389/3820/2889
f 3389/3820/2890 3003/3434/2890 3004/3435/2890 3392/3823/2890
f 3392/3823/2891 3004/3435/2891 3005/3436/2891 3395/3826/2891
f 3395/3826/2892 3005/3436/2892 2880/3311/2892 2966/3397/2892
f 3394/3825/2893 3395/3826/2893 2966/3397/2893 2965/3396/2893
f 3393/3824/2894 3394/3825/2894 2965/3396/2894 2964/3395/2894
f 2990/3421/2895 3393/3824/2895 2964/3395/2895 2879/3310/2895
f 2989/3420/2896 3390/3821/2896 3393/3824/2896 2990/3421/2896
f 2988/3419/2897 3387/3818/2897 3390/3821/2897 2989/3420/2897
f 3396/3827/2898 3397/3828/2898 3400/3831/2898 3399/3830/2898
f 3397/3828/2899 3398/3829/2899 3401/3832/2899 3400/3831/2899
f 3399/3830/2900 3400/3831/2900 3403/3834/2900 3402/3833/2900
f 3400/3831/2901 3401/3832/2901 3404/3835/2901 3403/3834/2901
f 2897/3328/2902 3122/3553/2902 3396/3827/2902 3155/3586/2902
f 3122/3553/2903 3121/3552/2903 3397/3828/2903 3396/3827/2903
f 3121/3552/2904 3120/3551/2904 3398/3829/2904 3397/3828/2904
f 3120/3551/2905 2888/3319/2905 3156/3587/2905 3398/3829/2905
f 3398/3829/2906 3156/3587/2906 3157/3588/2906 3401/3832/2906
f 3401/3832/2907 3157/3588/2907 3158/3589/2907 3404/3835/2907
f 3404/3835/2908 3158/3589/2908 2865/3296/2908 2927/3358/2908
f 3403/3834/2909 3404/3835/2909 2927/3358/2909 2926/3357/2909
f 3402/3833/2910 3403/3834/2910 2926/3357/2910 2925/3356/2910
f 3153/3584/2911 3402/3833/2911 2925/3356/2911 2873/3304/2911
f 3154/3585/2912 3399/3830/2912 3402/3833/2912 3153/3584/2912
f 3155/3586/2913 3396/3827/2913 3399/3830/2913 3154/3585/2913
f 3405/3836/2914 3406/3837/2914 3409/3840/2914 3408/3839/2914
f 3406/3837/2915 3407/3838/2915 3410/3841/2915 3409/3840/2915
f 3408/3839/2916 3409/3840/2916 3412/3843/2916 3411/3842/2916
f 3409/3840/2917 3410/3841/2917 3413/3844/2917 3412/3843/2917
f 2871/3302/2918 2946/3377/2918 3405/3836/2918 3000/3431/2918
f 2946/3377/2919 2947/3378/2919 3406/3837/2919 3405/3836/2919
f 2947/3378/2920 2948/3379/2920 3407/3838/2920 3406/3837/2920
f 2948/3379/2921 2872/3303/2921 3009/3440/2921 3407/3838/2921
f 3407/3838/2922 3009/3440/2922 3010/3441/2922 3410/3841/2922
f 3410/3841/2923 3010/3441/2923 3011/3442/2923 3413/3844/2923
f 3413/3844/2924 3011/3442/2924 2884/3315/2924 2978/3409/2924
f 3412/3843/2925 3413/3844/2925 2978/3409/2925 2977/3408/2925
f 3411/3842/2926 3412/3843/2926 2977/3408/2926 2976/3407/2926
f 3002/3433/2927 3411/3842/2927 2976/3407/2927 2883/3314/2927
f 3001/3432/2928 3408/3839/2928 3411/3842/2928 3002/3433/2928
f 3000/3431/2929 3405/3836/2929 3408/3839/2929 3001/3432/2929
f 3414/3845/2930 3415/3846/2930 3418/3849/2930 3417/3848/2930
f 3415/3846/2931 3416/3847/2931 3419/3850/2931 3418/3849/2931
f 3417/3848/2932 3418/3849/2932 3421/3852/2932 3420/3851/2932
f 3418/3849/2933 3419/3850/2933 3422/3853/2933 3421/3852/2933
f 2869/3300/2934 2922/3353/2934 3414/3845/2934 3017/3448/2934
f 2922/3353/2935 2923/3354/2935 3415/3846/2935 3414/3845/2935
f 2923/3354/2936 2924/3355/2936 3416/3847/2936 3415/3846/2936
f 2924/3355/2937 2862/3293/2937 3012/3443/2937 3416/3847/2937
f 3416/3847/2938 3012/3443/2938 3013/3444/2938 3419/3850/2938
f 3419/3850/2939 3013/3444/2939 3014/3445/2939 3422/3853/2939
f 3422/3853/2940 3014/3445/2940 2874/3305/2940 2954/3385/2940
f 3421/3852/2941 3422/3853/2941 2954/3385/2941 2953/3384/2941
f 3420/3851/2942 3421/3852/2942 2953/3384/2942 2952/3383/2942
f 3015/3446/2943 3420/3851/2943 2952/3383/2943 2881/3312/2943
f 3016/3447/2944 3417/3848/2944 3420/3851/2944 3015/3446/2944
f 3017/3448/2945 3414/3845/2945 3417/3848/2945 3016/3447/2945
f 3423/3854/2946 3424/3855/2946 3427/3858/2946 3426/3857/2946
f 3424/3855/2947 3425/3856/2947 3428/3859/2947 3427/3858/2947
f 3426/3857/2948 3427/3858/2948 3430/3861/2948 3429/3860/2948
f 3427/3858/2949 3428/3859/2949 3431/3862/2949 3430/3861/2949
f 2868/3299/2950 2937/3368/2950 3423/3854/2950 3003/3434/2950
f 2937/3368/2951 2938/3369/2951 3424/3855/2951 3423/3854/2951
f 2938/3369/2952 2939/3370/2952 3425/3856/2952 3424/3855/2952
f 2939/3370/2953 2869/3300/2953 3017/3448/2953 3425/3856/2953
f 3425/3856/2954 3017/3448/2954 3016/3447/2954 3428/3859/2954
f 3428/3859/2955 3016/3447/2955 3015/3446/2955 3431/3862/2955
f 3431/3862/2956 3015/3446/2956 2881/3312/2956 2969/3400/2956
f 3430/3861/2957 3431/3862/2957 2969/3400/2957 2968/3399/2957
f 3429/3860/2958 3430/3861/2958 2968/3399/2958 2967/3398/2958
f 3005/3436/2959 3429/3860/2959 2967/3398/2959 2880/3311/2959
f 3004/3435/2960 3426/3857/2960 3429/3860/2960 3005/3436/2960
f 3003/3434/2961 3423/3854/2961 3426/3857/2961 3004/3435/2961
f 3432/3863/2962 3433/3864/2962 3436/3867/2962 3435/3866/2962
f 3433/3864/2963 3434/3865/2963 3437/3868/2963 3436/3867/2963
f 3435/3866/2964 3436/3867/2964 3439/3870/2964 3438/3869/2964
f 3436/3867/2965 3437/3868/2965 3440/3871/2965 3439/3870/2965
f 2864/3295/2966 2928/3359/2966 3432/3863/2966 3006/3437/2966
f 2928/3359/2967 2929/3360/2967 3433/3864/2967 3432/3863/2967
f 2929/3360/2968 2930/3361/2968 3434/3865/2968 3433/3864/2968
f 2930/3361/2969 2866/3297/2969 2993/3424/2969 3434/3865/2969
f 3434/3865/2970 2993/3424/2970 2992/3423/2970 3437/3868/2970
f 3437/3868/2971 2992/3423/2971 2991/3422/2971 3440/3871/2971
f 3440/3871/2972 2991/3422/2972 2878/3309/2972 2960/3391/2972
f 3439/3870/2973 3440/3871/2973 2960/3391/2973 2959/3390/2973
f 3438/3869/2974 3439/3870/2974 2959/3390/2974 2958/3389/2974
f 3008/3439/2975 3438/3869/2975 2958/3389/2975 2876/3307/2975
f 3007/3438/2976 3435/3866/2976 3438/3869/2976 3008/3439/2976
f 3006/3437/2977 3432/3863/2977 3435/3866/2977 3007/3438/2977
f 3441/3872/2978 3442/3873/2978 3445/3876/2978 3444/3875/2978
f 3442/3873/2979 3443/3874/2979 3446/3877/2979 3445/3876/2979
f 3444/3875/2980 3445/3876/2980 3448/3879/2980 3447/3878/2980
f 3445/3876/2981 3446/3877/2981 3449/3880/2981 3448/3879/2981
f 2872/3303/2982 2949/3380/2982 3441/3872/2982 3009/3440/2982
f 2949/3380/2983 2950/3381/2983 3442/3873/2983 3441/3872/2983
f 2950/3381/2984 2951/3382/2984 3443/3874/2984 3442/3873/2984
f 2951/3382/2985 2873/3304/2985 2999/3430/2985 3443/3874/2985
f 3443/3874/2986 2999/3430/2986 2998/3429/2986 3446/3877/2986
f 3446/3877/2987 2998/3429/2987 2997/3428/2987 3449/3880/2987
f 3449/3880/2988 2997/3428/2988 2885/3316/2988 2981/3412/2988
f 3448/3879/2989 3449/3880/2989 2981/3412/2989 2980/3411/2989
f 3447/3878/2990 3448/3879/2990 2980/3411/2990 2979/3410/2990
f 3011/3442/2991 3447/3878/2991 2979/3410/2991 2884/3315/2991
f 3010/3441/2992 3444/3875/2992 3447/3878/2992 3011/3442/2992
f 3009/3440/2993 3441/3872/2993 3444/3875/2993 3010/3441/2993
f 3450/3881/2994 3451/3882/2994 3454/3885/2994 3453/3884/2994
f 3451/3882/2995 3452/3883/2995 3455/3886/2995 3454/3885/2995
f 3453/3884/2996 3454/3885/2996 3457/3888/2996 3456/3887/2996
f 3454/3885/2997 3455/3886/2997 3458/3889/2997 3457/3888/2997
f 2862/3293/2998 2924/3355/2998 3450/3881/2998 3134/3565/2998
f 2924/3355/2999 2923/3354/2999 3451/3882/2999 3450/3881/2999
f 2923/3354/3000 2922/3353/3000 3452/3883/3000 3451/3882/3000
f 2922/3353/3001 2869/3300/3001 3135/3566/3001 3452/3883/3001
f 3452/3883/3002 3135/3566/3002 3136/3567/3002 3455/3886/3002
f 3455/3886/3003 3136/3567/3003 3137/3568/3003 3458/3889/3003
f 3458/3889/3004 3137/3568/3004 2891/3322/3004 3119/3550/3004
f 3457/3888/3005 3458/3889/3005 3119/3550/3005 3118/3549/3005
f 3456/3887/3006 3457/3888/3006 3118/3549/3006 3117/3548/3006
f 3132/3563/3007 3456/3887/3007 3117/3548/3007 2886/3317/3007
f 3133/3564/3008 3453/3884/3008 3456/3887/3008 3132/3563/3008
f 3134/3565/3009 3450/3881/3009 3453/3884/3009 3133/3564/3009
f 3459/3890/3010 3460/3891/3010 3463/3894/3010 3462/3893/3010
f 3460/3891/3011 3461/3892/3011 3464/3895/3011 3463/3894/3011
f 3462/3893/3012 3463/3894/3012 3466/3897/3012 3465/3896/3012
f 3463/3894/3013 3464/3895/3013 3467/3898/3013 3466/3897/3013
f 2887/3318/3014 3116/3547/3014 3459/3890/3014 3126/3557/3014
f 3116/3547/3015 3115/3546/3015 3460/3891/3015 3459/3890/3015
f 3115/3546/3016 3114/3545/3016 3461/3892/3016 3460/3891/3016
f 3114/3545/3017 2890/3321/3017 3141/3572/3017 3461/3892/3017
f 3461/3892/3018 3141/3572/3018 3142/3573/3018 3464/3895/3018
f 3464/3895/3019 3142/3573/3019 3143/3574/3019 3467/3898/3019
f 3467/3898/3020 3143/3574/3020 2870/3301/3020 2942/3373/3020
f 3466/3897/3021 3467/3898/3021 2942/3373/3021 2941/3372/3021
f 3465/3896/3022 3466/3897/3022 2941/3372/3022 2940/3371/3022
f 3128/3559/3023 3465/3896/3023 2940/3371/3023 2863/3294/3023
f 3127/3558/3024 3462/3893/3024 3465/3896/3024 3128/3559/3024
f 3126/3557/3025 3459/3890/3025 3462/3893/3025 3127/3558/3025
f 3468/3899/3026 3469/3900/3026 3472/3903/3026 3471/3902/3026
f 3469/3900/3027 3470/3901/3027 3473/3904/3027 3472/3903/3027
f 3471/3902/3028 3472/3903/3028 3475/3906/3028 3474/3905/3028
f 3472/3903/3029 3473/3904/3029 3476/3907/3029 3475/3906/3029
f 2869/3300/3030 2939/3370/3030 3468/3899/3030 3135/3566/3030
f 2939/3370/3031 2938/3369/3031 3469/3900/3031 3468/3899/3031
f 2938/3369/3032 2937/3368/3032 3470/3901/3032 3469/3900/3032
f 2937/3368/3033 2868/3299/3033 3162/3593/3033 3470/3901/3033
f 3470/3901/3034 3162/3593/3034 3163/3594/3034 3473/3904/3034
f 3473/3904/3035 3163/3594/3035 3164/3595/3035 3476/3907/3035
f 3476/3907/3036 3164/3595/3036 2893/3324/3036 3113/3544/3036
f 3475/3906/3037 3476/3907/3037 3113/3544/3037 3112/3543/3037
f 3474/3905/3038 3475/3906/3038 3112/3543/3038 3111/3542/3038
f 3137/3568/3039 3474/3905/3039 3111/3542/3039 2891/3322/3039
f 3136/3567/3040 3471/3902/3040 3474/3905/3040 3137/3568/3040
f 3135/3566/3041 3468/3899/3041 3471/3902/3041 3136/3567/3041
f 3477/3908/3042 3478/3909/3042 3481/3912/3042 3480/3911/3042
f 3478/3909/3043 3479/3910/3043 3482/3913/3043 3481/3912/3043
f 3480/3911/3044 3481/3912/3044 3484/3915/3044 3483/3914/3044
f 3481/3912/3045 3482/3913/3045 3485/3916/3045 3484/3915/3045
f 2907/3338/3046 3197/3628/3046 3477/3908/3046 3045/3476/3046
f 3197/3628/3047 3196/3627/3047 3478/3909/3047 3477/3908/3047
f 3196/3627/3048 3195/3626/3048 3479/3910/3048 3478/3909/3048
f 3195/3626/3049 2884/3315/3049 2979/3410/3049 3479/3910/3049
f 3479/3910/3050 2979/3410/3050 2980/3411/3050 3482/3913/3050
f 3482/3913/3051 2980/3411/3051 2981/3412/3051 3485/3916/3051
f 3485/3916/3052 2981/3412/3052 2885/3316/3052 3185/3616/3052
f 3484/3915/3053 3485/3916/3053 3185/3616/3053 3184/3615/3053
f 3483/3914/3054 3484/3915/3054 3184/3615/3054 3183/3614/3054
f 3047/3478/3055 3483/3914/3055 3183/3614/3055 2908/3339/3055
f 3046/3477/3056 3480/3911/3056 3483/3914/3056 3047/3478/3056
f 3045/3476/3057 3477/3908/3057 3480/3911/3057 3046/3477/3057
f 3486/3917/3058 3487/3918/3058 3490/3921/3058 3489/3920/3058
f 3487/3918/3059 3488/3919/3059 3491/3922/3059 3490/3921/3059
f 3489/3920/3060 3490/3921/3060 3493/3924/3060 3492/3923/3060
f 3490/3921/3061 3491/3922/3061 3494/3925/3061 3493/3924/3061
f 2905/3336/3062 3191/3622/3062 3486/3917/3062 3057/3488/3062
f 3191/3622/3063 3190/3621/3063 3487/3918/3063 3486/3917/3063
f 3190/3621/3064 3189/3620/3064 3488/3919/3064 3487/3918/3064
f 3189/3620/3065 2883/3314/3065 2976/3407/3065 3488/3919/3065
f 3488/3919/3066 2976/3407/3066 2977/3408/3066 3491/3922/3066
f 3491/3922/3067 2977/3408/3067 2978/3409/3067 3494/3925/3067
f 3494/3925/3068 2978/3409/3068 2884/3315/3068 3195/3626/3068
f 3493/3924/3069 3494/3925/3069 3195/3626/3069 3196/3627/3069
f 3492/3923/3070 3493/3924/3070 3196/3627/3070 3197/3628/3070
f 3059/3490/3071 3492/3923/3071 3197/3628/3071 2907/3338/3071
f 3058/3489/3072 3489/3920/3072 3492/3923/3072 3059/3490/3072
f 3057/3488/3073 3486/3917/3073 3489/3920/3073 3058/3489/3073
f 3495/3926/3074 3496/3927/3074 3499/3930/3074 3498/3929/3074
f 3496/3927/3075 3497/3928/3075 3500/3931/3075 3499/3930/3075
f 3498/3929/3076 3499/3930/3076 3502/3933/3076 3501/3932/3076
f 3499/3930/3077 3500/3931/3077 3503/3934/3077 3502/3933/3077
f 2903/3334/3078 3176/3607/3078 3495/3926/3078 3066/3497/3078
f 3176/3607/3079 3175/3606/3079 3496/3927/3079 3495/3926/3079
f 3175/3606/3080 3174/3605/3080 3497/3928/3080 3496/3927/3080
f 3174/3605/3081 2882/3313/3081 2973/3404/3081 3497/3928/3081
f 3497/3928/3082 2973/3404/3082 2974/3405/3082 3500/3931/3082
f 3500/3931/3083 2974/3405/3083 2975/3406/3083 3503/3934/3083
f 3503/3934/3084 2975/3406/3084 2883/3314/3084 3189/3620/3084
f 3502/3933/3085 3503/3934/3085 3189/3620/3085 3190/3621/3085
f 3501/3932/3086 3502/3933/3086 3190/3621/3086 3191/3622/3086
f 3068/3499/3087 3501/3932/3087 3191/3622/3087 2905/3336/3087
f 3067/3498/3088 3498/3929/3088 3501/3932/3088 3068/3499/3088
f 3066/3497/3089 3495/3926/3089 3498/3929/3089 3067/3498/3089
f 3504/3935/3090 3505/3936/3090 3508/3939/3090 3507/3938/3090
f 3505/3936/3091 3506/3937/3091 3509/3940/3091 3508/3939/3091
f 3507/3938/3092 3508/3939/3092 3511/3942/3092 3510/3941/3092
f 3508/3939/3093 3509/3940/3093 3512/3943/3093 3511/3942/3093
f 2878/3309/3094 3180/3611/3094 3504/3935/3094 2960/3391/3094
f 3180/3611/3095 3181/3612/3095 3505/3936/3095 3504/3935/3095
f 3181/3612/3096 3182/3613/3096 3506/3937/3096 3505/3936/3096
f 3182/3613/3097 2909/3340/3097 3083/3514/3097 3506/3937/3097
f 3506/3937/3098 3083/3514/3098 3082/3513/3098 3509/3940/3098
f 3509/3940/3099 3082/3513/3099 3081/3512/3099 3512/3943/3099
f 3512/3943/3100 3081/3512/3100 2900/3331/3100 3152/3583/3100
f 3511/3942/3101 3512/3943/3101 3152/3583/3101 3151/3582/3101
f 3510/3941/3102 3511/3942/3102 3151/3582/3102 3150/3581/3102
f 2958/3389/3103 3510/3941/3103 3150/3581/3103 2876/3307/3103
f 2959/3390/3104 3507/3938/3104 3510/3941/3104 2958/3389/3104
f 2960/3391/3105 3504/3935/3105 3507/3938/3105 2959/3390/3105
f 3513/3944/3106 3514/3945/3106 3517/3948/3106 3516/3947/3106
f 3514/3945/3107 3515/3946/3107 3518/3949/3107 3517/3948/3107
f 3516/3947/3108 3517/3948/3108 3520/3951/3108 3519/3950/3108
f 3517/3948/3109 3518/3949/3109 3521/3952/3109 3520/3951/3109
f 2908/3339/3110 3183/3614/3110 3513/3944/3110 3078/3509/3110
f 3183/3614/3111 3184/3615/3111 3514/3945/3111 3513/3944/3111
f 3184/3615/3112 3185/3616/3112 3515/3946/3112 3514/3945/3112
f 3185/3616/3113 2885/3316/3113 2955/3386/3113 3515/3946/3113
f 3515/3946/3114 2955/3386/3114 2956/3387/3114 3518/3949/3114
f 3518/3949/3115 2956/3387/3115 2957/3388/3115 3521/3952/3115
f 3521/3952/3116 2957/3388/3116 2877/3308/3116 3161/3592/3116
f 3520/3951/3117 3521/3952/3117 3161/3592/3117 3160/3591/3117
f 3519/3950/3118 3520/3951/3118 3160/3591/3118 3159/3590/3118
f 3080/3511/3119 3519/3950/3119 3159/3590/3119 2901/3332/3119
f 3079/3510/3120 3516/3947/3120 3519/3950/3120 3080/3511/3120
f 3078/3509/3121 3513/3944/3121 3516/3947/3121 3079/3510/3121
f 3522/3953/3122 3523/3954/3122 3526/3957/3122 3525/3956/3122
f 3523/3954/3123 3524/3955/3123 3527/3958/3123 3526/3957/3123
f 3525/3956/3124 3526/3957/3124 3529/3960/3124 3528/3959/3124
f 3526/3957/3125 3527/3958/3125 3530/3961/3125 3529/3960/3125
f 2894/3325/3126 3089/3520/3126 3522/3953/3126 3171/3602/3126
f 3089/3520/3127 3088/3519/3127 3523/3954/3127 3522/3953/3127
f 3088/3519/3128 3087/3518/3128 3524/3955/3128 3523/3954/3128
f 3087/3518/3129 2897/3328/3129 3155/3586/3129 3524/3955/3129
f 3524/3955/3130 3155/3586/3130 3154/3585/3130 3527/3958/3130
f 3527/3958/3131 3154/3585/3131 3153/3584/3131 3530/3961/3131
f 3530/3961/3132 3153/3584/3132 2873/3304/3132 2951/3382/3132
f 3529/3960/3133 3530/3961/3133 2951/3382/3133 2950/3381/3133
f 3528/3959/3134 3529/3960/3134 2950/3381/3134 2949/3380/3134
f 3173/3604/3135 3528/3959/3135 2949/3380/3135 2872/3303/3135
f 3172/3603/3136 3525/3956/3136 3528/3959/3136 3173/3604/3136
f 3171/3602/3137 3522/3953/3137 3525/3956/3137 3172/3603/3137
f 3531/3962/3138 3532/3963/3138 3535/3966/3138 3534/3965/3138
f 3532/3963/3139 3533/3964/3139 3536/3967/3139 3535/3966/3139
f 3534/3965/3140 3535/3966/3140 3538/3969/3140 3537/3968/3140
f 3535/3966/3141 3536/3967/3141 3539/3970/3141 3538/3969/3141
f 2892/3323/3142 3098/3529/3142 3531/3962/3142 3165/3596/3142
f 3098/3529/3143 3097/3528/3143 3532/3963/3143 3531/3962/3143
f 3097/3528/3144 3096/3527/3144 3533/3964/3144 3532/3963/3144
f 3096/3527/3145 2894/3325/3145 3171/3602/3145 3533/3964/3145
f 3533/3964/3146 3171/3602/3146 3172/3603/3146 3536/3967/3146
f 3536/3967/3147 3172/3603/3147 3173/3604/3147 3539/3970/3147
f 3539/3970/3148 3173/3604/3148 2872/3303/3148 2948/3379/3148
f 3538/3969/3149 3539/3970/3149 2948/3379/3149 2947/3378/3149
f 3537/3968/3150 3538/3969/3150 2947/3378/3150 2946/3377/3150
f 3167/3598/3151 3537/3968/3151 2946/3377/3151 2871/3302/3151
f 3166/3597/3152 3534/3965/3152 3537/3968/3152 3167/3598/3152
f 3165/3596/3153 3531/3962/3153 3534/3965/3153 3166/3597/3153
f 3540/3971/3154 3541/3972/3154 3544/3975/3154 3543/3974/3154
f 3541/3972/3155 3542/3973/3155 3545/3976/3155 3544/3975/3155
f 3543/3974/3156 3544/3975/3156 3547/3978/3156 3546/3977/3156
f 3544/3975/3157 3545/3976/3157 3548/3979/3157 3547/3978/3157
f 2890/3321/3158 3107/3538/3158 3540/3971/3158 3141/3572/3158
f 3107/3538/3159 3106/3537/3159 3541/3972/3159 3540/3971/3159
f 3106/3537/3160 3105/3536/3160 3542/3973/3160 3541/3972/3160
f 3105/3536/3161 2892/3323/3161 3165/3596/3161 3542/3973/3161
f 3542/3973/3162 3165/3596/3162 3166/3597/3162 3545/3976/3162
f 3545/3976/3163 3166/3597/3163 3167/3598/3163 3548/3979/3163
f 3548/3979/3164 3167/3598/3164 2871/3302/3164 2945/3376/3164
f 3547/3978/3165 3548/3979/3165 2945/3376/3165 2944/3375/3165
f 3546/3977/3166 3547/3978/3166 2944/3375/3166 2943/3374/3166
f 3143/3574/3167 3546/3977/3167 2943/3374/3167 2870/3301/3167
f 3142/3573/3168 3543/3974/3168 3546/3977/3168 3143/3574/3168
f 3141/3572/3169 3540/3971/3169 3543/3974/3169 3142/3573/3169
f 3549/3980/3170 3550/3981/3170 3553/3984/3170 3552/3983/3170
f 3550/3981/3171 3551/3982/3171 3554/3985/3171 3553/3984/3171
f 3552/3983/3172 3553/3984/3172 3556/3987/3172 3555/3986/3172
f 3553/3984/3173 3554/3985/3173 3557/3988/3173 3556/3987/3173
f 2862/3293/3174 3134/3565/3174 3549/3980/3174 3012/3443/3174
f 3134/3565/3175 3133/3564/3175 3550/3981/3175 3549/3980/3175
f 3133/3564/3176 3132/3563/3176 3551/3982/3176 3550/3981/3176
f 3132/3563/3177 2886/3317/3177 3029/3460/3177 3551/3982/3177
f 3551/3982/3178 3029/3460/3178 3028/3459/3178 3554/3985/3178
f 3554/3985/3179 3028/3459/3179 3027/3458/3179 3557/3988/3179
f 3557/3988/3180 3027/3458/3180 2899/3330/3180 3138/3569/3180
f 3556/3987/3181 3557/3988/3181 3138/3569/3181 3139/3570/3181
f 3555/3986/3182 3556/3987/3182 3139/3570/3182 3140/3571/3182
f 3014/3445/3183 3555/3986/3183 3140/3571/3183 2874/3305/3183
f 3013/3444/3184 3552/3983/3184 3555/3986/3184 3014/3445/3184
f 3012/3443/3185 3549/3980/3185 3552/3983/3185 3013/3444/3185
f 3558/3989/3186 3559/3990/3186 3562/3993/3186 3561/3992/3186
f 3559/3990/3187 3560/3991/3187 3563/3994/3187 3562/3993/3187
f 3561/3992/3188 3562/3993/3188 3565/3996/3188 3564/3995/3188
f 3562/3993/3189 3563/3994/3189 3566/3997/3189 3565/3996/3189
f 2889/3320/3190 3149/3580/3190 3558/3989/3190 3033/3464/3190
f 3149/3580/3191 3148/3579/3191 3559/3990/3191 3558/3989/3191
f 3148/3579/3192 3147/3578/3192 3560/3991/3192 3559/3990/3192
f 3147/3578/3193 2864/3295/3193 3006/3437/3193 3560/3991/3193
f 3560/3991/3194 3006/3437/3194 3007/3438/3194 3563/3994/3194
f 3563/3994/3195 3007/3438/3195 3008/3439/3195 3566/3997/3195
f 3566/3997/3196 3008/3439/3196 2876/3307/3196 3150/3581/3196
f 3565/3996/3197 3566/3997/3197 3150/3581/3197 3151/3582/3197
f 3564/3995/3198 3565/3996/3198 3151/3582/3198 3152/3583/3198
f 3035/3466/3199 3564/3995/3199 3152/3583/3199 2900/3331/3199
f 3034/3465/3200 3561/3992/3200 3564/3995/3200 3035/3466/3200
f 3033/3464/3201 3558/3989/3201 3561/3992/3201 3034/3465/3201
f 3567/3998/3202 3568/3999/3202 3571/4002/3202 3570/4001/3202
f 3568/3999/3203 3569/4000/3203 3572/4003/3203 3571/4002/3203
f 3570/4001/3204 3571/4002/3204 3574/4005/3204 3573/4004/3204
f 3571/4002/3205 3572/4003/3205 3575/4006/3205 3574/4005/3205
f 2887/3318/3206 3021/3452/3206 3567/3998/3206 3020/3451/3206
f 3021/3452/3207 3022/3453/3207 3568/3999/3207 3567/3998/3207
f 3022/3453/3208 3023/3454/3208 3569/4000/3208 3568/3999/3208
f 3023/3454/3209 2898/3329/3209 3024/3455/3209 3569/4000/3209
f 3569/4000/3210 3024/3455/3210 3025/3456/3210 3572/4003/3210
f 3572/4003/3211 3025/3456/3211 3026/3457/3211 3575/4006/3211
f 3575/4006/3212 3026/3457/3212 2899/3330/3212 3027/3458/3212
f 3574/4005/3213 3575/4006/3213 3027/3458/3213 3028/3459/3213
f 3573/4004/3214 3574/4005/3214 3028/3459/3214 3029/3460/3214
f 3018/3449/3215 3573/4004/3215 3029/3460/3215 2886/3317/3215
f 3019/3450/3216 3570/4001/3216 3573/4004/3216 3018/3449/3216
f 3020/3451/3217 3567/3998/3217 3570/4001/3217 3019/3450/3217
f 3576/4007/3218 3577/4008/3218 3580/4011/3218 3579/4010/3218
f 3577/4008/3219 3578/4009/3219 3581/4012/3219 3580/4011/3219
f 3579/4010/3220 3580/4011/3220 3583/4014/3220 3582/4013/3220
f 3580/4011/3221 3581/4012/3221 3584/4015/3221 3583/4014/3221
f 2889/3320/3222 3033/3464/3222 3576/4007/3222 3032/3463/3222
f 3033/3464/3223 3034/3465/3223 3577/4008/3223 3576/4007/3223
f 3034/3465/3224 3035/3466/3224 3578/4009/3224 3577/4008/3224
f 3035/3466/3225 2900/3331/3225 3036/3467/3225 3578/4009/3225
f 3578/4009/3226 3036/3467/3226 3037/3468/3226 3581/4012/3226
f 3581/4012/3227 3037/3468/3227 3038/3469/3227 3584/4015/3227
f 3584/4015/3228 3038/3469/3228 2901/3332/3228 3039/3470/3228
f 3583/4014/3229 3584/4015/3229 3039/3470/3229 3040/3471/3229
f 3582/4013/3230 3583/4014/3230 3040/3471/3230 3041/3472/3230
f 3030/3461/3231 3582/4013/3231 3041/3472/3231 2888/3319/3231
f 3031/3462/3232 3579/4010/3232 3582/4013/3232 3030/3461/3232
f 3032/3463/3233 3576/4007/3233 3579/4010/3233 3031/3462/3233
f 3585/4016/3234 3586/4017/3234 3589/4020/3234 3588/4019/3234
f 3586/4017/3235 3587/4018/3235 3590/4021/3235 3589/4020/3235
f 3588/4019/3236 3589/4020/3236 3592/4023/3236 3591/4022/3236
f 3589/4020/3237 3590/4021/3237 3593/4024/3237 3592/4023/3237
f 2907/3338/3238 3045/3476/3238 3585/4016/3238 3044/3475/3238
f 3045/3476/3239 3046/3477/3239 3586/4017/3239 3585/4016/3239
f 3046/3477/3240 3047/3478/3240 3587/4018/3240 3586/4017/3240
f 3047/3478/3241 2908/3339/3241 3048/3479/3241 3587/4018/3241
f 3587/4018/3242 3048/3479/3242 3049/3480/3242 3590/4021/3242
f 3590/4021/3243 3049/3480/3243 3050/3481/3243 3593/4024/3243
f 3593/4024/3244 3050/3481/3244 2909/3340/3244 3051/3482/3244
f 3592/4023/3245 3593/4024/3245 3051/3482/3245 3052/3483/3245
f 3591/4022/3246 3592/4023/3246 3052/3483/3246 3053/3484/3246
f 3042/3473/3247 3591/4022/3247 3053/3484/3247 2906/3337/3247
f 3043/3474/3248 3588/4019/3248 3591/4022/3248 3042/3473/3248
f 3044/3475/3249 3585/4016/3249 3588/4019/3249 3043/3474/3249
f 3594/4025/3250 3595/4026/3250 3598/4029/3250 3597/4028/3250
f 3595/4026/3251 3596/4027/3251 3599/4030/3251 3598/4029/3251
f 3597/4028/3252 3598/4029/3252 3601/4032/3252 3600/4031/3252
f 3598/4029/3253 3599/4030/3253 3602/4033/3253 3601/4032/3253
f 2905/3336/3254 3057/3488/3254 3594/4025/3254 3056/3487/3254
f 3057/3488/3255 3058/3489/3255 3595/4026/3255 3594/4025/3255
f 3058/3489/3256 3059/3490/3256 3596/4027/3256 3595/4026/3256
f 3059/3490/3257 2907/3338/3257 3044/3475/3257 3596/4027/3257
f 3596/4027/3258 3044/3475/3258 3043/3474/3258 3599/4030/3258
f 3599/4030/3259 3043/3474/3259 3042/3473/3259 3602/4033/3259
f 3602/4033/3260 3042/3473/3260 2906/3337/3260 3060/3491/3260
f 3601/4032/3261 3602/4033/3261 3060/3491/3261 3061/3492/3261
f 3600/4031/3262 3601/4032/3262 3061/3492/3262 3062/3493/3262
f 3054/3485/3263 3600/4031/3263 3062/3493/3263 2904/3335/3263
f 3055/3486/3264 3597/4028/3264 3600/4031/3264 3054/3485/3264
f 3056/3487/3265 3594/4025/3265 3597/4028/3265 3055/3486/3265
f 3603/4034/3266 3604/4035/3266 3607/4038/3266 3606/4037/3266
f 3604/4035/3267 3605/4036/3267 3608/4039/3267 3607/4038/3267
f 3606/4037/3268 3607/4038/3268 3610/4041/3268 3609/4040/3268
f 3607/4038/3269 3608/4039/3269 3611/4042/3269 3610/4041/3269
f 2903/3334/3270 3066/3497/3270 3603/4034/3270 3065/3496/3270
f 3066/3497/3271 3067/3498/3271 3604/4035/3271 3603/4034/3271
f 3067/3498/3272 3068/3499/3272 3605/4036/3272 3604/4035/3272
f 3068/3499/3273 2905/3336/3273 3056/3487/3273 3605/4036/3273
f 3605/4036/3274 3056/3487/3274 3055/3486/3274 3608/4039/3274
f 3608/4039/3275 3055/3486/3275 3054/3485/3275 3611/4042/3275
f 3611/4042/3276 3054/3485/3276 2904/3335/3276 3069/3500/3276
f 3610/4041/3277 3611/4042/3277 3069/3500/3277 3070/3501/3277
f 3609/4040/3278 3610/4041/3278 3070/3501/3278 3071/3502/3278
f 3063/3494/3279 3609/4040/3279 3071/3502/3279 2902/3333/3279
f 3064/3495/3280 3606/4037/3280 3609/4040/3280 3063/3494/3280
f 3065/3496/3281 3603/4034/3281 3606/4037/3281 3064/3495/3281
f 3612/4043/3282 3613/4044/3282 3616/4047/3282 3615/4046/3282
f 3613/4044/3283 3614/4045/3283 3617/4048/3283 3616/4047/3283
f 3615/4046/3284 3616/4047/3284 3619/4050/3284 3618/4049/3284
f 3616/4047/3285 3617/4048/3285 3620/4051/3285 3619/4050/3285
f 2898/3329/3286 3072/3503/3286 3612/4043/3286 3024/3455/3286
f 3072/3503/3287 3073/3504/3287 3613/4044/3287 3612/4043/3287
f 3073/3504/3288 3074/3505/3288 3614/4045/3288 3613/4044/3288
f 3074/3505/3289 2903/3334/3289 3065/3496/3289 3614/4045/3289
f 3614/4045/3290 3065/3496/3290 3064/3495/3290 3617/4048/3290
f 3617/4048/3291 3064/3495/3291 3063/3494/3291 3620/4051/3291
f 3620/4051/3292 3063/3494/3292 2902/3333/3292 3075/3506/3292
f 3619/4050/3293 3620/4051/3293 3075/3506/3293 3076/3507/3293
f 3618/4049/3294 3619/4050/3294 3076/3507/3294 3077/3508/3294
f 3026/3457/3295 3618/4049/3295 3077/3508/3295 2899/3330/3295
f 3025/3456/3296 3615/4046/3296 3618/4049/3296 3026/3457/3296
f 3024/3455/3297 3612/4043/3297 3615/4046/3297 3025/3456/3297
f 3621/4052/3298 3622/4053/3298 3625/4056/3298 3624/4055/3298
f 3622/4053/3299 3623/4054/3299 3626/4057/3299 3625/4056/3299
f 3624/4055/3300 3625/4056/3300 3628/4059/3300 3627/4058/3300
f 3625/4056/3301 3626/4057/3301 3629/4060/3301 3628/4059/3301
f 2908/3339/3302 3078/3509/3302 3621/4052/3302 3048/3479/3302
f 3078/3509/3303 3079/3510/3303 3622/4053/3303 3621/4052/3303
f 3079/3510/3304 3080/3511/3304 3623/4054/3304 3622/4053/3304
f 3080/3511/3305 2901/3332/3305 3038/3469/3305 3623/4054/3305
f 3623/4054/3306 3038/3469/3306 3037/3468/3306 3626/4057/3306
f 3626/4057/3307 3037/3468/3307 3036/3467/3307 3629/4060/3307
f 3629/4060/3308 3036/3467/3308 2900/3331/3308 3081/3512/3308
f 3628/4059/3309 3629/4060/3309 3081/3512/3309 3082/3513/3309
f 3627/4058/3310 3628/4059/3310 3082/3513/3310 3083/3514/3310
f 3050/3481/3311 3627/4058/3311 3083/3514/3311 2909/3340/3311
f 3049/3480/3312 3624/4055/3312 3627/4058/3312 3050/3481/3312
f 3048/3479/3313 3621/4052/3313 3624/4055/3313 3049/3480/3313
f 3630/4061/3314 3631/4062/3314 3634/4065/3314 3633/4064/3314
f 3631/4062/3315 3632/4063/3315 3635/4066/3315 3634/4065/3315
f 3633/4064/3316 3634/4065/3316 3637/4068/3316 3636/4067/3316
f 3634/4065/3317 3635/4066/3317 3638/4069/3317 3637/4068/3317
f 2886/3317/3318 3117/3548/3318 3630/4061/3318 3257/3688/3318
f 3117/3548/3319 3118/3549/3319 3631/4062/3319 3630/4061/3319
f 3118/3549/3320 3119/3550/3320 3632/4063/3320 3631/4062/3320
f 3119/3550/3321 2891/3322/3321 3252/3683/3321 3632/4063/3321
f 3632/4063/3322 3252/3683/3322 3253/3684/3322 3635/4066/3322
f 3635/4066/3323 3253/3684/3323 3254/3685/3323 3638/4069/3323
f 3638/4069/3324 3254/3685/3324 2915/3346/3324 3239/3670/3324
f 3637/4068/3325 3638/4069/3325 3239/3670/3325 3238/3669/3325
f 3636/4067/3326 3637/4068/3326 3238/3669/3326 3237/3668/3326
f 3255/3686/3327 3636/4067/3327 3237/3668/3327 2910/3341/3327
f 3256/3687/3328 3633/4064/3328 3636/4067/3328 3255/3686/3328
f 3257/3688/3329 3630/4061/3329 3633/4064/3329 3256/3687/3329
f 3639/4070/3330 3640/4071/3330 3643/4074/3330 3642/4073/3330
f 3640/4071/3331 3641/4072/3331 3644/4075/3331 3643/4074/3331
f 3642/4073/3332 3643/4074/3332 3646/4077/3332 3645/4076/3332
f 3643/4074/3333 3644/4075/3333 3647/4078/3333 3646/4077/3333
f 2894/3325/3334 3096/3527/3334 3639/4070/3334 3251/3682/3334
f 3096/3527/3335 3097/3528/3335 3640/4071/3335 3639/4070/3335
f 3097/3528/3336 3098/3529/3336 3641/4072/3336 3640/4071/3336
f 3098/3529/3337 2892/3323/3337 3248/3679/3337 3641/4072/3337
f 3641/4072/3338 3248/3679/3338 3247/3678/3338 3644/4075/3338
f 3644/4075/3339 3247/3678/3339 3246/3677/3339 3647/4078/3339
f 3647/4078/3340 3246/3677/3340 2916/3347/3340 3218/3649/3340
f 3646/4077/3341 3647/4078/3341 3218/3649/3341 3217/3648/3341
f 3645/4076/3342 3646/4077/3342 3217/3648/3342 3216/3647/3342
f 3249/3680/3343 3645/4076/3343 3216/3647/3343 2918/3349/3343
f 3250/3681/3344 3642/4073/3344 3645/4076/3344 3249/3680/3344
f 3251/3682/3345 3639/4070/3345 3642/4073/3345 3250/3681/3345
f 3648/4079/3346 3649/4080/3346 3652/4083/3346 3651/4082/3346
f 3649/4080/3347 3650/4081/3347 3653/4084/3347 3652/4083/3347
f 3651/4082/3348 3652/4083/3348 3655/4086/3348 3654/4085/3348
f 3652/4083/3349 3653/4084/3349 3656/4087/3349 3655/4086/3349
f 2892/3323/3350 3105/3536/3350 3648/4079/3350 3248/3679/3350
f 3105/3536/3351 3106/3537/3351 3649/4080/3351 3648/4079/3351
f 3106/3537/3352 3107/3538/3352 3650/4081/3352 3649/4080/3352
f 3107/3538/3353 2890/3321/3353 3086/3517/3353 3650/4081/3353
f 3650/4081/3354 3086/3517/3354 3085/3516/3354 3653/4084/3354
f 3653/4084/3355 3085/3516/3355 3084/3515/3355 3656/4087/3355
f 3656/4087/3356 3084/3515/3356 2914/3345/3356 3227/3658/3356
f 3655/4086/3357 3656/4087/3357 3227/3658/3357 3226/3657/3357
f 3654/4085/3358 3655/4086/3358 3226/3657/3358 3225/3656/3358
f 3246/3677/3359 3654/4085/3359 3225/3656/3359 2916/3347/3359
f 3247/3678/3360 3651/4082/3360 3654/4085/3360 3246/3677/3360
f 3248/3679/3361 3648/4079/3361 3651/4082/3361 3247/3678/3361
f 3657/4088/3362 3658/4089/3362 3661/4092/3362 3660/4091/3362
f 3658/4089/3363 3659/4090/3363 3662/4093/3363 3661/4092/3363
f 3660/4091/3364 3661/4092/3364 3664/4095/3364 3663/4094/3364
f 3661/4092/3365 3662/4093/3365 3665/4096/3365 3664/4095/3365
f 2890/3321/3366 3114/3545/3366 3657/4088/3366 3086/3517/3366
f 3114/3545/3367 3115/3546/3367 3658/4089/3367 3657/4088/3367
f 3115/3546/3368 3116/3547/3368 3659/4090/3368 3658/4089/3368
f 3116/3547/3369 2887/3318/3369 3090/3521/3369 3659/4090/3369
f 3659/4090/3370 3090/3521/3370 3091/3522/3370 3662/4093/3370
f 3662/4093/3371 3091/3522/3371 3092/3523/3371 3665/4096/3371
f 3665/4096/3372 3092/3523/3372 2911/3342/3372 3236/3667/3372
f 3664/4095/3373 3665/4096/3373 3236/3667/3373 3235/3666/3373
f 3663/4094/3374 3664/4095/3374 3235/3666/3374 3234/3665/3374
f 3084/3515/3375 3663/4094/3375 3234/3665/3375 2914/3345/3375
f 3085/3516/3376 3660/4091/3376 3663/4094/3376 3084/3515/3376
f 3086/3517/3377 3657/4088/3377 3660/4091/3377 3085/3516/3377
f 3666/4097/3378 3667/4098/3378 3670/4101/3378 3669/4100/3378
f 3667/4098/3379 3668/4099/3379 3671/4102/3379 3670/4101/3379
f 3669/4100/3380 3670/4101/3380 3673/4104/3380 3672/4103/3380
f 3670/4101/3381 3671/4102/3381 3674/4105/3381 3673/4104/3381
f 2895/3326/3382 3093/3524/3382 3666/4097/3382 3101/3532/3382
f 3093/3524/3383 3094/3525/3383 3667/4098/3383 3666/4097/3383
f 3094/3525/3384 3095/3526/3384 3668/4099/3384 3667/4098/3384
f 3095/3526/3385 2896/3327/3385 3108/3539/3385 3668/4099/3385
f 3668/4099/3386 3108/3539/3386 3109/3540/3386 3671/4102/3386
f 3671/4102/3387 3109/3540/3387 3110/3541/3387 3674/4105/3387
f 3674/4105/3388 3110/3541/3388 2920/3351/3388 3215/3646/3388
f 3673/4104/3389 3674/4105/3389 3215/3646/3389 3214/3645/3389
f 3672/4103/3390 3673/4104/3390 3214/3645/3390 3213/3644/3390
f 3099/3530/3391 3672/4103/3391 3213/3644/3391 2919/3350/3391
f 3100/3531/3392 3669/4100/3392 3672/4103/3392 3099/3530/3392
f 3101/3532/3393 3666/4097/3393 3669/4100/3393 3100/3531/3393
f 3675/4106/3394 3676/4107/3394 3679/4110/3394 3678/4109/3394
f 3676/4107/3395 3677/4108/3395 3680/4111/3395 3679/4110/3395
f 3678/4109/3396 3679/4110/3396 3682/4113/3396 3681/4112/3396
f 3679/4110/3397 3680/4111/3397 3683/4114/3397 3682/4113/3397
f 2887/3318/3398 3126/3557/3398 3675/4106/3398 3021/3452/3398
f 3126/3557/3399 3127/3558/3399 3676/4107/3399 3675/4106/3399
f 3127/3558/3400 3128/3559/3400 3677/4108/3400 3676/4107/3400
f 3128/3559/3401 2863/3294/3401 2987/3418/3401 3677/4108/3401
f 3677/4108/3402 2987/3418/3402 2986/3417/3402 3680/4111/3402
f 3680/4111/3403 2986/3417/3403 2985/3416/3403 3683/4114/3403
f 3683/4114/3404 2985/3416/3404 2875/3306/3404 3129/3560/3404
f 3682/4113/3405 3683/4114/3405 3129/3560/3405 3130/3561/3405
f 3681/4112/3406 3682/4113/3406 3130/3561/3406 3131/3562/3406
f 3023/3454/3407 3681/4112/3407 3131/3562/3407 2898/3329/3407
f 3022/3453/3408 3678/4109/3408 3681/4112/3408 3023/3454/3408
f 3021/3452/3409 3675/4106/3409 3678/4109/3409 3022/3453/3409
f 3684/4115/3410 3685/4116/3410 3688/4119/3410 3687/4118/3410
f 3685/4116/3411 3686/4117/3411 3689/4120/3411 3688/4119/3411
f 3687/4118/3412 3688/4119/3412 3691/4122/3412 3690/4121/3412
f 3688/4119/3413 3689/4120/3413 3692/4123/3413 3691/4122/3413
f 2921/3352/3414 3207/3638/3414 3684/4115/3414 3206/3637/3414
f 3207/3638/3415 3208/3639/3415 3685/4116/3415 3684/4115/3415
f 3208/3639/3416 3209/3640/3416 3686/4117/3416 3685/4116/3416
f 3209/3640/3417 2918/3349/3417 3210/3641/3417 3686/4117/3417
f 3686/4117/3418 3210/3641/3418 3211/3642/3418 3689/4120/3418
f 3689/4120/3419 3211/3642/3419 3212/3643/3419 3692/4123/3419
f 3692/4123/3420 3212/3643/3420 2919/3350/3420 3213/3644/3420
f 3691/4122/3421 3692/4123/3421 3213/3644/3421 3214/3645/3421
f 3690/4121/3422 3691/4122/3422 3214/3645/3422 3215/3646/3422
f 3204/3635/3423 3690/4121/3423 3215/3646/3423 2920/3351/3423
f 3205/3636/3424 3687/4118/3424 3690/4121/3424 3204/3635/3424
f 3206/3637/3425 3684/4115/3425 3687/4118/3425 3205/3636/3425
f 3693/4124/3426 3694/4125/3426 3697/4128/3426 3696/4127/3426
f 3694/4125/3427 3695/4126/3427 3698/4129/3427 3697/4128/3427
f 3696/4127/3428 3697/4128/3428 3700/4131/3428 3699/4130/3428
f 3697/4128/3429 3698/4129/3429 3701/4132/3429 3700/4131/3429
f 2918/3349/3430 3216/3647/3430 3693/4124/3430 3210/3641/3430
f 3216/3647/3431 3217/3648/3431 3694/4125/3431 3693/4124/3431
f 3217/3648/3432 3218/3649/3432 3695/4126/3432 3694/4125/3432
f 3218/3649/3433 2916/3347/3433 3219/3650/3433 3695/4126/3433
f 3695/4126/3434 3219/3650/3434 3220/3651/3434 3698/4129/3434
f 3698/4129/3435 3220/3651/3435 3221/3652/3435 3701/4132/3435
f 3701/4132/3436 3221/3652/3436 2917/3348/3436 3222/3653/3436
f 3700/4131/3437 3701/4132/3437 3222/3653/3437 3223/3654/3437
f 3699/4130/3438 3700/4131/3438 3223/3654/3438 3224/3655/3438
f 3212/3643/3439 3699/4130/3439 3224/3655/3439 2919/3350/3439
f 3211/3642/3440 3696/4127/3440 3699/4130/3440 3212/3643/3440
f 3210/3641/3441 3693/4124/3441 3696/4127/3441 3211/3642/3441
f 3702/4133/3442 3703/4134/3442 3706/4137/3442 3705/4136/3442
f 3703/4134/3443 3704/4135/3443 3707/4138/3443 3706/4137/3443
f 3705/4136/3444 3706/4137/3444 3709/4140/3444 3708/4139/3444
f 3706/4137/3445 3707/4138/3445 3710/4141/3445 3709/4140/3445
f 2916/3347/3446 3225/3656/3446 3702/4133/3446 3219/3650/3446
f 3225/3656/3447 3226/3657/3447 3703/4134/3447 3702/4133/3447
f 3226/3657/3448 3227/3658/3448 3704/4135/3448 3703/4134/3448
f 3227/3658/3449 2914/3345/3449 3228/3659/3449 3704/4135/3449
f 3704/4135/3450 3228/3659/3450 3229/3660/3450 3707/4138/3450
f 3707/4138/3451 3229/3660/3451 3230/3661/3451 3710/4141/3451
f 3710/4141/3452 3230/3661/3452 2915/3346/3452 3231/3662/3452
f 3709/4140/3453 3710/4141/3453 3231/3662/3453 3232/3663/3453
f 3708/4139/3454 3709/4140/3454 3232/3663/3454 3233/3664/3454
f 3221/3652/3455 3708/4139/3455 3233/3664/3455 2917/3348/3455
f 3220/3651/3456 3705/4136/3456 3708/4139/3456 3221/3652/3456
f 3219/3650/3457 3702/4133/3457 3705/4136/3457 3220/3651/3457
f 3711/4142/3458 3712/4143/3458 3715/4146/3458 3714/4145/3458
f 3712/4143/3459 3713/4144/3459 3716/4147/3459 3715/4146/3459
f 3714/4145/3460 3715/4146/3460 3718/4149/3460 3717/4148/3460
f 3715/4146/3461 3716/4147/3461 3719/4150/3461 3718/4149/3461
f 2914/3345/3462 3234/3665/3462 3711/4142/3462 3228/3659/3462
f 3234/3665/3463 3235/3666/3463 3712/4143/3463 3711/4142/3463
f 3235/3666/3464 3236/3667/3464 3713/4144/3464 3712/4143/3464
f 3236/3667/3465 2911/3342/3465 3200/3631/3465 3713/4144/3465
f 3713/4144/3466 3200/3631/3466 3199/3630/3466 3716/4147/3466
f 3716/4147/3467 3199/3630/3467 3198/3629/3467 3719/4150/3467
f 3719/4150/3468 3198/3629/3468 2910/3341/3468 3237/3668/3468
f 3718/4149/3469 3719/4150/3469 3237/3668/3469 3238/3669/3469
f 3717/4148/3470 3718/4149/3470 3238/3669/3470 3239/3670/3470
f 3230/3661/3471 3717/4148/3471 3239/3670/3471 2915/3346/3471
f 3229/3660/3472 3714/4145/3472 3717/4148/3472 3230/3661/3472
f 3228/3659/3473 3711/4142/3473 3714/4145/3473 3229/3660/3473
f 3720/4151/3474 3721/4152/3474 3724/4155/3474 3723/4154/3474
f 3721/4152/3475 3722/4153/3475 3725/4156/3475 3724/4155/3475
f 3723/4154/3476 3724/4155/3476 3727/4158/3476 3726/4157/3476
f 3724/4155/3477 3725/4156/3477 3728/4159/3477 3727/4158/3477
f 2912/3343/3478 3240/3671/3478 3720/4151/3478 3201/3632/3478
f 3240/3671/3479 3241/3672/3479 3721/4152/3479 3720/4151/3479
f 3241/3672/3480 3242/3673/3480 3722/4153/3480 3721/4152/3480
f 3242/3673/3481 2921/3352/3481 3206/3637/3481 3722/4153/3481
f 3722/4153/3482 3206/3637/3482 3205/3636/3482 3725/4156/3482
f 3725/4156/3483 3205/3636/3483 3204/3635/3483 3728/4159/3483
f 3728/4159/3484 3204/3635/3484 2920/3351/3484 3243/3674/3484
f 3727/4158/3485 3728/4159/3485 3243/3674/3485 3244/3675/3485
f 3726/4157/3486 3727/4158/3486 3244/3675/3486 3245/3676/3486
f 3203/3634/3487 3726/4157/3487 3245/3676/3487 2913/3344/3487
f 3202/3633/3488 3723/4154/3488 3726/4157/3488 3203/3634/3488
f 3201/3632/3489 3720/4151/3489 3723/4154/3489 3202/3633/3489
f 3729/4160/3490 3730/4161/3490 3733/4164/3490 3732/4163/3490
f 3730/4161/3491 3731/4162/3491 3734/4165/3491 3733/4164/3491
f 3732/4163/3492 3733/4164/3492 3736/4167/3492 3735/4166/3492
f 3733/4164/3493 3734/4165/3493 3737/4168/3493 3736/4167/3493
f 2897/3328/3494 3087/3518/3494 3729/4160/3494 3260/3691/3494
f 3087/3518/3495 3088/3519/3495 3730/4161/3495 3729/4160/3495
f 3088/3519/3496 3089/3520/3496 3731/4162/3496 3730/4161/3496
f 3089/3520/3497 2894/3325/3497 3251/3682/3497 3731/4162/3497
f 3731/4162/3498 3251/3682/3498 3250/3681/3498 3734/4165/3498
f 3734/4165/3499 3250/3681/3499 3249/3680/3499 3737/4168/3499
f 3737/4168/3500 3249/3680/3500 2918/3349/3500 3209/3640/3500
f 3736/4167/3501 3737/4168/3501 3209/3640/3501 3208/3639/3501
f 3735/4166/3502 3736/4167/3502 3208/3639/3502 3207/3638/3502
f 3258/3689/3503 3735/4166/3503 3207/3638/3503 2921/3352/3503
f 3259/3690/3504 3732/4163/3504 3735/4166/3504 3258/3689/3504
f 3260/3691/3505 3729/4160/3505 3732/4163/3505 3259/3690/3505
f 3738/4169/3506 3739/4170/3506 3742/4173/3506 3741/4172/3506
f 3739/4170/3507 3740/4171/3507 3743/4174/3507 3742/4173/3507
f 3741/4172/3508 3742/4173/3508 3745/4176/3508 3744/4175/3508
f 3742/4173/3509 3743/4174/3509 3746/4177/3509 3745/4176/3509
f 2888/3319/3510 3120/3551/3510 3738/4169/3510 3263/3694/3510
f 3120/3551/3511 3121/3552/3511 3739/4170/3511 3738/4169/3511
f 3121/3552/3512 3122/3553/3512 3740/4171/3512 3739/4170/3512
f 3122/3553/3513 2897/3328/3513 3260/3691/3513 3740/4171/3513
f 3740/4171/3514 3260/3691/3514 3259/3690/3514 3743/4174/3514
f 3743/4174/3515 3259/3690/3515 3258/3689/3515 3746/4177/3515
f 3746/4177/3516 3258/3689/3516 2921/3352/3516 3242/3673/3516
f 3745/4176/3517 3746/4177/3517 3242/3673/3517 3241/3672/3517
f 3744/4175/3518 3745/4176/3518 3241/3672/3518 3240/3671/3518
f 3261/3692/3519 3744/4175/3519 3240/3671/3519 2912/3343/3519
f 3262/3693/3520 3741/4172/3520 3744/4175/3520 3261/3692/3520
f 3263/3694/3521 3738/4169/3521 3741/4172/3521 3262/3693/3521
f 3747/4178/3522 3748/4179/3522 3751/4182/3522 3750/4181/3522
f 3748/4179/3523 3749/4180/3523 3752/4183/3523 3751/4182/3523
f 3750/4181/3524 3751/4182/3524 3754/4185/3524 3753/4184/3524
f 3751/4182/3525 3752/4183/3525 3755/4186/3525 3754/4185/3525
f 2887/3318/3526 3020/3451/3526 3747/4178/3526 3090/3521/3526
f 3020/3451/3527 3019/3450/3527 3748/4179/3527 3747/4178/3527
f 3019/3450/3528 3018/3449/3528 3749/4180/3528 3748/4179/3528
f 3018/3449/3529 2886/3317/3529 3257/3688/3529 3749/4180/3529
f 3749/4180/3530 3257/3688/3530 3256/3687/3530 3752/4183/3530
f 3752/4183/3531 3256/3687/3531 3255/3686/3531 3755/4186/3531
f 3755/4186/3532 3255/3686/3532 2910/3341/3532 3198/3629/3532
f 3754/4185/3533 3755/4186/3533 3198/3629/3533 3199/3630/3533
f 3753/4184/3534 3754/4185/3534 3199/3630/3534 3200/3631/3534
f 3092/3523/3535 3753/4184/3535 3200/3631/3535 2911/3342/3535
f 3091/3522/3536 3750/4181/3536 3753/4184/3536 3092/3523/3536
f 3090/3521/3537 3747/4178/3537 3750/4181/3537 3091/3522/3537
f 3756/4187/3538 3757/4188/3538 3760/4191/3538 3759/4190/3538
f 3757/4188/3539 3758/4189/3539 3761/4192/3539 3760/4191/3539
f 3759/4190/3540 3760/4191/3540 3763/4194/3540 3762/4193/3540
f 3760/4191/3541 3761/4192/3541 3764/4195/3541 3763/4194/3541
f 2891/3322/3542 3111/3542/3542 3756/4187/3542 3252/3683/3542
f 3111/3542/3543 3112/3543/3543 3757/4188/3543 3756/4187/3543
f 3112/3543/3544 3113/3544/3544 3758/4189/3544 3757/4188/3544
f 3113/3544/3545 2893/3324/3545 3264/3695/3545 3758/4189/3545
f 3758/4189/3546 3264/3695/3546 3265/3696/3546 3761/4192/3546
f 3761/4192/3547 3265/3696/3547 3266/3697/3547 3764/4195/3547
f 3764/4195/3548 3266/3697/3548 2917/3348/3548 3233/3664/3548
f 3763/4194/3549 3764/4195/3549 3233/3664/3549 3232/3663/3549
f 3762/4193/3550 3763/4194/3550 3232/3663/3550 3231/3662/3550
f 3254/3685/3551 3762/4193/3551 3231/3662/3551 2915/3346/3551
f 3253/3684/3552 3759/4190/3552 3762/4193/3552 3254/3685/3552
f 3252/3683/3553 3756/4187/3553 3759/4190/3553 3253/3684/3553
f 3765/4196/3554 3766/4197/3554 3769/4200/3554 3768/4199/3554
f 3766/4197/3555 3767/4198/3555 3770/4201/3555 3769/4200/3555
f 3768/4199/3556 3769/4200/3556 3772/4203/3556 3771/4202/3556
f 3769/4200/3557 3770/4201/3557 3773/4204/3557 3772/4203/3557
f 2889/3320/3558 3032/3463/3558 3765/4196/3558 3269/3700/3558
f 3032/3463/3559 3031/3462/3559 3766/4197/3559 3765/4196/3559
f 3031/3462/3560 3030/3461/3560 3767/4198/3560 3766/4197/3560
f 3030/3461/3561 2888/3319/3561 3263/3694/3561 3767/4198/3561
f 3767/4198/3562 3263/3694/3562 3262/3693/3562 3770/4201/3562
f 3770/4201/3563 3262/3693/3563 3261/3692/3563 3773/4204/3563
f 3773/4204/3564 3261/3692/3564 2912/3343/3564 3201/3632/3564
f 3772/4203/3565 3773/4204/3565 3201/3632/3565 3202/3633/3565
f 3771/4202/3566 3772/4203/3566 3202/3633/3566 3203/3634/3566
f 3267/3698/3567 3771/4202/3567 3203/3634/3567 2913/3344/3567
f 3268/3699/3568 3768/4199/3568 3771/4202/3568 3267/3698/3568
f 3269/3700/3569 3765/4196/3569 3768/4199/3569 3268/3699/3569
f 3774/4205/3570 3775/4206/3570 3778/4209/3570 3777/4208/3570
f 3775/4206/3571 3776/4207/3571 3779/4210/3571 3778/4209/3571
f 3777/4208/3572 3778/4209/3572 3781/4212/3572 3780/4211/3572
f 3778/4209/3573 3779/4210/3573 3782/4213/3573 3781/4212/3573
f 2893/3324/3574 3102/3533/3574 3774/4205/3574 3264/3695/3574
f 3102/3533/3575 3103/3534/3575 3775/4206/3575 3774/4205/3575
f 3103/3534/3576 3104/3535/3576 3776/4207/3576 3775/4206/3576
f 3104/3535/3577 2895/3326/3577 3101/3532/3577 3776/4207/3577
f 3776/4207/3578 3101/3532/3578 3100/3531/3578 3779/4210/3578
f 3779/4210/3579 3100/3531/3579 3099/3530/3579 3782/4213/3579
f 3782/4213/3580 3099/3530/3580 2919/3350/3580 3224/3655/3580
f 3781/4212/3581 3782/4213/3581 3224/3655/3581 3223/3654/3581
f 3780/4211/3582 3781/4212/3582 3223/3654/3582 3222/3653/3582
f 3266/3697/3583 3780/4211/3583 3222/3653/3583 2917/3348/3583
f 3265/3696/3584 3777/4208/3584 3780/4211/3584 3266/3697/3584
f 3264/3695/3585 3774/4205/3585 3777/4208/3585 3265/3696/3585
f 3783/4214/3586 3784/4215/3586 3787/4218/3586 3786/4217/3586
f 3784/4215/3587 3785/4216/3587 3788/4219/3587 3787/4218/3587
f 3786/4217/3588 3787/4218/3588 3790/4221/3588 3789/4220/3588
f 3787/4218/3589 3788/4219/3589 3791/4222/3589 3790/4221/3589
f 2896/3327/3590 3123/3554/3590 3783/4214/3590 3108/3539/3590
f 3123/3554/3591 3124/3555/3591 3784/4215/3591 3783/4214/3591
f 3124/3555/3592 3125/3556/3592 3785/4216/3592 3784/4215/3592
f 3125/3556/3593 2889/3320/3593 3269/3700/3593 3785/4216/3593
f 3785/4216/3594 3269/3700/3594 3268/3699/3594 3788/4219/3594
f 3788/4219/3595 3268/3699/3595 3267/3698/3595 3791/4222/3595
f 3791/4222/3596 3267/3698/3596 2913/3344/3596 3245/3676/3596
f 3790/4221/3597 3791/4222/3597 3245/3676/3597 3244/3675/3597
f 3789/4220/3598 3790/4221/3598 3244/3675/3598 3243/3674/3598
f 3110/3541/3599 3789/4220/3599 3243/3674/3599 2920/3351/3599
f 3109/3540/3600 3786/4217/3600 3789/4220/3600 3110/3541/3600
f 3108/3539/3601 3783/4214/3601 3786/4217/3601 3109/3540/3601
o Circle.002
v -1.672202 4.414155 -10.361537
v -1.692563 4.402969 -10.352902
v -1.713737 4.395864 -10.343049
v -1.734912 4.393111 -10.332355
v -1.755273 4.394817 -10.321233
v -1.774038 4.400916 -10.310109
v -1.790038 4.410759 -10.296724
v -1.802097 4.423726 -10.280050
v -1.806825 4.442647 -10.260796
v -1.807504 4.460454 -10.243329
v -1.804459 4.480197 -10.228376
v -1.797808 4.501117 -10.216511
v -1.787805 4.522408 -10.208192
v -1.774838 4.543256 -10.203736
v -1.759401 4.562856 -10.203314
v -1.737046 4.577775 -10.202360
v -1.715616 4.587326 -10.207923
v -1.695534 4.590187 -10.212948
v -1.674766 4.589361 -10.221892
v -1.655293 4.586047 -10.234410
v -1.637864 4.580371 -10.250020
v -1.623150 4.572554 -10.268124
v -1.611714 4.562893 -10.288023
v -1.601103 4.554752 -10.304831
v -1.599339 4.549455 -10.309996
v -1.601273 4.529208 -10.321266
v -1.603918 4.507701 -10.333104
v -1.610484 4.486412 -10.344317
v -1.620719 4.466159 -10.354476
v -1.631225 4.447134 -10.363865
v -1.640027 4.429565 -10.372104
v -1.654153 4.422540 -10.369224
v -1.690241 4.399408 -10.354820
v -1.669880 4.410594 -10.363455
v -1.711415 4.392303 -10.344967
v -1.732590 4.389550 -10.334273
v -1.752951 4.391256 -10.323151
v -1.771716 4.397355 -10.312027
v -1.790333 4.407291 -10.297280
v -1.802416 4.420287 -10.280589
v -1.806826 4.442647 -10.260793
v -1.807503 4.460453 -10.243331
v -1.804456 4.480199 -10.228377
v -1.797809 4.501119 -10.216508
v -1.787806 4.522405 -10.208194
v -1.774838 4.543257 -10.203734
v -1.759401 4.562857 -10.203313
v -1.734775 4.579981 -10.199705
v -1.713347 4.589531 -10.205268
v -1.690901 4.591945 -10.211782
v -1.670133 4.591119 -10.220727
v -1.650660 4.587805 -10.233245
v -1.633232 4.582130 -10.248856
v -1.618517 4.574312 -10.266958
v -1.607081 4.564651 -10.286859
v -1.599414 4.555189 -10.304903
v -1.597356 4.548915 -10.310611
v -1.595978 4.528016 -10.322618
v -1.598623 4.506508 -10.334455
v -1.605189 4.485219 -10.345669
v -1.615424 4.464967 -10.355827
v -1.628935 4.446529 -10.364540
v -1.638955 4.429292 -10.372684
v -1.651542 4.421632 -10.370903
vn 0.4355 -0.5406 0.7197
vn -0.4305 0.5416 -0.7221
vn 0.6883 -0.5208 0.5050
vn 0.1104 -0.4896 0.8649
vn 0.8552 -0.5109 -0.0877
vn 0.6549 -0.5278 0.5410
vn 0.4617 -0.1681 0.8710
vn 0.5349 -0.8157 0.2205
vn 0.1145 -0.4907 0.8638
vn 0.4529 -0.8367 0.3080
vn 0.1861 -0.4990 0.8464
vn 0.2323 -0.8537 0.4661
vn 0.3741 -0.4177 0.8280
vn 0.1882 -0.8367 0.5143
vn 0.4613 -0.1886 0.8670
vn 0.5870 -0.1128 0.8017
vn 0.7310 -0.1697 0.6610
vn 0.9194 -0.1430 0.3663
vn 0.6677 -0.5081 0.5440
vn 0.1976 -0.8294 0.5226
vn -0.6354 0.5262 -0.5652
vn 0.1205 -0.6583 0.7430
vn -0.6483 0.5206 -0.5556
vn 0.1167 -0.4902 0.8637
vt 0.000000 0.000000
vt 0.000000 0.000000
vt 0.000000 0.000000
vt 0.000000 0.000000
vt 0.000000 0.000000
vt 0.000000 0.000000
vt 0.000000 0.000000
vt 0.000000 0.000000
vt 0.000000 0.000000
vt 0.000000 0.000000
vt 0.000000 0.000000
vt 0.000000 0.000000
vt 0.000000 0.000000
vt 0.000000 0.000000
vt 0.000000 0.000000
vt 0.000000 0.000000
vt 0.000000 0.000000
vt 0.000000 0.000000
vt 0.000000 0.000000
vt 0.000000 0.000000
vt 0.000000 0.000000
vt 0.000000 0.000000
vt 0.000000 0.000000
vt 0.000000 0.000000
vt 0.000000 0.000000
vt 0.000000 0.000000
vt 0.000000 0.000000
vt 0.000000 0.000000
vt 0.000000 0.000000
vt 0.000000 0.000000
vt 0.000000 0.000000
vt 0.000000 0.000000
vt 0.000000 0.000000
vt 0.000000 0.000000
vt 0.000000 0.000000
vt 0.000000 0.000000
vt 0.000000 0.000000
vt 0.000000 0.000000
vt 0.000000 0.000000
vt 0.000000 0.000000
vt 0.000000 0.000000
vt 0.000000 0.000000
vt 0.000000 0.000000
vt 0.000000 0.000000
vt 0.000000 0.000000
vt 0.000000 0.000000
vt 0.000000 0.000000
vt 0.000000 0.000000
vt 0.000000 0.000000
vt 0.000000 0.000000
vt 0.000000 0.000000
vt 0.000000 0.000000
vt 0.000000 0.000000
vt 0.000000 0.000000
vt 0.000000 0.000000
vt 0.000000 0.000000
vt 0.000000 0.000000
vt 0.000000 0.000000
vt 0.000000 0.000000
vt 0.000000 0.000000
vt 0.000000 0.000000
vt 0.000000 0.000000
vt 0.000000 0.000000
vt 0.000000 0.000000
s 0
usemtl Material.018
f 3793/4224/3602 3792/4223/3602 3823/4254/3602 3822/4253/3602 3821/4252/3602 3820/4251/3602 3819/4250/3602 3818/4249/3602 3817/4248/3602 3816/4247/3602 3815/4246/3602 3814/4245/3602 3813/4244/3602 3812/4243/3602 3811/4242/3602 3810/4241/3602 3809/4240/3602 3808/4239/3602 3807/4238/3602 3806/4237/3602 3805/4236/3602 3804/4235/3602 3803/4234/3602 3802/4233/3602 3801/4232/3602 3800/4231/3602 3799/4230/3602 3798/4229/3602 3797/4228/3602 3796/4227/3602 3795/4226/3602 3794/4225/3602
f 3824/4255/3603 3826/4257/3603 3827/4258/3603 3828/4259/3603 3829/4260/3603 3830/4261/3603 3831/4262/3603 3832/4263/3603 3833/4264/3603 3834/4265/3603 3835/4266/3603 3836/4267/3603 3837/4268/3603 3838/4269/3603 3839/4270/3603 3840/4271/3603 3841/4272/3603 3842/4273/3603 3843/4274/3603 3844/4275/3603 3845/4276/3603 3846/4277/3603 3847/4278/3603 3848/4279/3603 3849/4280/3603 3850/4281/3603 3851/4282/3603 3852/4283/3603 3853/4284/3603 3854/4285/3603 3855/4286/3603 3825/4256/3603
f 3803/4234/3604 3804/4235/3604 3836/4267/3604 3835/4266/3604
f 3817/4248/3605 3818/4249/3605 3850/4281/3605 3849/4280/3605
f 3804/4235/3606 3805/4236/3606 3837/4268/3606 3836/4267/3606
f 3818/4249/3605 3819/4250/3605 3851/4282/3605 3850/4281/3605
f 3805/4236/3607 3806/4237/3607 3838/4269/3607 3837/4268/3607
f 3792/4223/3608 3793/4224/3608 3824/4255/3608 3825/4256/3608
f 3819/4250/3605 3820/4251/3605 3852/4283/3605 3851/4282/3605
f 3806/4237/3609 3807/4238/3609 3839/4270/3609 3838/4269/3609
f 3793/4224/3608 3794/4225/3608 3826/4257/3608 3824/4255/3608
f 3820/4251/3610 3821/4252/3610 3853/4284/3610 3852/4283/3610
f 3807/4238/3611 3808/4239/3611 3840/4271/3611 3839/4270/3611
f 3794/4225/3608 3795/4226/3608 3827/4258/3608 3826/4257/3608
f 3821/4252/3612 3822/4253/3612 3854/4285/3612 3853/4284/3612
f 3808/4239/3613 3809/4240/3613 3841/4272/3613 3840/4271/3613
f 3795/4226/3608 3796/4227/3608 3828/4259/3608 3827/4258/3608
f 3822/4253/3614 3823/4254/3614 3855/4286/3614 3854/4285/3614
f 3809/4240/3615 3810/4241/3615 3842/4273/3615 3841/4272/3615
f 3796/4227/3608 3797/4228/3608 3829/4260/3608 3828/4259/3608
f 3823/4254/3616 3792/4223/3616 3825/4256/3616 3855/4286/3616
f 3810/4241/3615 3811/4242/3615 3843/4274/3615 3842/4273/3615
f 3797/4228/3617 3798/4229/3617 3830/4261/3617 3829/4260/3617
f 3811/4242/3615 3812/4243/3615 3844/4275/3615 3843/4274/3615
f 3798/4229/3618 3799/4230/3618 3831/4262/3618 3830/4261/3618
f 3812/4243/3615 3813/4244/3615 3845/4276/3615 3844/4275/3615
f 3799/4230/3619 3800/4231/3619 3832/4263/3619 3831/4262/3619
f 3813/4244/3615 3814/4245/3615 3846/4277/3615 3845/4276/3615
f 3800/4231/3620 3801/4232/3620 3833/4264/3620 3832/4263/3620
f 3814/4245/3621 3815/4246/3621 3847/4278/3621 3846/4277/3621
f 3801/4232/3622 3802/4233/3622 3834/4265/3622 3833/4264/3622
f 3815/4246/3623 3816/4247/3623 3848/4279/3623 3847/4278/3623
f 3802/4233/3624 3803/4234/3624 3835/4266/3624 3834/4265/3624
f 3816/4247/3625 3817/4248/3625 3849/4280/3625 3848/4279/3625
o Circle.003
v -1.857642 4.541987 -9.880518
v -1.866407 4.521279 -9.869763
v -1.872486 4.501919 -9.855490
v -1.875646 4.484655 -9.838243
v -1.875764 4.470151 -9.818686
v -1.872836 4.458964 -9.797571
v -1.866975 4.451524 -9.775709
v -1.858403 4.448119 -9.753939
v -1.839788 4.446391 -9.729752
v -1.820636 4.447016 -9.713768
v -1.800305 4.451781 -9.700109
v -1.779577 4.460504 -9.689297
v -1.759248 4.472848 -9.681748
v -1.740104 4.488340 -9.677752
v -1.722873 4.506386 -9.677462
v -1.708221 4.526291 -9.680889
v -1.696710 4.547289 -9.687904
v -1.682345 4.570461 -9.704340
v -1.675187 4.582749 -9.722175
v -1.672369 4.594508 -9.741986
v -1.673999 4.605288 -9.763013
v -1.680010 4.614675 -9.784447
v -1.690176 4.622306 -9.805466
v -1.704105 4.627889 -9.825260
v -1.719970 4.630879 -9.841747
v -1.732724 4.626789 -9.853036
v -1.751048 4.618759 -9.867430
v -1.771092 4.608923 -9.878491
v -1.792092 4.597658 -9.885798
v -1.813230 4.585402 -9.889065
v -1.833697 4.572622 -9.888169
v -1.847092 4.561816 -9.886792
v -1.867959 4.520998 -9.872482
v -1.859193 4.541708 -9.883236
v -1.874039 4.501639 -9.858209
v -1.877198 4.484375 -9.840962
v -1.877316 4.469872 -9.821405
v -1.874388 4.458684 -9.800290
v -1.868527 4.451244 -9.778428
v -1.859958 4.447837 -9.756659
v -1.839789 4.446391 -9.729752
v -1.820638 4.447015 -9.713770
v -1.800309 4.451781 -9.700110
v -1.779578 4.460503 -9.689297
v -1.759249 4.472852 -9.681752
v -1.740106 4.488340 -9.677753
v -1.722875 4.506380 -9.677458
v -1.708220 4.526293 -9.680890
v -1.696711 4.547292 -9.687907
v -1.679693 4.572666 -9.706610
v -1.672533 4.584954 -9.724444
v -1.669715 4.596713 -9.744256
v -1.671345 4.607493 -9.765283
v -1.677357 4.616880 -9.786716
v -1.687523 4.624511 -9.807735
v -1.701452 4.630094 -9.827530
v -1.717522 4.633097 -9.844266
v -1.731561 4.628546 -9.857670
v -1.749885 4.620516 -9.872064
v -1.769929 4.610681 -9.883126
v -1.790928 4.599416 -9.890432
v -1.812065 4.587160 -9.893699
v -1.832533 4.574379 -9.892803
v -1.848379 4.561960 -9.889729
vn 0.5768 -0.6590 -0.4827
vn -0.5756 0.6634 0.4782
vn -0.5614 0.5433 0.6242
vn 0.5144 -0.8367 -0.1881
vn -0.5626 0.5322 0.6327
vn 0.5513 -0.5160 -0.6556
vn 0.7631 -0.5214 -0.3820
vn 0.5143 -0.8367 -0.1882
vn 0.5569 -0.5214 -0.6465
vn 0.7631 -0.5213 -0.3820
vn 0.5142 -0.8367 -0.1882
vn -0.5432 0.5184 0.6605
vn -0.4592 -0.3066 -0.8337
vn 0.5893 -0.7813 -0.2058
vn 0.3080 -0.8367 -0.4528
vn 0.7650 -0.5261 -0.3714
vn 0.7630 -0.5214 -0.3820
vn 0.6022 0.6822 -0.4147
vn 0.3081 -0.8367 -0.4528
vn 0.5690 -0.4860 -0.6634
vn 0.5767 -0.3785 -0.7240
vn 0.3080 -0.8396 -0.4475
vn -0.4530 0.8783 0.1530
vn 0.4821 -0.8462 -0.2269
vt 0.000000 0.000000
vt 0.000000 0.000000
vt 0.000000 0.000000
vt 0.000000 0.000000
vt 0.000000 0.000000
vt 0.000000 0.000000
vt 0.000000 0.000000
vt 0.000000 0.000000
vt 0.000000 0.000000
vt 0.000000 0.000000
vt 0.000000 0.000000
vt 0.000000 0.000000
vt 0.000000 0.000000
vt 0.000000 0.000000
vt 0.000000 0.000000
vt 0.000000 0.000000
vt 0.000000 0.000000
vt 0.000000 0.000000
vt 0.000000 0.000000
vt 0.000000 0.000000
vt 0.000000 0.000000
vt 0.000000 0.000000
vt 0.000000 0.000000
vt 0.000000 0.000000
vt 0.000000 0.000000
vt 0.000000 0.000000
vt 0.000000 0.000000
vt 0.000000 0.000000
vt 0.000000 0.000000
vt 0.000000 0.000000
vt 0.000000 0.000000
vt 0.000000 0.000000
vt 0.000000 0.000000
vt 0.000000 0.000000
vt 0.000000 0.000000
vt 0.000000 0.000000
vt 0.000000 0.000000
vt 0.000000 0.000000
vt 0.000000 0.000000
vt 0.000000 0.000000
vt 0.000000 0.000000
vt 0.000000 0.000000
vt 0.000000 0.000000
vt 0.000000 0.000000
vt 0.000000 0.000000
vt 0.000000 0.000000
vt 0.000000 0.000000
vt 0.000000 0.000000
vt 0.000000 0.000000
vt 0.000000 0.000000
vt 0.000000 0.000000
vt 0.000000 0.000000
vt 0.000000 0.000000
vt 0.000000 0.000000
vt 0.000000 0.000000
vt 0.000000 0.000000
vt 0.000000 0.000000
vt 0.000000 0.000000
vt 0.000000 0.000000
vt 0.000000 0.000000
vt 0.000000 0.000000
vt 0.000000 0.000000
vt 0.000000 0.000000
vt 0.000000 0.000000
s 0
usemtl Material.018
f 3857/4288/3626 3856/4287/3626 3887/4318/3626 3886/4317/3626 3885/4316/3626 3884/4315/3626 3883/4314/3626 3882/4313/3626 3881/4312/3626 3880/4311/3626 3879/4310/3626 3878/4309/3626 3877/4308/3626 3876/4307/3626 3875/4306/3626 3874/4305/3626 3873/4304/3626 3872/4303/3626 3871/4302/3626 3870/4301/3626 3869/4300/3626 3868/4299/3626 3867/4298/3626 3866/4297/3626 3865/4296/3626 3864/4295/3626 3863/4294/3626 3862/4293/3626 3861/4292/3626 3860/4291/3626 3859/4290/3626 3858/4289/3626
f 3888/4319/3627 3890/4321/3627 3891/4322/3627 3892/4323/3627 3893/4324/3627 3894/4325/3627 3895/4326/3627 3896/4327/3627 3897/4328/3627 3898/4329/3627 3899/4330/3627 3900/4331/3627 3901/4332/3627 3902/4333/3627 3903/4334/3627 3904/4335/3627 3905/4336/3627 3906/4337/3627 3907/4338/3627 3908/4339/3627 3909/4340/3627 3910/4341/3627 3911/4342/3627 3912/4343/3627 3913/4344/3627 3914/4345/3627 3915/4346/3627 3916/4347/3627 3917/4348/3627 3918/4349/3627 3919/4350/3627 3889/4320/3627
f 3867/4298/3628 3868/4299/3628 3900/4331/3628 3899/4330/3628
f 3881/4312/3629 3882/4313/3629 3914/4345/3629 3913/4344/3629
f 3868/4299/3630 3869/4300/3630 3901/4332/3630 3900/4331/3630
f 3882/4313/3629 3883/4314/3629 3915/4346/3629 3914/4345/3629
f 3869/4300/3631 3870/4301/3631 3902/4333/3631 3901/4332/3631
f 3856/4287/3632 3857/4288/3632 3888/4319/3632 3889/4320/3632
f 3883/4314/3633 3884/4315/3633 3916/4347/3633 3915/4346/3633
f 3870/4301/3634 3871/4302/3634 3903/4334/3634 3902/4333/3634
f 3857/4288/3635 3858/4289/3635 3890/4321/3635 3888/4319/3635
f 3884/4315/3636 3885/4316/3636 3917/4348/3636 3916/4347/3636
f 3871/4302/3637 3872/4303/3637 3904/4335/3637 3903/4334/3637
f 3858/4289/3635 3859/4290/3635 3891/4322/3635 3890/4321/3635
f 3885/4316/3636 3886/4317/3636 3918/4349/3636 3917/4348/3636
f 3872/4303/3638 3873/4304/3638 3905/4336/3638 3904/4335/3638
f 3859/4290/3635 3860/4291/3635 3892/4323/3635 3891/4322/3635
f 3886/4317/3639 3887/4318/3639 3919/4350/3639 3918/4349/3639
f 3873/4304/3640 3874/4305/3640 3906/4337/3640 3905/4336/3640
f 3860/4291/3635 3861/4292/3635 3893/4324/3635 3892/4323/3635
f 3887/4318/3641 3856/4287/3641 3889/4320/3641 3919/4350/3641
f 3874/4305/3640 3875/4306/3640 3907/4338/3640 3906/4337/3640
f 3861/4292/3635 3862/4293/3635 3894/4325/3635 3893/4324/3635
f 3875/4306/3640 3876/4307/3640 3908/4339/3640 3907/4338/3640
f 3862/4293/3642 3863/4294/3642 3895/4326/3642 3894/4325/3642
f 3876/4307/3640 3877/4308/3640 3909/4340/3640 3908/4339/3640
f 3863/4294/3643 3864/4295/3643 3896/4327/3643 3895/4326/3643
f 3877/4308/3644 3878/4309/3644 3910/4341/3644 3909/4340/3644
f 3864/4295/3645 3865/4296/3645 3897/4328/3645 3896/4327/3645
f 3878/4309/3644 3879/4310/3644 3911/4342/3644 3910/4341/3644
f 3865/4296/3646 3866/4297/3646 3898/4329/3646 3897/4328/3646
f 3879/4310/3647 3880/4311/3647 3912/4343/3647 3911/4342/3647
f 3866/4297/3648 3867/4298/3648 3899/4330/3648 3898/4329/3648
f 3880/4311/3649 3881/4312/3649 3913/4344/3649 3912/4343/3649
o Circle.005
v -1.474315 4.301128 -9.576662
v -1.480961 4.278199 -9.572042
v -1.483368 4.260056 -9.569621
v -1.481914 4.235556 -9.573969
v -1.475992 4.211949 -9.578632
v -1.465832 4.190142 -9.583434
v -1.451823 4.170974 -9.588189
v -1.432779 4.155282 -9.593952
v -1.413663 4.144851 -9.606134
v -1.392735 4.138963 -9.618382
v -1.370800 4.137845 -9.630224
v -1.348701 4.141540 -9.641207
v -1.327292 4.149929 -9.650952
v -1.307438 4.162662 -9.659095
v -1.289439 4.179256 -9.665606
v -1.277318 4.199838 -9.673228
v -1.268651 4.222673 -9.677021
v -1.261063 4.246974 -9.676402
v -1.258835 4.269775 -9.674073
v -1.264895 4.292815 -9.674165
v -1.274350 4.314905 -9.671166
v -1.286837 4.335196 -9.665195
v -1.298744 4.352523 -9.661757
v -1.317597 4.366265 -9.654415
v -1.338347 4.376101 -9.645313
v -1.360195 4.381654 -9.634803
v -1.382303 4.382709 -9.623287
v -1.403903 4.379111 -9.611113
v -1.423951 4.371250 -9.598854
v -1.435410 4.359045 -9.590815
v -1.448923 4.342443 -9.586409
v -1.463499 4.322818 -9.581514
v -1.484489 4.281217 -9.572186
v -1.477842 4.304146 -9.576808
v -1.486839 4.260201 -9.569231
v -1.485384 4.235701 -9.573579
v -1.479463 4.212094 -9.578242
v -1.469303 4.190288 -9.583044
v -1.455294 4.171120 -9.587799
v -1.446169 4.160254 -9.619223
v -1.427054 4.149826 -9.631403
v -1.406126 4.143939 -9.643651
v -1.384189 4.142817 -9.655496
v -1.362091 4.146515 -9.666476
v -1.327262 4.149961 -9.650961
v -1.307407 4.162693 -9.659105
v -1.286286 4.179348 -9.668505
v -1.275156 4.199963 -9.675593
v -1.266489 4.222798 -9.679386
v -1.259755 4.245883 -9.677952
v -1.257657 4.272892 -9.675776
v -1.263718 4.295931 -9.675868
v -1.273173 4.318021 -9.672870
v -1.285660 4.338313 -9.666898
v -1.298993 4.355655 -9.662230
v -1.317846 4.369397 -9.654887
v -1.338595 4.379234 -9.645786
v -1.360444 4.384786 -9.635276
v -1.382552 4.385841 -9.623760
v -1.404134 4.382270 -9.611612
v -1.424182 4.374410 -9.599354
v -1.436438 4.362184 -9.591148
v -1.452449 4.345461 -9.586555
v -1.467026 4.325836 -9.581659
vn -0.4332 0.0071 -0.9013
vn 0.4207 -0.0758 0.9040
vn -0.2259 0.9259 0.3028
vn -0.4617 -0.1681 -0.8710
vn 0.4638 -0.1667 0.8701
vn -0.4621 -0.1697 -0.8704
vn -0.6225 0.4148 -0.6636
vn -0.1031 -0.1677 -0.9804
vn -0.4642 -0.1713 -0.8690
vn -0.6992 0.1446 -0.7002
vn -0.0908 -0.1246 -0.9880
vn -0.4058 -0.1992 -0.8920
vn -0.7319 0.1681 -0.6604
vn -0.1031 0.1678 -0.9804
vn -0.1158 -0.1621 -0.9800
vn -0.6962 0.2398 -0.6766
vn -0.1032 -0.1678 -0.9804
vn -0.8237 0.1216 -0.5538
vn -0.6367 -0.1705 -0.7520
vn 0.5299 0.8267 -0.1890
vn 0.4475 0.8921 -0.0615
vn -0.5415 -0.2035 -0.8157
vn 0.2895 0.9565 0.0349
vn 0.1204 0.9842 0.1299
vn -0.0536 0.9740 0.2201
vt 0.000000 0.000000
vt 0.000000 0.000000
vt 0.000000 0.000000
vt 0.000000 0.000000
vt 0.000000 0.000000
vt 0.000000 0.000000
vt 0.000000 0.000000
vt 0.000000 0.000000
vt 0.000000 0.000000
vt 0.000000 0.000000
vt 0.000000 0.000000
vt 0.000000 0.000000
vt 0.000000 0.000000
vt 0.000000 0.000000
vt 0.000000 0.000000
vt 0.000000 0.000000
vt 0.000000 0.000000
vt 0.000000 0.000000
vt 0.000000 0.000000
vt 0.000000 0.000000
vt 0.000000 0.000000
vt 0.000000 0.000000
vt 0.000000 0.000000
vt 0.000000 0.000000
vt 0.000000 0.000000
vt 0.000000 0.000000
vt 0.000000 0.000000
vt 0.000000 0.000000
vt 0.000000 0.000000
vt 0.000000 0.000000
vt 0.000000 0.000000
vt 0.000000 0.000000
vt 0.000000 0.000000
vt 0.000000 0.000000
vt 0.000000 0.000000
vt 0.000000 0.000000
vt 0.000000 0.000000
vt 0.000000 0.000000
vt 0.000000 0.000000
vt 0.000000 0.000000
vt 0.000000 0.000000
vt 0.000000 0.000000
vt 0.000000 0.000000
vt 0.000000 0.000000
vt 0.000000 0.000000
vt 0.000000 0.000000
vt 0.000000 0.000000
vt 0.000000 0.000000
vt 0.000000 0.000000
vt 0.000000 0.000000
vt 0.000000 0.000000
vt 0.000000 0.000000
vt 0.000000 0.000000
vt 0.000000 0.000000
vt 0.000000 0.000000
vt 0.000000 0.000000
vt 0.000000 0.000000
vt 0.000000 0.000000
vt 0.000000 0.000000
vt 0.000000 0.000000
vt 0.000000 0.000000
vt 0.000000 0.000000
vt 0.000000 0.000000
vt 0.000000 0.000000
s 0
usemtl Material.018
f 3921/4352/3650 3920/4351/3650 3951/4382/3650 3950/4381/3650 3949/4380/3650 3948/4379/3650 3947/4378/3650 3946/4377/3650 3945/4376/3650 3944/4375/3650 3943/4374/3650 3942/4373/3650 3941/4372/3650 3940/4371/3650 3939/4370/3650 3938/4369/3650 3937/4368/3650 3936/4367/3650 3935/4366/3650 3934/4365/3650 3933/4364/3650 3932/4363/3650 3931/4362/3650 3930/4361/3650 3929/4360/3650 3928/4359/3650 3927/4358/3650 3926/4357/3650 3925/4356/3650 3924/4355/3650 3923/4354/3650 3922/4353/3650
f 3952/4383/3651 3954/4385/3651 3955/4386/3651 3956/4387/3651 3957/4388/3651 3958/4389/3651 3959/4390/3651 3960/4391/3651 3961/4392/3651 3962/4393/3651 3963/4394/3651 3964/4395/3651 3965/4396/3651 3966/4397/3651 3967/4398/3651 3968/4399/3651 3969/4400/3651 3970/4401/3651 3971/4402/3651 3972/4403/3651 3973/4404/3651 3974/4405/3651 3975/4406/3651 3976/4407/3651 3977/4408/3651 3978/4409/3651 3979/4410/3651 3980/4411/3651 3981/4412/3651 3982/4413/3651 3983/4414/3651 3953/4384/3651
f 3931/4362/3652 3932/4363/3652 3964/4395/3652 3963/4394/3652
f 3945/4376/3653 3946/4377/3653 3978/4409/3653 3977/4408/3653
f 3932/4363/3654 3933/4364/3654 3965/4396/3654 3964/4395/3654
f 3946/4377/3655 3947/4378/3655 3979/4410/3655 3978/4409/3655
f 3933/4364/3656 3934/4365/3656 3966/4397/3656 3965/4396/3656
f 3920/4351/3657 3921/4352/3657 3952/4383/3657 3953/4384/3657
f 3947/4378/3658 3948/4379/3658 3980/4411/3658 3979/4410/3658
f 3934/4365/3659 3935/4366/3659 3967/4398/3659 3966/4397/3659
f 3921/4352/3660 3922/4353/3660 3954/4385/3660 3952/4383/3660
f 3948/4379/3661 3949/4380/3661 3981/4412/3661 3980/4411/3661
f 3935/4366/3662 3936/4367/3662 3968/4399/3662 3967/4398/3662
f 3922/4353/3663 3923/4354/3663 3955/4386/3663 3954/4385/3663
f 3949/4380/3664 3950/4381/3664 3982/4413/3664 3981/4412/3664
f 3936/4367/3665 3937/4368/3665 3969/4400/3665 3968/4399/3665
f 3923/4354/3663 3924/4355/3663 3956/4387/3663 3955/4386/3663
f 3950/4381/3666 3951/4382/3666 3983/4414/3666 3982/4413/3666
f 3937/4368/3667 3938/4369/3667 3970/4401/3667 3969/4400/3667
f 3924/4355/3663 3925/4356/3663 3957/4388/3663 3956/4387/3663
f 3951/4382/3666 3920/4351/3666 3953/4384/3666 3983/4414/3666
f 3938/4369/3668 3939/4370/3668 3971/4402/3668 3970/4401/3668
f 3925/4356/3663 3926/4357/3663 3958/4389/3663 3957/4388/3663
f 3939/4370/3668 3940/4371/3668 3972/4403/3668 3971/4402/3668
f 3926/4357/3669 3927/4358/3669 3959/4390/3669 3958/4389/3669
f 3940/4371/3668 3941/4372/3668 3973/4404/3668 3972/4403/3668
f 3927/4358/3670 3928/4359/3670 3960/4391/3670 3959/4390/3670
f 3941/4372/3671 3942/4373/3671 3974/4405/3671 3973/4404/3671
f 3928/4359/3672 3929/4360/3672 3961/4392/3672 3960/4391/3672
f 3942/4373/3653 3943/4374/3653 3975/4406/3653 3974/4405/3653
f 3929/4360/3673 3930/4361/3673 3962/4393/3673 3961/4392/3673
f 3943/4374/3653 3944/4375/3653 3976/4407/3653 3975/4406/3653
f 3930/4361/3674 3931/4362/3674 3963/4394/3674 3962/4393/3674
f 3944/4375/3653 3945/4376/3653 3977/4408/3653 3976/4407/3653
o Circle.006
v -1.920060 4.058571 -10.047328
v -1.913475 4.061618 -10.071190
v -1.904778 4.060293 -10.094519
v -1.893476 4.054147 -10.116718
v -1.880437 4.045021 -10.135937
v -1.864427 4.031929 -10.154716
v -1.845471 4.018944 -10.164677
v -1.827810 4.002967 -10.170234
v -1.811503 3.984552 -10.171929
v -1.797200 3.964614 -10.169757
v -1.782324 3.951675 -10.162015
v -1.768581 3.939429 -10.148956
v -1.757851 3.927484 -10.132290
v -1.750546 3.916303 -10.112659
v -1.746947 3.906313 -10.090809
v -1.747193 3.897897 -10.067582
v -1.751274 3.891380 -10.043874
v -1.760378 3.888491 -10.022515
v -1.765623 3.889303 -10.013093
v -1.774384 3.896906 -10.001078
v -1.786279 3.908350 -9.982689
v -1.800565 3.920782 -9.966447
v -1.816930 3.933796 -9.953301
v -1.834745 3.946892 -9.943757
v -1.850823 3.958953 -9.934875
v -1.863892 3.969905 -9.931908
v -1.873208 3.983081 -9.940894
v -1.884872 4.004034 -9.948789
v -1.895569 4.021473 -9.962244
v -1.905005 4.035386 -9.979820
v -1.913401 4.046498 -9.998786
v -1.920116 4.053628 -10.019620
v -1.913796 4.062054 -10.070922
v -1.920381 4.059007 -10.047059
v -1.905099 4.060729 -10.094250
v -1.893478 4.054152 -10.116721
v -1.880439 4.045023 -10.135935
v -1.861981 4.031778 -10.157515
v -1.843642 4.018854 -10.166718
v -1.825981 4.002877 -10.172275
v -1.809672 3.984462 -10.173970
v -1.795110 3.963885 -10.171427
v -1.778378 3.949370 -10.161553
v -1.764635 3.937123 -10.148496
v -1.753905 3.925178 -10.131828
v -1.746600 3.913997 -10.112197
v -1.743001 3.904007 -10.090345
v -1.743247 3.895591 -10.067120
v -1.747328 3.889074 -10.043411
v -1.757369 3.887346 -10.023425
v -1.764240 3.888580 -10.011969
v -1.770658 3.895529 -9.997008
v -1.782317 3.906902 -9.978295
v -1.796603 3.919334 -9.962053
v -1.812968 3.932348 -9.948908
v -1.830783 3.945444 -9.939363
v -1.849091 3.958038 -9.933414
v -1.862832 3.968771 -9.929193
v -1.873027 3.984013 -9.936716
v -1.884817 4.004464 -9.945149
v -1.895514 4.021904 -9.958605
v -1.904884 4.036444 -9.975436
v -1.913220 4.047431 -9.994608
v -1.919936 4.054560 -10.015442
vn 0.6967 0.6926 0.1869
vn -0.6946 -0.6960 -0.1822
vn 0.4528 0.8367 0.3081
vn 0.8522 0.5046 -0.1385
vn 0.4528 0.8367 0.3080
vn 0.8826 0.4580 -0.1065
vn 0.8473 0.4447 0.2906
vn 0.8736 0.4816 -0.0703
vn 0.8473 0.4446 0.2906
vn 0.8831 0.4575 -0.1043
vn 0.8465 0.4318 0.3114
vn 0.8875 0.4410 -0.1338
vn 0.4396 0.8473 0.2982
vn 0.8166 0.4747 0.3284
vn 0.8883 0.4386 -0.1362
vn 0.3824 0.9145 0.1323
vn 0.7523 -0.0244 0.6584
vn 0.9966 0.0817 0.0064
vn 0.5137 0.8419 -0.1651
vn 0.6487 0.5295 0.5466
vn 0.5144 0.8367 -0.1880
vn 0.6468 0.5213 0.5568
vn 0.5143 0.8367 -0.1881
vn 0.6467 0.5214 0.5567
vn 0.6413 0.5223 0.5620
vn 0.4751 0.7924 0.3825
vn 0.5237 0.8342 -0.1727
vn 0.6231 0.7814 -0.0332
vt 0.000000 0.000000
vt 0.000000 0.000000
vt 0.000000 0.000000
vt 0.000000 0.000000
vt 0.000000 0.000000
vt 0.000000 0.000000
vt 0.000000 0.000000
vt 0.000000 0.000000
vt 0.000000 0.000000
vt 0.000000 0.000000
vt 0.000000 0.000000
vt 0.000000 0.000000
vt 0.000000 0.000000
vt 0.000000 0.000000
vt 0.000000 0.000000
vt 0.000000 0.000000
vt 0.000000 0.000000
vt 0.000000 0.000000
vt 0.000000 0.000000
vt 0.000000 0.000000
vt 0.000000 0.000000
vt 0.000000 0.000000
vt 0.000000 0.000000
vt 0.000000 0.000000
vt 0.000000 0.000000
vt 0.000000 0.000000
vt 0.000000 0.000000
vt 0.000000 0.000000
vt 0.000000 0.000000
vt 0.000000 0.000000
vt 0.000000 0.000000
vt 0.000000 0.000000
vt 0.000000 0.000000
vt 0.000000 0.000000
vt 0.000000 0.000000
vt 0.000000 0.000000
vt 0.000000 0.000000
vt 0.000000 0.000000
vt 0.000000 0.000000
vt 0.000000 0.000000
vt 0.000000 0.000000
vt 0.000000 0.000000
vt 0.000000 0.000000
vt 0.000000 0.000000
vt 0.000000 0.000000
vt 0.000000 0.000000
vt 0.000000 0.000000
vt 0.000000 0.000000
vt 0.000000 0.000000
vt 0.000000 0.000000
vt 0.000000 0.000000
vt 0.000000 0.000000
vt 0.000000 0.000000
vt 0.000000 0.000000
vt 0.000000 0.000000
vt 0.000000 0.000000
vt 0.000000 0.000000
vt 0.000000 0.000000
vt 0.000000 0.000000
vt 0.000000 0.000000
vt 0.000000 0.000000
vt 0.000000 0.000000
vt 0.000000 0.000000
vt 0.000000 0.000000
s 0
usemtl Material.018
f 3985/4416/3675 3984/4415/3675 4015/4446/3675 4014/4445/3675 4013/4444/3675 4012/4443/3675 4011/4442/3675 4010/4441/3675 4009/4440/3675 4008/4439/3675 4007/4438/3675 4006/4437/3675 4005/4436/3675 4004/4435/3675 4003/4434/3675 4002/4433/3675 4001/4432/3675 4000/4431/3675 3999/4430/3675 3998/4429/3675 3997/4428/3675 3996/4427/3675 3995/4426/3675 3994/4425/3675 3993/4424/3675 3992/4423/3675 3991/4422/3675 3990/4421/3675 3989/4420/3675 3988/4419/3675 3987/4418/3675 3986/4417/3675
f 4016/4447/3676 4018/4449/3676 4019/4450/3676 4020/4451/3676 4021/4452/3676 4022/4453/3676 4023/4454/3676 4024/4455/3676 4025/4456/3676 4026/4457/3676 4027/4458/3676 4028/4459/3676 4029/4460/3676 4030/4461/3676 4031/4462/3676 4032/4463/3676 4033/4464/3676 4034/4465/3676 4035/4466/3676 4036/4467/3676 4037/4468/3676 4038/4469/3676 4039/4470/3676 4040/4471/3676 4041/4472/3676 4042/4473/3676 4043/4474/3676 4044/4475/3676 4045/4476/3676 4046/4477/3676 4047/4478/3676 4017/4448/3676
f 3995/4426/3677 3996/4427/3677 4028/4459/3677 4027/4458/3677
f 4009/4440/3678 4010/4441/3678 4042/4473/3678 4041/4472/3678
f 3996/4427/3679 3997/4428/3679 4029/4460/3679 4028/4459/3679
f 4010/4441/3680 4011/4442/3680 4043/4474/3680 4042/4473/3680
f 3997/4428/3679 3998/4429/3679 4030/4461/3679 4029/4460/3679
f 3984/4415/3681 3985/4416/3681 4016/4447/3681 4017/4448/3681
f 4011/4442/3682 4012/4443/3682 4044/4475/3682 4043/4474/3682
f 3998/4429/3679 3999/4430/3679 4031/4462/3679 4030/4461/3679
f 3985/4416/3683 3986/4417/3683 4018/4449/3683 4016/4447/3683
f 4012/4443/3684 4013/4444/3684 4045/4476/3684 4044/4475/3684
f 3999/4430/3679 4000/4431/3679 4032/4463/3679 4031/4462/3679
f 3986/4417/3685 3987/4418/3685 4019/4450/3685 4018/4449/3685
f 4013/4444/3686 4014/4445/3686 4046/4477/3686 4045/4476/3686
f 4000/4431/3687 4001/4432/3687 4033/4464/3687 4032/4463/3687
f 3987/4418/3688 3988/4419/3688 4020/4451/3688 4019/4450/3688
f 4014/4445/3689 4015/4446/3689 4047/4478/3689 4046/4477/3689
f 4001/4432/3690 4002/4433/3690 4034/4465/3690 4033/4464/3690
f 3988/4419/3691 3989/4420/3691 4021/4452/3691 4020/4451/3691
f 4015/4446/3692 3984/4415/3692 4017/4448/3692 4047/4478/3692
f 4002/4433/3693 4003/4434/3693 4035/4466/3693 4034/4465/3693
f 3989/4420/3694 3990/4421/3694 4022/4453/3694 4021/4452/3694
f 4003/4434/3695 4004/4435/3695 4036/4467/3695 4035/4466/3695
f 3990/4421/3696 3991/4422/3696 4023/4454/3696 4022/4453/3696
f 4004/4435/3697 4005/4436/3697 4037/4468/3697 4036/4467/3697
f 3991/4422/3698 3992/4423/3698 4024/4455/3698 4023/4454/3698
f 4005/4436/3697 4006/4437/3697 4038/4469/3697 4037/4468/3697
f 3992/4423/3699 3993/4424/3699 4025/4456/3699 4024/4455/3699
f 4006/4437/3697 4007/4438/3697 4039/4470/3697 4038/4469/3697
f 3993/4424/3700 3994/4425/3700 4026/4457/3700 4025/4456/3700
f 4007/4438/3701 4008/4439/3701 4040/4471/3701 4039/4470/3701
f 3994/4425/3677 3995/4426/3677 4027/4458/3677 4026/4457/3677
f 4008/4439/3702 4009/4440/3702 4041/4472/3702 4040/4471/3702
o Circle.007
v -1.901267 4.364530 -10.141576
v -1.905212 4.350908 -10.137590
v -1.909743 4.338610 -10.131339
v -1.914685 4.328111 -10.123062
v -1.919849 4.319813 -10.113078
v -1.925036 4.314036 -10.101769
v -1.930045 4.311002 -10.089574
v -1.934686 4.310831 -10.076954
v -1.938780 4.313521 -10.064402
v -1.942169 4.318974 -10.052397
v -1.944723 4.326979 -10.041403
v -1.944208 4.336898 -10.033682
v -1.941316 4.348361 -10.024617
v -1.938403 4.361392 -10.018017
v -1.935582 4.375488 -10.014137
v -1.932961 4.390107 -10.013125
v -1.930640 4.404687 -10.015018
v -1.926892 4.415958 -10.019787
v -1.921981 4.427110 -10.027467
v -1.917816 4.436499 -10.033648
v -1.912031 4.442595 -10.039788
v -1.905835 4.445958 -10.050362
v -1.900673 4.445267 -10.064812
v -1.897137 4.443694 -10.077971
v -1.894917 4.439720 -10.091328
v -1.894096 4.433497 -10.104364
v -1.894707 4.425265 -10.116582
v -1.896726 4.415342 -10.127507
v -1.894884 4.414691 -10.134018
v -1.894331 4.407984 -10.138862
v -1.895720 4.393631 -10.142220
v -1.898061 4.378953 -10.143142
v -1.904375 4.350813 -10.139912
v -1.900430 4.364435 -10.143896
v -1.908907 4.338516 -10.133660
v -1.913850 4.328017 -10.125384
v -1.919015 4.319719 -10.115400
v -1.924202 4.313942 -10.104093
v -1.929213 4.310908 -10.091896
v -1.933854 4.310736 -10.079278
v -1.937949 4.313427 -10.066726
v -1.941339 4.318880 -10.054722
v -1.943895 4.326886 -10.043727
v -1.944208 4.336898 -10.033682
v -1.941316 4.348361 -10.024617
v -1.938403 4.361392 -10.018017
v -1.935582 4.375488 -10.014137
v -1.932960 4.390108 -10.013125
v -1.930639 4.404687 -10.015018
v -1.926179 4.417424 -10.019965
v -1.921267 4.428576 -10.027645
v -1.917091 4.437943 -10.033559
v -1.910466 4.443763 -10.042059
v -1.904268 4.447125 -10.052632
v -1.899187 4.446683 -10.066783
v -1.895651 4.445110 -10.079943
v -1.893429 4.441135 -10.093298
v -1.892609 4.434912 -10.106336
v -1.893219 4.426681 -10.118552
v -1.895237 4.416757 -10.129478
v -1.894012 4.414849 -10.136310
v -1.893494 4.407889 -10.141183
v -1.894882 4.393536 -10.144542
v -1.897224 4.378859 -10.145463
vn 0.9276 -0.2404 0.2861
vn -0.9267 0.2432 -0.2865
vn -0.9781 0.1828 0.0996
vn 0.8305 -0.4803 0.2821
vn -0.9799 0.1714 0.1018
vn 0.8305 -0.4800 0.2826
vn -0.9804 0.1677 0.1032
vn 0.9251 -0.1683 0.3403
vn 0.8305 -0.4798 0.2829
vn 0.9747 -0.1643 -0.1514
vn 0.9252 -0.1680 0.3401
vn 0.9249 -0.1694 0.3404
vn 0.9743 -0.1737 -0.1433
vn 0.9254 -0.1677 0.3399
vn 0.9249 -0.1692 0.3405
vn 0.8006 -0.4388 -0.4080
vn 0.9256 -0.1675 0.3395
vn 0.9249 -0.1689 0.3405
vn 0.8932 -0.4436 -0.0729
vn 0.9257 -0.1674 0.3391
vn 0.9250 -0.1687 0.3404
vn 0.8931 -0.4440 -0.0726
vn 0.9259 -0.1673 0.3387
vn 0.8294 -0.4387 0.3460
vn 0.9262 -0.1665 0.3384
vn 0.8292 -0.4385 0.3465
vn -0.9262 0.1672 -0.3380
vn 0.8290 -0.4619 0.3152
vn -0.9263 0.1672 -0.3375
vn 0.8306 -0.4809 0.2807
vn -0.9265 0.1674 -0.3371
vn 0.8305 -0.4808 0.2812
vn -0.8935 0.3039 -0.3307
vn 0.8305 -0.4806 0.2817
vt 0.000000 0.000000
vt 0.000000 0.000000
vt 0.000000 0.000000
vt 0.000000 0.000000
vt 0.000000 0.000000
vt 0.000000 0.000000
vt 0.000000 0.000000
vt 0.000000 0.000000
vt 0.000000 0.000000
vt 0.000000 0.000000
vt 0.000000 0.000000
vt 0.000000 0.000000
vt 0.000000 0.000000
vt 0.000000 0.000000
vt 0.000000 0.000000
vt 0.000000 0.000000
vt 0.000000 0.000000
vt 0.000000 0.000000
vt 0.000000 0.000000
vt 0.000000 0.000000
vt 0.000000 0.000000
vt 0.000000 0.000000
vt 0.000000 0.000000
vt 0.000000 0.000000
vt 0.000000 0.000000
vt 0.000000 0.000000
vt 0.000000 0.000000
vt 0.000000 0.000000
vt 0.000000 0.000000
vt 0.000000 0.000000
vt 0.000000 0.000000
vt 0.000000 0.000000
vt 0.000000 0.000000
vt 0.000000 0.000000
vt 0.000000 0.000000
vt 0.000000 0.000000
vt 0.000000 0.000000
vt 0.000000 0.000000
vt 0.000000 0.000000
vt 0.000000 0.000000
vt 0.000000 0.000000
vt 0.000000 0.000000
vt 0.000000 0.000000
vt 0.000000 0.000000
vt 0.000000 0.000000
vt 0.000000 0.000000
vt 0.000000 0.000000
vt 0.000000 0.000000
vt 0.000000 0.000000
vt 0.000000 0.000000
vt 0.000000 0.000000
vt 0.000000 0.000000
vt 0.000000 0.000000
vt 0.000000 0.000000
vt 0.000000 0.000000
vt 0.000000 0.000000
vt 0.000000 0.000000
vt 0.000000 0.000000
vt 0.000000 0.000000
vt 0.000000 0.000000
vt 0.000000 0.000000
vt 0.000000 0.000000
vt 0.000000 0.000000
vt 0.000000 0.000000
s 0
usemtl Material.018
f 4049/4480/3703 4048/4479/3703 4079/4510/3703 4078/4509/3703 4077/4508/3703 4076/4507/3703 4075/4506/3703 4074/4505/3703 4073/4504/3703 4072/4503/3703 4071/4502/3703 4070/4501/3703 4069/4500/3703 4068/4499/3703 4067/4498/3703 4066/4497/3703 4065/4496/3703 4064/4495/3703 4063/4494/3703 4062/4493/3703 4061/4492/3703 4060/4491/3703 4059/4490/3703 4058/4489/3703 4057/4488/3703 4056/4487/3703 4055/4486/3703 4054/4485/3703 4053/4484/3703 4052/4483/3703 4051/4482/3703 4050/4481/3703
f 4080/4511/3704 4082/4513/3704 4083/4514/3704 4084/4515/3704 4085/4516/3704 4086/4517/3704 4087/4518/3704 4088/4519/3704 4089/4520/3704 4090/4521/3704 4091/4522/3704 4092/4523/3704 4093/4524/3704 4094/4525/3704 4095/4526/3704 4096/4527/3704 4097/4528/3704 4098/4529/3704 4099/4530/3704 4100/4531/3704 4101/4532/3704 4102/4533/3704 4103/4534/3704 4104/4535/3704 4105/4536/3704 4106/4537/3704 4107/4538/3704 4108/4539/3704 4109/4540/3704 4110/4541/3704 4111/4542/3704 4081/4512/3704
f 4059/4490/3705 4060/4491/3705 4092/4523/3705 4091/4522/3705
f 4073/4504/3706 4074/4505/3706 4106/4537/3706 4105/4536/3706
f 4060/4491/3707 4061/4492/3707 4093/4524/3707 4092/4523/3707
f 4074/4505/3708 4075/4506/3708 4107/4538/3708 4106/4537/3708
f 4061/4492/3709 4062/4493/3709 4094/4525/3709 4093/4524/3709
f 4048/4479/3710 4049/4480/3710 4080/4511/3710 4081/4512/3710
f 4075/4506/3711 4076/4507/3711 4108/4539/3711 4107/4538/3711
f 4062/4493/3712 4063/4494/3712 4095/4526/3712 4094/4525/3712
f 4049/4480/3713 4050/4481/3713 4082/4513/3713 4080/4511/3713
f 4076/4507/3714 4077/4508/3714 4109/4540/3714 4108/4539/3714
f 4063/4494/3715 4064/4495/3715 4096/4527/3715 4095/4526/3715
f 4050/4481/3716 4051/4482/3716 4083/4514/3716 4082/4513/3716
f 4077/4508/3717 4078/4509/3717 4110/4541/3717 4109/4540/3717
f 4064/4495/3718 4065/4496/3718 4097/4528/3718 4096/4527/3718
f 4051/4482/3719 4052/4483/3719 4084/4515/3719 4083/4514/3719
f 4078/4509/3720 4079/4510/3720 4111/4542/3720 4110/4541/3720
f 4065/4496/3721 4066/4497/3721 4098/4529/3721 4097/4528/3721
f 4052/4483/3722 4053/4484/3722 4085/4516/3722 4084/4515/3722
f 4079/4510/3723 4048/4479/3723 4081/4512/3723 4111/4542/3723
f 4066/4497/3724 4067/4498/3724 4099/4530/3724 4098/4529/3724
f 4053/4484/3725 4054/4485/3725 4086/4517/3725 4085/4516/3725
f 4067/4498/3726 4068/4499/3726 4100/4531/3726 4099/4530/3726
f 4054/4485/3727 4055/4486/3727 4087/4518/3727 4086/4517/3727
f 4068/4499/3728 4069/4500/3728 4101/4532/3728 4100/4531/3728
f 4055/4486/3729 4056/4487/3729 4088/4519/3729 4087/4518/3729
f 4069/4500/3730 4070/4501/3730 4102/4533/3730 4101/4532/3730
f 4056/4487/3731 4057/4488/3731 4089/4520/3731 4088/4519/3731
f 4070/4501/3732 4071/4502/3732 4103/4534/3732 4102/4533/3732
f 4057/4488/3733 4058/4489/3733 4090/4521/3733 4089/4520/3733
f 4071/4502/3734 4072/4503/3734 4104/4535/3734 4103/4534/3734
f 4058/4489/3735 4059/4490/3735 4091/4522/3735 4090/4521/3735
f 4072/4503/3736 4073/4504/3736 4105/4536/3736 4104/4535/3736
o Circle.008
v -1.669894 4.178508 -10.368606
v -1.671161 4.164709 -10.363613
v -1.674962 4.151820 -10.357581
v -1.681153 4.140338 -10.350741
v -1.689495 4.130703 -10.343357
v -1.699667 4.123287 -10.335711
v -1.711279 4.118372 -10.328099
v -1.723884 4.116149 -10.320811
v -1.736999 4.116704 -10.314129
v -1.750118 4.120014 -10.308309
v -1.762738 4.125952 -10.303574
v -1.774374 4.134291 -10.300107
v -1.784578 4.144709 -10.298041
v -1.792959 4.156807 -10.297456
v -1.799194 4.170119 -10.298373
v -1.803045 4.184135 -10.300758
v -1.804362 4.198315 -10.304520
v -1.803095 4.212114 -10.309511
v -1.799294 4.225002 -10.315543
v -1.793103 4.236484 -10.322383
v -1.784761 4.246119 -10.329767
v -1.774589 4.253536 -10.337413
v -1.762977 4.258450 -10.345026
v -1.750371 4.260673 -10.352314
v -1.737257 4.260118 -10.358996
v -1.724138 4.256809 -10.364817
v -1.711518 4.250870 -10.369551
v -1.699882 4.242532 -10.373017
v -1.689678 4.232113 -10.375083
v -1.681297 4.220016 -10.375669
v -1.675061 4.206703 -10.374751
v -1.671211 4.192688 -10.372367
v -1.668658 4.166211 -10.358826
v -1.667391 4.180010 -10.363818
v -1.672459 4.153323 -10.352794
v -1.678650 4.141840 -10.345955
v -1.686992 4.132206 -10.338570
v -1.697164 4.124789 -10.330924
v -1.708776 4.119874 -10.323312
v -1.721382 4.117652 -10.316024
v -1.734496 4.118206 -10.309341
v -1.747615 4.121516 -10.303521
v -1.760235 4.127454 -10.298787
v -1.771871 4.135793 -10.295320
v -1.782075 4.146211 -10.293254
v -1.790456 4.158309 -10.292668
v -1.796692 4.171622 -10.293586
v -1.800542 4.185637 -10.295971
v -1.801859 4.199817 -10.299732
v -1.800592 4.213616 -10.304724
v -1.796791 4.226504 -10.310756
v -1.790600 4.237986 -10.317595
v -1.782258 4.247621 -10.324980
v -1.772086 4.255038 -10.332625
v -1.760474 4.259952 -10.340239
v -1.747869 4.262175 -10.347527
v -1.734754 4.261621 -10.354209
v -1.721635 4.258311 -10.360029
v -1.709015 4.252373 -10.364763
v -1.697379 4.244034 -10.368230
v -1.687175 4.233615 -10.370296
v -1.678794 4.221518 -10.370881
v -1.672559 4.208205 -10.369964
v -1.668708 4.194190 -10.367579
vn 0.4464 0.2679 0.8538
vn -0.4464 -0.2679 -0.8538
vn 0.5664 0.6541 -0.5014
vn -0.2581 -0.8750 0.4095
vn 0.6906 0.5036 -0.5191
vn -0.4203 -0.7796 0.4644
vn 0.7884 0.3336 -0.5169
vn -0.8907 0.2247 0.3952
vn -0.5664 -0.6541 0.5014
vn 0.8558 0.1509 -0.4948
vn -0.8568 0.4032 0.3214
vn -0.6906 -0.5036 0.5191
vn 0.8904 -0.0376 -0.4537
vn -0.7900 0.5661 0.2354
vn -0.7884 -0.3336 0.5169
vn 0.8907 -0.2247 -0.3952
vn -0.6928 0.7073 0.1403
vn -0.8558 -0.1509 0.4948
vn 0.8568 -0.4032 -0.3214
vn -0.5690 0.8214 0.0397
vn -0.8904 0.0376 0.4537
vn 0.7900 -0.5661 -0.2354
vn -0.4233 0.9038 -0.0623
vn 0.6928 -0.7073 -0.1403
vn -0.2614 0.9516 -0.1619
vn 0.5690 -0.8214 -0.0397
vn -0.0894 0.9627 -0.2553
vn 0.4233 -0.9038 0.0623
vn 0.0860 0.9369 -0.3389
vn 0.2614 -0.9516 0.1619
vn 0.2581 0.8750 -0.4095
vn 0.0894 -0.9627 0.2553
vn 0.4203 0.7796 -0.4644
vn -0.0860 -0.9369 0.3389
vt 0.000000 0.000000
vt 0.000000 0.000000
vt 0.000000 0.000000
vt 0.000000 0.000000
vt 0.000000 0.000000
vt 0.000000 0.000000
vt 0.000000 0.000000
vt 0.000000 0.000000
vt 0.000000 0.000000
vt 0.000000 0.000000
vt 0.000000 0.000000
vt 0.000000 0.000000
vt 0.000000 0.000000
vt 0.000000 0.000000
vt 0.000000 0.000000
vt 0.000000 0.000000
vt 0.000000 0.000000
vt 0.000000 0.000000
vt 0.000000 0.000000
vt 0.000000 0.000000
vt 0.000000 0.000000
vt 0.000000 0.000000
vt 0.000000 0.000000
vt 0.000000 0.000000
vt 0.000000 0.000000
vt 0.000000 0.000000
vt 0.000000 0.000000
vt 0.000000 0.000000
vt 0.000000 0.000000
vt 0.000000 0.000000
vt 0.000000 0.000000
vt 0.000000 0.000000
vt 0.000000 0.000000
vt 0.000000 0.000000
vt 0.000000 0.000000
vt 0.000000 0.000000
vt 0.000000 0.000000
vt 0.000000 0.000000
vt 0.000000 0.000000
vt 0.000000 0.000000
vt 0.000000 0.000000
vt 0.000000 0.000000
vt 0.000000 0.000000
vt 0.000000 0.000000
vt 0.000000 0.000000
vt 0.000000 0.000000
vt 0.000000 0.000000
vt 0.000000 0.000000
vt 0.000000 0.000000
vt 0.000000 0.000000
vt 0.000000 0.000000
vt 0.000000 0.000000
vt 0.000000 0.000000
vt 0.000000 0.000000
vt 0.000000 0.000000
vt 0.000000 0.000000
vt 0.000000 0.000000
vt 0.000000 0.000000
vt 0.000000 0.000000
vt 0.000000 0.000000
vt 0.000000 0.000000
vt 0.000000 0.000000
vt 0.000000 0.000000
vt 0.000000 0.000000
s 0
usemtl Material.018
f 4113/4544/3737 4112/4543/3737 4143/4574/3737 4142/4573/3737 4141/4572/3737 4140/4571/3737 4139/4570/3737 4138/4569/3737 4137/4568/3737 4136/4567/3737 4135/4566/3737 4134/4565/3737 4133/4564/3737 4132/4563/3737 4131/4562/3737 4130/4561/3737 4129/4560/3737 4128/4559/3737 4127/4558/3737 4126/4557/3737 4125/4556/3737 4124/4555/3737 4123/4554/3737 4122/4553/3737 4121/4552/3737 4120/4551/3737 4119/4550/3737 4118/4549/3737 4117/4548/3737 4116/4547/3737 4115/4546/3737 4114/4545/3737
f 4144/4575/3738 4146/4577/3738 4147/4578/3738 4148/4579/3738 4149/4580/3738 4150/4581/3738 4151/4582/3738 4152/4583/3738 4153/4584/3738 4154/4585/3738 4155/4586/3738 4156/4587/3738 4157/4588/3738 4158/4589/3738 4159/4590/3738 4160/4591/3738 4161/4592/3738 4162/4593/3738 4163/4594/3738 4164/4595/3738 4165/4596/3738 4166/4597/3738 4167/4598/3738 4168/4599/3738 4169/4600/3738 4170/4601/3738 4171/4602/3738 4172/4603/3738 4173/4604/3738 4174/4605/3738 4175/4606/3738 4145/4576/3738
f 4123/4554/3739 4124/4555/3739 4156/4587/3739 4155/4586/3739
f 4137/4568/3740 4138/4569/3740 4170/4601/3740 4169/4600/3740
f 4124/4555/3741 4125/4556/3741 4157/4588/3741 4156/4587/3741
f 4138/4569/3742 4139/4570/3742 4171/4602/3742 4170/4601/3742
f 4125/4556/3743 4126/4557/3743 4158/4589/3743 4157/4588/3743
f 4112/4543/3744 4113/4544/3744 4144/4575/3744 4145/4576/3744
f 4139/4570/3745 4140/4571/3745 4172/4603/3745 4171/4602/3745
f 4126/4557/3746 4127/4558/3746 4159/4590/3746 4158/4589/3746
f 4113/4544/3747 4114/4545/3747 4146/4577/3747 4144/4575/3747
f 4140/4571/3748 4141/4572/3748 4173/4604/3748 4172/4603/3748
f 4127/4558/3749 4128/4559/3749 4160/4591/3749 4159/4590/3749
f 4114/4545/3750 4115/4546/3750 4147/4578/3750 4146/4577/3750
f 4141/4572/3751 4142/4573/3751 4174/4605/3751 4173/4604/3751
f 4128/4559/3752 4129/4560/3752 4161/4592/3752 4160/4591/3752
f 4115/4546/3753 4116/4547/3753 4148/4579/3753 4147/4578/3753
f 4142/4573/3754 4143/4574/3754 4175/4606/3754 4174/4605/3754
f 4129/4560/3755 4130/4561/3755 4162/4593/3755 4161/4592/3755
f 4116/4547/3756 4117/4548/3756 4149/4580/3756 4148/4579/3756
f 4143/4574/3757 4112/4543/3757 4145/4576/3757 4175/4606/3757
f 4130/4561/3758 4131/4562/3758 4163/4594/3758 4162/4593/3758
f 4117/4548/3759 4118/4549/3759 4150/4581/3759 4149/4580/3759
f 4131/4562/3760 4132/4563/3760 4164/4595/3760 4163/4594/3760
f 4118/4549/3761 4119/4550/3761 4151/4582/3761 4150/4581/3761
f 4132/4563/3762 4133/4564/3762 4165/4596/3762 4164/4595/3762
f 4119/4550/3763 4120/4551/3763 4152/4583/3763 4151/4582/3763
f 4133/4564/3764 4134/4565/3764 4166/4597/3764 4165/4596/3764
f 4120/4551/3765 4121/4552/3765 4153/4584/3765 4152/4583/3765
f 4134/4565/3766 4135/4566/3766 4167/4598/3766 4166/4597/3766
f 4121/4552/3767 4122/4553/3767 4154/4585/3767 4153/4584/3767
f 4135/4566/3768 4136/4567/3768 4168/4599/3768 4167/4598/3768
f 4122/4553/3769 4123/4554/3769 4155/4586/3769 4154/4585/3769
f 4136/4567/3770 4137/4568/3770 4169/4600/3770 4168/4599/3770
o Circle.009
v -1.496451 3.904336 -10.212708
v -1.493532 3.897738 -10.199434
v -1.495487 3.891522 -10.184621
v -1.499007 3.887979 -10.170764
v -1.505248 3.884589 -10.157861
v -1.513970 3.881482 -10.146406
v -1.524839 3.878777 -10.136841
v -1.537436 3.876578 -10.129532
v -1.551278 3.874970 -10.124761
v -1.565832 3.874014 -10.122710
v -1.580539 3.873748 -10.123459
v -1.594835 3.874182 -10.126980
v -1.608169 3.875298 -10.133136
v -1.621327 3.881107 -10.142369
v -1.630245 3.887941 -10.150225
v -1.636848 3.895272 -10.159733
v -1.640884 3.902818 -10.170529
v -1.642196 3.910288 -10.182200
v -1.640735 3.917396 -10.194295
v -1.636557 3.923869 -10.206350
v -1.629822 3.929457 -10.217903
v -1.620788 3.933947 -10.228514
v -1.609805 3.937162 -10.237765
v -1.597293 3.938983 -10.245306
v -1.583733 3.939339 -10.250847
v -1.569646 3.938216 -10.254175
v -1.556042 3.935559 -10.254817
v -1.546409 3.931398 -10.250110
v -1.533033 3.928573 -10.245392
v -1.520879 3.924253 -10.239204
v -1.510558 3.918523 -10.231718
v -1.502469 3.911605 -10.223221
v -1.492449 3.898378 -10.200234
v -1.495332 3.905540 -10.214063
v -1.495487 3.891522 -10.184621
v -1.499005 3.887980 -10.170764
v -1.505250 3.884590 -10.157863
v -1.513968 3.881482 -10.146405
v -1.524839 3.878777 -10.136840
v -1.537435 3.876578 -10.129531
v -1.551280 3.874971 -10.124763
v -1.565834 3.874014 -10.122708
v -1.580540 3.873748 -10.123458
v -1.594834 3.874181 -10.126978
v -1.608168 3.875298 -10.133136
v -1.622475 3.882185 -10.143703
v -1.631393 3.889019 -10.151558
v -1.637996 3.896350 -10.161066
v -1.642032 3.903896 -10.171864
v -1.643344 3.911366 -10.183534
v -1.641883 3.918474 -10.195629
v -1.637705 3.924947 -10.207685
v -1.630969 3.930537 -10.219239
v -1.621937 3.935024 -10.229846
v -1.610953 3.938240 -10.239098
v -1.598441 3.940060 -10.246639
v -1.584881 3.940416 -10.252180
v -1.570794 3.939293 -10.255507
v -1.557149 3.936647 -10.256177
v -1.546309 3.933166 -10.252012
v -1.532788 3.930419 -10.247361
v -1.520634 3.926098 -10.241174
v -1.510314 3.920369 -10.233687
v -1.502225 3.913451 -10.225190
vn 0.1019 0.8883 0.4479
vn -0.1009 -0.8867 -0.4513
vn 0.0135 0.9883 0.1522
vn 0.1875 0.8361 0.5155
vn 0.2107 -0.6636 -0.7178
vn -0.0052 0.7517 0.6595
vn -0.1881 -0.8367 -0.5144
vn -0.2380 0.8445 0.4797
vn -0.0837 0.7323 0.6758
vn 0.1881 0.8367 0.5144
vn -0.2797 0.8979 0.3399
vn -0.0838 0.7322 0.6759
vn -0.0873 0.9701 0.2263
vn -0.3591 -0.8454 -0.3954
vn -0.3076 -0.8326 -0.4606
vn -0.1630 0.7594 0.6299
vn -0.0817 0.9795 0.1839
vn -0.0622 0.9803 0.1876
vn 0.1882 0.8367 0.5143
vn -0.0171 -0.9315 -0.3634
vn 0.1882 0.8367 0.5142
vn -0.0052 -0.8918 -0.4524
vn -0.0271 0.9827 0.1834
vn 0.1882 0.8368 0.5142
vn -0.0263 0.9735 0.2270
vt 0.000000 0.000000
vt 0.000000 0.000000
vt 0.000000 0.000000
vt 0.000000 0.000000
vt 0.000000 0.000000
vt 0.000000 0.000000
vt 0.000000 0.000000
vt 0.000000 0.000000
vt 0.000000 0.000000
vt 0.000000 0.000000
vt 0.000000 0.000000
vt 0.000000 0.000000
vt 0.000000 0.000000
vt 0.000000 0.000000
vt 0.000000 0.000000
vt 0.000000 0.000000
vt 0.000000 0.000000
vt 0.000000 0.000000
vt 0.000000 0.000000
vt 0.000000 0.000000
vt 0.000000 0.000000
vt 0.000000 0.000000
vt 0.000000 0.000000
vt 0.000000 0.000000
vt 0.000000 0.000000
vt 0.000000 0.000000
vt 0.000000 0.000000
vt 0.000000 0.000000
vt 0.000000 0.000000
vt 0.000000 0.000000
vt 0.000000 0.000000
vt 0.000000 0.000000
vt 0.000000 0.000000
vt 0.000000 0.000000
vt 0.000000 0.000000
vt 0.000000 0.000000
vt 0.000000 0.000000
vt 0.000000 0.000000
vt 0.000000 0.000000
vt 0.000000 0.000000
vt 0.000000 0.000000
vt 0.000000 0.000000
vt 0.000000 0.000000
vt 0.000000 0.000000
vt 0.000000 0.000000
vt 0.000000 0.000000
vt 0.000000 0.000000
vt 0.000000 0.000000
vt 0.000000 0.000000
vt 0.000000 0.000000
vt 0.000000 0.000000
vt 0.000000 0.000000
vt 0.000000 0.000000
vt 0.000000 0.000000
vt 0.000000 0.000000
vt 0.000000 0.000000
vt 0.000000 0.000000
vt 0.000000 0.000000
vt 0.000000 0.000000
vt 0.000000 0.000000
vt 0.000000 0.000000
vt 0.000000 0.000000
vt 0.000000 0.000000
vt 0.000000 0.000000
s 0
usemtl Material.018
f 4177/4608/3771 4176/4607/3771 4207/4638/3771 4206/4637/3771 4205/4636/3771 4204/4635/3771 4203/4634/3771 4202/4633/3771 4201/4632/3771 4200/4631/3771 4199/4630/3771 4198/4629/3771 4197/4628/3771 4196/4627/3771 4195/4626/3771 4194/4625/3771 4193/4624/3771 4192/4623/3771 4191/4622/3771 4190/4621/3771 4189/4620/3771 4188/4619/3771 4187/4618/3771 4186/4617/3771 4185/4616/3771 4184/4615/3771 4183/4614/3771 4182/4613/3771 4181/4612/3771 4180/4611/3771 4179/4610/3771 4178/4609/3771
f 4208/4639/3772 4210/4641/3772 4211/4642/3772 4212/4643/3772 4213/4644/3772 4214/4645/3772 4215/4646/3772 4216/4647/3772 4217/4648/3772 4218/4649/3772 4219/4650/3772 4220/4651/3772 4221/4652/3772 4222/4653/3772 4223/4654/3772 4224/4655/3772 4225/4656/3772 4226/4657/3772 4227/4658/3772 4228/4659/3772 4229/4660/3772 4230/4661/3772 4231/4662/3772 4232/4663/3772 4233/4664/3772 4234/4665/3772 4235/4666/3772 4236/4667/3772 4237/4668/3772 4238/4669/3772 4239/4670/3772 4209/4640/3772
f 4187/4618/3773 4188/4619/3773 4220/4651/3773 4219/4650/3773
f 4201/4632/3774 4202/4633/3774 4234/4665/3774 4233/4664/3774
f 4188/4619/3775 4189/4620/3775 4221/4652/3775 4220/4651/3775
f 4202/4633/3776 4203/4634/3776 4235/4666/3776 4234/4665/3776
f 4189/4620/3777 4190/4621/3777 4222/4653/3777 4221/4652/3777
f 4176/4607/3778 4177/4608/3778 4208/4639/3778 4209/4640/3778
f 4203/4634/3779 4204/4635/3779 4236/4667/3779 4235/4666/3779
f 4190/4621/3780 4191/4622/3780 4223/4654/3780 4222/4653/3780
f 4177/4608/3781 4178/4609/3781 4210/4641/3781 4208/4639/3781
f 4204/4635/3782 4205/4636/3782 4237/4668/3782 4236/4667/3782
f 4191/4622/3780 4192/4623/3780 4224/4655/3780 4223/4654/3780
f 4178/4609/3783 4179/4610/3783 4211/4642/3783 4210/4641/3783
f 4205/4636/3782 4206/4637/3782 4238/4669/3782 4237/4668/3782
f 4192/4623/3780 4193/4624/3780 4225/4656/3780 4224/4655/3780
f 4179/4610/3784 4180/4611/3784 4212/4643/3784 4211/4642/3784
f 4206/4637/3782 4207/4638/3782 4239/4670/3782 4238/4669/3782
f 4193/4624/3780 4194/4625/3780 4226/4657/3780 4225/4656/3780
f 4180/4611/3785 4181/4612/3785 4213/4644/3785 4212/4643/3785
f 4207/4638/3786 4176/4607/3786 4209/4640/3786 4239/4670/3786
f 4194/4625/3780 4195/4626/3780 4227/4658/3780 4226/4657/3780
f 4181/4612/3787 4182/4613/3787 4214/4645/3787 4213/4644/3787
f 4195/4626/3780 4196/4627/3780 4228/4659/3780 4227/4658/3780
f 4182/4613/3788 4183/4614/3788 4215/4646/3788 4214/4645/3788
f 4196/4627/3789 4197/4628/3789 4229/4660/3789 4228/4659/3789
f 4183/4614/3790 4184/4615/3790 4216/4647/3790 4215/4646/3790
f 4197/4628/3791 4198/4629/3791 4230/4661/3791 4229/4660/3791
f 4184/4615/3792 4185/4616/3792 4217/4648/3792 4216/4647/3792
f 4198/4629/3791 4199/4630/3791 4231/4662/3791 4230/4661/3791
f 4185/4616/3793 4186/4617/3793 4218/4649/3793 4217/4648/3793
f 4199/4630/3794 4200/4631/3794 4232/4663/3794 4231/4662/3794
f 4186/4617/3795 4187/4618/3795 4219/4650/3795 4218/4649/3795
f 4200/4631/3791 4201/4632/3791 4233/4664/3791 4232/4663/3791
o Circle.010
v -1.374890 3.887181 -9.977141
v -1.351941 3.892610 -9.985326
v -1.335995 3.896655 -9.983123
v -1.327417 3.899206 -9.970797
v -1.311057 3.908358 -9.966857
v -1.302096 3.915624 -9.974963
v -1.287391 3.929057 -9.965816
v -1.272354 3.943033 -9.953594
v -1.260028 3.956007 -9.938387
v -1.250941 3.967072 -9.917536
v -1.244956 3.975718 -9.895193
v -1.242300 3.981610 -9.872222
v -1.247746 3.979668 -9.854385
v -1.248626 3.979120 -9.853006
v -1.263307 3.977404 -9.837456
v -1.278653 3.978647 -9.818357
v -1.295224 3.976137 -9.801436
v -1.312380 3.969969 -9.787349
v -1.327669 3.965376 -9.773973
v -1.347075 3.956520 -9.769434
v -1.368400 3.943825 -9.772440
v -1.386862 3.932244 -9.782699
v -1.405725 3.920261 -9.795183
v -1.421025 3.907120 -9.810966
v -1.432168 3.893332 -9.829432
v -1.438721 3.879429 -9.849864
v -1.442523 3.873922 -9.866857
v -1.442219 3.873277 -9.889021
v -1.437097 3.873849 -9.910700
v -1.427352 3.875617 -9.931058
v -1.413359 3.878517 -9.949309
v -1.395659 3.882438 -9.964748
v -1.351758 3.892502 -9.990047
v -1.374706 3.887072 -9.981862
v -1.338098 3.896032 -9.986144
v -1.328215 3.899619 -9.974933
v -1.307268 3.911427 -9.970284
v -1.298309 3.918699 -9.978390
v -1.284211 3.931530 -9.970453
v -1.269534 3.945425 -9.954782
v -1.256717 3.958263 -9.942521
v -1.247629 3.969326 -9.921670
v -1.241642 3.977970 -9.899324
v -1.238983 3.983857 -9.876351
v -1.244840 3.981482 -9.858941
v -1.248626 3.979120 -9.853006
v -1.259825 3.981254 -9.837869
v -1.275168 3.982496 -9.818769
v -1.291739 3.979984 -9.801847
v -1.308893 3.973813 -9.787756
v -1.325415 3.965762 -9.776219
v -1.344750 3.956971 -9.771597
v -1.366075 3.944275 -9.774602
v -1.386862 3.932245 -9.782697
v -1.405725 3.920262 -9.795181
v -1.421025 3.907121 -9.810965
v -1.432168 3.893333 -9.829432
v -1.438722 3.879430 -9.849862
v -1.442330 3.873814 -9.871607
v -1.442027 3.873172 -9.893774
v -1.436906 3.873748 -9.915456
v -1.427161 3.875520 -9.935815
v -1.413169 3.878424 -9.954067
v -1.395434 3.882344 -9.969796
vn -0.4401 0.8649 -0.2414
vn 0.4452 -0.8632 0.2381
vn -0.6526 0.7485 -0.1176
vn 0.7513 -0.6584 0.0454
vn -0.4510 -0.6871 -0.5697
vn 0.2385 -0.9706 0.0314
vn -0.6467 0.5257 -0.5526
vn -0.2408 0.9700 -0.0317
vn -0.2381 0.9708 -0.0306
vn -0.6462 0.5255 -0.5534
vn -0.2416 0.9699 -0.0318
vn -0.2384 0.9707 -0.0297
vn -0.6455 0.5255 -0.5542
vn -0.5124 0.8390 0.1830
vn -0.2390 0.9706 -0.0289
vn -0.6448 0.5257 -0.5549
vn -0.5132 0.8385 0.1832
vn -0.2399 0.9704 -0.0287
vn -0.6441 0.5258 -0.5556
vn 0.3293 0.5470 0.7696
vn -0.2393 0.9705 -0.0302
vn 0.4540 -0.8342 0.3130
vn -0.6567 0.7525 -0.0496
vn 0.4529 -0.8348 0.3129
vn -0.6579 0.7515 -0.0500
vn 0.4077 -0.8765 0.2559
vn -0.6559 0.7479 -0.1024
vn -0.1786 0.8306 -0.5275
vn -0.6521 0.7496 -0.1135
vn -0.1965 0.8387 -0.5079
vn -0.6526 0.7489 -0.1149
vn -0.1963 0.8388 -0.5078
vn -0.6528 0.7485 -0.1164
vn -0.1795 0.8391 -0.5135
vt 0.000000 0.000000
vt 0.000000 0.000000
vt 0.000000 0.000000
vt 0.000000 0.000000
vt 0.000000 0.000000
vt 0.000000 0.000000
vt 0.000000 0.000000
vt 0.000000 0.000000
vt 0.000000 0.000000
vt 0.000000 0.000000
vt 0.000000 0.000000
vt 0.000000 0.000000
vt 0.000000 0.000000
vt 0.000000 0.000000
vt 0.000000 0.000000
vt 0.000000 0.000000
vt 0.000000 0.000000
vt 0.000000 0.000000
vt 0.000000 0.000000
vt 0.000000 0.000000
vt 0.000000 0.000000
vt 0.000000 0.000000
vt 0.000000 0.000000
vt 0.000000 0.000000
vt 0.000000 0.000000
vt 0.000000 0.000000
vt 0.000000 0.000000
vt 0.000000 0.000000
vt 0.000000 0.000000
vt 0.000000 0.000000
vt 0.000000 0.000000
vt 0.000000 0.000000
vt 0.000000 0.000000
vt 0.000000 0.000000
vt 0.000000 0.000000
vt 0.000000 0.000000
vt 0.000000 0.000000
vt 0.000000 0.000000
vt 0.000000 0.000000
vt 0.000000 0.000000
vt 0.000000 0.000000
vt 0.000000 0.000000
vt 0.000000 0.000000
vt 0.000000 0.000000
vt 0.000000 0.000000
vt 0.000000 0.000000
vt 0.000000 0.000000
vt 0.000000 0.000000
vt 0.000000 0.000000
vt 0.000000 0.000000
vt 0.000000 0.000000
vt 0.000000 0.000000
vt 0.000000 0.000000
vt 0.000000 0.000000
vt 0.000000 0.000000
vt 0.000000 0.000000
vt 0.000000 0.000000
vt 0.000000 0.000000
vt 0.000000 0.000000
vt 0.000000 0.000000
vt 0.000000 0.000000
vt 0.000000 0.000000
vt 0.000000 0.000000
vt 0.000000 0.000000
s 0
usemtl Material.018
f 4241/4672/3796 4240/4671/3796 4271/4702/3796 4270/4701/3796 4269/4700/3796 4268/4699/3796 4267/4698/3796 4266/4697/3796 4265/4696/3796 4264/4695/3796 4263/4694/3796 4262/4693/3796 4261/4692/3796 4260/4691/3796 4259/4690/3796 4258/4689/3796 4257/4688/3796 4256/4687/3796 4255/4686/3796 4254/4685/3796 4253/4684/3796 4252/4683/3796 4251/4682/3796 4250/4681/3796 4249/4680/3796 4248/4679/3796 4247/4678/3796 4246/4677/3796 4245/4676/3796 4244/4675/3796 4243/4674/3796 4242/4673/3796
f 4272/4703/3797 4274/4705/3797 4275/4706/3797 4276/4707/3797 4277/4708/3797 4278/4709/3797 4279/4710/3797 4280/4711/3797 4281/4712/3797 4282/4713/3797 4283/4714/3797 4284/4715/3797 4285/4716/3797 4286/4717/3797 4287/4718/3797 4288/4719/3797 4289/4720/3797 4290/4721/3797 4291/4722/3797 4292/4723/3797 4293/4724/3797 4294/4725/3797 4295/4726/3797 4296/4727/3797 4297/4728/3797 4298/4729/3797 4299/4730/3797 4300/4731/3797 4301/4732/3797 4302/4733/3797 4303/4734/3797 4273/4704/3797
f 4251/4682/3798 4252/4683/3798 4284/4715/3798 4283/4714/3798
f 4265/4696/3799 4266/4697/3799 4298/4729/3799 4297/4728/3799
f 4252/4683/3800 4253/4684/3800 4285/4716/3800 4284/4715/3800
f 4266/4697/3801 4267/4698/3801 4299/4730/3801 4298/4729/3801
f 4253/4684/3802 4254/4685/3802 4286/4717/3802 4285/4716/3802
f 4240/4671/3803 4241/4672/3803 4272/4703/3803 4273/4704/3803
f 4267/4698/3804 4268/4699/3804 4300/4731/3804 4299/4730/3804
f 4254/4685/3805 4255/4686/3805 4287/4718/3805 4286/4717/3805
f 4241/4672/3806 4242/4673/3806 4274/4705/3806 4272/4703/3806
f 4268/4699/3807 4269/4700/3807 4301/4732/3807 4300/4731/3807
f 4255/4686/3808 4256/4687/3808 4288/4719/3808 4287/4718/3808
f 4242/4673/3809 4243/4674/3809 4275/4706/3809 4274/4705/3809
f 4269/4700/3810 4270/4701/3810 4302/4733/3810 4301/4732/3810
f 4256/4687/3811 4257/4688/3811 4289/4720/3811 4288/4719/3811
f 4243/4674/3812 4244/4675/3812 4276/4707/3812 4275/4706/3812
f 4270/4701/3813 4271/4702/3813 4303/4734/3813 4302/4733/3813
f 4257/4688/3814 4258/4689/3814 4290/4721/3814 4289/4720/3814
f 4244/4675/3815 4245/4676/3815 4277/4708/3815 4276/4707/3815
f 4271/4702/3816 4240/4671/3816 4273/4704/3816 4303/4734/3816
f 4258/4689/3817 4259/4690/3817 4291/4722/3817 4290/4721/3817
f 4245/4676/3818 4246/4677/3818 4278/4709/3818 4277/4708/3818
f 4259/4690/3819 4260/4691/3819 4292/4723/3819 4291/4722/3819
f 4246/4677/3820 4247/4678/3820 4279/4710/3820 4278/4709/3820
f 4260/4691/3821 4261/4692/3821 4293/4724/3821 4292/4723/3821
f 4247/4678/3822 4248/4679/3822 4280/4711/3822 4279/4710/3822
f 4261/4692/3823 4262/4693/3823 4294/4725/3823 4293/4724/3823
f 4248/4679/3824 4249/4680/3824 4281/4712/3824 4280/4711/3824
f 4262/4693/3825 4263/4694/3825 4295/4726/3825 4294/4725/3825
f 4249/4680/3826 4250/4681/3826 4282/4713/3826 4281/4712/3826
f 4263/4694/3827 4264/4695/3827 4296/4727/3827 4295/4726/3827
f 4250/4681/3828 4251/4682/3828 4283/4714/3828 4282/4713/3828
f 4264/4695/3829 4265/4696/3829 4297/4728/3829 4296/4727/3829
o Circle.011
v -1.466320 4.660038 -10.073626
v -1.480402 4.663447 -10.070978
v -1.493732 4.666584 -10.065557
v -1.505799 4.669330 -10.057569
v -1.516137 4.671578 -10.047321
v -1.524351 4.673242 -10.035209
v -1.530124 4.674257 -10.021696
v -1.533234 4.674586 -10.007303
v -1.533562 4.674215 -9.992582
v -1.531095 4.673159 -9.978100
v -1.525928 4.671457 -9.964412
v -1.518260 4.669177 -9.952045
v -1.508386 4.666404 -9.941474
v -1.496684 4.663246 -9.933105
v -1.483604 4.659824 -9.927260
v -1.469650 4.656271 -9.924164
v -1.455357 4.652720 -9.923935
v -1.441275 4.649311 -9.926582
v -1.427944 4.646173 -9.932004
v -1.415878 4.643428 -9.939992
v -1.405539 4.641180 -9.950239
v -1.397326 4.639516 -9.962352
v -1.391553 4.638501 -9.975864
v -1.388443 4.638172 -9.990257
v -1.388115 4.638543 -10.004978
v -1.390582 4.639599 -10.019461
v -1.395748 4.641301 -10.033148
v -1.403416 4.643581 -10.045515
v -1.413291 4.646354 -10.056087
v -1.424993 4.649512 -10.064455
v -1.438072 4.652934 -10.070300
v -1.452027 4.656487 -10.073397
v -1.481750 4.658007 -10.071145
v -1.467668 4.654598 -10.073792
v -1.495081 4.661145 -10.065723
v -1.507147 4.663890 -10.057735
v -1.517486 4.666138 -10.047488
v -1.525699 4.667802 -10.035376
v -1.531472 4.668818 -10.021863
v -1.534582 4.669146 -10.007470
v -1.534910 4.668775 -9.992749
v -1.532444 4.667718 -9.978267
v -1.527277 4.666017 -9.964580
v -1.519609 4.663736 -9.952212
v -1.509734 4.660964 -9.941641
v -1.498032 4.657806 -9.933272
v -1.484953 4.654385 -9.927427
v -1.470998 4.650830 -9.924331
v -1.456705 4.647281 -9.924102
v -1.442623 4.643871 -9.926749
v -1.429293 4.640733 -9.932171
v -1.417226 4.637988 -9.940159
v -1.406888 4.635740 -9.950406
v -1.398674 4.634077 -9.962519
v -1.392901 4.633061 -9.976031
v -1.389791 4.632732 -9.990424
v -1.389463 4.633103 -10.005145
v -1.391930 4.634160 -10.019628
v -1.397097 4.635861 -10.033316
v -1.404765 4.638142 -10.045683
v -1.414639 4.640914 -10.056253
v -1.426341 4.644072 -10.064622
v -1.439421 4.647493 -10.070467
v -1.453375 4.651048 -10.073564
vn -0.2405 -0.9702 -0.0298
vn 0.2405 0.9702 0.0298
vn 0.7019 -0.1526 -0.6957
vn -0.9051 0.2130 0.3681
vn 0.5576 -0.1130 -0.8224
vn -0.8192 0.1864 0.5423
vn 0.3919 -0.0690 -0.9174
vn 0.1675 -0.0717 0.9833
vn -0.7019 0.1526 0.6957
vn 0.2112 -0.0223 -0.9772
vn 0.3508 -0.1155 0.9293
vn -0.5576 0.1130 0.8224
vn 0.0223 0.0252 -0.9994
vn 0.5206 -0.1548 0.8396
vn -0.3919 0.0690 0.9174
vn -0.1675 0.0717 -0.9833
vn 0.6704 -0.1882 0.7177
vn -0.2112 0.0223 0.9772
vn -0.3508 0.1155 -0.9293
vn 0.7945 -0.2144 0.5682
vn -0.0223 -0.0252 0.9994
vn -0.5206 0.1548 -0.8396
vn 0.8880 -0.2323 0.3968
vn -0.6704 0.1882 -0.7177
vn 0.9474 -0.2413 0.2102
vn -0.7945 0.2144 -0.5682
vn 0.9704 -0.2410 0.0155
vn -0.8880 0.2323 -0.3968
vn 0.9561 -0.2315 -0.1797
vn -0.9474 0.2413 -0.2102
vn 0.9051 -0.2130 -0.3681
vn -0.9704 0.2410 -0.0155
vn 0.8192 -0.1864 -0.5423
vn -0.9561 0.2315 0.1797
vt 0.000000 0.000000
vt 0.000000 0.000000
vt 0.000000 0.000000
vt 0.000000 0.000000
vt 0.000000 0.000000
vt 0.000000 0.000000
vt 0.000000 0.000000
vt 0.000000 0.000000
vt 0.000000 0.000000
vt 0.000000 0.000000
vt 0.000000 0.000000
vt 0.000000 0.000000
vt 0.000000 0.000000
vt 0.000000 0.000000
vt 0.000000 0.000000
vt 0.000000 0.000000
vt 0.000000 0.000000
vt 0.000000 0.000000
vt 0.000000 0.000000
vt 0.000000 0.000000
vt 0.000000 0.000000
vt 0.000000 0.000000
vt 0.000000 0.000000
vt 0.000000 0.000000
vt 0.000000 0.000000
vt 0.000000 0.000000
vt 0.000000 0.000000
vt 0.000000 0.000000
vt 0.000000 0.000000
vt 0.000000 0.000000
vt 0.000000 0.000000
vt 0.000000 0.000000
vt 0.000000 0.000000
vt 0.000000 0.000000
vt 0.000000 0.000000
vt 0.000000 0.000000
vt 0.000000 0.000000
vt 0.000000 0.000000
vt 0.000000 0.000000
vt 0.000000 0.000000
vt 0.000000 0.000000
vt 0.000000 0.000000
vt 0.000000 0.000000
vt 0.000000 0.000000
vt 0.000000 0.000000
vt 0.000000 0.000000
vt 0.000000 0.000000
vt 0.000000 0.000000
vt 0.000000 0.000000
vt 0.000000 0.000000
vt 0.000000 0.000000
vt 0.000000 0.000000
vt 0.000000 0.000000
vt 0.000000 0.000000
vt 0.000000 0.000000
vt 0.000000 0.000000
vt 0.000000 0.000000
vt 0.000000 0.000000
vt 0.000000 0.000000
vt 0.000000 0.000000
vt 0.000000 0.000000
vt 0.000000 0.000000
vt 0.000000 0.000000
vt 0.000000 0.000000
s 0
usemtl Material.018
f 4305/4736/3830 4304/4735/3830 4335/4766/3830 4334/4765/3830 4333/4764/3830 4332/4763/3830 4331/4762/3830 4330/4761/3830 4329/4760/3830 4328/4759/3830 4327/4758/3830 4326/4757/3830 4325/4756/3830 4324/4755/3830 4323/4754/3830 4322/4753/3830 4321/4752/3830 4320/4751/3830 4319/4750/3830 4318/4749/3830 4317/4748/3830 4316/4747/3830 4315/4746/3830 4314/4745/3830 4313/4744/3830 4312/4743/3830 4311/4742/3830 4310/4741/3830 4309/4740/3830 4308/4739/3830 4307/4738/3830 4306/4737/3830
f 4336/4767/3831 4338/4769/3831 4339/4770/3831 4340/4771/3831 4341/4772/3831 4342/4773/3831 4343/4774/3831 4344/4775/3831 4345/4776/3831 4346/4777/3831 4347/4778/3831 4348/4779/3831 4349/4780/3831 4350/4781/3831 4351/4782/3831 4352/4783/3831 4353/4784/3831 4354/4785/3831 4355/4786/3831 4356/4787/3831 4357/4788/3831 4358/4789/3831 4359/4790/3831 4360/4791/3831 4361/4792/3831 4362/4793/3831 4363/4794/3831 4364/4795/3831 4365/4796/3831 4366/4797/3831 4367/4798/3831 4337/4768/3831
f 4315/4746/3832 4316/4747/3832 4348/4779/3832 4347/4778/3832
f 4329/4760/3833 4330/4761/3833 4362/4793/3833 4361/4792/3833
f 4316/4747/3834 4317/4748/3834 4349/4780/3834 4348/4779/3834
f 4330/4761/3835 4331/4762/3835 4363/4794/3835 4362/4793/3835
f 4317/4748/3836 4318/4749/3836 4350/4781/3836 4349/4780/3836
f 4304/4735/3837 4305/4736/3837 4336/4767/3837 4337/4768/3837
f 4331/4762/3838 4332/4763/3838 4364/4795/3838 4363/4794/3838
f 4318/4749/3839 4319/4750/3839 4351/4782/3839 4350/4781/3839
f 4305/4736/3840 4306/4737/3840 4338/4769/3840 4336/4767/3840
f 4332/4763/3841 4333/4764/3841 4365/4796/3841 4364/4795/3841
f 4319/4750/3842 4320/4751/3842 4352/4783/3842 4351/4782/3842
f 4306/4737/3843 4307/4738/3843 4339/4770/3843 4338/4769/3843
f 4333/4764/3844 4334/4765/3844 4366/4797/3844 4365/4796/3844
f 4320/4751/3845 4321/4752/3845 4353/4784/3845 4352/4783/3845
f 4307/4738/3846 4308/4739/3846 4340/4771/3846 4339/4770/3846
f 4334/4765/3847 4335/4766/3847 4367/4798/3847 4366/4797/3847
f 4321/4752/3848 4322/4753/3848 4354/4785/3848 4353/4784/3848
f 4308/4739/3849 4309/4740/3849 4341/4772/3849 4340/4771/3849
f 4335/4766/3850 4304/4735/3850 4337/4768/3850 4367/4798/3850
f 4322/4753/3851 4323/4754/3851 4355/4786/3851 4354/4785/3851
f 4309/4740/3852 4310/4741/3852 4342/4773/3852 4341/4772/3852
f 4323/4754/3853 4324/4755/3853 4356/4787/3853 4355/4786/3853
f 4310/4741/3854 4311/4742/3854 4343/4774/3854 4342/4773/3854
f 4324/4755/3855 4325/4756/3855 4357/4788/3855 4356/4787/3855
f 4311/4742/3856 4312/4743/3856 4344/4775/3856 4343/4774/3856
f 4325/4756/3857 4326/4757/3857 4358/4789/3857 4357/4788/3857
f 4312/4743/3858 4313/4744/3858 4345/4776/3858 4344/4775/3858
f 4326/4757/3859 4327/4758/3859 4359/4790/3859 4358/4789/3859
f 4313/4744/3860 4314/4745/3860 4346/4777/3860 4345/4776/3860
f 4327/4758/3861 4328/4759/3861 4360/4791/3861 4359/4790/3861
f 4314/4745/3862 4315/4746/3862 4347/4778/3862 4346/4777/3862
f 4328/4759/3863 4329/4760/3863 4361/4792/3863 4360/4791/3863
o Circle.012
v -1.260336 4.559433 -9.870652
v -1.264520 4.564053 -9.876952
v -1.266950 4.566732 -9.880609
v -1.279991 4.570337 -9.871051
v -1.294396 4.572631 -9.855978
v -1.305781 4.572614 -9.839175
v -1.313706 4.570288 -9.821291
v -1.317865 4.565742 -9.803017
v -1.318099 4.559153 -9.785058
v -1.323218 4.559452 -9.778409
v -1.326242 4.559969 -9.775396
v -1.320610 4.544016 -9.766829
v -1.311056 4.524703 -9.759679
v -1.299089 4.505950 -9.755912
v -1.285138 4.488457 -9.755682
v -1.269743 4.472902 -9.758997
v -1.253497 4.459887 -9.765729
v -1.237024 4.449914 -9.775615
v -1.220960 4.443369 -9.788272
v -1.205942 4.440542 -9.803200
v -1.203155 4.442043 -9.807864
v -1.205490 4.447462 -9.810191
v -1.207903 4.455719 -9.817092
v -1.207276 4.465042 -9.834708
v -1.208844 4.477553 -9.851399
v -1.212552 4.492766 -9.866523
v -1.217062 4.518465 -9.892175
v -1.220659 4.528913 -9.896976
v -1.223207 4.530523 -9.892957
v -1.227470 4.533213 -9.886237
v -1.233289 4.536874 -9.877078
v -1.240446 4.541361 -9.865834
v -1.266375 4.566098 -9.879744
v -1.262189 4.561480 -9.873444
v -1.268806 4.568777 -9.883401
v -1.279999 4.571942 -9.875390
v -1.294402 4.574239 -9.860317
v -1.305785 4.574225 -9.843513
v -1.313708 4.571902 -9.825626
v -1.317865 4.567358 -9.807349
v -1.318096 4.560772 -9.789387
v -1.321218 4.559109 -9.780403
v -1.324241 4.559627 -9.777390
v -1.318642 4.543766 -9.768871
v -1.309082 4.524451 -9.761727
v -1.297114 4.505696 -9.757961
v -1.283165 4.488203 -9.757732
v -1.267771 4.472646 -9.761049
v -1.251527 4.459630 -9.767782
v -1.235057 4.449656 -9.777670
v -1.218992 4.443122 -9.790343
v -1.203986 4.440285 -9.805249
v -1.203085 4.441882 -9.807796
v -1.205420 4.447300 -9.810122
v -1.205588 4.454484 -9.821757
v -1.204963 4.463806 -9.839375
v -1.206532 4.476315 -9.856068
v -1.210242 4.491528 -9.871191
v -1.214546 4.517025 -9.896338
v -1.218092 4.527287 -9.901030
v -1.220638 4.528899 -9.897010
v -1.224899 4.531591 -9.890289
v -1.230715 4.535256 -9.881128
v -1.239216 4.540949 -9.871205
vn -0.6635 -0.5819 -0.4702
vn 0.6672 0.5859 0.4599
vn 0.6443 0.5247 0.5564
vn -0.8317 -0.4567 -0.3159
vn 0.6449 0.5234 0.5569
vn -0.8267 -0.4437 -0.3459
vn 0.6457 0.5222 0.5571
vn 0.8359 -0.0925 -0.5411
vn 0.0687 0.9025 -0.4252
vn 0.6466 0.5212 0.5570
vn -0.1772 -0.8761 -0.4483
vn -0.5923 -0.8030 0.0663
vn 0.6476 0.5202 0.5568
vn -0.4564 -0.8347 -0.3080
vn 0.0845 0.9525 -0.2925
vn 0.6485 0.5195 0.5563
vn -0.4558 -0.8349 -0.3084
vn -0.6180 -0.7820 -0.0810
vn 0.6495 0.5188 0.5559
vn -0.4553 -0.8350 -0.3092
vn -0.6568 -0.7475 -0.0996
vn 0.6490 0.5211 0.5542
vn -0.4549 -0.8348 -0.3100
vn -0.6502 -0.5185 -0.5553
vn -0.4547 -0.8346 -0.3110
vn -0.8426 -0.1426 0.5193
vn -0.4540 -0.8346 -0.3120
vn -0.8297 -0.4803 -0.2846
vn -0.4545 -0.8341 -0.3124
vn -0.8295 -0.4810 -0.2840
vn 0.1031 -0.9574 0.2697
vn -0.8293 -0.4818 -0.2832
vn 0.6439 0.5258 0.5559
vn -0.8290 -0.4828 -0.2823
vt 0.000000 0.000000
vt 0.000000 0.000000
vt 0.000000 0.000000
vt 0.000000 0.000000
vt 0.000000 0.000000
vt 0.000000 0.000000
vt 0.000000 0.000000
vt 0.000000 0.000000
vt 0.000000 0.000000
vt 0.000000 0.000000
vt 0.000000 0.000000
vt 0.000000 0.000000
vt 0.000000 0.000000
vt 0.000000 0.000000
vt 0.000000 0.000000
vt 0.000000 0.000000
vt 0.000000 0.000000
vt 0.000000 0.000000
vt 0.000000 0.000000
vt 0.000000 0.000000
vt 0.000000 0.000000
vt 0.000000 0.000000
vt 0.000000 0.000000
vt 0.000000 0.000000
vt 0.000000 0.000000
vt 0.000000 0.000000
vt 0.000000 0.000000
vt 0.000000 0.000000
vt 0.000000 0.000000
vt 0.000000 0.000000
vt 0.000000 0.000000
vt 0.000000 0.000000
vt 0.000000 0.000000
vt 0.000000 0.000000
vt 0.000000 0.000000
vt 0.000000 0.000000
vt 0.000000 0.000000
vt 0.000000 0.000000
vt 0.000000 0.000000
vt 0.000000 0.000000
vt 0.000000 0.000000
vt 0.000000 0.000000
vt 0.000000 0.000000
vt 0.000000 0.000000
vt 0.000000 0.000000
vt 0.000000 0.000000
vt 0.000000 0.000000
vt 0.000000 0.000000
vt 0.000000 0.000000
vt 0.000000 0.000000
vt 0.000000 0.000000
vt 0.000000 0.000000
vt 0.000000 0.000000
vt 0.000000 0.000000
vt 0.000000 0.000000
vt 0.000000 0.000000
vt 0.000000 0.000000
vt 0.000000 0.000000
vt 0.000000 0.000000
vt 0.000000 0.000000
vt 0.000000 0.000000
vt 0.000000 0.000000
vt 0.000000 0.000000
vt 0.000000 0.000000
s 0
usemtl Material.018
f 4369/4800/3864 4368/4799/3864 4399/4830/3864 4398/4829/3864 4397/4828/3864 4396/4827/3864 4395/4826/3864 4394/4825/3864 4393/4824/3864 4392/4823/3864 4391/4822/3864 4390/4821/3864 4389/4820/3864 4388/4819/3864 4387/4818/3864 4386/4817/3864 4385/4816/3864 4384/4815/3864 4383/4814/3864 4382/4813/3864 4381/4812/3864 4380/4811/3864 4379/4810/3864 4378/4809/3864 4377/4808/3864 4376/4807/3864 4375/4806/3864 4374/4805/3864 4373/4804/3864 4372/4803/3864 4371/4802/3864 4370/4801/3864
f 4400/4831/3865 4402/4833/3865 4403/4834/3865 4404/4835/3865 4405/4836/3865 4406/4837/3865 4407/4838/3865 4408/4839/3865 4409/4840/3865 4410/4841/3865 4411/4842/3865 4412/4843/3865 4413/4844/3865 4414/4845/3865 4415/4846/3865 4416/4847/3865 4417/4848/3865 4418/4849/3865 4419/4850/3865 4420/4851/3865 4421/4852/3865 4422/4853/3865 4423/4854/3865 4424/4855/3865 4425/4856/3865 4426/4857/3865 4427/4858/3865 4428/4859/3865 4429/4860/3865 4430/4861/3865 4431/4862/3865 4401/4832/3865
f 4379/4810/3866 4380/4811/3866 4412/4843/3866 4411/4842/3866
f 4393/4824/3867 4394/4825/3867 4426/4857/3867 4425/4856/3867
f 4380/4811/3868 4381/4812/3868 4413/4844/3868 4412/4843/3868
f 4394/4825/3869 4395/4826/3869 4427/4858/3869 4426/4857/3869
f 4381/4812/3870 4382/4813/3870 4414/4845/3870 4413/4844/3870
f 4368/4799/3871 4369/4800/3871 4400/4831/3871 4401/4832/3871
f 4395/4826/3872 4396/4827/3872 4428/4859/3872 4427/4858/3872
f 4382/4813/3873 4383/4814/3873 4415/4846/3873 4414/4845/3873
f 4369/4800/3874 4370/4801/3874 4402/4833/3874 4400/4831/3874
f 4396/4827/3875 4397/4828/3875 4429/4860/3875 4428/4859/3875
f 4383/4814/3876 4384/4815/3876 4416/4847/3876 4415/4846/3876
f 4370/4801/3877 4371/4802/3877 4403/4834/3877 4402/4833/3877
f 4397/4828/3878 4398/4829/3878 4430/4861/3878 4429/4860/3878
f 4384/4815/3879 4385/4816/3879 4417/4848/3879 4416/4847/3879
f 4371/4802/3880 4372/4803/3880 4404/4835/3880 4403/4834/3880
f 4398/4829/3881 4399/4830/3881 4431/4862/3881 4430/4861/3881
f 4385/4816/3882 4386/4817/3882 4418/4849/3882 4417/4848/3882
f 4372/4803/3883 4373/4804/3883 4405/4836/3883 4404/4835/3883
f 4399/4830/3884 4368/4799/3884 4401/4832/3884 4431/4862/3884
f 4386/4817/3885 4387/4818/3885 4419/4850/3885 4418/4849/3885
f 4373/4804/3886 4374/4805/3886 4406/4837/3886 4405/4836/3886
f 4387/4818/3887 4388/4819/3887 4420/4851/3887 4419/4850/3887
f 4374/4805/3888 4375/4806/3888 4407/4838/3888 4406/4837/3888
f 4388/4819/3889 4389/4820/3889 4421/4852/3889 4420/4851/3889
f 4375/4806/3890 4376/4807/3890 4408/4839/3890 4407/4838/3890
f 4389/4820/3891 4390/4821/3891 4422/4853/3891 4421/4852/3891
f 4376/4807/3892 4377/4808/3892 4409/4840/3892 4408/4839/3892
f 4390/4821/3893 4391/4822/3893 4423/4854/3893 4422/4853/3893
f 4377/4808/3894 4378/4809/3894 4410/4841/3894 4409/4840/3894
f 4391/4822/3895 4392/4823/3895 4424/4855/3895 4423/4854/3895
f 4378/4809/3896 4379/4810/3896 4411/4842/3896 4410/4841/3896
f 4392/4823/3897 4393/4824/3897 4425/4856/3897 4424/4855/3897
o Circle.013
v -1.723258 4.158026 -9.602111
v -1.735448 4.162172 -9.609263
v -1.747200 4.163924 -9.617969
v -1.758062 4.163213 -9.627892
v -1.767616 4.160068 -9.638651
v -1.775495 4.154609 -9.649834
v -1.781397 4.147047 -9.661011
v -1.785095 4.137670 -9.671751
v -1.786446 4.126841 -9.681643
v -1.785400 4.114975 -9.690306
v -1.781995 4.102528 -9.697407
v -1.776363 4.089979 -9.702673
v -1.768720 4.077809 -9.705902
v -1.759360 4.066486 -9.706970
v -1.748643 4.056447 -9.705835
v -1.736980 4.048075 -9.702543
v -1.724820 4.041694 -9.697218
v -1.712630 4.037548 -9.690065
v -1.700878 4.035796 -9.681361
v -1.690016 4.036507 -9.671438
v -1.680462 4.039652 -9.660678
v -1.672583 4.045111 -9.649495
v -1.666681 4.052674 -9.638319
v -1.662983 4.062050 -9.627579
v -1.661632 4.072879 -9.617687
v -1.662678 4.084745 -9.609024
v -1.666083 4.097192 -9.601923
v -1.671715 4.109742 -9.596657
v -1.679358 4.121912 -9.593428
v -1.688718 4.133234 -9.592360
v -1.699435 4.143273 -9.593493
v -1.711098 4.151645 -9.596786
v -1.732327 4.165095 -9.612890
v -1.720136 4.160949 -9.605738
v -1.744078 4.166847 -9.621594
v -1.754940 4.166136 -9.631517
v -1.764494 4.162991 -9.642278
v -1.772373 4.157532 -9.653461
v -1.778275 4.149969 -9.664637
v -1.781973 4.140593 -9.675377
v -1.783325 4.129764 -9.685269
v -1.782278 4.117898 -9.693932
v -1.778873 4.105451 -9.701033
v -1.773241 4.092901 -9.706299
v -1.765598 4.080731 -9.709528
v -1.756238 4.069409 -9.710596
v -1.745521 4.059370 -9.709462
v -1.733858 4.050998 -9.706169
v -1.721698 4.044617 -9.700845
v -1.709508 4.040471 -9.693692
v -1.697756 4.038719 -9.684987
v -1.686895 4.039430 -9.675064
v -1.677341 4.042575 -9.664305
v -1.669461 4.048034 -9.653122
v -1.663559 4.055596 -9.641945
v -1.659861 4.064973 -9.631205
v -1.658510 4.075802 -9.621313
v -1.659557 4.087668 -9.612651
v -1.662961 4.100115 -9.605550
v -1.668594 4.112664 -9.600284
v -1.676236 4.124834 -9.597054
v -1.685596 4.136157 -9.595986
v -1.696314 4.146196 -9.597120
v -1.707976 4.154568 -9.600412
vn 0.5568 0.5213 -0.6468
vn -0.5568 -0.5213 0.6468
vn 0.6487 0.2135 0.7305
vn -0.7979 0.1189 -0.5910
vn 0.5350 0.3706 0.7592
vn -0.7374 -0.0482 -0.6737
vn 0.4007 0.5135 0.7588
vn 0.0711 -0.8056 -0.5881
vn -0.6487 -0.2135 -0.7305
vn 0.2511 0.6366 0.7292
vn 0.2312 -0.8451 -0.4821
vn -0.5350 -0.3706 -0.7592
vn 0.0918 0.7352 0.6716
vn 0.3824 -0.8520 -0.3575
vn -0.4007 -0.5135 -0.7588
vn -0.0711 0.8056 0.5881
vn 0.5189 -0.8262 -0.2192
vn -0.2511 -0.6366 -0.7292
vn -0.2312 0.8451 0.4821
vn 0.6355 -0.7687 -0.0725
vn -0.0918 -0.7352 -0.6716
vn -0.3824 0.8520 0.3575
vn 0.7276 -0.6816 0.0770
vn -0.5189 0.8262 0.2192
vn 0.7918 -0.5684 0.2236
vn -0.6355 0.7687 0.0725
vn 0.8256 -0.4333 0.3615
vn -0.7276 0.6816 -0.0770
vn 0.8276 -0.2815 0.4856
vn -0.7918 0.5684 -0.2236
vn 0.7979 -0.1189 0.5910
vn -0.8256 0.4333 -0.3615
vn 0.7374 0.0482 0.6737
vn -0.8276 0.2815 -0.4856
vt 0.000000 0.000000
vt 0.000000 0.000000
vt 0.000000 0.000000
vt 0.000000 0.000000
vt 0.000000 0.000000
vt 0.000000 0.000000
vt 0.000000 0.000000
vt 0.000000 0.000000
vt 0.000000 0.000000
vt 0.000000 0.000000
vt 0.000000 0.000000
vt 0.000000 0.000000
vt 0.000000 0.000000
vt 0.000000 0.000000
vt 0.000000 0.000000
vt 0.000000 0.000000
vt 0.000000 0.000000
vt 0.000000 0.000000
vt 0.000000 0.000000
vt 0.000000 0.000000
vt 0.000000 0.000000
vt 0.000000 0.000000
vt 0.000000 0.000000
vt 0.000000 0.000000
vt 0.000000 0.000000
vt 0.000000 0.000000
vt 0.000000 0.000000
vt 0.000000 0.000000
vt 0.000000 0.000000
vt 0.000000 0.000000
vt 0.000000 0.000000
vt 0.000000 0.000000
vt 0.000000 0.000000
vt 0.000000 0.000000
vt 0.000000 0.000000
vt 0.000000 0.000000
vt 0.000000 0.000000
vt 0.000000 0.000000
vt 0.000000 0.000000
vt 0.000000 0.000000
vt 0.000000 0.000000
vt 0.000000 0.000000
vt 0.000000 0.000000
vt 0.000000 0.000000
vt 0.000000 0.000000
vt 0.000000 0.000000
vt 0.000000 0.000000
vt 0.000000 0.000000
vt 0.000000 0.000000
vt 0.000000 0.000000
vt 0.000000 0.000000
vt 0.000000 0.000000
vt 0.000000 0.000000
vt 0.000000 0.000000
vt 0.000000 0.000000
vt 0.000000 0.000000
vt 0.000000 0.000000
vt 0.000000 0.000000
vt 0.000000 0.000000
vt 0.000000 0.000000
vt 0.000000 0.000000
vt 0.000000 0.000000
vt 0.000000 0.000000
vt 0.000000 0.000000
s 0
usemtl Material.018
f 4433/4864/3898 4432/4863/3898 4463/4894/3898 4462/4893/3898 4461/4892/3898 4460/4891/3898 4459/4890/3898 4458/4889/3898 4457/4888/3898 4456/4887/3898 4455/4886/3898 4454/4885/3898 4453/4884/3898 4452/4883/3898 4451/4882/3898 4450/4881/3898 4449/4880/3898 4448/4879/3898 4447/4878/3898 4446/4877/3898 4445/4876/3898 4444/4875/3898 4443/4874/3898 4442/4873/3898 4441/4872/3898 4440/4871/3898 4439/4870/3898 4438/4869/3898 4437/4868/3898 4436/4867/3898 4435/4866/3898 4434/4865/3898
f 4464/4895/3899 4466/4897/3899 4467/4898/3899 4468/4899/3899 4469/4900/3899 4470/4901/3899 4471/4902/3899 4472/4903/3899 4473/4904/3899 4474/4905/3899 4475/4906/3899 4476/4907/3899 4477/4908/3899 4478/4909/3899 4479/4910/3899 4480/4911/3899 4481/4912/3899 4482/4913/3899 4483/4914/3899 4484/4915/3899 4485/4916/3899 4486/4917/3899 4487/4918/3899 4488/4919/3899 4489/4920/3899 4490/4921/3899 4491/4922/3899 4492/4923/3899 4493/4924/3899 4494/4925/3899 4495/4926/3899 4465/4896/3899
f 4443/4874/3900 4444/4875/3900 4476/4907/3900 4475/4906/3900
f 4457/4888/3901 4458/4889/3901 4490/4921/3901 4489/4920/3901
f 4444/4875/3902 4445/4876/3902 4477/4908/3902 4476/4907/3902
f 4458/4889/3903 4459/4890/3903 4491/4922/3903 4490/4921/3903
f 4445/4876/3904 4446/4877/3904 4478/4909/3904 4477/4908/3904
f 4432/4863/3905 4433/4864/3905 4464/4895/3905 4465/4896/3905
f 4459/4890/3906 4460/4891/3906 4492/4923/3906 4491/4922/3906
f 4446/4877/3907 4447/4878/3907 4479/4910/3907 4478/4909/3907
f 4433/4864/3908 4434/4865/3908 4466/4897/3908 4464/4895/3908
f 4460/4891/3909 4461/4892/3909 4493/4924/3909 4492/4923/3909
f 4447/4878/3910 4448/4879/3910 4480/4911/3910 4479/4910/3910
f 4434/4865/3911 4435/4866/3911 4467/4898/3911 4466/4897/3911
f 4461/4892/3912 4462/4893/3912 4494/4925/3912 4493/4924/3912
f 4448/4879/3913 4449/4880/3913 4481/4912/3913 4480/4911/3913
f 4435/4866/3914 4436/4867/3914 4468/4899/3914 4467/4898/3914
f 4462/4893/3915 4463/4894/3915 4495/4926/3915 4494/4925/3915
f 4449/4880/3916 4450/4881/3916 4482/4913/3916 4481/4912/3916
f 4436/4867/3917 4437/4868/3917 4469/4900/3917 4468/4899/3917
f 4463/4894/3918 4432/4863/3918 4465/4896/3918 4495/4926/3918
f 4450/4881/3919 4451/4882/3919 4483/4914/3919 4482/4913/3919
f 4437/4868/3920 4438/4869/3920 4470/4901/3920 4469/4900/3920
f 4451/4882/3921 4452/4883/3921 4484/4915/3921 4483/4914/3921
f 4438/4869/3922 4439/4870/3922 4471/4902/3922 4470/4901/3922
f 4452/4883/3923 4453/4884/3923 4485/4916/3923 4484/4915/3923
f 4439/4870/3924 4440/4871/3924 4472/4903/3924 4471/4902/3924
f 4453/4884/3925 4454/4885/3925 4486/4917/3925 4485/4916/3925
f 4440/4871/3926 4441/4872/3926 4473/4904/3926 4472/4903/3926
f 4454/4885/3927 4455/4886/3927 4487/4918/3927 4486/4917/3927
f 4441/4872/3928 4442/4873/3928 4474/4905/3928 4473/4904/3928
f 4455/4886/3929 4456/4887/3929 4488/4919/3929 4487/4918/3929
f 4442/4873/3930 4443/4874/3930 4475/4906/3930 4474/4905/3930
f 4456/4887/3931 4457/4888/3931 4489/4920/3931 4488/4919/3931
o Cube.008
o Cube.009
v -1.386885 4.109839 -10.298845
v -1.371774 4.262795 -10.321041
v -1.386885 4.415751 -10.298845
v -1.272694 4.101623 -10.193920
v -1.250685 4.262795 -10.211074
v -1.272694 4.423967 -10.193920
v -1.198827 4.109839 -10.057565
v -1.173614 4.262795 -10.066799
v -1.198827 4.415751 -10.057565
v -1.519718 4.262795 -10.375288
v -1.157133 4.262795 -9.910087
v -1.218514 4.453174 -10.045825
v -1.325016 4.530419 -10.153139
v -1.212844 4.083193 -10.049206
v -1.179647 4.143515 -9.930154
v -1.179797 4.382793 -9.930412
v -1.325060 3.995080 -10.153105
v -1.196494 4.262795 -9.802742
v -1.633425 4.262795 -10.363330
v -1.505589 4.142565 -10.348322
v -1.408924 4.466691 -10.276761
v -1.505816 4.383307 -10.348354
v -1.404772 4.068497 -10.280922
vn 0.1040 -0.0003 -0.9946
vn 0.2302 0.2268 -0.9464
vn 0.4679 0.3471 -0.8128
vn 0.5182 -0.0000 -0.8553
vn 0.2302 -0.2209 -0.9477
vn -0.1046 -0.0002 -0.9945
vn 0.4435 -0.5111 -0.7363
vn 0.4677 -0.3472 -0.8129
vn 0.7887 -0.0000 -0.6147
vn 0.7370 -0.3560 -0.5745
vn 0.7370 0.3560 -0.5745
vn 0.9559 -0.0000 -0.2937
vn 0.8928 -0.2975 -0.3383
vn 0.9025 0.3472 -0.2549
vn 0.4459 0.5115 -0.7345
vn 0.8227 0.5110 -0.2490
vn 0.9759 0.2183 0.0084
vn 0.9898 0.0001 0.1422
vn 0.9822 -0.1873 0.0110
vn 0.6653 -0.5288 -0.5270
vn 0.7631 -0.5214 -0.3820
vn 0.6656 0.5288 -0.5266
vn 0.9389 0.0006 0.3443
vt 0.437500 0.562500
vt 0.500000 0.562500
vt 0.562500 0.562500
vt 0.437500 0.625000
vt 0.500000 0.625000
vt 0.562500 0.625000
vt 0.437500 0.687500
vt 0.500000 0.687500
vt 0.562500 0.687500
vt 0.500000 0.500000
vt 0.500000 0.750000
vt 0.581328 0.687500
vt 0.612250 0.625000
vt 0.424094 0.687500
vt 0.448399 0.742601
vt 0.447497 0.743713
vt 0.552274 0.745048
vt 0.551906 0.742495
vt 0.552824 0.743626
vt 0.387708 0.625000
vt 0.500000 0.795349
vt 0.500000 0.454652
vt 0.447077 0.506359
vt 0.447629 0.504959
vt 0.447993 0.507487
vt 0.588129 0.562500
vt 0.552134 0.507389
vt 0.552495 0.504890
vt 0.553039 0.506274
vt 0.416701 0.562500
s 1
usemtl Material.025
f 4505/4936/3932 4517/4953/3933 4498/4929/3934 4497/4928/3935
f 4515/4949/3936 4514/4948/3937 4505/4936/3932
f 4518/4956/3938 4515/4950/3936 4496/4927/3939
f 4496/4927/3939 4497/4928/3935 4500/4931/3940 4499/4930/3941
f 4497/4928/3935 4498/4929/3934 4501/4932/3942 4500/4931/3940
f 4499/4930/3941 4500/4931/3940 4503/4934/3943 4502/4933/3944
f 4500/4931/3940 4501/4932/3942 4504/4935/3945 4503/4934/3943
f 4515/4951/3936 4505/4936/3932 4497/4928/3935 4496/4927/3939
f 4517/4954/3933 4516/4952/3946 4498/4929/3934
f 4504/4935/3945 4507/4938/3947 4511/4943/3948
f 4502/4933/3944 4503/4934/3943 4506/4937/3949 4510/4941/3950
f 4512/4946/3951 4499/4930/3941 4502/4933/3944 4509/4940/3952
f 4503/4934/3943 4504/4935/3945 4511/4944/3948 4506/4937/3949
f 4501/4932/3942 4508/4939/3953 4507/4938/3947 4504/4935/3945
f 4498/4929/3934 4516/4952/3946 4508/4939/3953 4501/4932/3942
f 4506/4937/3949 4511/4945/3948 4513/4947/3954
f 4512/4946/3951 4518/4956/3938 4496/4927/3939 4499/4930/3941
f 4510/4942/3950 4506/4937/3949 4513/4947/3954
f 4517/4955/3933 4505/4936/3932 4514/4948/3937
o Cube.010
v -1.198827 4.109839 -10.057565
v -1.212844 4.083193 -10.049206
v -1.179647 4.143515 -9.930154
vn 0.8838 -0.4678 -0.0094
vt 0.437500 0.687500
vt 0.424094 0.687500
vt 0.448017 0.745231
s 1
usemtl Material.019
f 4521/4959/3955 4520/4958/3955 4519/4957/3955
o Cube.011
v -1.301073 4.023998 -10.001793
v -1.301073 4.232415 -10.001793
v -1.478885 4.023998 -10.229928
v -1.478885 4.232415 -10.229928
v -1.189164 4.023998 -10.089017
v -1.189164 4.232415 -10.089017
v -1.366976 4.023998 -10.317152
v -1.366976 4.232415 -10.317152
v -1.450889 4.008797 -10.177176
v -1.402240 4.001162 -10.106304
v -1.345393 4.008797 -10.041823
v -1.296266 4.066380 -9.978793
v -1.293852 4.128206 -9.967240
v -1.296266 4.190033 -9.978793
v -1.345393 4.247615 -10.041823
v -1.402240 4.255250 -10.106304
v -1.450889 4.247615 -10.177176
v -1.500015 4.190033 -10.240206
v -1.510629 4.128206 -10.245368
v -1.500015 4.066380 -10.240206
v -1.402701 4.008797 -10.316053
v -1.442413 4.001162 -10.298536
v -1.469097 4.008797 -10.264303
v -1.469097 4.247615 -10.264303
v -1.442413 4.255250 -10.298536
v -1.402701 4.247615 -10.316053
v -1.371783 4.190033 -10.340152
v -1.374197 4.128206 -10.351705
v -1.371783 4.066380 -10.340152
v -1.217160 4.008797 -10.141769
v -1.265809 4.001162 -10.212641
v -1.322656 4.008797 -10.277122
v -1.322656 4.247615 -10.277122
v -1.265809 4.255250 -10.212641
v -1.217160 4.247615 -10.141769
v -1.168034 4.190033 -10.078739
v -1.157420 4.128206 -10.073577
v -1.168034 4.066380 -10.078739
v -1.265348 4.008797 -10.002892
v -1.225636 4.001162 -10.020409
v -1.198953 4.008797 -10.054642
v -1.198953 4.247615 -10.054642
v -1.225636 4.255250 -10.020409
v -1.265348 4.247615 -10.002892
v -1.359388 4.062314 -10.023761
v -1.362282 4.128206 -10.015278
v -1.359388 4.194099 -10.023761
v -1.421518 4.058774 -10.091279
v -1.427973 4.128206 -10.086247
v -1.421518 4.197639 -10.091279
v -1.471821 4.062314 -10.168014
v -1.480754 4.128206 -10.167279
v -1.471821 4.194099 -10.168014
v -1.499028 4.062314 -10.298204
v -1.510324 4.128206 -10.308777
v -1.499028 4.194099 -10.298204
v -1.473043 4.058774 -10.337835
v -1.483299 4.128206 -10.350993
v -1.473043 4.197639 -10.337835
v -1.428267 4.062314 -10.353356
v -1.435762 4.128206 -10.366893
v -1.428267 4.194099 -10.353356
v -1.308661 4.062314 -10.295184
v -1.305768 4.128206 -10.303667
v -1.308661 4.194099 -10.295184
v -1.246531 4.058774 -10.227666
v -1.240077 4.128206 -10.232697
v -1.246531 4.197639 -10.227666
v -1.196228 4.062314 -10.150931
v -1.187295 4.128206 -10.151666
v -1.196228 4.194099 -10.150931
v -1.169021 4.062314 -10.020741
v -1.157725 4.128206 -10.010168
v -1.169021 4.194099 -10.020741
v -1.195006 4.058774 -9.981110
v -1.184750 4.128206 -9.967952
v -1.195006 4.197639 -9.981110
v -1.239782 4.062314 -9.965589
v -1.232287 4.128206 -9.952052
v -1.239782 4.194099 -9.965589
v -1.425622 3.976272 -10.204022
v -1.393261 3.965260 -10.235474
v -1.354860 3.976272 -10.259175
v -1.371306 3.965260 -10.130415
v -1.334025 3.953239 -10.159472
v -1.296743 3.965260 -10.188530
v -1.313189 3.976272 -10.059770
v -1.274788 3.965260 -10.083471
v -1.242427 3.976272 -10.114923
v -1.354860 4.280140 -10.259175
v -1.393261 4.291152 -10.235474
v -1.425622 4.280140 -10.204022
v -1.296743 4.291152 -10.188530
v -1.334025 4.303174 -10.159472
v -1.371306 4.291152 -10.130415
v -1.242427 4.280140 -10.114923
v -1.274788 4.291152 -10.083471
v -1.313189 4.280140 -10.059770
vn -0.6413 -0.2477 0.7262
vn -0.6624 -0.0000 0.7492
vn -0.7887 -0.0000 0.6147
vn -0.7635 -0.2511 0.5951
vn -0.6413 0.2477 0.7262
vn -0.7635 0.2511 0.5951
vn -0.8882 -0.0000 0.4594
vn -0.8608 -0.2477 0.4446
vn -0.8608 0.2477 0.4446
vn -0.3732 -0.5215 0.7673
vn -0.4203 -0.2764 0.8643
vn -0.5252 -0.5528 0.6470
vn -0.4374 -0.0000 0.8993
vn -0.4203 0.2764 0.8643
vn -0.3732 0.5215 0.7673
vn -0.5252 0.5528 0.6470
vn -0.6520 0.5627 0.5082
vn -0.7556 0.5528 0.3514
vn -0.8352 0.5215 0.1745
vn -0.9407 0.2764 0.1966
vn -0.9789 -0.0000 0.2046
vn -0.9407 -0.2764 0.1966
vn -0.7556 -0.5528 0.3514
vn -0.8352 -0.5215 0.1745
vn -0.6520 -0.5627 0.5082
vn -0.8945 -0.3860 -0.2255
vn -0.9693 -0.0000 -0.2458
vn -0.6147 -0.0000 -0.7887
vn -0.5435 -0.4674 -0.6973
vn -0.8945 0.3860 -0.2255
vn -0.5435 0.4674 -0.6973
vn -0.0017 -0.0000 -1.0000
vn -0.0002 -0.3860 -0.9225
vn -0.0002 0.3860 -0.9225
vn -0.6992 -0.7077 -0.1015
vn -0.6992 0.7077 -0.1015
vn -0.3594 0.8113 -0.4611
vn 0.0723 0.7077 -0.7028
vn 0.3732 0.5215 -0.7673
vn 0.4203 0.2764 -0.8643
vn 0.4374 -0.0000 -0.8993
vn 0.4203 -0.2764 -0.8643
vn 0.0723 -0.7077 -0.7028
vn 0.3732 -0.5215 -0.7673
vn -0.3594 -0.8113 -0.4611
vn 0.6413 -0.2477 -0.7262
vn 0.6624 -0.0000 -0.7492
vn 0.7887 -0.0000 -0.6147
vn 0.7635 -0.2511 -0.5951
vn 0.6413 0.2477 -0.7262
vn 0.7635 0.2511 -0.5951
vn 0.8882 -0.0000 -0.4594
vn 0.8608 -0.2477 -0.4446
vn 0.8608 0.2477 -0.4446
vn 0.5252 -0.5528 -0.6470
vn 0.5252 0.5528 -0.6470
vn 0.6520 0.5627 -0.5082
vn 0.7556 0.5528 -0.3514
vn 0.8352 0.5215 -0.1745
vn 0.9407 0.2764 -0.1966
vn 0.9789 -0.0000 -0.2046
vn 0.9407 -0.2764 -0.1966
vn 0.7556 -0.5528 -0.3514
vn 0.8352 -0.5215 -0.1745
vn 0.6520 -0.5627 -0.5082
vn 0.8945 -0.3860 0.2255
vn 0.9693 -0.0000 0.2458
vn 0.6147 -0.0000 0.7887
vn 0.5435 -0.4674 0.6973
vn 0.8945 0.3860 0.2255
vn 0.5435 0.4674 0.6973
vn 0.0017 -0.0000 1.0000
vn 0.0002 -0.3860 0.9225
vn 0.0002 0.3860 0.9225
vn 0.6992 -0.7077 0.1015
vn 0.6992 0.7077 0.1015
vn 0.3594 0.8113 0.4611
vn -0.0723 0.7077 0.7028
vn -0.0723 -0.7077 0.7028
vn 0.3594 -0.8113 0.4611
vn -0.5189 -0.8479 0.1084
vn -0.1627 -0.9643 -0.2088
vn -0.0000 -1.0000 -0.0000
vn -0.3852 -0.8726 0.3002
vn 0.2319 -0.8479 -0.4767
vn 0.3852 -0.8726 -0.3002
vn 0.1627 -0.9643 0.2088
vn -0.2319 -0.8479 0.4767
vn 0.5189 -0.8479 -0.1084
vn 0.2319 0.8479 -0.4767
vn -0.1627 0.9643 -0.2088
vn -0.0000 1.0000 -0.0000
vn 0.3852 0.8726 -0.3002
vn -0.5189 0.8479 0.1084
vn -0.3852 0.8726 0.3002
vn 0.1627 0.9643 0.2088
vn 0.5189 0.8479 -0.1084
vn -0.2319 0.8479 0.4767
vt 0.375000 0.000000
vt 0.375000 1.000000
vt 0.125000 0.750000
vt 0.625000 0.000000
vt 0.625000 1.000000
vt 0.875000 0.750000
vt 0.375000 0.250000
vt 0.125000 0.500000
vt 0.625000 0.250000
vt 0.875000 0.500000
vt 0.375000 0.750000
vt 0.625000 0.750000
vt 0.375000 0.500000
vt 0.625000 0.500000
vt 0.375000 0.187500
vt 0.125000 0.562500
vt 0.375000 0.125000
vt 0.125000 0.625000
vt 0.375000 0.062500
vt 0.125000 0.687500
vt 0.437500 0.000000
vt 0.437500 1.000000
vt 0.500000 0.000000
vt 0.500000 1.000000
vt 0.562500 0.000000
vt 0.562500 1.000000
vt 0.625000 0.062500
vt 0.875000 0.687500
vt 0.625000 0.125000
vt 0.875000 0.625000
vt 0.625000 0.187500
vt 0.875000 0.562500
vt 0.562500 0.250000
vt 0.500000 0.250000
vt 0.437500 0.250000
vt 0.375000 0.437500
vt 0.312500 0.500000
vt 0.375000 0.375000
vt 0.250000 0.500000
vt 0.375000 0.312500
vt 0.187500 0.500000
vt 0.625000 0.312500
vt 0.812500 0.500000
vt 0.625000 0.375000
vt 0.750000 0.500000
vt 0.625000 0.437500
vt 0.687500 0.500000
vt 0.562500 0.500000
vt 0.500000 0.500000
vt 0.437500 0.500000
vt 0.375000 0.687500
vt 0.375000 0.625000
vt 0.375000 0.562500
vt 0.625000 0.562500
vt 0.625000 0.625000
vt 0.625000 0.687500
vt 0.562500 0.750000
vt 0.500000 0.750000
vt 0.437500 0.750000
vt 0.375000 0.937500
vt 0.187500 0.750000
vt 0.375000 0.875000
vt 0.250000 0.750000
vt 0.375000 0.812500
vt 0.312500 0.750000
vt 0.625000 0.812500
vt 0.687500 0.750000
vt 0.625000 0.875000
vt 0.750000 0.750000
vt 0.625000 0.937500
vt 0.812500 0.750000
vt 0.437500 0.062500
vt 0.500000 0.062500
vt 0.562500 0.062500
vt 0.437500 0.125000
vt 0.500000 0.125000
vt 0.562500 0.125000
vt 0.437500 0.187500
vt 0.500000 0.187500
vt 0.562500 0.187500
vt 0.437500 0.312500
vt 0.500000 0.312500
vt 0.562500 0.312500
vt 0.437500 0.375000
vt 0.500000 0.375000
vt 0.562500 0.375000
vt 0.437500 0.437500
vt 0.500000 0.437500
vt 0.562500 0.437500
vt 0.437500 0.562500
vt 0.500000 0.562500
vt 0.562500 0.562500
vt 0.437500 0.625000
vt 0.500000 0.625000
vt 0.562500 0.625000
vt 0.437500 0.687500
vt 0.500000 0.687500
vt 0.562500 0.687500
vt 0.437500 0.812500
vt 0.500000 0.812500
vt 0.562500 0.812500
vt 0.437500 0.875000
vt 0.500000 0.875000
vt 0.562500 0.875000
vt 0.437500 0.937500
vt 0.500000 0.937500
vt 0.562500 0.937500
vt 0.187500 0.562500
vt 0.250000 0.562500
vt 0.312500 0.562500
vt 0.187500 0.625000
vt 0.250000 0.625000
vt 0.312500 0.625000
vt 0.187500 0.687500
vt 0.250000 0.687500
vt 0.312500 0.687500
vt 0.687500 0.562500
vt 0.750000 0.562500
vt 0.812500 0.562500
vt 0.687500 0.625000
vt 0.750000 0.625000
vt 0.812500 0.625000
vt 0.687500 0.687500
vt 0.750000 0.687500
vt 0.812500 0.687500
s 1
usemtl Material.028
f 4566/5031/3956 4567/5032/3957 4570/5035/3958 4569/5034/3959
f 4567/5032/3957 4568/5033/3960 4571/5036/3961 4570/5035/3958
f 4569/5034/3959 4570/5035/3958 4573/5038/3962 4572/5037/3963
f 4570/5035/3958 4571/5036/3961 4574/5039/3964 4573/5038/3962
f 4522/4960/3965 4533/4980/3966 4566/5031/3956 4532/4978/3967
f 4533/4980/3966 4534/4982/3968 4567/5032/3957 4566/5031/3956
f 4534/4982/3968 4535/4984/3969 4568/5033/3960 4567/5032/3957
f 4535/4984/3969 4523/4963/3970 4536/4986/3971 4568/5033/3960
f 4568/5033/3960 4536/4986/3971 4537/4988/3972 4571/5036/3961
f 4571/5036/3961 4537/4988/3972 4538/4990/3973 4574/5039/3964
f 4574/5039/3964 4538/4990/3973 4525/4968/3974 4539/4992/3975
f 4573/5038/3962 4574/5039/3964 4539/4992/3975 4540/4993/3976
f 4572/5037/3963 4573/5038/3962 4540/4993/3976 4541/4994/3977
f 4530/4974/3978 4572/5037/3963 4541/4994/3977 4524/4966/3979
f 4531/4976/3980 4569/5034/3959 4572/5037/3963 4530/4974/3978
f 4532/4978/3967 4566/5031/3956 4569/5034/3959 4531/4976/3980
f 4575/5040/3981 4576/5041/3982 4579/5044/3983 4578/5043/3984
f 4576/5041/3982 4577/5042/3985 4580/5045/3986 4579/5044/3983
f 4578/5043/3984 4579/5044/3983 4582/5047/3987 4581/5046/3988
f 4579/5044/3983 4580/5045/3986 4583/5048/3989 4582/5047/3987
f 4524/4966/3979 4541/4994/3977 4575/5040/3981 4544/4999/3990
f 4541/4994/3977 4540/4993/3976 4576/5041/3982 4575/5040/3981
f 4540/4993/3976 4539/4992/3975 4577/5042/3985 4576/5041/3982
f 4539/4992/3975 4525/4968/3974 4545/5001/3991 4577/5042/3985
f 4577/5042/3985 4545/5001/3991 4546/5003/3992 4580/5045/3986
f 4580/5045/3986 4546/5003/3992 4547/5005/3993 4583/5048/3989
f 4583/5048/3989 4547/5005/3993 4529/4973/3994 4548/5007/3995
f 4582/5047/3987 4583/5048/3989 4548/5007/3995 4549/5008/3996
f 4581/5046/3988 4582/5047/3987 4549/5008/3996 4550/5009/3997
f 4542/4995/3998 4581/5046/3988 4550/5009/3997 4528/4972/3999
f 4543/4997/4000 4578/5043/3984 4581/5046/3988 4542/4995/3998
f 4544/4999/3990 4575/5040/3981 4578/5043/3984 4543/4997/4000
f 4584/5049/4001 4585/5050/4002 4588/5053/4003 4587/5052/4004
f 4585/5050/4002 4586/5051/4005 4589/5054/4006 4588/5053/4003
f 4587/5052/4004 4588/5053/4003 4591/5056/4007 4590/5055/4008
f 4588/5053/4003 4589/5054/4006 4592/5057/4009 4591/5056/4007
f 4528/4972/3999 4550/5009/3997 4584/5049/4001 4553/5012/4010
f 4550/5009/3997 4549/5008/3996 4585/5050/4002 4584/5049/4001
f 4549/5008/3996 4548/5007/3995 4586/5051/4005 4585/5050/4002
f 4548/5007/3995 4529/4973/3994 4554/5013/4011 4586/5051/4005
f 4586/5051/4005 4554/5013/4011 4555/5014/4012 4589/5054/4006
f 4589/5054/4006 4555/5014/4012 4556/5015/4013 4592/5057/4009
f 4592/5057/4009 4556/5015/4013 4527/4971/4014 4557/5016/4015
f 4591/5056/4007 4592/5057/4009 4557/5016/4015 4558/5017/4016
f 4590/5055/4008 4591/5056/4007 4558/5017/4016 4559/5018/4017
f 4551/5010/4018 4590/5055/4008 4559/5018/4017 4526/4970/4019
f 4552/5011/4020 4587/5052/4004 4590/5055/4008 4551/5010/4018
f 4553/5012/4010 4584/5049/4001 4587/5052/4004 4552/5011/4020
f 4593/5058/4021 4594/5059/4022 4597/5062/4023 4596/5061/4024
f 4594/5059/4022 4595/5060/4025 4598/5063/4026 4597/5062/4023
f 4596/5061/4024 4597/5062/4023 4600/5065/4027 4599/5064/4028
f 4597/5062/4023 4598/5063/4026 4601/5066/4029 4600/5065/4027
f 4526/4970/4019 4559/5018/4017 4593/5058/4021 4562/5023/4030
f 4559/5018/4017 4558/5017/4016 4594/5059/4022 4593/5058/4021
f 4558/5017/4016 4557/5016/4015 4595/5060/4025 4594/5059/4022
f 4557/5016/4015 4527/4971/4014 4563/5025/4031 4595/5060/4025
f 4595/5060/4025 4563/5025/4031 4564/5027/4032 4598/5063/4026
f 4598/5063/4026 4564/5027/4032 4565/5029/4033 4601/5066/4029
f 4601/5066/4029 4565/5029/4033 4523/4964/3970 4535/4985/3969
f 4600/5065/4027 4601/5066/4029 4535/4985/3969 4534/4983/3968
f 4599/5064/4028 4600/5065/4027 4534/4983/3968 4533/4981/3966
f 4560/5019/4034 4599/5064/4028 4533/4981/3966 4522/4961/3965
f 4561/5021/4035 4596/5061/4024 4599/5064/4028 4560/5019/4034
f 4562/5023/4030 4593/5058/4021 4596/5061/4024 4561/5021/4035
f 4602/5067/4036 4603/5068/4037 4606/5071/4038 4605/5070/4039
f 4603/5068/4037 4604/5069/4040 4607/5072/4041 4606/5071/4038
f 4605/5070/4039 4606/5071/4038 4609/5074/4042 4608/5073/4043
f 4606/5071/4038 4607/5072/4041 4610/5075/4044 4609/5074/4042
f 4524/4967/3979 4544/5000/3990 4602/5067/4036 4530/4975/3978
f 4544/5000/3990 4543/4998/4000 4603/5068/4037 4602/5067/4036
f 4543/4998/4000 4542/4996/3998 4604/5069/4040 4603/5068/4037
f 4542/4996/3998 4528/4972/3999 4553/5012/4010 4604/5069/4040
f 4604/5069/4040 4553/5012/4010 4552/5011/4020 4607/5072/4041
f 4607/5072/4041 4552/5011/4020 4551/5010/4018 4610/5075/4044
f 4610/5075/4044 4551/5010/4018 4526/4970/4019 4562/5024/4030
f 4609/5074/4042 4610/5075/4044 4562/5024/4030 4561/5022/4035
f 4608/5073/4043 4609/5074/4042 4561/5022/4035 4560/5020/4034
f 4532/4979/3967 4608/5073/4043 4560/5020/4034 4522/4962/3965
f 4531/4977/3980 4605/5070/4039 4608/5073/4043 4532/4979/3967
f 4530/4975/3978 4602/5067/4036 4605/5070/4039 4531/4977/3980
f 4611/5076/4045 4612/5077/4046 4615/5080/4047 4614/5079/4048
f 4612/5077/4046 4613/5078/4049 4616/5081/4050 4615/5080/4047
f 4614/5079/4048 4615/5080/4047 4618/5083/4051 4617/5082/4052
f 4615/5080/4047 4616/5081/4050 4619/5084/4053 4618/5083/4051
f 4529/4973/3994 4547/5006/3993 4611/5076/4045 4554/5013/4011
f 4547/5006/3993 4546/5004/3992 4612/5077/4046 4611/5076/4045
f 4546/5004/3992 4545/5002/3991 4613/5078/4049 4612/5077/4046
f 4545/5002/3991 4525/4969/3974 4538/4991/3973 4613/5078/4049
f 4613/5078/4049 4538/4991/3973 4537/4989/3972 4616/5081/4050
f 4616/5081/4050 4537/4989/3972 4536/4987/3971 4619/5084/4053
f 4619/5084/4053 4536/4987/3971 4523/4965/3970 4565/5030/4033
f 4618/5083/4051 4619/5084/4053 4565/5030/4033 4564/5028/4032
f 4617/5082/4052 4618/5083/4051 4564/5028/4032 4563/5026/4031
f 4556/5015/4013 4617/5082/4052 4563/5026/4031 4527/4971/4014
f 4555/5014/4012 4614/5079/4048 4617/5082/4052 4556/5015/4013
f 4554/5013/4011 4611/5076/4045 4614/5079/4048 4555/5014/4012
o Circle.004
v -1.865840 3.426178 -10.191663
v -1.817157 3.426178 -10.237957
v -1.904557 3.426178 -10.136762
v -1.931819 3.426178 -10.075361
v -1.946579 3.426178 -10.009823
v -1.948269 3.426178 -9.942664
v -1.936824 3.426178 -9.876466
v -1.912685 3.426178 -9.813772
v -1.876779 3.426178 -9.756993
v -1.830485 3.426178 -9.708309
v -1.775584 3.426178 -9.669593
v -1.714184 3.426178 -9.642331
v -1.648645 3.426178 -9.627571
v -1.581486 3.426178 -9.625881
v -1.515288 3.426178 -9.637325
v -1.452595 3.426178 -9.661465
v -1.395815 3.426178 -9.697371
v -1.347132 3.426178 -9.743665
v -1.308415 3.426178 -9.798566
v -1.281153 3.426178 -9.859966
v -1.266393 3.426178 -9.925505
v -1.264703 3.426178 -9.992663
v -1.276148 3.426178 -10.058862
v -1.300287 3.426178 -10.121555
v -1.336193 3.426178 -10.178334
v -1.382487 3.426178 -10.227018
v -1.437388 3.426178 -10.265735
v -1.498788 3.426178 -10.292996
v -1.564327 3.426178 -10.307756
v -1.631485 3.426178 -10.309446
v -1.697684 3.426178 -10.298002
v -1.760377 3.426178 -10.273863
vn -0.0000 1.0000 -0.0000
vt 0.000000 0.000000
vt 0.000000 0.000000
vt 0.000000 0.000000
vt 0.000000 0.000000
vt 0.000000 0.000000
vt 0.000000 0.000000
vt 0.000000 0.000000
vt 0.000000 0.000000
vt 0.000000 0.000000
vt 0.000000 0.000000
vt 0.000000 0.000000
vt 0.000000 0.000000
vt 0.000000 0.000000
vt 0.000000 0.000000
vt 0.000000 0.000000
vt 0.000000 0.000000
vt 0.000000 0.000000
vt 0.000000 0.000000
vt 0.000000 0.000000
vt 0.000000 0.000000
vt 0.000000 0.000000
vt 0.000000 0.000000
vt 0.000000 0.000000
vt 0.000000 0.000000
vt 0.000000 0.000000
vt 0.000000 0.000000
vt 0.000000 0.000000
vt 0.000000 0.000000
vt 0.000000 0.000000
vt 0.000000 0.000000
vt 0.000000 0.000000
vt 0.000000 0.000000
s 1
usemtl Material.027
f 4620/5085/4054 4622/5087/4054 4623/5088/4054 4624/5089/4054 4625/5090/4054 4626/5091/4054 4627/5092/4054 4628/5093/4054 4629/5094/4054 4630/5095/4054 4631/5096/4054 4632/5097/4054 4633/5098/4054 4634/5099/4054 4635/5100/4054 4636/5101/4054 4637/5102/4054 4638/5103/4054 4639/5104/4054 4640/5105/4054 4641/5106/4054 4642/5107/4054 4643/5108/4054 4644/5109/4054 4645/5110/4054 4646/5111/4054 4647/5112/4054 4648/5113/4054 4649/5114/4054 4650/5115/4054 4651/5116/4054 4621/5086/4054
